datetime,duration,duration_riding,distance,distance_total,speed,speed_avg,speed_avg_riding,speed_max,speed_limit,acceleration,voltage,current,current_phase,power,battery,temp,temp_motor,temp_batt,safety_margin,cpu_load,tilt,roll,fan,alert,alarm,gps_datetime,gps_duration,gps_duration_riding,gps_distance,gps_lat,gps_lon,gps_speed,gps_speed_avg,gps_speed_avg_riding,gps_speed_max,gps_alt,gps_bearing,gps_acc,hr,extra
2025-07-25T08:20:20.906+0200,0,0,0.000,0.000,0.00,0.00,0.00,0.00,,0.00,,,0.00,,,22,,,,,,,,,0,,,,,,,,,,,,,,,euc.distance=0
2025-07-25T08:20:21.085+0200,0,0,0.000,0.000,0.00,0.00,0.00,0.00,,0.00,133.80,0.00,0.00,0,100,22,,,100,,,,,,0,,,,,,,,,,,,,,,euc.distanceUser=0
2025-07-25T08:20:21.404+0200,0,0,0.000,0.000,0.00,0.00,0.00,0.00,,0.00,133.80,0.00,0.00,0,100,22,,,100,,,,,,0,,,,,,,,,,,,,,,euc.distanceTotal=0
2025-07-25T08:20:21.699+0200,0,0,0.000,0.000,0.00,0.00,0.00,0.00,,0.00,133.80,0.00,0.00,0,100,22,,,100,,,,,,0,,,,,,,,,,,,,,,euc.firmware=GW2304015
2025-07-25T08:20:22.048+0200,0,0,0.000,0.000,0.00,0.00,0.00,0.00,,0.00,133.80,0.00,0.00,0,100,22,,,100,,,,,,0,,,,,,,,,,,,,,,euc.make=Begode
2025-07-25T08:20:22.348+0200,0,0,0.000,0.000,0.00,0.00,0.00,0.00,,0.00,133.80,0.00,0.00,0,100,22,,,100,,,,,,0,,,,,,,,,,,,,,,euc.model=Master Pro
2025-07-25T08:20:22.642+0200,0,0,0.000,0.000,0.00,0.00,0.00,0.00,,0.00,133.80,0.00,0.00,0,100,22,,,100,,,,,,0,,,,,,,,,,,,,,,euc.name=Master PRO
2025-07-25T08:20:22.942+0200,0,0,0.000,0.000,0.00,0.00,0.00,0.00,,0.00,133.80,0.00,0.00,0,100,22,,,100,,,,,,0,,,,,,,,,,,,,,,euc.type=GOTWAY
2025-07-25T08:20:23.264+0200,0,0,0.000,0.000,0.00,0.00,0.00,0.00,,0.00,133.80,0.00,0.00,0,100,22,,,100,,,,,,0,,,,,,,,,,,,,,,euc.btAddress=88:25:84:F0:38:D3
2025-07-25T08:20:23.571+0200,0,0,0.000,0.000,0.00,0.00,0.00,0.00,,0.00,133.80,0.00,0.00,0,100,22,,,100,,,,,,0,,,,,,,,,,,,,,,euc.btName=GotWay_69594
2025-07-25T08:20:23.880+0200,0,0,0.000,0.000,0.00,0.00,0.00,0.00,,0.00,133.80,0.00,0.00,0,100,22,,,100,,,,,,0,,,,,,,,,,,,,,,euc.speedCorrection=0
2025-07-25T08:20:24.175+0200,0,0,0.000,0.000,0.00,0.00,0.00,0.00,,0.00,133.80,0.00,0.00,0,100,22,,,100,,,,,,0,,,,,,,,,,,,,,,euc.distCorrection=0
2025-07-25T08:20:24.499+0200,0,0,0.000,0.000,0.00,0.00,0.00,0.00,,0.00,133.80,0.00,0.00,0,100,22,,,100,,,,,,0,,,,,,,,,,,,,,,info.manufacturer=TCL
2025-07-25T08:20:24.802+0200,0,0,0.000,0.000,0.00,0.00,0.00,0.00,,0.00,133.80,0.00,0.00,0,100,22,,,100,,,,,,0,,,,,,,,,,,,,,,info.brand=TCL
2025-07-25T08:20:25.100+0200,0,0,0.000,0.000,0.00,0.00,0.00,0.00,,0.00,133.80,0.00,0.00,0,100,22,,,100,,,,,,0,,,,,,,,,,,,,,,info.device=Goldfinch_NP_Pro
2025-07-25T08:20:25.931+0200,0,0,0.000,0.000,0.00,0.00,0.00,0.00,,0.00,133.80,0.00,0.00,0,100,22,,,100,,,,,,0,,,,,,,,,,,,,,,info.display=UP1A.231005.007
2025-07-25T08:20:25.957+0200,0,0,0.000,0.000,0.00,0.00,0.00,0.00,,0.00,133.80,0.00,0.00,0,100,22,,,100,,,,,,0,,,,,,,,,,,,,,,info.id=UP1A.231005.007
2025-07-25T08:20:26.528+0200,0,0,0.000,0.000,0.00,0.00,0.00,0.00,,0.00,133.80,0.00,0.00,0,100,22,,,100,,,,,,0,,,,,,,,,,,,,,,info.model=T803D
2025-07-25T08:20:26.547+0200,0,0,0.000,0.000,0.00,0.00,0.00,0.00,,0.00,133.80,0.00,0.00,0,100,22,,,100,,,,,,0,,,,,,,,,,,,,,,info.product=T803D_EEA
2025-07-25T08:20:27.169+0200,0,0,0.000,0.000,0.00,0.00,0.00,0.00,,0.00,133.80,0.00,0.00,0,100,22,,,100,,,,,,0,,,,,,,,,,,,,,,info.sdk=34
2025-07-25T08:20:27.209+0200,0,0,0.000,0.000,0.00,0.00,0.00,0.00,,0.00,133.80,0.00,0.00,0,100,22,,,100,,,,,,0,,,,,,,,,,,,,,,info.instance=4d7e824fccf1c8a8
2025-07-25T08:20:27.465+0200,0,0,0.000,0.000,0.00,0.00,0.00,0.00,,0.00,133.80,0.00,0.00,0,100,22,,,100,,,,,,0,,,,,,,,,,,,,,,info.appVersionName=2.54.0
2025-07-25T08:20:27.589+0200,0,0,0.000,0.000,0.00,0.00,0.00,0.00,,0.00,133.80,0.00,0.00,0,100,22,,,100,,,,,,0,,,,,,,,,,,,,,,info.appVersionCode=2020540000
2025-07-25T08:20:27.871+0200,0,0,0.000,0.000,0.00,0.00,0.00,0.00,,0.00,133.80,0.00,0.00,0,100,22,,,100,,,,,,0,2025-07-25T08:20:27.022+0200,,,0.000,48.0989583,-2.1158350,0.00,0.00,0.00,0.00,-49.0,0,8,,info.timeZone=Europe/Paris
2025-07-25T08:20:28.210+0200,0,0,0.000,0.000,0.00,0.00,0.00,0.00,,0.00,133.80,0.00,0.00,0,100,22,,,100,,,,,,0,2025-07-25T08:20:27.022+0200,,,0.000,48.0989583,-2.1158350,0.00,0.00,0.00,0.00,-49.0,0,8,,info.networkTimeSkew=500
2025-07-25T08:20:28.474+0200,0,0,0.000,0.000,0.00,0.00,0.00,0.00,,0.00,133.80,0.00,0.00,0,100,22,,,100,,,,,,0,2025-07-25T08:20:27.022+0200,0,0,0.000,48.0989583,-2.1158350,0.00,0.00,0.00,0.00,-49.0,0,8,,info.gpsTimeSkew=0
2025-07-25T08:20:28.786+0200,0,0,0.000,0.000,0.00,0.00,0.00,0.00,,0.00,133.80,0.00,0.00,0,100,22,,,100,,,,,,0,2025-07-25T08:20:28.022+0200,0,0,0.000,48.0990250,-2.1155467,0.00,0.00,0.00,0.00,-49.0,0,8,,info.gpsTimeCorrection=0
2025-07-25T08:20:29.099+0200,0,0,0.000,0.000,0.00,0.00,0.00,0.00,,0.00,133.80,0.00,0.00,0,100,22,,,100,,,,,,0,2025-07-25T08:20:28.022+0200,0,0,0.000,48.0990250,-2.1155467,0.00,0.00,0.00,0.00,-49.0,0,8,,
2025-07-25T08:20:29.394+0200,0,0,0.000,0.000,0.00,0.00,0.00,0.00,,0.00,133.80,0.00,0.00,0,100,22,,,100,,,,,,0,2025-07-25T08:20:28.022+0200,0,0,0.000,48.0990250,-2.1155467,0.00,0.00,0.00,0.00,-49.0,0,8,,
2025-07-25T08:20:29.719+0200,0,0,0.000,0.000,0.00,0.00,0.00,0.00,,0.00,133.80,0.00,0.00,0,100,22,,,100,,,,,,0,2025-07-25T08:20:29.022+0200,0,0,0.000,48.0990017,-2.1155550,0.00,0.00,0.00,0.00,-48.9,0,8,,
2025-07-25T08:20:30.017+0200,0,0,0.000,0.000,0.00,0.00,0.00,0.00,,0.00,133.80,0.00,0.00,0,100,22,,,100,,,,,,0,2025-07-25T08:20:29.022+0200,0,0,0.000,48.0990017,-2.1155550,0.00,0.00,0.00,0.00,-48.9,0,8,,
2025-07-25T08:20:30.322+0200,0,0,0.000,0.000,0.00,0.00,0.00,0.00,,0.00,133.80,0.00,0.00,0,100,22,,,100,,,,,,0,2025-07-25T08:20:29.022+0200,0,0,0.000,48.0990017,-2.1155550,0.00,0.00,0.00,0.00,-48.9,0,8,,
2025-07-25T08:20:30.638+0200,0,0,0.000,0.000,0.00,0.00,0.00,0.00,,0.00,133.80,0.00,0.00,0,100,22,,,100,,,,,,0,2025-07-25T08:20:30.022+0200,0,0,0.000,48.0989767,-2.1155567,0.00,0.00,0.00,0.00,-48.9,0,8,,
2025-07-25T08:20:30.940+0200,0,0,0.000,0.000,0.00,0.00,0.00,0.00,,0.00,133.80,0.00,0.00,0,100,22,,,100,,,,,,0,2025-07-25T08:20:30.022+0200,0,0,0.000,48.0989767,-2.1155567,0.00,0.00,0.00,0.00,-48.9,0,8,,
2025-07-25T08:20:31.238+0200,0,0,0.000,0.000,0.00,0.00,0.00,0.00,,0.00,133.80,0.00,0.00,0,100,22,,,100,,,,,,0,2025-07-25T08:20:30.022+0200,0,0,0.000,48.0989767,-2.1155567,0.00,0.00,0.00,0.00,-48.9,0,8,,
2025-07-25T08:20:31.558+0200,0,0,0.000,0.000,0.00,0.00,0.00,0.00,,0.00,133.80,0.00,0.00,0,100,22,,,100,,,,,,0,2025-07-25T08:20:30.022+0200,0,0,0.000,48.0989767,-2.1155567,0.00,0.00,0.00,0.00,-48.9,0,8,,
2025-07-25T08:20:31.881+0200,0,0,0.000,0.000,0.00,0.00,0.00,0.00,,0.00,133.80,0.00,0.00,0,100,22,,,100,,,,,,0,2025-07-25T08:20:31.022+0200,0,0,0.000,48.0989500,-2.1155467,0.00,0.00,0.00,0.00,-48.8,0,8,,
2025-07-25T08:20:32.178+0200,0,0,0.000,0.000,0.00,0.00,0.00,0.00,,0.00,133.80,0.00,0.00,0,100,22,,,100,,,,,,0,2025-07-25T08:20:31.022+0200,0,0,0.000,48.0989500,-2.1155467,0.00,0.00,0.00,0.00,-48.8,0,8,,
2025-07-25T08:20:32.483+0200,0,0,0.000,0.000,0.00,0.00,0.00,0.00,,0.00,133.80,0.00,0.00,0,100,22,,,100,,,,,,0,2025-07-25T08:20:31.022+0200,0,0,0.000,48.0989500,-2.1155467,0.00,0.00,0.00,0.00,-48.8,0,8,,
2025-07-25T08:20:32.776+0200,0,0,0.000,0.000,0.00,0.00,0.00,0.00,,0.00,133.80,0.00,0.00,0,100,22,,,100,,,,,,0,2025-07-25T08:20:32.023+0200,0,0,0.000,48.0989400,-2.1155417,0.00,0.00,0.00,0.00,-48.9,0,7,,
2025-07-25T08:20:33.122+0200,0,0,0.000,0.000,0.00,0.00,0.00,0.00,,0.00,133.80,0.00,0.00,0,100,22,,,100,,,,,,0,2025-07-25T08:20:32.023+0200,0,0,0.000,48.0989400,-2.1155417,0.00,0.00,0.00,0.00,-48.9,0,7,,
2025-07-25T08:20:33.408+0200,0,0,0.000,0.000,0.00,0.00,0.00,0.00,,0.00,133.80,0.00,0.00,0,100,22,,,100,,,,,,0,2025-07-25T08:20:32.023+0200,0,0,0.000,48.0989400,-2.1155417,0.00,0.00,0.00,0.00,-48.9,0,7,,
2025-07-25T08:20:33.722+0200,0,0,0.000,0.000,0.00,0.00,0.00,0.00,,0.00,133.80,0.00,0.00,0,100,22,,,100,,,,,,0,2025-07-25T08:20:32.023+0200,0,0,0.000,48.0989400,-2.1155417,0.00,0.00,0.00,0.00,-48.9,0,7,,
2025-07-25T08:20:34.036+0200,0,0,0.000,0.000,0.00,0.00,0.00,0.00,,0.00,133.80,0.00,0.00,0,100,22,,,100,,,,,,0,2025-07-25T08:20:32.023+0200,0,0,0.000,48.0989400,-2.1155417,0.00,0.00,0.00,0.00,-48.9,0,7,,
2025-07-25T08:20:34.337+0200,0,0,0.000,0.000,0.00,0.00,0.00,0.00,,0.00,133.80,0.00,0.00,0,100,22,,,100,,,,,,0,2025-07-25T08:20:32.023+0200,0,0,0.000,48.0989400,-2.1155417,0.00,0.00,0.00,0.00,-48.9,0,7,,
2025-07-25T08:20:34.641+0200,0,0,0.000,0.000,0.00,0.00,0.00,0.00,,0.00,133.80,0.00,0.00,0,100,22,,,100,,,,,,0,2025-07-25T08:20:34.000+0200,0,0,0.000,48.0987683,-2.1159317,0.00,0.00,0.00,0.00,-49.0,0,7,,
2025-07-25T08:20:34.944+0200,0,0,0.000,0.000,0.00,0.00,0.00,0.00,,0.00,133.80,0.00,0.00,0,100,22,,,100,,,,,,0,2025-07-25T08:20:34.000+0200,0,0,0.000,48.0987683,-2.1159317,0.00,0.00,0.00,0.00,-49.0,0,7,,
2025-07-25T08:20:35.261+0200,0,0,0.000,0.000,0.00,0.00,0.00,0.00,,0.00,133.80,0.00,0.00,0,100,22,,,100,,,,,,0,2025-07-25T08:20:34.000+0200,0,0,0.000,48.0987683,-2.1159317,0.00,0.00,0.00,0.00,-49.0,0,7,,
2025-07-25T08:20:35.554+0200,0,0,0.000,0.000,0.00,0.00,0.00,0.00,,0.00,133.80,0.00,0.00,0,100,22,,,100,,,,,,0,2025-07-25T08:20:34.000+0200,0,0,0.000,48.0987683,-2.1159317,0.00,0.00,0.00,0.00,-49.0,0,7,,
2025-07-25T08:20:36.381+0200,0,0,0.000,0.000,0.00,0.00,0.00,0.00,,0.00,133.80,0.00,0.00,0,100,22,,,100,,,,,,0,2025-07-25T08:20:35.000+0200,0,0,0.000,48.0987617,-2.1159817,0.00,0.00,0.00,0.00,-49.0,0,7,,
2025-07-25T08:20:36.403+0200,0,0,0.000,0.000,0.00,0.00,0.00,0.00,,0.00,133.80,0.00,0.00,0,100,22,,,100,,,,,,0,2025-07-25T08:20:35.000+0200,0,0,0.000,48.0987617,-2.1159817,0.00,0.00,0.00,0.00,-49.0,0,7,,
2025-07-25T08:20:36.985+0200,0,0,0.000,0.000,0.00,0.00,0.00,0.00,,0.00,133.80,0.00,0.00,0,100,22,,,100,,,,,,0,2025-07-25T08:20:36.000+0200,0,0,0.000,48.0987683,-2.1160400,0.00,0.00,0.00,0.00,-49.0,0,6,,
2025-07-25T08:20:36.998+0200,0,0,0.000,0.000,0.00,0.00,0.00,0.00,,0.00,133.80,0.00,0.00,0,100,22,,,100,,,,,,0,2025-07-25T08:20:36.000+0200,0,0,0.000,48.0987683,-2.1160400,0.00,0.00,0.00,0.00,-49.0,0,6,,
2025-07-25T08:20:37.631+0200,0,0,0.000,0.000,0.00,0.00,0.00,0.00,,0.00,133.80,0.00,0.00,0,100,22,,,100,,,,,,0,2025-07-25T08:20:36.000+0200,0,0,0.000,48.0987683,-2.1160400,0.00,0.00,0.00,0.00,-49.0,0,6,,
2025-07-25T08:20:37.691+0200,0,0,0.000,0.000,0.00,0.00,0.00,0.00,,0.00,133.80,0.00,0.00,0,100,22,,,100,,,,,,0,2025-07-25T08:20:36.000+0200,0,0,0.000,48.0987683,-2.1160400,0.00,0.00,0.00,0.00,-49.0,0,6,,
2025-07-25T08:20:38.247+0200,0,0,0.000,0.000,0.00,0.00,0.00,0.00,,0.00,133.80,0.00,0.00,0,100,22,,,100,,,,,,0,2025-07-25T08:20:37.000+0200,0,0,0.000,48.0987717,-2.1160883,0.00,0.00,0.00,0.00,-49.0,0,6,,
2025-07-25T08:20:38.269+0200,0,0,0.000,0.000,0.00,0.00,0.00,0.00,,0.00,133.80,0.00,0.00,0,100,22,,,100,,,,,,0,2025-07-25T08:20:37.000+0200,0,0,0.000,48.0987717,-2.1160883,0.00,0.00,0.00,0.00,-49.0,0,6,,
2025-07-25T08:20:38.859+0200,0,0,0.000,0.000,0.00,0.00,0.00,0.00,,0.00,133.80,0.00,0.00,0,100,22,,,100,,,,,,0,2025-07-25T08:20:38.000+0200,0,0,0.000,48.0987733,-2.1161400,0.00,0.00,0.00,0.00,-49.0,0,6,,
2025-07-25T08:20:38.880+0200,0,0,0.000,0.000,0.00,0.00,0.00,0.00,,0.00,133.80,0.00,0.00,0,100,22,,,100,,,,,,0,2025-07-25T08:20:38.000+0200,0,0,0.000,48.0987733,-2.1161400,0.00,0.00,0.00,0.00,-49.0,0,6,,
2025-07-25T08:20:39.461+0200,0,0,0.000,0.000,0.00,0.00,0.00,0.00,,0.00,133.80,0.00,0.00,0,100,22,,,100,,,,,,0,2025-07-25T08:20:38.000+0200,0,0,0.000,48.0987733,-2.1161400,0.00,0.00,0.00,0.00,-49.0,0,6,,
2025-07-25T08:20:39.485+0200,0,0,0.000,0.000,0.00,0.00,0.00,0.00,,0.00,133.80,0.00,0.00,0,100,22,,,100,,,,,,0,2025-07-25T08:20:38.000+0200,0,0,0.000,48.0987733,-2.1161400,0.00,0.00,0.00,0.00,-49.0,0,6,,
2025-07-25T08:20:40.064+0200,0,0,0.000,0.000,0.00,0.00,0.00,0.00,,0.00,133.80,0.00,0.00,0,100,22,,,100,,,,,,0,2025-07-25T08:20:39.000+0200,0,0,0.000,48.0987783,-2.1161667,0.00,0.00,0.00,0.00,-49.0,0,6,,
2025-07-25T08:20:40.076+0200,0,0,0.000,0.000,0.00,0.00,0.00,0.00,,0.00,133.80,0.00,0.00,0,100,22,,,100,,,,,,0,2025-07-25T08:20:39.000+0200,0,0,0.000,48.0987783,-2.1161667,0.00,0.00,0.00,0.00,-49.0,0,6,,
2025-07-25T08:20:40.688+0200,0,0,0.000,0.000,0.00,0.00,0.00,0.00,,0.00,133.80,0.00,0.00,0,100,22,,,100,,,,,,0,2025-07-25T08:20:40.000+0200,0,0,0.000,48.0987867,-2.1161933,0.00,0.00,0.00,0.00,-49.0,0,6,,
2025-07-25T08:20:40.701+0200,0,0,0.000,0.000,0.00,0.00,0.00,0.00,,0.00,133.80,0.00,0.00,0,100,22,,,100,,,,,,0,2025-07-25T08:20:40.000+0200,0,0,0.000,48.0987867,-2.1161933,0.00,0.00,0.00,0.00,-49.0,0,6,,
2025-07-25T08:20:41.308+0200,0,0,0.000,0.000,0.00,0.00,0.00,0.00,,0.00,133.80,0.00,0.00,0,100,23,,,100,,,,,,0,2025-07-25T08:20:40.000+0200,0,0,0.000,48.0987867,-2.1161933,0.00,0.00,0.00,0.00,-49.0,0,6,,
2025-07-25T08:20:41.327+0200,0,0,0.000,0.000,0.00,0.00,0.00,0.00,,0.00,133.80,0.00,0.00,0,100,23,,,100,,,,,,0,2025-07-25T08:20:40.000+0200,0,0,0.000,48.0987867,-2.1161933,0.00,0.00,0.00,0.00,-49.0,0,6,,
2025-07-25T08:20:41.929+0200,0,0,0.000,0.000,0.00,0.00,0.00,0.00,,0.00,133.70,0.00,0.00,0,100,23,,,100,,,,,,0,2025-07-25T08:20:41.000+0200,0,0,0.000,48.0987950,-2.1162183,0.00,0.00,0.00,0.00,-49.0,0,6,,
2025-07-25T08:20:41.948+0200,0,0,0.000,0.000,0.00,0.00,0.00,0.00,,0.00,133.70,0.00,0.00,0,100,23,,,100,,,,,,0,2025-07-25T08:20:41.000+0200,0,0,0.000,48.0987950,-2.1162183,0.00,0.00,0.00,0.00,-49.0,0,6,,
2025-07-25T08:20:42.526+0200,0,0,0.000,0.000,0.00,0.00,0.00,0.00,,0.00,133.70,0.00,0.00,0,100,23,,,100,,,,,,0,2025-07-25T08:20:41.000+0200,0,0,0.000,48.0987950,-2.1162183,0.00,0.00,0.00,0.00,-49.0,0,6,,
2025-07-25T08:20:42.543+0200,0,0,0.000,0.000,0.00,0.00,0.00,0.00,,0.00,133.70,0.00,0.00,0,100,23,,,100,,,,,,0,2025-07-25T08:20:41.000+0200,0,0,0.000,48.0987950,-2.1162183,0.00,0.00,0.00,0.00,-49.0,0,6,,
2025-07-25T08:20:43.148+0200,0,0,0.000,0.000,0.00,0.00,0.00,0.00,,0.00,133.70,0.00,0.00,0,100,23,,,100,,,,,,0,2025-07-25T08:20:42.000+0200,0,0,0.000,48.0987800,-2.1162283,0.00,0.00,0.00,0.00,-49.0,0,6,,
2025-07-25T08:20:43.166+0200,0,0,0.000,0.000,0.00,0.00,0.00,0.00,,0.00,133.70,0.00,0.00,0,100,23,,,100,,,,,,0,2025-07-25T08:20:42.000+0200,0,0,0.000,48.0987800,-2.1162283,0.00,0.00,0.00,0.00,-49.0,0,6,,
2025-07-25T08:20:43.770+0200,0,0,0.000,0.000,0.00,0.00,0.00,0.00,,0.00,133.70,0.00,0.00,0,100,23,,,100,,,,,,0,2025-07-25T08:20:43.000+0200,0,0,0.000,48.0987733,-2.1162517,0.00,0.00,0.00,0.00,-49.0,0,6,,
2025-07-25T08:20:43.788+0200,0,0,0.000,0.000,0.00,0.00,0.00,0.00,,0.00,133.70,0.00,0.00,0,100,23,,,100,,,,,,0,2025-07-25T08:20:43.000+0200,0,0,0.000,48.0987733,-2.1162517,0.00,0.00,0.00,0.00,-49.0,0,6,,
2025-07-25T08:20:44.390+0200,0,0,0.000,0.000,0.00,0.00,0.00,0.00,,0.00,133.70,0.00,0.00,0,100,23,,,100,,,,,,0,2025-07-25T08:20:43.000+0200,0,0,0.000,48.0987733,-2.1162517,0.00,0.00,0.00,0.00,-49.0,0,6,,
2025-07-25T08:20:44.409+0200,0,0,0.000,0.000,0.00,0.00,0.00,0.00,,0.00,133.70,0.00,0.00,0,100,23,,,100,,,,,,0,2025-07-25T08:20:43.000+0200,0,0,0.000,48.0987733,-2.1162517,0.00,0.00,0.00,0.00,-49.0,0,6,,
2025-07-25T08:20:44.988+0200,0,0,0.000,0.000,0.00,0.00,0.00,0.00,,0.00,133.70,0.00,0.00,0,100,23,,,100,,,,,,0,2025-07-25T08:20:44.000+0200,0,0,0.000,48.0987733,-2.1162800,0.00,0.00,0.00,0.00,-49.0,0,6,,
2025-07-25T08:20:45.006+0200,0,0,0.000,0.000,0.00,0.00,0.00,0.00,,0.00,133.70,0.00,0.00,0,100,23,,,100,,,,,,0,2025-07-25T08:20:44.000+0200,0,0,0.000,48.0987733,-2.1162800,0.00,0.00,0.00,0.00,-49.0,0,6,,
2025-07-25T08:20:45.615+0200,0,0,0.000,0.000,0.00,0.00,0.00,0.00,,0.00,133.70,0.00,0.00,0,100,23,,,100,,,,,,0,2025-07-25T08:20:44.000+0200,0,0,0.000,48.0987733,-2.1162800,0.00,0.00,0.00,0.00,-49.0,0,6,,
2025-07-25T08:20:45.638+0200,0,0,0.000,0.000,0.00,0.00,0.00,0.00,,0.00,133.70,0.00,0.00,0,100,23,,,100,,,,,,0,2025-07-25T08:20:45.000+0200,0,0,0.000,48.0987633,-2.1162917,0.00,0.00,0.00,0.00,-49.0,0,6,,
2025-07-25T08:20:46.237+0200,0,0,0.000,0.000,0.00,0.00,0.00,0.00,,0.00,133.70,0.00,0.00,0,100,23,,,100,,,,,,0,2025-07-25T08:20:45.000+0200,0,0,0.000,48.0987633,-2.1162917,0.00,0.00,0.00,0.00,-49.0,0,6,,
2025-07-25T08:20:46.260+0200,0,0,0.000,0.000,0.00,0.00,0.00,0.00,,0.00,133.70,0.00,0.00,0,100,23,,,100,,,,,,0,2025-07-25T08:20:45.000+0200,0,0,0.000,48.0987633,-2.1162917,0.00,0.00,0.00,0.00,-49.0,0,6,,
2025-07-25T08:20:46.858+0200,0,0,0.000,0.000,0.00,0.00,0.00,0.00,,0.00,133.70,0.00,0.00,0,100,23,,,100,,,,,,0,2025-07-25T08:20:46.000+0200,0,0,0.000,48.0987617,-2.1163067,0.00,0.00,0.00,0.00,-49.0,0,6,,
2025-07-25T08:20:46.877+0200,0,0,0.000,0.000,0.00,0.00,0.00,0.00,,0.00,133.70,0.00,0.00,0,100,23,,,100,,,,,,0,2025-07-25T08:20:46.000+0200,0,0,0.000,48.0987617,-2.1163067,0.00,0.00,0.00,0.00,-49.0,0,6,,
2025-07-25T08:20:47.506+0200,0,0,0.000,0.000,0.00,0.00,0.00,0.00,,0.00,133.70,0.00,0.00,0,100,23,,,100,,,,,,0,2025-07-25T08:20:46.000+0200,0,0,0.000,48.0987617,-2.1163067,0.00,0.00,0.00,0.00,-49.0,0,6,,
2025-07-25T08:20:47.531+0200,0,0,0.000,0.000,0.00,0.00,0.00,0.00,,0.00,133.70,0.00,0.00,0,100,23,,,100,,,,,,0,2025-07-25T08:20:46.000+0200,0,0,0.000,48.0987617,-2.1163067,0.00,0.00,0.00,0.00,-49.0,0,6,,
2025-07-25T08:20:48.080+0200,0,0,0.000,0.000,0.00,0.00,0.00,0.00,,0.00,133.70,0.00,0.00,0,100,23,,,100,,,,,,0,2025-07-25T08:20:47.000+0200,0,0,0.000,48.0987600,-2.1163233,0.00,0.00,0.00,0.00,-49.0,0,6,,
2025-07-25T08:20:48.103+0200,0,0,0.000,0.000,0.00,0.00,0.00,0.00,,0.00,133.70,0.00,0.00,0,100,23,,,100,,,,,,0,2025-07-25T08:20:47.000+0200,0,0,0.000,48.0987600,-2.1163233,0.00,0.00,0.00,0.00,-49.0,0,6,,
2025-07-25T08:20:48.703+0200,0,0,0.000,0.000,0.00,0.00,0.00,0.00,,0.00,133.70,0.00,0.00,0,100,23,,,100,,,,,,0,2025-07-25T08:20:48.000+0200,0,0,0.000,48.0987600,-2.1163433,0.00,0.00,0.00,0.00,-49.0,0,6,,
2025-07-25T08:20:48.726+0200,0,0,0.000,0.000,0.00,0.00,0.00,0.00,,0.00,133.70,0.00,0.00,0,100,23,,,100,,,,,,0,2025-07-25T08:20:48.000+0200,0,0,0.000,48.0987600,-2.1163433,0.00,0.00,0.00,0.00,-49.0,0,6,,
2025-07-25T08:20:49.321+0200,0,0,0.000,0.000,0.00,0.00,0.00,0.00,,0.00,133.70,0.00,0.00,0,100,23,,,100,,,,,,0,2025-07-25T08:20:48.000+0200,0,0,0.000,48.0987600,-2.1163433,0.00,0.00,0.00,0.00,-49.0,0,6,,
2025-07-25T08:20:49.343+0200,0,0,0.000,0.000,0.00,0.00,0.00,0.00,,0.00,133.70,0.00,0.00,0,100,23,,,100,,,,,,0,2025-07-25T08:20:48.000+0200,0,0,0.000,48.0987600,-2.1163433,0.00,0.00,0.00,0.00,-49.0,0,6,,
2025-07-25T08:20:49.942+0200,0,0,0.000,0.000,0.00,0.00,0.00,0.00,,0.00,133.70,0.00,0.00,0,100,23,,,100,,,,,,0,2025-07-25T08:20:49.000+0200,0,0,0.000,48.0987650,-2.1163583,0.00,0.00,0.00,0.00,-49.0,0,6,,
2025-07-25T08:20:49.967+0200,0,0,0.000,0.000,0.00,0.00,0.00,0.00,,0.00,133.70,0.00,0.00,0,100,23,,,100,,,,,,0,2025-07-25T08:20:49.000+0200,0,0,0.000,48.0987650,-2.1163583,0.00,0.00,0.00,0.00,-49.0,0,6,,
2025-07-25T08:20:50.559+0200,0,0,0.000,0.000,0.00,0.00,0.00,0.00,,0.00,133.70,0.00,0.00,0,100,23,,,100,,,,,,0,2025-07-25T08:20:49.000+0200,0,0,0.000,48.0987650,-2.1163583,0.00,0.00,0.00,0.00,-49.0,0,6,,
2025-07-25T08:20:50.582+0200,0,0,0.000,0.000,0.00,0.00,0.00,0.00,,0.00,133.70,0.00,0.00,0,100,23,,,100,,,,,,0,2025-07-25T08:20:49.000+0200,0,0,0.000,48.0987650,-2.1163583,0.00,0.00,0.00,0.00,-49.0,0,6,,
2025-07-25T08:20:51.159+0200,0,0,0.000,0.000,0.00,0.00,0.00,0.00,,0.00,133.70,0.00,0.00,0,100,23,,,100,,,,,,0,2025-07-25T08:20:50.000+0200,0,0,0.000,48.0987783,-2.1163750,0.00,0.00,0.00,0.00,-49.0,0,6,,
2025-07-25T08:20:51.183+0200,0,0,0.000,0.000,0.00,0.00,0.00,0.00,,0.00,133.70,0.00,0.00,0,100,23,,,100,,,,,,0,2025-07-25T08:20:50.000+0200,0,0,0.000,48.0987783,-2.1163750,0.00,0.00,0.00,0.00,-49.0,0,6,,
2025-07-25T08:20:51.780+0200,0,0,0.000,0.000,0.00,0.00,0.00,0.00,,0.00,133.70,0.00,0.00,0,100,23,,,100,,,,,,0,2025-07-25T08:20:51.000+0200,0,0,0.000,48.0987917,-2.1163950,0.00,0.00,0.00,0.00,-49.0,0,6,,
2025-07-25T08:20:51.803+0200,0,0,0.000,0.000,0.00,0.00,0.00,0.00,,0.00,133.70,0.00,0.00,0,100,23,,,100,,,,,,0,2025-07-25T08:20:51.000+0200,0,0,0.000,48.0987917,-2.1163950,0.00,0.00,0.00,0.00,-49.0,0,6,,
2025-07-25T08:20:52.398+0200,0,0,0.000,0.000,0.00,0.00,0.00,0.00,,0.00,133.70,0.00,0.00,0,100,23,,,100,,,,,,0,2025-07-25T08:20:51.000+0200,0,0,0.000,48.0987917,-2.1163950,0.00,0.00,0.00,0.00,-49.0,0,6,,
2025-07-25T08:20:52.422+0200,0,0,0.000,0.000,0.00,0.00,0.00,0.00,,0.00,133.70,0.00,0.00,0,100,23,,,100,,,,,,0,2025-07-25T08:20:51.000+0200,0,0,0.000,48.0987917,-2.1163950,0.00,0.00,0.00,0.00,-49.0,0,6,,
2025-07-25T08:20:53.021+0200,0,0,0.000,0.000,0.00,0.00,0.00,0.00,,0.00,133.70,0.00,0.00,0,100,23,,,100,,,,,,0,2025-07-25T08:20:52.000+0200,0,0,0.000,48.0987867,-2.1163583,0.00,0.00,0.00,0.00,-49.0,0,6,,
2025-07-25T08:20:53.044+0200,0,0,0.000,0.000,0.00,0.00,0.00,0.00,,0.00,133.70,0.00,0.00,0,100,23,,,100,,,,,,0,2025-07-25T08:20:52.000+0200,0,0,0.000,48.0987867,-2.1163583,0.00,0.00,0.00,0.00,-49.0,0,6,,
2025-07-25T08:20:53.622+0200,0,0,0.000,0.000,0.00,0.00,0.00,0.00,,0.00,133.70,0.00,0.00,0,100,23,,,100,,,,,,0,2025-07-25T08:20:52.000+0200,0,0,0.000,48.0987867,-2.1163583,0.00,0.00,0.00,0.00,-49.0,0,6,,
2025-07-25T08:20:53.647+0200,0,0,0.000,0.000,0.00,0.00,0.00,0.00,,0.00,133.70,0.00,0.00,0,100,23,,,100,,,,,,0,2025-07-25T08:20:52.000+0200,0,0,0.000,48.0987867,-2.1163583,0.00,0.00,0.00,0.00,-49.0,0,6,,
2025-07-25T08:20:54.240+0200,0,0,0.000,0.000,0.00,0.00,0.00,0.00,,0.00,133.70,0.00,0.00,0,100,23,,,100,,,,,,0,2025-07-25T08:20:53.000+0200,0,0,0.000,48.0987917,-2.1163650,0.00,0.00,0.00,0.00,-49.0,0,6,,
2025-07-25T08:20:54.264+0200,0,0,0.000,0.000,0.00,0.00,0.00,0.00,,0.00,133.70,0.00,0.00,0,100,23,,,100,,,,,,0,2025-07-25T08:20:53.000+0200,0,0,0.000,48.0987917,-2.1163650,0.00,0.00,0.00,0.00,-49.0,0,6,,
2025-07-25T08:20:54.907+0200,0,0,0.000,0.000,0.00,0.00,0.00,0.00,,0.00,133.70,0.00,0.00,0,100,23,,,100,,,,,,0,2025-07-25T08:20:54.000+0200,0,0,0.000,48.0987983,-2.1163383,0.00,0.00,0.00,0.00,-49.0,0,6,,
2025-07-25T08:20:54.931+0200,0,0,0.000,0.000,0.00,0.00,0.00,0.00,,0.00,133.70,0.00,0.00,0,100,23,,,100,,,,,,0,2025-07-25T08:20:54.000+0200,0,0,0.000,48.0987983,-2.1163383,0.00,0.00,0.00,0.00,-49.0,0,6,,
2025-07-25T08:20:55.490+0200,0,0,0.000,0.000,0.00,0.00,0.00,0.00,,0.00,133.70,0.00,0.00,0,100,23,,,100,,,,,,0,2025-07-25T08:20:54.000+0200,0,0,0.000,48.0987983,-2.1163383,0.00,0.00,0.00,0.00,-49.0,0,6,,
2025-07-25T08:20:55.511+0200,0,0,0.000,0.000,0.00,0.00,0.00,0.00,,0.00,133.70,0.00,0.00,0,100,23,,,100,,,,,,0,2025-07-25T08:20:54.000+0200,0,0,0.000,48.0987983,-2.1163383,0.00,0.00,0.00,0.00,-49.0,0,6,,
2025-07-25T08:20:56.098+0200,0,0,0.000,0.000,0.00,0.00,0.00,0.00,,0.00,133.70,0.00,0.00,0,100,23,,,100,,,,,,0,2025-07-25T08:20:55.000+0200,0,0,0.000,48.0988067,-2.1163400,0.00,0.00,0.00,0.00,-49.0,0,6,,
2025-07-25T08:20:56.115+0200,0,0,0.000,0.000,0.00,0.00,0.00,0.00,,0.00,133.70,0.00,0.00,0,100,23,,,100,,,,,,0,2025-07-25T08:20:55.000+0200,0,0,0.000,48.0988067,-2.1163400,0.00,0.00,0.00,0.00,-49.0,0,6,,
2025-07-25T08:20:56.721+0200,0,0,0.000,0.000,0.00,0.00,0.00,0.00,,0.00,133.70,0.00,0.00,0,100,23,,,100,,,,,,0,2025-07-25T08:20:56.000+0200,0,0,0.000,48.0988033,-2.1163367,0.00,0.00,0.00,0.00,-49.0,0,6,,
2025-07-25T08:20:56.742+0200,0,0,0.000,0.000,0.00,0.00,0.00,0.00,,0.00,133.70,0.00,0.00,0,100,23,,,100,,,,,,0,2025-07-25T08:20:56.000+0200,0,0,0.000,48.0988033,-2.1163367,0.00,0.00,0.00,0.00,-49.0,0,6,,
2025-07-25T08:20:57.319+0200,0,0,0.000,0.000,0.00,0.00,0.00,0.00,,0.00,133.70,0.00,0.00,0,100,23,,,100,,,,,,0,2025-07-25T08:20:56.000+0200,0,0,0.000,48.0988033,-2.1163367,0.00,0.00,0.00,0.00,-49.0,0,6,,
2025-07-25T08:20:57.341+0200,0,0,0.000,0.000,0.00,0.00,0.00,0.00,,0.00,133.70,0.00,0.00,0,100,23,,,100,,,,,,0,2025-07-25T08:20:56.000+0200,0,0,0.000,48.0988033,-2.1163367,0.00,0.00,0.00,0.00,-49.0,0,6,,
2025-07-25T08:20:57.941+0200,0,0,0.000,0.000,0.00,0.00,0.00,0.00,,0.00,133.70,0.00,0.00,0,100,23,,,100,,,,,,0,2025-07-25T08:20:57.000+0200,0,0,0.000,48.0988150,-2.1163183,0.00,0.00,0.00,0.00,-49.0,0,6,,
2025-07-25T08:20:57.964+0200,0,0,0.000,0.000,0.00,0.00,0.00,0.00,,0.00,133.70,0.00,0.00,0,100,23,,,100,,,,,,0,2025-07-25T08:20:57.000+0200,0,0,0.000,48.0988150,-2.1163183,0.00,0.00,0.00,0.00,-49.0,0,6,,
2025-07-25T08:20:58.562+0200,0,0,0.000,0.000,0.00,0.00,0.00,0.00,,0.00,133.70,0.00,0.00,0,100,23,,,100,,,,,,0,2025-07-25T08:20:57.000+0200,0,0,0.000,48.0988150,-2.1163183,0.00,0.00,0.00,0.00,-49.0,0,6,,
2025-07-25T08:20:58.585+0200,0,0,0.000,0.000,0.00,0.00,0.00,0.00,,0.00,133.70,0.00,0.00,0,100,23,,,100,,,,,,0,2025-07-25T08:20:57.000+0200,0,0,0.000,48.0988150,-2.1163183,0.00,0.00,0.00,0.00,-49.0,0,6,,
2025-07-25T08:20:59.180+0200,0,0,0.000,0.000,0.00,0.00,0.00,0.00,,0.00,133.70,0.00,0.00,0,100,23,,,100,,,,,,0,2025-07-25T08:20:58.000+0200,0,0,0.000,48.0988250,-2.1163100,0.00,0.00,0.00,0.00,-49.0,0,6,,
2025-07-25T08:20:59.205+0200,0,0,0.000,0.000,0.00,0.00,0.00,0.00,,0.00,133.70,0.00,0.00,0,100,23,,,100,,,,,,0,2025-07-25T08:20:58.000+0200,0,0,0.000,48.0988250,-2.1163100,0.00,0.00,0.00,0.00,-49.0,0,6,,
2025-07-25T08:20:59.783+0200,0,0,0.000,0.000,0.00,0.00,0.00,0.00,,0.00,133.70,0.00,0.00,0,100,23,,,100,,,,,,0,2025-07-25T08:20:59.000+0200,0,0,0.000,48.0988317,-2.1163033,0.00,0.00,0.00,0.00,-49.0,0,6,,
2025-07-25T08:20:59.807+0200,0,0,0.000,0.000,0.00,0.00,0.00,0.00,,0.00,133.70,0.00,0.00,0,100,23,,,100,,,,,,0,2025-07-25T08:20:59.000+0200,0,0,0.000,48.0988317,-2.1163033,0.00,0.00,0.00,0.00,-49.0,0,6,,
2025-07-25T08:21:00.401+0200,0,0,0.000,0.000,0.00,0.00,0.00,0.00,,0.00,133.70,0.00,0.00,0,100,23,,,100,,,,,,0,2025-07-25T08:20:59.000+0200,0,0,0.000,48.0988317,-2.1163033,0.00,0.00,0.00,0.00,-49.0,0,6,,
2025-07-25T08:21:00.426+0200,0,0,0.000,0.000,0.00,0.00,0.00,0.00,,0.00,133.70,0.00,0.00,0,100,23,,,100,,,,,,0,2025-07-25T08:20:59.000+0200,0,0,0.000,48.0988317,-2.1163033,0.00,0.00,0.00,0.00,-49.0,0,6,,
2025-07-25T08:21:01.025+0200,0,0,0.000,0.000,0.00,0.00,0.00,0.00,,0.00,133.70,0.00,0.00,0,100,23,,,100,,,,,,0,2025-07-25T08:21:00.000+0200,0,0,0.000,48.0988333,-2.1163133,0.00,0.00,0.00,0.00,-49.0,0,6,,
2025-07-25T08:21:01.046+0200,0,0,0.000,0.000,0.00,0.00,0.00,0.00,,0.00,133.70,0.00,0.00,0,100,23,,,100,,,,,,0,2025-07-25T08:21:00.000+0200,0,0,0.000,48.0988333,-2.1163133,0.00,0.00,0.00,0.00,-49.0,0,6,,
2025-07-25T08:21:01.641+0200,0,0,0.000,0.000,0.00,0.00,0.00,0.00,,0.00,133.70,0.00,0.00,0,100,23,,,100,,,,,,0,2025-07-25T08:21:00.000+0200,0,0,0.000,48.0988333,-2.1163133,0.00,0.00,0.00,0.00,-49.0,0,6,,
2025-07-25T08:21:01.665+0200,0,0,0.000,0.000,0.00,0.00,0.00,0.00,,0.00,133.70,0.00,0.00,0,100,23,,,100,,,,,,0,2025-07-25T08:21:00.000+0200,0,0,0.000,48.0988333,-2.1163133,0.00,0.00,0.00,0.00,-49.0,0,6,,
2025-07-25T08:21:02.268+0200,0,0,0.000,0.000,0.00,0.00,0.00,0.00,,0.00,133.70,0.00,0.00,0,100,23,,,100,,,,,,0,2025-07-25T08:21:01.000+0200,0,0,0.000,48.0988383,-2.1163217,0.00,0.00,0.00,0.00,-49.0,0,6,,
2025-07-25T08:21:02.291+0200,0,0,0.000,0.000,0.00,0.00,0.00,0.00,,0.00,133.70,0.00,0.00,0,100,23,,,100,,,,,,0,2025-07-25T08:21:01.000+0200,0,0,0.000,48.0988383,-2.1163217,0.00,0.00,0.00,0.00,-49.0,0,6,,
2025-07-25T08:21:02.863+0200,0,0,0.000,0.000,0.00,0.00,0.00,0.00,,0.00,133.70,0.00,0.00,0,100,23,,,100,,,,,,0,2025-07-25T08:21:02.000+0200,0,0,0.000,48.0988400,-2.1163317,0.00,0.00,0.00,0.00,-49.0,0,6,,
2025-07-25T08:21:02.887+0200,0,0,0.000,0.000,0.00,0.00,0.00,0.00,,0.00,133.70,0.00,0.00,0,100,23,,,100,,,,,,0,2025-07-25T08:21:02.000+0200,0,0,0.000,48.0988400,-2.1163317,0.00,0.00,0.00,0.00,-49.0,0,6,,
2025-07-25T08:21:03.481+0200,0,0,0.000,0.000,0.00,0.00,0.00,0.00,,0.00,133.70,0.00,0.00,0,100,23,,,100,,,,,,0,2025-07-25T08:21:02.000+0200,0,0,0.000,48.0988400,-2.1163317,0.00,0.00,0.00,0.00,-49.0,0,6,,
2025-07-25T08:21:03.505+0200,0,0,0.000,0.000,0.00,0.00,0.00,0.00,,0.00,133.70,0.00,0.00,0,100,23,,,100,,,,,,0,2025-07-25T08:21:02.000+0200,0,0,0.000,48.0988400,-2.1163317,0.00,0.00,0.00,0.00,-49.0,0,6,,
2025-07-25T08:21:04.102+0200,0,0,0.000,0.000,0.00,0.00,0.00,0.00,,0.00,133.70,0.00,0.00,0,100,23,,,100,,,,,,0,2025-07-25T08:21:03.000+0200,0,0,0.000,48.0988383,-2.1163367,0.00,0.00,0.00,0.00,-49.0,0,6,,
2025-07-25T08:21:04.126+0200,0,0,0.000,0.000,0.00,0.00,0.00,0.00,,0.00,133.70,0.00,0.00,0,100,23,,,100,,,,,,0,2025-07-25T08:21:03.000+0200,0,0,0.000,48.0988383,-2.1163367,0.00,0.00,0.00,0.00,-49.0,0,6,,
2025-07-25T08:21:04.724+0200,0,0,0.000,0.000,0.00,0.00,0.00,0.00,,0.00,133.70,0.00,0.00,0,100,23,,,100,,,,,,0,2025-07-25T08:21:04.000+0200,0,0,0.000,48.0988367,-2.1163400,0.00,0.00,0.00,0.00,-49.0,0,6,,
2025-07-25T08:21:04.746+0200,0,0,0.000,0.000,0.00,0.00,0.00,0.00,,0.00,133.70,0.00,0.00,0,100,23,,,100,,,,,,0,2025-07-25T08:21:04.000+0200,0,0,0.000,48.0988367,-2.1163400,0.00,0.00,0.00,0.00,-49.0,0,6,,
2025-07-25T08:21:05.323+0200,0,0,0.000,0.000,0.00,0.00,0.00,0.00,,0.00,133.70,0.00,0.00,0,100,23,,,100,,,,,,0,2025-07-25T08:21:04.000+0200,0,0,0.000,48.0988367,-2.1163400,0.00,0.00,0.00,0.00,-49.0,0,6,,
2025-07-25T08:21:05.346+0200,0,0,0.000,0.000,0.00,0.00,0.00,0.00,,0.00,133.70,0.00,0.00,0,100,23,,,100,,,,,,0,2025-07-25T08:21:04.000+0200,0,0,0.000,48.0988367,-2.1163400,0.00,0.00,0.00,0.00,-49.0,0,6,,
2025-07-25T08:21:05.943+0200,0,0,0.000,0.000,0.00,0.00,0.00,0.00,,0.00,133.70,0.00,0.00,0,100,23,,,100,,,,,,0,2025-07-25T08:21:05.000+0200,0,0,0.000,48.0988317,-2.1163283,0.00,0.00,0.00,0.00,-49.0,0,5,,
2025-07-25T08:21:05.968+0200,0,0,0.000,0.000,0.00,0.00,0.00,0.00,,0.00,133.70,0.00,0.00,0,100,23,,,100,,,,,,0,2025-07-25T08:21:05.000+0200,0,0,0.000,48.0988317,-2.1163283,0.00,0.00,0.00,0.00,-49.0,0,5,,
2025-07-25T08:21:06.561+0200,0,0,0.000,0.000,0.00,0.00,0.00,0.00,,0.00,133.70,0.00,0.00,0,100,23,,,100,,,,,,0,2025-07-25T08:21:05.000+0200,0,0,0.000,48.0988317,-2.1163283,0.00,0.00,0.00,0.00,-49.0,0,5,,
2025-07-25T08:21:06.583+0200,0,0,0.000,0.000,0.00,0.00,0.00,0.00,,0.00,133.70,0.00,0.00,0,100,23,,,100,,,,,,0,2025-07-25T08:21:05.000+0200,0,0,0.000,48.0988317,-2.1163283,0.00,0.00,0.00,0.00,-49.0,0,5,,
2025-07-25T08:21:07.185+0200,0,0,0.000,0.000,0.00,0.00,0.00,0.00,,0.00,133.70,0.00,0.00,0,100,23,,,100,,,,,,0,2025-07-25T08:21:06.000+0200,0,0,0.000,48.0988367,-2.1163183,0.00,0.00,0.00,0.00,-49.0,0,5,,
2025-07-25T08:21:07.207+0200,0,0,0.000,0.000,0.00,0.00,0.00,0.00,,0.00,133.70,0.00,0.00,0,100,23,,,100,,,,,,0,2025-07-25T08:21:06.000+0200,0,0,0.000,48.0988367,-2.1163183,0.00,0.00,0.00,0.00,-49.0,0,5,,
2025-07-25T08:21:07.810+0200,0,0,0.000,0.000,0.00,0.00,0.00,0.00,,0.00,133.70,0.00,0.00,0,100,23,,,100,,,,,,0,2025-07-25T08:21:07.000+0200,0,0,0.000,48.0988350,-2.1163217,0.00,0.00,0.00,0.00,-49.0,0,5,,
2025-07-25T08:21:07.830+0200,0,0,0.000,0.000,0.00,0.00,0.00,0.00,,0.00,133.70,0.00,0.00,0,100,23,,,100,,,,,,0,2025-07-25T08:21:07.000+0200,0,0,0.000,48.0988350,-2.1163217,0.00,0.00,0.00,0.00,-49.0,0,5,,
2025-07-25T08:21:08.402+0200,0,0,0.000,0.000,0.00,0.00,0.00,0.00,,0.00,133.70,0.00,0.00,0,100,23,,,100,,,,,,0,2025-07-25T08:21:07.000+0200,0,0,0.000,48.0988350,-2.1163217,0.00,0.00,0.00,0.00,-49.0,0,5,,
2025-07-25T08:21:08.425+0200,0,0,0.000,0.000,0.00,0.00,0.00,0.00,,0.00,133.70,0.00,0.00,0,100,23,,,100,,,,,,0,2025-07-25T08:21:07.000+0200,0,0,0.000,48.0988350,-2.1163217,0.00,0.00,0.00,0.00,-49.0,0,5,,
2025-07-25T08:21:09.023+0200,0,0,0.000,0.000,0.00,0.00,0.00,0.00,,0.00,133.70,0.00,0.00,0,100,23,,,100,,,,,,0,2025-07-25T08:21:08.000+0200,0,0,0.000,48.0988350,-2.1163250,0.00,0.00,0.00,0.00,-49.0,0,5,,
2025-07-25T08:21:09.046+0200,0,0,0.000,0.000,0.00,0.00,0.00,0.00,,0.00,133.70,0.00,0.00,0,100,23,,,100,,,,,,0,2025-07-25T08:21:08.000+0200,0,0,0.000,48.0988350,-2.1163250,0.00,0.00,0.00,0.00,-49.0,0,5,,
2025-07-25T08:21:09.645+0200,0,0,0.000,0.000,0.00,0.00,0.00,0.00,,0.00,133.70,0.00,0.00,0,100,23,,,100,,,,,,0,2025-07-25T08:21:08.000+0200,0,0,0.000,48.0988350,-2.1163250,0.00,0.00,0.00,0.00,-49.0,0,5,,
2025-07-25T08:21:09.667+0200,0,0,0.000,0.000,0.00,0.00,0.00,0.00,,0.00,133.70,0.00,0.00,0,100,23,,,100,,,,,,0,2025-07-25T08:21:09.000+0200,0,0,0.000,48.0988367,-2.1163250,0.00,0.00,0.00,0.00,-49.0,0,5,,
2025-07-25T08:21:10.262+0200,0,0,0.000,0.000,0.00,0.00,0.00,0.00,,0.00,133.70,0.00,0.00,0,100,23,,,100,,,,,,0,2025-07-25T08:21:09.000+0200,0,0,0.000,48.0988367,-2.1163250,0.00,0.00,0.00,0.00,-49.0,0,5,,
2025-07-25T08:21:10.286+0200,0,0,0.000,0.000,0.00,0.00,0.00,0.00,,0.00,133.70,0.00,0.00,0,100,23,,,100,,,,,,0,2025-07-25T08:21:09.000+0200,0,0,0.000,48.0988367,-2.1163250,0.00,0.00,0.00,0.00,-49.0,0,5,,
2025-07-25T08:21:10.881+0200,0,0,0.000,0.000,0.00,0.00,0.00,0.00,,0.00,133.70,0.00,0.00,0,100,23,,,100,,,,,,0,2025-07-25T08:21:10.000+0200,0,0,0.000,48.0988433,-2.1163067,0.00,0.00,0.00,0.00,-49.0,0,5,,
2025-07-25T08:21:10.903+0200,0,0,0.000,0.000,0.00,0.00,0.00,0.00,,0.00,133.70,0.00,0.00,0,100,23,,,100,,,,,,0,2025-07-25T08:21:10.000+0200,0,0,0.000,48.0988433,-2.1163067,0.00,0.00,0.00,0.00,-49.0,0,5,,
2025-07-25T08:21:11.482+0200,0,0,0.000,0.000,0.00,0.00,0.00,0.00,,0.00,133.70,0.00,0.00,0,100,23,,,100,,,,,,0,2025-07-25T08:21:10.000+0200,0,0,0.000,48.0988433,-2.1163067,0.00,0.00,0.00,0.00,-49.0,0,5,,
2025-07-25T08:21:11.501+0200,0,0,0.000,0.000,0.00,0.00,0.00,0.00,,0.00,133.70,0.00,0.00,0,100,23,,,100,,,,,,0,2025-07-25T08:21:10.000+0200,0,0,0.000,48.0988433,-2.1163067,0.00,0.00,0.00,0.00,-49.0,0,5,,
2025-07-25T08:21:12.099+0200,0,0,0.000,0.000,0.00,0.00,0.00,0.00,,0.00,133.70,0.00,0.00,0,100,23,,,100,,,,,,0,2025-07-25T08:21:11.000+0200,0,0,0.000,48.0988317,-2.1163083,0.00,0.00,0.00,0.00,-49.1,0,5,,
2025-07-25T08:21:12.123+0200,0,0,0.000,0.000,0.00,0.00,0.00,0.00,,0.00,133.70,0.00,0.00,0,100,23,,,100,,,,,,0,2025-07-25T08:21:11.000+0200,0,0,0.000,48.0988317,-2.1163083,0.00,0.00,0.00,0.00,-49.1,0,5,,
2025-07-25T08:21:12.720+0200,0,0,0.000,0.000,0.00,0.00,0.00,0.00,,0.00,133.70,0.00,0.00,0,100,23,,,100,,,,,,0,2025-07-25T08:21:12.000+0200,0,0,0.000,48.0988717,-2.1162883,0.00,0.00,0.00,0.00,-49.1,0,5,,
2025-07-25T08:21:12.740+0200,0,0,0.000,0.000,0.00,0.00,0.00,0.00,,0.00,133.70,0.00,0.00,0,100,23,,,100,,,,,,0,2025-07-25T08:21:12.000+0200,0,0,0.000,48.0988717,-2.1162883,0.00,0.00,0.00,0.00,-49.1,0,5,,
2025-07-25T08:21:13.340+0200,0,0,0.000,0.000,0.00,0.00,0.00,0.00,,0.00,133.70,0.00,0.00,0,100,23,,,100,,,,,,0,2025-07-25T08:21:12.000+0200,0,0,0.000,48.0988717,-2.1162883,0.00,0.00,0.00,0.00,-49.1,0,5,,
2025-07-25T08:21:13.360+0200,0,0,0.000,0.000,0.00,0.00,0.00,0.00,,0.00,133.70,0.00,0.00,0,100,23,,,100,,,,,,0,2025-07-25T08:21:12.000+0200,0,0,0.000,48.0988717,-2.1162883,0.00,0.00,0.00,0.00,-49.1,0,5,,
2025-07-25T08:21:13.959+0200,0,0,0.000,0.000,0.00,0.00,0.00,0.00,,0.00,133.70,0.00,0.00,0,100,23,,,100,,,,,,0,2025-07-25T08:21:13.000+0200,0,0,0.000,48.0988967,-2.1162767,0.00,0.00,0.00,0.00,-49.1,0,5,,
2025-07-25T08:21:13.980+0200,0,0,0.000,0.000,0.00,0.00,0.00,0.00,,0.00,133.70,0.00,0.00,0,100,23,,,100,,,,,,0,2025-07-25T08:21:13.000+0200,0,0,0.000,48.0988967,-2.1162767,0.00,0.00,0.00,0.00,-49.1,0,5,,
2025-07-25T08:21:14.559+0200,0,0,0.000,0.000,0.00,0.00,0.00,0.00,,0.00,133.70,0.00,0.00,0,100,23,,,100,,,,,,0,2025-07-25T08:21:13.000+0200,0,0,0.000,48.0988967,-2.1162767,0.00,0.00,0.00,0.00,-49.1,0,5,,
2025-07-25T08:21:14.583+0200,0,0,0.000,0.000,0.00,0.00,0.00,0.00,,0.00,133.70,0.00,0.00,0,100,23,,,100,,,,,,0,2025-07-25T08:21:13.000+0200,0,0,0.000,48.0988967,-2.1162767,0.00,0.00,0.00,0.00,-49.1,0,5,,
2025-07-25T08:21:15.180+0200,0,0,0.000,0.000,0.00,0.00,0.00,0.00,,0.00,133.70,0.00,0.00,0,100,23,,,100,,,,,,0,2025-07-25T08:21:14.000+0200,0,0,0.000,48.0989200,-2.1162683,0.00,0.00,0.00,0.00,-49.1,0,5,,
2025-07-25T08:21:15.204+0200,0,0,0.000,0.000,0.00,0.00,0.00,0.00,,0.00,133.70,0.00,0.00,0,100,23,,,100,,,,,,0,2025-07-25T08:21:14.000+0200,0,0,0.000,48.0989200,-2.1162683,0.00,0.00,0.00,0.00,-49.1,0,5,,
2025-07-25T08:21:15.801+0200,0,0,0.000,0.000,0.00,0.00,0.00,0.00,,0.00,133.70,0.00,0.00,0,100,23,,,100,,,,,,0,2025-07-25T08:21:15.000+0200,0,0,0.000,48.0989517,-2.1162700,0.00,0.00,0.00,0.00,-49.0,0,5,,
2025-07-25T08:21:15.822+0200,0,0,0.000,0.000,0.00,0.00,0.00,0.00,,0.00,133.70,0.00,0.00,0,100,23,,,100,,,,,,0,2025-07-25T08:21:15.000+0200,0,0,0.000,48.0989517,-2.1162700,0.00,0.00,0.00,0.00,-49.0,0,5,,
2025-07-25T08:21:16.418+0200,0,0,0.000,0.000,0.00,0.00,0.00,0.00,,0.00,133.70,0.00,0.00,0,100,23,,,100,,,,,,0,2025-07-25T08:21:15.000+0200,0,0,0.000,48.0989517,-2.1162700,0.00,0.00,0.00,0.00,-49.0,0,5,,
2025-07-25T08:21:16.442+0200,0,0,0.000,0.000,0.00,0.00,0.00,0.00,,0.00,133.70,0.00,0.00,0,100,23,,,100,,,,,,0,2025-07-25T08:21:15.000+0200,0,0,0.000,48.0989517,-2.1162700,0.00,0.00,0.00,0.00,-49.0,0,5,,
2025-07-25T08:21:17.019+0200,0,0,0.000,0.000,0.00,0.00,0.00,0.00,,0.00,133.70,0.00,0.00,0,100,23,,,100,,,,,,0,2025-07-25T08:21:16.000+0200,0,0,0.000,48.0989500,-2.1162850,0.00,0.00,0.00,0.00,-49.0,0,5,,
2025-07-25T08:21:17.043+0200,0,0,0.000,0.000,0.00,0.00,0.00,0.00,,0.00,133.70,0.00,0.00,0,100,23,,,100,,,,,,0,2025-07-25T08:21:16.000+0200,0,0,0.000,48.0989500,-2.1162850,0.00,0.00,0.00,0.00,-49.0,0,5,,
2025-07-25T08:21:17.638+0200,0,0,0.000,0.000,0.00,0.00,0.00,0.00,,0.00,133.70,0.00,0.00,0,100,23,,,100,,,,,,0,2025-07-25T08:21:16.000+0200,0,0,0.000,48.0989500,-2.1162850,0.00,0.00,0.00,0.00,-49.0,0,5,,
2025-07-25T08:21:17.659+0200,0,0,0.000,0.000,0.00,0.00,0.00,0.00,,0.00,133.70,0.00,0.00,0,100,23,,,100,,,,,,0,2025-07-25T08:21:17.000+0200,0,0,0.000,48.0989783,-2.1162883,0.00,0.00,0.00,0.00,-49.0,0,5,,
2025-07-25T08:21:18.259+0200,0,0,0.000,0.000,0.00,0.00,0.00,0.00,,0.00,133.70,0.00,0.00,0,100,23,,,100,,,,,,0,2025-07-25T08:21:17.000+0200,0,0,0.000,48.0989783,-2.1162883,0.00,0.00,0.00,0.00,-49.0,0,5,,
2025-07-25T08:21:18.283+0200,0,0,0.000,0.000,0.00,0.00,0.00,0.00,,0.00,133.70,0.00,0.00,0,100,23,,,100,,,,,,0,2025-07-25T08:21:17.000+0200,0,0,0.000,48.0989783,-2.1162883,0.00,0.00,0.00,0.00,-49.0,0,5,,
2025-07-25T08:21:18.883+0200,0,0,0.000,0.000,0.00,0.00,0.00,0.00,,0.00,133.70,0.00,0.00,0,100,23,,,100,,,,,,0,2025-07-25T08:21:18.000+0200,0,0,0.000,48.0989800,-2.1162917,0.00,0.00,0.00,0.00,-49.0,0,5,,
2025-07-25T08:21:18.907+0200,0,0,0.000,0.000,0.00,0.00,0.00,0.00,,0.00,133.70,0.00,0.00,0,100,23,,,100,,,,,,0,2025-07-25T08:21:18.000+0200,0,0,0.000,48.0989800,-2.1162917,0.00,0.00,0.00,0.00,-49.0,0,5,,
2025-07-25T08:21:19.502+0200,0,0,0.000,0.000,0.00,0.00,0.00,0.00,,0.00,133.70,0.00,0.00,0,100,23,,,100,,,,,,0,2025-07-25T08:21:18.000+0200,0,0,0.000,48.0989800,-2.1162917,0.00,0.00,0.00,0.00,-49.0,0,5,,
2025-07-25T08:21:19.525+0200,0,0,0.000,0.000,0.00,0.00,0.00,0.00,,0.00,133.70,0.00,0.00,0,100,23,,,100,,,,,,0,2025-07-25T08:21:18.000+0200,0,0,0.000,48.0989800,-2.1162917,0.00,0.00,0.00,0.00,-49.0,0,5,,
2025-07-25T08:21:20.101+0200,0,0,0.000,0.000,0.00,0.00,0.00,0.00,,0.00,133.70,0.00,0.00,0,100,23,,,100,,,,,,0,2025-07-25T08:21:19.000+0200,0,0,0.000,48.0989967,-2.1162867,0.00,0.00,0.00,0.00,-49.0,0,5,,
2025-07-25T08:21:20.123+0200,0,0,0.000,0.000,0.00,0.00,0.00,0.00,,0.00,133.70,0.00,0.00,0,100,23,,,100,,,,,,0,2025-07-25T08:21:19.000+0200,0,0,0.000,48.0989967,-2.1162867,0.00,0.00,0.00,0.00,-49.0,0,5,,
2025-07-25T08:21:20.722+0200,0,0,0.000,0.000,0.00,0.00,0.00,0.00,,0.00,133.70,0.00,0.00,0,100,23,,,100,,,,,,0,2025-07-25T08:21:20.000+0200,0,0,0.000,48.0989950,-2.1162883,0.00,0.00,0.00,0.00,-49.0,0,5,,
2025-07-25T08:21:20.744+0200,0,0,0.000,0.000,0.00,0.00,0.00,0.00,,0.00,133.70,0.00,0.00,0,100,23,,,100,,,,,,0,2025-07-25T08:21:20.000+0200,0,0,0.000,48.0989950,-2.1162883,0.00,0.00,0.00,0.00,-49.0,0,5,,
2025-07-25T08:21:21.337+0200,0,0,0.000,0.000,0.00,0.00,0.00,0.00,,0.00,133.70,0.00,0.00,0,100,23,,,100,,,,,,0,2025-07-25T08:21:20.000+0200,0,0,0.000,48.0989950,-2.1162883,0.00,0.00,0.00,0.00,-49.0,0,5,,
2025-07-25T08:21:21.358+0200,0,0,0.000,0.000,0.00,0.00,0.00,0.00,,0.00,133.70,0.00,0.00,0,100,23,,,100,,,,,,0,2025-07-25T08:21:20.000+0200,0,0,0.000,48.0989950,-2.1162883,0.00,0.00,0.00,0.00,-49.0,0,5,,
2025-07-25T08:21:21.962+0200,0,0,0.000,0.000,0.00,0.00,0.00,0.00,,0.00,133.70,0.00,0.00,0,100,23,,,100,,,,,,0,2025-07-25T08:21:21.000+0200,0,0,0.000,48.0989950,-2.1162867,0.00,0.00,0.00,0.00,-49.0,0,5,,
2025-07-25T08:21:21.986+0200,0,0,0.000,0.000,0.00,0.00,0.00,0.00,,0.00,133.70,0.00,0.00,0,100,23,,,100,,,,,,0,2025-07-25T08:21:21.000+0200,0,0,0.000,48.0989950,-2.1162867,0.00,0.00,0.00,0.00,-49.0,0,5,,
2025-07-25T08:21:22.583+0200,0,0,0.000,0.000,0.00,0.00,0.00,0.00,,0.00,133.70,0.00,0.00,0,100,23,,,100,,,,,,0,2025-07-25T08:21:21.000+0200,0,0,0.000,48.0989950,-2.1162867,0.00,0.00,0.00,0.00,-49.0,0,5,,
2025-07-25T08:21:22.607+0200,0,0,0.000,0.000,0.00,0.00,0.00,0.00,,0.00,133.70,0.00,0.00,0,100,23,,,100,,,,,,0,2025-07-25T08:21:21.000+0200,0,0,0.000,48.0989950,-2.1162867,0.00,0.00,0.00,0.00,-49.0,0,5,,
2025-07-25T08:21:23.180+0200,0,0,0.000,0.000,0.00,0.00,0.00,0.00,,0.00,133.70,0.00,0.00,0,100,23,,,100,,,,,,0,2025-07-25T08:21:22.000+0200,0,0,0.000,48.0989950,-2.1162867,0.00,0.00,0.00,0.00,-49.0,0,5,,
2025-07-25T08:21:23.202+0200,0,0,0.000,0.000,0.00,0.00,0.00,0.00,,0.00,133.70,0.00,0.00,0,100,23,,,100,,,,,,0,2025-07-25T08:21:22.000+0200,0,0,0.000,48.0989950,-2.1162867,0.00,0.00,0.00,0.00,-49.0,0,5,,
2025-07-25T08:21:23.804+0200,0,0,0.000,0.000,0.00,0.00,0.00,0.00,,0.00,133.70,0.00,0.00,0,100,23,,,100,,,,,,0,2025-07-25T08:21:23.000+0200,0,0,0.000,48.0989950,-2.1162867,0.00,0.00,0.00,0.00,-49.0,0,5,,
2025-07-25T08:21:23.826+0200,0,0,0.000,0.000,0.00,0.00,0.00,0.00,,0.00,133.70,0.00,0.00,0,100,23,,,100,,,,,,0,2025-07-25T08:21:23.000+0200,0,0,0.000,48.0989950,-2.1162867,0.00,0.00,0.00,0.00,-49.0,0,5,,
2025-07-25T08:21:24.425+0200,0,0,0.000,0.000,0.00,0.00,0.00,0.00,,0.00,133.70,0.00,0.00,0,100,23,,,100,,,,,,0,2025-07-25T08:21:23.000+0200,0,0,0.000,48.0989950,-2.1162867,0.00,0.00,0.00,0.00,-49.0,0,5,,
2025-07-25T08:21:24.450+0200,0,0,0.000,0.000,0.00,0.00,0.00,0.00,,0.00,133.70,0.00,0.00,0,100,23,,,100,,,,,,0,2025-07-25T08:21:23.000+0200,0,0,0.000,48.0989950,-2.1162867,0.00,0.00,0.00,0.00,-49.0,0,5,,
2025-07-25T08:21:25.044+0200,0,0,0.000,0.000,0.00,0.00,0.00,0.00,,0.00,133.70,0.00,0.00,0,100,23,,,100,,,,,,0,2025-07-25T08:21:24.000+0200,0,0,0.000,48.0989950,-2.1162867,0.00,0.00,0.00,0.00,-49.0,0,5,,
2025-07-25T08:21:25.068+0200,0,0,0.000,0.000,0.00,0.00,0.00,0.00,,0.00,133.70,0.00,0.00,0,100,23,,,100,,,,,,0,2025-07-25T08:21:24.000+0200,0,0,0.000,48.0989950,-2.1162867,0.00,0.00,0.00,0.00,-49.0,0,5,,
2025-07-25T08:21:25.645+0200,0,0,0.000,0.000,0.00,0.00,0.00,0.00,,0.00,133.70,0.00,0.00,0,100,23,,,100,,,,,,0,2025-07-25T08:21:24.000+0200,0,0,0.000,48.0989950,-2.1162867,0.00,0.00,0.00,0.00,-49.0,0,5,,
2025-07-25T08:21:25.669+0200,0,0,0.000,0.000,0.00,0.00,0.00,0.00,,0.00,133.70,0.00,0.00,0,100,23,,,100,,,,,,0,2025-07-25T08:21:25.000+0200,0,0,0.000,48.0990017,-2.1162983,0.00,0.00,0.00,0.00,-49.1,0,5,,
2025-07-25T08:21:26.282+0200,0,0,0.000,0.000,0.00,0.00,0.00,0.00,,0.00,133.70,0.00,0.00,0,100,23,,,100,,,,,,0,2025-07-25T08:21:25.000+0200,0,0,0.000,48.0990017,-2.1162983,0.00,0.00,0.00,0.00,-49.1,0,5,,
2025-07-25T08:21:26.309+0200,0,0,0.000,0.000,0.00,0.00,0.00,0.00,,0.00,133.70,0.00,0.00,0,100,23,,,100,,,,,,0,2025-07-25T08:21:25.000+0200,0,0,0.000,48.0990017,-2.1162983,0.00,0.00,0.00,0.00,-49.1,0,5,,
2025-07-25T08:21:26.878+0200,0,0,0.000,0.000,0.00,0.00,0.00,0.00,,0.00,133.70,0.00,0.00,0,100,23,,,100,,,,,,0,2025-07-25T08:21:26.000+0200,0,0,0.000,48.0990017,-2.1163167,0.00,0.00,0.00,0.00,-49.1,0,5,,
2025-07-25T08:21:26.897+0200,0,0,0.000,0.000,0.00,0.00,0.00,0.00,,0.00,133.70,0.00,0.00,0,100,23,,,100,,,,,,0,2025-07-25T08:21:26.000+0200,0,0,0.000,48.0990017,-2.1163167,0.00,0.00,0.00,0.00,-49.1,0,5,,
2025-07-25T08:21:27.520+0200,0,0,0.000,0.000,0.00,0.00,0.00,0.00,,0.00,133.70,0.00,0.00,0,100,23,,,100,,,,,,0,2025-07-25T08:21:26.000+0200,0,0,0.000,48.0990017,-2.1163167,0.00,0.00,0.00,0.00,-49.1,0,5,,
2025-07-25T08:21:27.543+0200,0,0,0.000,0.000,0.00,0.00,0.00,0.00,,0.00,133.70,0.00,0.00,0,100,23,,,100,,,,,,0,2025-07-25T08:21:26.000+0200,0,0,0.000,48.0990017,-2.1163167,0.00,0.00,0.00,0.00,-49.1,0,5,,
2025-07-25T08:21:28.122+0200,0,0,0.000,0.000,0.00,0.00,0.00,0.00,,0.00,133.70,0.00,0.00,0,100,23,,,100,,,,,,0,2025-07-25T08:21:27.000+0200,0,0,0.000,48.0989983,-2.1163283,0.00,0.00,0.00,0.00,-49.1,0,5,,
2025-07-25T08:21:28.143+0200,0,0,0.000,0.000,0.00,0.00,0.00,0.00,,0.00,133.70,0.00,0.00,0,100,23,,,100,,,,,,0,2025-07-25T08:21:27.000+0200,0,0,0.000,48.0989983,-2.1163283,0.00,0.00,0.00,0.00,-49.1,0,5,,
2025-07-25T08:21:28.740+0200,0,0,0.000,0.000,0.00,0.00,0.00,0.00,,0.00,133.70,0.00,0.00,0,100,23,,,100,,,,,,0,2025-07-25T08:21:28.000+0200,0,0,0.000,48.0989833,-2.1163433,0.00,0.00,0.00,0.00,-49.1,0,5,,
2025-07-25T08:21:28.759+0200,0,0,0.000,0.000,0.00,0.00,0.00,0.00,,0.00,133.70,0.00,0.00,0,100,23,,,100,,,,,,0,2025-07-25T08:21:28.000+0200,0,0,0.000,48.0989833,-2.1163433,0.00,0.00,0.00,0.00,-49.1,0,5,,
2025-07-25T08:21:29.344+0200,0,0,0.000,0.000,0.00,0.00,0.00,0.00,,0.00,133.70,0.00,0.00,0,100,24,,,100,,,,,,0,2025-07-25T08:21:28.000+0200,0,0,0.000,48.0989833,-2.1163433,0.00,0.00,0.00,0.00,-49.1,0,5,,
2025-07-25T08:21:29.365+0200,0,0,0.000,0.000,0.00,0.00,0.00,0.00,,0.00,133.70,0.00,0.00,0,100,24,,,100,,,,,,0,2025-07-25T08:21:28.000+0200,0,0,0.000,48.0989833,-2.1163433,0.00,0.00,0.00,0.00,-49.1,0,5,,
2025-07-25T08:21:29.964+0200,0,0,0.000,0.000,0.00,0.00,0.00,0.00,,0.00,133.70,0.00,0.00,0,100,23,,,100,,,,,,0,2025-07-25T08:21:29.000+0200,0,0,0.000,48.0989550,-2.1163433,0.00,0.00,0.00,0.00,-49.1,0,5,,
2025-07-25T08:21:29.986+0200,0,0,0.000,0.000,0.00,0.00,0.00,0.00,,0.00,133.70,0.00,0.00,0,100,23,,,100,,,,,,0,2025-07-25T08:21:29.000+0200,0,0,0.000,48.0989550,-2.1163433,0.00,0.00,0.00,0.00,-49.1,0,5,,
2025-07-25T08:21:30.581+0200,0,0,0.000,0.000,0.00,0.00,0.00,0.00,,0.00,133.70,0.00,0.00,0,100,24,,,100,,,,,,0,2025-07-25T08:21:29.000+0200,0,0,0.000,48.0989550,-2.1163433,0.00,0.00,0.00,0.00,-49.1,0,5,,
2025-07-25T08:21:30.605+0200,0,0,0.000,0.000,0.00,0.00,0.00,0.00,,0.00,133.70,0.00,0.00,0,100,24,,,100,,,,,,0,2025-07-25T08:21:29.000+0200,0,0,0.000,48.0989550,-2.1163433,0.00,0.00,0.00,0.00,-49.1,0,5,,
2025-07-25T08:21:31.198+0200,0,0,0.000,0.000,0.00,0.00,0.00,0.00,,0.00,133.70,0.00,0.00,0,100,23,,,100,,,,,,0,2025-07-25T08:21:30.000+0200,0,0,0.000,48.0989317,-2.1163433,0.00,0.00,0.00,0.00,-49.1,0,5,,
2025-07-25T08:21:31.222+0200,0,0,0.000,0.000,0.00,0.00,0.00,0.00,,0.00,133.70,0.00,0.00,0,100,23,,,100,,,,,,0,2025-07-25T08:21:30.000+0200,0,0,0.000,48.0989317,-2.1163433,0.00,0.00,0.00,0.00,-49.1,0,5,,
2025-07-25T08:21:31.799+0200,0,0,0.000,0.000,0.00,0.00,0.00,0.00,,0.00,133.70,0.00,0.00,0,100,24,,,100,,,,,,0,2025-07-25T08:21:31.000+0200,0,0,0.000,48.0989267,-2.1163333,0.00,0.00,0.00,0.00,-49.1,0,5,,
2025-07-25T08:21:31.820+0200,0,0,0.000,0.000,0.00,0.00,0.00,0.00,,0.00,133.70,0.00,0.00,0,100,24,,,100,,,,,,0,2025-07-25T08:21:31.000+0200,0,0,0.000,48.0989267,-2.1163333,0.00,0.00,0.00,0.00,-49.1,0,5,,
2025-07-25T08:21:32.422+0200,0,0,0.000,0.000,0.00,0.00,0.00,0.00,,0.00,133.70,0.00,0.00,0,100,24,,,100,,,,,,0,2025-07-25T08:21:31.000+0200,0,0,0.000,48.0989267,-2.1163333,0.00,0.00,0.00,0.00,-49.1,0,5,,
2025-07-25T08:21:32.442+0200,0,0,0.000,0.000,0.00,0.00,0.00,0.00,,0.00,133.70,0.00,0.00,0,100,24,,,100,,,,,,0,2025-07-25T08:21:31.000+0200,0,0,0.000,48.0989267,-2.1163333,0.00,0.00,0.00,0.00,-49.1,0,5,,
2025-07-25T08:21:33.039+0200,0,0,0.000,0.000,0.00,0.00,0.00,0.00,,0.00,133.70,0.00,0.00,0,100,24,,,100,,,,,,0,2025-07-25T08:21:32.000+0200,0,0,0.000,48.0989333,-2.1163333,0.00,0.00,0.00,0.00,-49.1,0,5,,
2025-07-25T08:21:33.061+0200,0,0,0.000,0.000,0.00,0.00,0.00,0.00,,0.00,133.70,0.00,0.00,0,100,24,,,100,,,,,,0,2025-07-25T08:21:32.000+0200,0,0,0.000,48.0989333,-2.1163333,0.00,0.00,0.00,0.00,-49.1,0,5,,
2025-07-25T08:21:33.665+0200,0,0,0.000,0.000,0.00,0.00,0.00,0.00,,0.00,133.70,0.00,0.00,0,100,24,,,100,,,,,,0,2025-07-25T08:21:33.000+0200,0,0,0.000,48.0989317,-2.1163300,0.00,0.00,0.00,0.00,-49.1,0,5,,
2025-07-25T08:21:33.688+0200,0,0,0.000,0.000,0.00,0.00,0.00,0.00,,0.00,133.70,0.00,0.00,0,100,24,,,100,,,,,,0,2025-07-25T08:21:33.000+0200,0,0,0.000,48.0989317,-2.1163300,0.00,0.00,0.00,0.00,-49.1,0,5,,
2025-07-25T08:21:34.283+0200,0,0,0.000,0.000,0.00,0.00,0.00,0.00,,0.00,133.70,0.00,0.00,0,100,24,,,100,,,,,,0,2025-07-25T08:21:33.000+0200,0,0,0.000,48.0989317,-2.1163300,0.00,0.00,0.00,0.00,-49.1,0,5,,
2025-07-25T08:21:34.306+0200,0,0,0.000,0.000,0.00,0.00,0.00,0.00,,0.00,133.70,0.00,0.00,0,100,24,,,100,,,,,,0,2025-07-25T08:21:33.000+0200,0,0,0.000,48.0989317,-2.1163300,0.00,0.00,0.00,0.00,-49.1,0,5,,
2025-07-25T08:21:34.885+0200,0,0,0.000,0.000,0.00,0.00,0.00,0.00,,0.00,133.70,0.00,0.00,0,100,24,,,100,,,,,,0,2025-07-25T08:21:34.000+0200,0,0,0.000,48.0989317,-2.1163217,0.00,0.00,0.00,0.00,-49.1,0,5,,
2025-07-25T08:21:34.909+0200,0,0,0.000,0.000,0.00,0.00,0.00,0.00,,0.00,133.70,0.00,0.00,0,100,24,,,100,,,,,,0,2025-07-25T08:21:34.000+0200,0,0,0.000,48.0989317,-2.1163217,0.00,0.00,0.00,0.00,-49.1,0,5,,
2025-07-25T08:21:35.507+0200,0,0,0.000,0.000,0.00,0.00,0.00,0.00,,0.00,133.70,0.00,0.00,0,100,24,,,100,,,,,,0,2025-07-25T08:21:34.000+0200,0,0,0.000,48.0989317,-2.1163217,0.00,0.00,0.00,0.00,-49.1,0,5,,
2025-07-25T08:21:35.527+0200,0,0,0.000,0.000,0.00,0.00,0.00,0.00,,0.00,133.70,0.00,0.00,0,100,24,,,100,,,,,,0,2025-07-25T08:21:34.000+0200,0,0,0.000,48.0989317,-2.1163217,0.00,0.00,0.00,0.00,-49.1,0,5,,
2025-07-25T08:21:36.125+0200,0,0,0.000,0.000,0.00,0.00,0.00,0.00,,0.00,133.70,0.00,0.00,0,100,24,,,100,,,,,,0,2025-07-25T08:21:35.000+0200,0,0,0.000,48.0989317,-2.1163267,0.00,0.00,0.00,0.00,-49.1,0,5,,
2025-07-25T08:21:36.147+0200,0,0,0.000,0.000,0.00,0.00,0.00,0.00,,0.00,133.70,0.00,0.00,0,100,24,,,100,,,,,,0,2025-07-25T08:21:35.000+0200,0,0,0.000,48.0989317,-2.1163267,0.00,0.00,0.00,0.00,-49.1,0,5,,
2025-07-25T08:21:36.744+0200,0,0,0.000,0.000,0.00,0.00,0.00,0.00,,0.00,133.70,0.00,0.00,0,100,24,,,100,,,,,,0,2025-07-25T08:21:36.000+0200,0,0,0.000,48.0989283,-2.1163333,0.00,0.00,0.00,0.00,-49.1,0,5,,
2025-07-25T08:21:36.767+0200,0,0,0.000,0.000,0.00,0.00,0.00,0.00,,0.00,133.70,0.00,0.00,0,100,24,,,100,,,,,,0,2025-07-25T08:21:36.000+0200,0,0,0.000,48.0989283,-2.1163333,0.00,0.00,0.00,0.00,-49.1,0,5,,
2025-07-25T08:21:37.341+0200,0,0,0.000,0.000,1.18,0.00,1.18,1.18,,3.47,133.70,-0.53,-7.10,-71,100,24,,,99,,,,,,0,2025-07-25T08:21:36.000+0200,0,0,0.000,48.0989283,-2.1163333,0.00,0.00,0.00,0.00,-49.1,0,5,,
2025-07-25T08:21:37.365+0200,0,0,0.000,0.000,1.18,0.00,1.18,1.18,,3.47,133.70,-0.53,-7.10,-71,100,24,,,99,,,,,,0,2025-07-25T08:21:36.000+0200,0,0,0.000,48.0989283,-2.1163333,0.00,0.00,0.00,0.00,-49.1,0,5,,
2025-07-25T08:21:37.981+0200,0,0,0.000,4769.384,0.32,0.01,1.23,1.29,,-3.04,133.70,0.14,1.00,19,100,24,,,100,,,,,,0,2025-07-25T08:21:37.000+0200,0,0,0.000,48.0989267,-2.1163383,0.00,0.00,0.00,0.00,-49.2,0,5,,
2025-07-25T08:21:37.999+0200,0,0,0.000,4769.384,0.32,0.01,1.23,1.29,,-3.04,133.70,0.14,1.00,19,100,24,,,100,,,,,,0,2025-07-25T08:21:37.000+0200,0,0,0.000,48.0989267,-2.1163383,0.00,0.00,0.00,0.00,-49.2,0,5,,
2025-07-25T08:21:38.605+0200,1,0,0.000,4769.384,0.10,0.01,1.23,1.29,,0.32,133.70,-0.38,-5.40,-51,100,24,,,100,,,,,,0,2025-07-25T08:21:37.000+0200,0,0,0.000,48.0989267,-2.1163383,0.00,0.00,0.00,0.00,-49.2,0,5,,
2025-07-25T08:21:38.624+0200,1,0,0.000,4769.384,0.10,0.01,1.23,1.29,,0.32,133.70,-0.38,-5.40,-51,100,24,,,100,,,,,,0,2025-07-25T08:21:37.000+0200,0,0,0.000,48.0989267,-2.1163383,0.00,0.00,0.00,0.00,-49.2,0,5,,
2025-07-25T08:21:39.241+0200,1,1,0.000,4769.384,0.07,0.02,1.23,1.29,,-3.83,133.70,0.88,6.30,118,100,24,,,100,,,,,,0,2025-07-25T08:21:38.000+0200,0,0,0.000,48.0989100,-2.1163417,0.00,0.00,0.00,0.00,-49.2,0,5,,
2025-07-25T08:21:39.263+0200,1,1,0.000,4769.384,0.07,0.02,1.23,1.29,,-3.83,133.70,0.88,6.30,118,100,24,,,100,,,,,,0,2025-07-25T08:21:38.000+0200,0,0,0.000,48.0989100,-2.1163417,0.00,0.00,0.00,0.00,-49.2,0,5,,
2025-07-25T08:21:39.863+0200,2,1,0.000,4769.384,0.39,0.02,1.23,1.29,,0.67,133.59,-0.10,-1.50,-13,100,24,,,100,,,,,,0,2025-07-25T08:21:39.000+0200,0,0,0.000,48.0988933,-2.1163433,0.00,0.00,0.00,0.00,-49.1,0,5,,
2025-07-25T08:21:39.886+0200,2,1,0.000,4769.384,0.39,0.02,1.23,1.29,,0.67,133.59,-0.10,-1.50,-13,100,24,,,100,,,,,,0,2025-07-25T08:21:39.000+0200,0,0,0.000,48.0988933,-2.1163433,0.00,0.00,0.00,0.00,-49.1,0,5,,
2025-07-25T08:21:40.479+0200,3,1,0.000,4769.384,0.53,0.02,1.06,1.29,,1.68,133.59,0.08,0.59,11,100,24,,,100,,,,,,0,2025-07-25T08:21:39.000+0200,0,0,0.000,48.0988933,-2.1163433,0.00,0.00,0.00,0.00,-49.1,0,5,,
2025-07-25T08:21:40.503+0200,3,1,0.000,4769.384,0.53,0.02,1.06,1.29,,1.68,133.59,0.08,0.59,11,100,24,,,100,,,,,,0,2025-07-25T08:21:39.000+0200,0,0,0.000,48.0988933,-2.1163433,0.00,0.00,0.00,0.00,-49.1,0,5,,
2025-07-25T08:21:41.119+0200,3,1,0.000,4769.384,0.36,0.02,1.06,1.29,,1.20,133.59,0.71,5.00,95,100,24,,,100,,,,,,0,2025-07-25T08:21:40.000+0200,0,0,0.000,48.0988850,-2.1163417,0.00,0.00,0.00,0.00,-49.1,0,5,,
2025-07-25T08:21:41.141+0200,3,1,0.000,4769.384,0.36,0.02,1.06,1.29,,1.20,133.59,0.71,5.00,95,100,24,,,100,,,,,,0,2025-07-25T08:21:40.000+0200,0,0,0.000,48.0988850,-2.1163417,0.00,0.00,0.00,0.00,-49.1,0,5,,
2025-07-25T08:21:41.741+0200,4,1,0.000,4769.384,1.26,0.03,1.07,1.29,,1.08,133.59,-0.23,-3.10,-31,100,24,,,99,,,,,,0,2025-07-25T08:21:41.000+0200,0,0,0.000,48.0988733,-2.1163550,0.00,0.00,0.00,0.00,-49.1,0,5,,
2025-07-25T08:21:41.762+0200,4,1,0.000,4769.384,1.26,0.03,1.07,1.29,,1.08,133.59,-0.23,-3.10,-31,100,24,,,99,,,,,,0,2025-07-25T08:21:41.000+0200,0,0,0.000,48.0988733,-2.1163550,0.00,0.00,0.00,0.00,-49.1,0,5,,
2025-07-25T08:21:42.362+0200,4,1,0.000,4769.384,1.18,0.03,1.08,1.29,,3.71,133.59,-0.58,-7.70,-77,100,24,,,99,,,,,,0,2025-07-25T08:21:41.000+0200,0,0,0.000,48.0988733,-2.1163550,0.00,0.00,0.00,0.00,-49.1,0,5,,
2025-07-25T08:21:42.386+0200,4,1,0.000,4769.384,1.18,0.03,1.08,1.29,,3.71,133.59,-0.58,-7.70,-77,100,24,,,99,,,,,,0,2025-07-25T08:21:41.000+0200,0,0,0.000,48.0988733,-2.1163550,0.00,0.00,0.00,0.00,-49.1,0,5,,
2025-07-25T08:21:42.984+0200,5,1,0.000,4769.384,0.46,0.04,1.06,1.29,,-1.35,133.59,-0.15,-2.20,-20,100,24,,,100,,,,,,0,2025-07-25T08:21:42.000+0200,0,0,0.000,48.0988550,-2.1163633,0.00,0.00,0.00,0.00,-49.1,0,6,,
2025-07-25T08:21:43.005+0200,5,1,0.000,4769.384,0.46,0.04,1.06,1.29,,-1.35,133.59,-0.15,-2.20,-20,100,24,,,100,,,,,,0,2025-07-25T08:21:42.000+0200,0,0,0.000,48.0988550,-2.1163633,0.00,0.00,0.00,0.00,-49.1,0,6,,
2025-07-25T08:21:43.605+0200,6,1,0.001,4769.385,0.50,0.04,1.00,1.29,,1.57,133.59,-0.07,-1.10,-9,100,24,,,100,,,,,,0,2025-07-25T08:21:42.000+0200,0,0,0.000,48.0988550,-2.1163633,0.00,0.00,0.00,0.00,-49.1,0,6,,
2025-07-25T08:21:43.627+0200,6,1,0.001,4769.385,0.50,0.04,1.00,1.29,,1.57,133.59,-0.07,-1.10,-9,100,24,,,100,,,,,,0,2025-07-25T08:21:42.000+0200,0,0,0.000,48.0988550,-2.1163633,0.00,0.00,0.00,0.00,-49.1,0,6,,
2025-07-25T08:21:44.223+0200,6,1,0.001,4769.385,1.87,0.05,1.09,1.87,,5.83,133.59,0.00,0.00,0,100,24,,,98,,,,,,0,2025-07-25T08:21:43.000+0200,0,0,0.000,48.0988317,-2.1163750,0.00,0.00,0.00,0.00,-49.1,0,6,,
2025-07-25T08:21:44.247+0200,6,1,0.001,4769.385,1.87,0.05,1.09,1.87,,5.83,133.59,0.00,0.00,0,100,24,,,98,,,,,,0,2025-07-25T08:21:43.000+0200,0,0,0.000,48.0988317,-2.1163750,0.00,0.00,0.00,0.00,-49.1,0,6,,
2025-07-25T08:21:44.842+0200,7,1,0.001,4769.385,0.00,0.05,1.09,1.87,,0.00,133.59,0.00,0.00,0,100,24,,,100,,,,,,0,2025-07-25T08:21:44.000+0200,0,0,0.000,48.0988133,-2.1163800,0.00,0.00,0.00,0.00,-49.1,0,6,,
2025-07-25T08:21:44.863+0200,7,1,0.001,4769.385,0.00,0.05,1.09,1.87,,0.00,133.59,0.00,0.00,0,100,24,,,100,,,,,,0,2025-07-25T08:21:44.000+0200,0,0,0.000,48.0988133,-2.1163800,0.00,0.00,0.00,0.00,-49.1,0,6,,
2025-07-25T08:21:45.460+0200,8,1,0.001,4769.385,0.14,0.05,1.09,1.87,,0.45,133.59,0.28,2.00,37,100,24,,,100,,,,,,0,2025-07-25T08:21:44.000+0200,0,0,0.000,48.0988133,-2.1163800,0.00,0.00,0.00,0.00,-49.1,0,6,,
2025-07-25T08:21:45.483+0200,8,1,0.001,4769.385,0.14,0.05,1.09,1.87,,0.45,133.59,0.28,2.00,37,100,24,,,100,,,,,,0,2025-07-25T08:21:44.000+0200,0,0,0.000,48.0988133,-2.1163800,0.00,0.00,0.00,0.00,-49.1,0,6,,
2025-07-25T08:21:46.100+0200,8,1,0.001,4769.385,0.00,0.05,1.09,1.87,,0.00,133.59,0.00,0.00,0,100,24,,,100,,,,,,0,2025-07-25T08:21:45.000+0200,0,0,0.000,48.0988000,-2.1163700,0.00,0.00,0.00,0.00,-49.1,0,6,,
2025-07-25T08:21:46.122+0200,8,1,0.001,4769.385,0.00,0.05,1.09,1.87,,0.00,133.59,0.00,0.00,0,100,24,,,100,,,,,,0,2025-07-25T08:21:45.000+0200,0,0,0.000,48.0988000,-2.1163700,0.00,0.00,0.00,0.00,-49.1,0,6,,
2025-07-25T08:21:46.719+0200,9,1,0.001,4769.385,0.00,0.05,1.09,1.87,,0.00,133.59,0.00,0.00,0,100,24,,,100,,,,,,0,2025-07-25T08:21:46.000+0200,0,0,0.000,48.0987850,-2.1163650,0.00,0.00,0.00,0.00,-49.1,0,6,,
2025-07-25T08:21:46.743+0200,9,1,0.001,4769.385,0.00,0.05,1.09,1.87,,0.00,133.59,0.00,0.00,0,100,24,,,100,,,,,,0,2025-07-25T08:21:46.000+0200,0,0,0.000,48.0987850,-2.1163650,0.00,0.00,0.00,0.00,-49.1,0,6,,
2025-07-25T08:21:47.340+0200,9,1,0.001,4769.385,0.00,0.05,1.09,1.87,,0.00,133.59,0.00,0.00,0,100,24,,,100,,,,,,0,2025-07-25T08:21:46.000+0200,0,0,0.000,48.0987850,-2.1163650,0.00,0.00,0.00,0.00,-49.1,0,6,,
2025-07-25T08:21:47.362+0200,9,1,0.001,4769.385,0.00,0.05,1.09,1.87,,0.00,133.59,0.00,0.00,0,100,24,,,100,,,,,,0,2025-07-25T08:21:46.000+0200,0,0,0.000,48.0987850,-2.1163650,0.00,0.00,0.00,0.00,-49.1,0,6,,
2025-07-25T08:21:47.965+0200,10,1,0.001,4769.385,0.00,0.05,1.09,1.87,,0.00,133.59,0.00,0.00,0,100,24,,,100,,,,,,0,2025-07-25T08:21:47.000+0200,0,0,0.000,48.0988017,-2.1163650,0.00,0.00,0.00,0.00,-49.0,0,6,,
2025-07-25T08:21:47.988+0200,10,1,0.001,4769.385,0.00,0.05,1.09,1.87,,0.00,133.59,0.00,0.00,0,100,24,,,100,,,,,,0,2025-07-25T08:21:47.000+0200,0,0,0.000,48.0988017,-2.1163650,0.00,0.00,0.00,0.00,-49.0,0,6,,
2025-07-25T08:21:48.583+0200,11,1,0.001,4769.385,0.00,0.05,1.09,1.87,,0.00,133.59,0.00,0.00,0,100,24,,,100,,,,,,0,2025-07-25T08:21:47.000+0200,0,0,0.000,48.0988017,-2.1163650,0.00,0.00,0.00,0.00,-49.0,0,6,,
2025-07-25T08:21:48.606+0200,11,1,0.001,4769.385,0.00,0.05,1.09,1.87,,0.00,133.59,0.00,0.00,0,100,24,,,100,,,,,,0,2025-07-25T08:21:47.000+0200,0,0,0.000,48.0988017,-2.1163650,0.00,0.00,0.00,0.00,-49.0,0,6,,
2025-07-25T08:21:49.197+0200,11,1,0.001,4769.385,0.00,0.04,1.09,1.87,,0.00,133.59,0.00,0.00,0,100,24,,,100,,,,,,0,2025-07-25T08:21:48.000+0200,0,0,0.000,48.0987983,-2.1163750,0.00,0.00,0.00,0.00,-49.0,0,5,,
2025-07-25T08:21:49.217+0200,11,1,0.001,4769.385,0.00,0.04,1.09,1.87,,0.00,133.59,0.00,0.00,0,100,24,,,100,,,,,,0,2025-07-25T08:21:48.000+0200,0,0,0.000,48.0987983,-2.1163750,0.00,0.00,0.00,0.00,-49.0,0,5,,
2025-07-25T08:21:49.819+0200,12,1,0.001,4769.385,0.00,0.04,1.09,1.87,,0.00,133.59,0.00,0.00,0,100,24,,,100,,,,,,0,2025-07-25T08:21:49.000+0200,0,0,0.000,48.0987933,-2.1163800,0.00,0.00,0.00,0.00,-49.1,0,5,,
2025-07-25T08:21:49.838+0200,12,1,0.001,4769.385,0.00,0.04,1.09,1.87,,0.00,133.59,0.00,0.00,0,100,24,,,100,,,,,,0,2025-07-25T08:21:49.000+0200,0,0,0.000,48.0987933,-2.1163800,0.00,0.00,0.00,0.00,-49.1,0,5,,
2025-07-25T08:21:50.463+0200,13,1,0.001,4769.385,0.00,0.04,1.09,1.87,,0.00,133.59,0.00,0.00,0,100,24,,,100,,,,,,0,2025-07-25T08:21:49.000+0200,0,0,0.000,48.0987933,-2.1163800,0.00,0.00,0.00,0.00,-49.1,0,5,,
2025-07-25T08:21:50.485+0200,13,1,0.001,4769.385,0.00,0.04,1.09,1.87,,0.00,133.59,0.00,0.00,0,100,24,,,100,,,,,,0,2025-07-25T08:21:49.000+0200,0,0,0.000,48.0987933,-2.1163800,0.00,0.00,0.00,0.00,-49.1,0,5,,
2025-07-25T08:21:51.083+0200,13,1,0.001,4769.385,0.00,0.04,1.09,1.87,,0.00,133.59,0.00,0.00,0,100,24,,,100,,,,,,0,2025-07-25T08:21:50.000+0200,0,0,0.000,48.0987883,-2.1163850,0.00,0.00,0.00,0.00,-49.1,0,6,,
2025-07-25T08:21:51.105+0200,13,1,0.001,4769.385,0.00,0.04,1.09,1.87,,0.00,133.59,0.00,0.00,0,100,24,,,100,,,,,,0,2025-07-25T08:21:50.000+0200,0,0,0.000,48.0987883,-2.1163850,0.00,0.00,0.00,0.00,-49.1,0,6,,
2025-07-25T08:21:51.703+0200,14,1,0.001,4769.385,0.00,0.04,1.09,1.87,,0.00,133.59,0.00,0.00,0,100,24,,,100,,,,,,0,2025-07-25T08:21:51.000+0200,0,0,0.000,48.0987867,-2.1163933,0.00,0.00,0.00,0.00,-49.1,0,6,,
2025-07-25T08:21:51.726+0200,14,1,0.001,4769.385,0.00,0.04,1.09,1.87,,0.00,133.59,0.00,0.00,0,100,24,,,100,,,,,,0,2025-07-25T08:21:51.000+0200,0,0,0.000,48.0987867,-2.1163933,0.00,0.00,0.00,0.00,-49.1,0,6,,
2025-07-25T08:21:52.323+0200,14,1,0.001,4769.385,0.00,0.04,1.09,1.87,,0.00,133.59,0.00,0.00,0,100,24,,,100,,,,,,0,2025-07-25T08:21:51.000+0200,0,0,0.000,48.0987867,-2.1163933,0.00,0.00,0.00,0.00,-49.1,0,6,,
2025-07-25T08:21:52.345+0200,14,1,0.001,4769.385,0.00,0.04,1.09,1.87,,0.00,133.59,0.00,0.00,0,100,24,,,100,,,,,,0,2025-07-25T08:21:51.000+0200,0,0,0.000,48.0987867,-2.1163933,0.00,0.00,0.00,0.00,-49.1,0,6,,
2025-07-25T08:21:52.942+0200,15,1,0.001,4769.385,0.00,0.04,1.09,1.87,,0.00,133.59,0.00,0.00,0,100,24,,,100,,,,,,0,2025-07-25T08:21:52.000+0200,0,0,0.000,48.0987900,-2.1164017,0.00,0.00,0.00,0.00,-49.0,0,6,,
2025-07-25T08:21:52.965+0200,15,1,0.001,4769.385,0.00,0.04,1.09,1.87,,0.00,133.59,0.00,0.00,0,100,24,,,100,,,,,,0,2025-07-25T08:21:52.000+0200,0,0,0.000,48.0987900,-2.1164017,0.00,0.00,0.00,0.00,-49.0,0,6,,
2025-07-25T08:21:53.560+0200,16,1,0.001,4769.385,0.00,0.04,1.09,1.87,,0.00,133.59,0.00,0.00,0,100,24,,,100,,,,,,0,2025-07-25T08:21:52.000+0200,0,0,0.000,48.0987900,-2.1164017,0.00,0.00,0.00,0.00,-49.0,0,6,,
2025-07-25T08:21:53.583+0200,16,1,0.001,4769.385,0.00,0.04,1.09,1.87,,0.00,133.59,0.00,0.00,0,100,24,,,100,,,,,,0,2025-07-25T08:21:52.000+0200,0,0,0.000,48.0987900,-2.1164017,0.00,0.00,0.00,0.00,-49.0,0,6,,
2025-07-25T08:21:54.183+0200,16,1,0.001,4769.385,0.00,0.04,1.09,1.87,,0.00,133.59,0.00,0.00,0,100,24,,,100,,,,,,0,2025-07-25T08:21:53.000+0200,0,0,0.000,48.0987950,-2.1163967,0.00,0.00,0.00,0.00,-49.0,0,6,,
2025-07-25T08:21:54.205+0200,16,1,0.001,4769.385,0.00,0.04,1.09,1.87,,0.00,133.59,0.00,0.00,0,100,24,,,100,,,,,,0,2025-07-25T08:21:53.000+0200,0,0,0.000,48.0987950,-2.1163967,0.00,0.00,0.00,0.00,-49.0,0,6,,
2025-07-25T08:21:54.804+0200,17,1,0.001,4769.385,0.00,0.04,1.09,1.87,,0.00,133.59,0.00,0.00,0,100,24,,,100,,,,,,0,2025-07-25T08:21:54.000+0200,0,0,0.000,48.0987883,-2.1163867,0.00,0.00,0.00,0.00,-49.1,0,6,,
2025-07-25T08:21:54.826+0200,17,1,0.001,4769.385,0.00,0.04,1.09,1.87,,0.00,133.59,0.00,0.00,0,100,24,,,100,,,,,,0,2025-07-25T08:21:54.000+0200,0,0,0.000,48.0987883,-2.1163867,0.00,0.00,0.00,0.00,-49.1,0,6,,
2025-07-25T08:21:55.442+0200,18,1,0.001,4769.385,0.00,0.04,1.09,1.87,,0.00,133.59,0.00,0.00,0,100,24,,,100,,,,,,0,2025-07-25T08:21:54.000+0200,0,0,0.000,48.0987883,-2.1163867,0.00,0.00,0.00,0.00,-49.1,0,6,,
2025-07-25T08:21:55.467+0200,18,1,0.001,4769.385,0.00,0.04,1.09,1.87,,0.00,133.59,0.00,0.00,0,100,24,,,100,,,,,,0,2025-07-25T08:21:54.000+0200,0,0,0.000,48.0987883,-2.1163867,0.00,0.00,0.00,0.00,-49.1,0,6,,
2025-07-25T08:21:56.061+0200,18,2,0.001,4769.385,0.93,0.04,1.07,1.87,,3.12,133.59,0.16,1.10,21,100,24,,,99,,,,,,0,2025-07-25T08:21:55.000+0200,0,0,0.000,48.0988083,-2.1163883,0.00,0.00,0.00,0.00,-49.0,0,6,,
2025-07-25T08:21:56.084+0200,18,2,0.001,4769.385,0.93,0.04,1.07,1.87,,3.12,133.59,0.16,1.10,21,100,24,,,99,,,,,,0,2025-07-25T08:21:55.000+0200,0,0,0.000,48.0988083,-2.1163883,0.00,0.00,0.00,0.00,-49.0,0,6,,
2025-07-25T08:21:56.682+0200,19,2,0.001,4769.385,0.00,0.05,1.07,1.87,,-1.08,133.59,0.00,0.00,0,100,24,,,100,,,,,,0,2025-07-25T08:21:56.000+0200,0,0,0.000,48.0988333,-2.1163833,0.00,0.00,0.00,0.00,-48.9,0,6,,
2025-07-25T08:21:56.705+0200,19,2,0.001,4769.385,0.00,0.05,1.07,1.87,,-1.08,133.59,0.00,0.00,0,100,24,,,100,,,,,,0,2025-07-25T08:21:56.000+0200,0,0,0.000,48.0988333,-2.1163833,0.00,0.00,0.00,0.00,-48.9,0,6,,
2025-07-25T08:21:57.305+0200,19,3,0.001,4769.385,0.75,0.05,1.04,1.87,,-0.96,133.59,-0.01,-0.19,-1,100,24,,,99,,,,,,0,2025-07-25T08:21:56.000+0200,0,0,0.000,48.0988333,-2.1163833,0.00,0.00,0.00,0.00,-48.9,0,6,,
2025-07-25T08:21:57.322+0200,19,3,0.001,4769.385,0.75,0.05,1.04,1.87,,-0.96,133.59,-0.01,-0.19,-1,100,24,,,99,,,,,,0,2025-07-25T08:21:56.000+0200,0,0,0.000,48.0988333,-2.1163833,0.00,0.00,0.00,0.00,-48.9,0,6,,
2025-07-25T08:21:57.923+0200,20,3,0.001,4769.385,0.00,0.05,1.04,1.87,,0.00,133.59,0.00,0.00,0,100,24,,,100,,,,,,0,2025-07-25T08:21:57.000+0200,0,0,0.000,48.0988717,-2.1163800,0.00,0.00,0.00,0.00,-48.7,0,5,,
2025-07-25T08:21:57.947+0200,20,3,0.001,4769.385,0.00,0.05,1.04,1.87,,0.00,133.59,0.00,0.00,0,100,24,,,100,,,,,,0,2025-07-25T08:21:57.000+0200,0,0,0.000,48.0988717,-2.1163800,0.00,0.00,0.00,0.00,-48.7,0,5,,
2025-07-25T08:21:58.543+0200,21,3,0.001,4769.385,0.00,0.05,1.04,1.87,,-1.13,133.59,0.00,0.00,0,100,24,,,100,,,,,,0,2025-07-25T08:21:57.000+0200,0,0,0.000,48.0988717,-2.1163800,0.00,0.00,0.00,0.00,-48.7,0,5,,
2025-07-25T08:21:58.566+0200,21,3,0.001,4769.385,0.00,0.05,1.04,1.87,,-1.13,133.59,0.00,0.00,0,100,24,,,100,,,,,,0,2025-07-25T08:21:57.000+0200,0,0,0.000,48.0988717,-2.1163800,0.00,0.00,0.00,0.00,-48.7,0,5,,
2025-07-25T08:21:59.163+0200,21,3,0.001,4769.385,0.00,0.05,1.04,1.87,,0.00,133.59,0.00,0.00,0,100,24,,,100,,,,,,0,2025-07-25T08:21:58.000+0200,0,0,0.000,48.0988950,-2.1164000,0.00,0.00,0.00,0.00,-48.5,0,5,,
2025-07-25T08:21:59.185+0200,21,3,0.001,4769.385,0.00,0.05,1.04,1.87,,0.00,133.59,0.00,0.00,0,100,24,,,100,,,,,,0,2025-07-25T08:21:58.000+0200,0,0,0.000,48.0988950,-2.1164000,0.00,0.00,0.00,0.00,-48.5,0,5,,
2025-07-25T08:21:59.801+0200,22,3,0.001,4769.385,0.00,0.05,1.04,1.87,,0.00,133.59,0.00,0.00,0,100,24,,,100,,,,,,0,2025-07-25T08:21:59.000+0200,0,0,0.000,48.0988950,-2.1163967,0.00,0.00,0.00,0.00,-48.5,0,5,,
2025-07-25T08:21:59.822+0200,22,3,0.001,4769.385,0.00,0.05,1.04,1.87,,0.00,133.59,0.00,0.00,0,100,24,,,100,,,,,,0,2025-07-25T08:21:59.000+0200,0,0,0.000,48.0988950,-2.1163967,0.00,0.00,0.00,0.00,-48.5,0,5,,
2025-07-25T08:22:00.424+0200,23,3,0.001,4769.385,0.00,0.05,1.04,1.87,,0.00,133.59,0.00,0.00,0,100,24,,,100,,,,,,0,2025-07-25T08:21:59.000+0200,0,0,0.000,48.0988950,-2.1163967,0.00,0.00,0.00,0.00,-48.5,0,5,,
2025-07-25T08:22:00.447+0200,23,3,0.001,4769.385,0.00,0.05,1.04,1.87,,0.00,133.59,0.00,0.00,0,100,24,,,100,,,,,,0,2025-07-25T08:21:59.000+0200,0,0,0.000,48.0988950,-2.1163967,0.00,0.00,0.00,0.00,-48.5,0,5,,
2025-07-25T08:22:01.047+0200,23,3,0.001,4769.385,0.00,0.05,1.04,1.87,,0.00,133.59,0.00,0.00,0,100,24,,,100,,,,,,0,2025-07-25T08:22:00.000+0200,0,0,0.000,48.0988983,-2.1163967,0.00,0.00,0.00,0.00,-48.4,0,5,,
2025-07-25T08:22:01.065+0200,23,3,0.001,4769.385,0.00,0.05,1.04,1.87,,0.00,133.59,0.00,0.00,0,100,24,,,100,,,,,,0,2025-07-25T08:22:00.000+0200,0,0,0.000,48.0988983,-2.1163967,0.00,0.00,0.00,0.00,-48.4,0,5,,
2025-07-25T08:22:01.663+0200,24,3,0.001,4769.385,0.00,0.05,1.04,1.87,,0.00,133.59,0.00,0.00,0,100,24,,,100,,,,,,0,2025-07-25T08:22:01.000+0200,0,0,0.000,48.0989033,-2.1164033,0.00,0.00,0.00,0.00,-48.4,0,5,,
2025-07-25T08:22:01.685+0200,24,3,0.001,4769.385,0.00,0.05,1.04,1.87,,0.00,133.59,0.00,0.00,0,100,24,,,100,,,,,,0,2025-07-25T08:22:01.000+0200,0,0,0.000,48.0989033,-2.1164033,0.00,0.00,0.00,0.00,-48.4,0,5,,
2025-07-25T08:22:02.282+0200,24,3,0.001,4769.385,0.00,0.05,1.04,1.87,,0.00,133.59,0.00,0.00,0,100,24,,,100,,,,,,0,2025-07-25T08:22:01.000+0200,0,0,0.000,48.0989033,-2.1164033,0.00,0.00,0.00,0.00,-48.4,0,5,,
2025-07-25T08:22:02.306+0200,24,3,0.001,4769.385,0.00,0.05,1.04,1.87,,0.00,133.59,0.00,0.00,0,100,24,,,100,,,,,,0,2025-07-25T08:22:01.000+0200,0,0,0.000,48.0989033,-2.1164033,0.00,0.00,0.00,0.00,-48.4,0,5,,
2025-07-25T08:22:02.905+0200,25,3,0.001,4769.385,0.00,0.05,1.04,1.87,,0.00,133.59,0.00,0.00,0,100,24,,,100,,,,,,0,2025-07-25T08:22:02.000+0200,0,0,0.000,48.0989133,-2.1164050,0.00,0.00,0.00,0.00,-48.4,0,5,,
2025-07-25T08:22:02.928+0200,25,3,0.001,4769.385,0.00,0.05,1.04,1.87,,0.00,133.59,0.00,0.00,0,100,24,,,100,,,,,,0,2025-07-25T08:22:02.000+0200,0,0,0.000,48.0989133,-2.1164050,0.00,0.00,0.00,0.00,-48.4,0,5,,
2025-07-25T08:22:03.520+0200,26,3,0.001,4769.385,0.00,0.05,1.04,1.87,,0.00,133.59,0.00,0.00,0,100,24,,,100,,,,,,0,2025-07-25T08:22:02.000+0200,0,0,0.000,48.0989133,-2.1164050,0.00,0.00,0.00,0.00,-48.4,0,5,,
2025-07-25T08:22:03.543+0200,26,3,0.001,4769.385,0.00,0.05,1.04,1.87,,0.00,133.59,0.00,0.00,0,100,24,,,100,,,,,,0,2025-07-25T08:22:02.000+0200,0,0,0.000,48.0989133,-2.1164050,0.00,0.00,0.00,0.00,-48.4,0,5,,
2025-07-25T08:22:04.143+0200,26,3,0.001,4769.385,0.00,0.05,1.04,1.87,,0.00,133.59,0.00,0.00,0,100,24,,,100,,,,,,0,2025-07-25T08:22:03.000+0200,0,0,0.000,48.0989183,-2.1164000,0.00,0.00,0.00,0.00,-48.3,0,5,,
2025-07-25T08:22:04.167+0200,26,3,0.001,4769.385,0.00,0.05,1.04,1.87,,0.00,133.59,0.00,0.00,0,100,24,,,100,,,,,,0,2025-07-25T08:22:03.000+0200,0,0,0.000,48.0989183,-2.1164000,0.00,0.00,0.00,0.00,-48.3,0,5,,
2025-07-25T08:22:04.766+0200,27,3,0.001,4769.385,0.07,0.05,1.05,1.87,,-3.40,133.59,-0.04,-0.59,-5,100,24,,,100,,,,,,0,2025-07-25T08:22:04.000+0200,0,0,0.000,48.0989500,-2.1163767,0.00,0.00,0.00,0.00,-48.2,0,5,,
2025-07-25T08:22:04.790+0200,27,3,0.001,4769.385,0.07,0.05,1.05,1.87,,-3.40,133.59,-0.04,-0.59,-5,100,24,,,100,,,,,,0,2025-07-25T08:22:04.000+0200,0,0,0.000,48.0989500,-2.1163767,0.00,0.00,0.00,0.00,-48.2,0,5,,
2025-07-25T08:22:05.389+0200,28,3,0.001,4769.385,0.00,0.05,1.05,1.87,,0.00,133.59,0.00,0.00,0,100,24,,,100,,,,,,0,2025-07-25T08:22:04.000+0200,0,0,0.000,48.0989500,-2.1163767,0.00,0.00,0.00,0.00,-48.2,0,5,,
2025-07-25T08:22:05.411+0200,28,3,0.001,4769.385,0.00,0.05,1.05,1.87,,0.00,133.59,0.00,0.00,0,100,24,,,100,,,,,,0,2025-07-25T08:22:04.000+0200,0,0,0.000,48.0989500,-2.1163767,0.00,0.00,0.00,0.00,-48.2,0,5,,
2025-07-25T08:22:06.022+0200,28,3,0.001,4769.385,0.00,0.05,1.05,1.87,,0.00,133.59,0.00,0.00,0,100,24,,,100,,,,,,0,2025-07-25T08:22:05.000+0200,0,0,0.000,48.0989550,-2.1163800,0.00,0.00,0.00,0.00,-48.2,0,5,,
2025-07-25T08:22:06.046+0200,28,3,0.001,4769.385,0.00,0.05,1.05,1.87,,0.00,133.59,0.00,0.00,0,100,24,,,100,,,,,,0,2025-07-25T08:22:05.000+0200,0,0,0.000,48.0989550,-2.1163800,0.00,0.00,0.00,0.00,-48.2,0,5,,
2025-07-25T08:22:06.641+0200,29,3,0.001,4769.385,0.00,0.05,1.05,1.87,,0.00,133.59,0.00,0.00,0,100,24,,,100,,,,,,0,2025-07-25T08:22:05.000+0200,0,0,0.000,48.0989550,-2.1163800,0.00,0.00,0.00,0.00,-48.2,0,5,,
2025-07-25T08:22:06.665+0200,29,3,0.001,4769.385,0.00,0.05,1.05,1.87,,0.00,133.59,0.00,0.00,0,100,24,,,100,,,,,,0,2025-07-25T08:22:05.000+0200,0,0,0.000,48.0989550,-2.1163800,0.00,0.00,0.00,0.00,-48.2,0,5,,
2025-07-25T08:22:07.269+0200,29,3,0.001,4769.385,0.00,0.05,1.05,1.87,,0.00,133.59,0.00,0.00,0,100,24,,,100,,,,,,0,2025-07-25T08:22:06.000+0200,0,0,0.000,48.0989583,-2.1163683,0.00,0.00,0.00,0.00,-48.2,0,5,,
2025-07-25T08:22:07.289+0200,29,3,0.001,4769.385,0.00,0.05,1.05,1.87,,0.00,133.59,0.00,0.00,0,100,24,,,100,,,,,,0,2025-07-25T08:22:06.000+0200,0,0,0.000,48.0989583,-2.1163683,0.00,0.00,0.00,0.00,-48.2,0,5,,
2025-07-25T08:22:07.888+0200,30,3,0.001,4769.385,0.00,0.05,1.05,1.87,,0.00,133.59,0.00,0.00,0,100,24,,,100,,,,,,0,2025-07-25T08:22:07.000+0200,0,0,0.000,48.0989667,-2.1163550,0.00,0.00,0.00,0.00,-48.1,0,5,,
2025-07-25T08:22:07.911+0200,30,3,0.001,4769.385,0.00,0.05,1.05,1.87,,0.00,133.59,0.00,0.00,0,100,24,,,100,,,,,,0,2025-07-25T08:22:07.000+0200,0,0,0.000,48.0989667,-2.1163550,0.00,0.00,0.00,0.00,-48.1,0,5,,
2025-07-25T08:22:08.505+0200,31,3,0.001,4769.385,0.00,0.05,1.05,1.87,,0.00,133.59,0.00,0.00,0,100,24,,,100,,,,,,0,2025-07-25T08:22:07.000+0200,0,0,0.000,48.0989667,-2.1163550,0.00,0.00,0.00,0.00,-48.1,0,5,,
2025-07-25T08:22:08.529+0200,31,3,0.001,4769.385,0.00,0.05,1.05,1.87,,0.00,133.59,0.00,0.00,0,100,24,,,100,,,,,,0,2025-07-25T08:22:07.000+0200,0,0,0.000,48.0989667,-2.1163550,0.00,0.00,0.00,0.00,-48.1,0,5,,
2025-07-25T08:22:09.142+0200,31,3,0.001,4769.385,0.00,0.05,1.05,1.87,,0.00,133.59,0.00,0.00,0,100,24,,,100,,,,,,0,2025-07-25T08:22:08.000+0200,0,0,0.000,48.0989633,-2.1163617,0.00,0.00,0.00,0.00,-48.1,0,6,,
2025-07-25T08:22:09.165+0200,31,3,0.001,4769.385,0.00,0.05,1.05,1.87,,0.00,133.59,0.00,0.00,0,100,24,,,100,,,,,,0,2025-07-25T08:22:08.000+0200,0,0,0.000,48.0989633,-2.1163617,0.00,0.00,0.00,0.00,-48.1,0,6,,
2025-07-25T08:22:09.763+0200,32,3,0.001,4769.385,0.00,0.05,1.05,1.87,,0.00,133.59,0.00,0.00,0,100,24,,,100,,,,,,0,2025-07-25T08:22:09.000+0200,0,0,0.000,48.0989683,-2.1163667,0.00,0.00,0.00,0.00,-48.1,0,6,,
2025-07-25T08:22:09.787+0200,32,3,0.001,4769.385,0.00,0.05,1.05,1.87,,0.00,133.59,0.00,0.00,0,100,24,,,100,,,,,,0,2025-07-25T08:22:09.000+0200,0,0,0.000,48.0989683,-2.1163667,0.00,0.00,0.00,0.00,-48.1,0,6,,
2025-07-25T08:22:10.382+0200,33,3,0.001,4769.385,0.00,0.05,1.05,1.87,,0.00,133.59,0.00,0.00,0,100,24,,,100,,,,,,0,2025-07-25T08:22:09.000+0200,0,0,0.000,48.0989683,-2.1163667,0.00,0.00,0.00,0.00,-48.1,0,6,,
2025-07-25T08:22:10.404+0200,33,3,0.001,4769.385,0.00,0.05,1.05,1.87,,0.00,133.59,0.00,0.00,0,100,24,,,100,,,,,,0,2025-07-25T08:22:09.000+0200,0,0,0.000,48.0989683,-2.1163667,0.00,0.00,0.00,0.00,-48.1,0,6,,
2025-07-25T08:22:11.012+0200,33,3,0.001,4769.385,0.00,0.05,1.05,1.87,,0.00,133.59,0.00,0.00,0,100,24,,,100,,,,,,0,2025-07-25T08:22:09.000+0200,0,0,0.000,48.0989683,-2.1163667,0.00,0.00,0.00,0.00,-48.1,0,6,,
2025-07-25T08:22:11.036+0200,33,3,0.001,4769.385,0.00,0.05,1.05,1.87,,0.00,133.59,0.00,0.00,0,100,24,,,100,,,,,,0,2025-07-25T08:22:09.000+0200,0,0,0.000,48.0989683,-2.1163667,0.00,0.00,0.00,0.00,-48.1,0,6,,
2025-07-25T08:22:11.621+0200,34,3,0.001,4769.385,0.00,0.05,1.05,1.87,,0.00,133.59,0.00,0.00,0,100,24,,,100,,,,,,0,2025-07-25T08:22:09.000+0200,0,0,0.000,48.0989683,-2.1163667,0.00,0.00,0.00,0.00,-48.1,0,6,,
2025-07-25T08:22:11.642+0200,34,3,0.001,4769.385,0.00,0.05,1.05,1.87,,0.00,133.59,0.00,0.00,0,100,24,,,100,,,,,,0,2025-07-25T08:22:09.000+0200,0,0,0.000,48.0989683,-2.1163667,0.00,0.00,0.00,0.00,-48.1,0,6,,
2025-07-25T08:22:12.244+0200,34,3,0.001,4769.385,0.00,0.05,1.05,1.87,,0.00,133.59,0.00,0.00,0,100,24,,,100,,,,,,0,2025-07-25T08:22:09.000+0200,0,0,0.000,48.0989683,-2.1163667,0.00,0.00,0.00,0.00,-48.1,0,6,,
2025-07-25T08:22:12.267+0200,34,3,0.001,4769.385,0.00,0.05,1.05,1.87,,0.00,133.59,0.00,0.00,0,100,24,,,100,,,,,,0,2025-07-25T08:22:09.000+0200,0,0,0.000,48.0989683,-2.1163667,0.00,0.00,0.00,0.00,-48.1,0,6,,
2025-07-25T08:22:12.862+0200,35,3,0.001,4769.385,0.00,0.05,1.05,1.87,,0.00,133.59,0.00,0.00,0,100,24,,,100,,,,,,0,2025-07-25T08:22:09.000+0200,0,0,0.000,48.0989683,-2.1163667,0.00,0.00,0.00,0.00,-48.1,0,6,,
2025-07-25T08:22:12.879+0200,35,3,0.001,4769.385,0.00,0.05,1.05,1.87,,0.00,133.59,0.00,0.00,0,100,24,,,100,,,,,,0,2025-07-25T08:22:09.000+0200,0,0,0.000,48.0989683,-2.1163667,0.00,0.00,0.00,0.00,-48.1,0,6,,
2025-07-25T08:22:13.485+0200,36,3,0.001,4769.385,0.00,0.05,1.05,1.87,,0.00,133.59,0.00,0.00,0,100,24,,,100,,,,,,0,2025-07-25T08:22:09.000+0200,0,0,0.000,48.0989683,-2.1163667,0.00,0.00,0.00,0.00,-48.1,0,6,,
2025-07-25T08:22:13.507+0200,36,3,0.001,4769.385,0.00,0.05,1.05,1.87,,0.00,133.59,0.00,0.00,0,100,24,,,100,,,,,,0,2025-07-25T08:22:09.000+0200,0,0,0.000,48.0989683,-2.1163667,0.00,0.00,0.00,0.00,-48.1,0,6,,
2025-07-25T08:22:14.101+0200,36,3,0.001,4769.385,0.00,0.05,1.05,1.87,,0.00,133.59,0.00,0.00,0,100,24,,,100,,,,,,0,2025-07-25T08:22:09.000+0200,0,0,0.000,48.0989683,-2.1163667,0.00,0.00,0.00,0.00,-48.1,0,6,,
2025-07-25T08:22:14.122+0200,36,3,0.001,4769.385,0.00,0.05,1.05,1.87,,0.00,133.59,0.00,0.00,0,100,24,,,100,,,,,,0,2025-07-25T08:22:09.000+0200,0,0,0.000,48.0989683,-2.1163667,0.00,0.00,0.00,0.00,-48.1,0,6,,
2025-07-25T08:22:14.745+0200,37,3,0.001,4769.385,0.00,0.05,1.05,1.87,,0.00,133.59,0.00,0.00,0,100,24,,,100,,,,,,0,,0,0,,,,,,,,,,,,
2025-07-25T08:22:14.772+0200,37,3,0.001,4769.385,0.00,0.05,1.05,1.87,,0.00,133.59,0.00,0.00,0,100,24,,,100,,,,,,0,,0,0,,,,,,,,,,,,
2025-07-25T08:22:15.361+0200,37,3,0.001,4769.385,0.00,0.05,1.05,1.87,,0.00,133.59,0.00,0.00,0,100,24,,,100,,,,,,0,,0,0,,,,,,,,,,,,
2025-07-25T08:22:15.384+0200,37,3,0.001,4769.385,0.00,0.05,1.05,1.87,,0.00,133.59,0.00,0.00,0,100,24,,,100,,,,,,0,,0,0,,,,,,,,,,,,
2025-07-25T08:22:15.980+0200,38,3,0.001,4769.385,0.00,0.05,1.05,1.87,,0.00,133.59,0.00,0.00,0,100,24,,,100,,,,,,0,,0,0,,,,,,,,,,,,
2025-07-25T08:22:16.003+0200,38,3,0.001,4769.385,0.00,0.05,1.05,1.87,,0.00,133.59,0.00,0.00,0,100,24,,,100,,,,,,0,,0,0,,,,,,,,,,,,
2025-07-25T08:22:16.601+0200,39,3,0.001,4769.385,0.00,0.05,1.05,1.87,,0.00,133.59,0.00,0.00,0,100,24,,,100,,,,,,0,,0,0,,,,,,,,,,,,
2025-07-25T08:22:16.619+0200,39,3,0.001,4769.385,0.00,0.05,1.05,1.87,,0.00,133.59,0.00,0.00,0,100,24,,,100,,,,,,0,,0,0,,,,,,,,,,,,
2025-07-25T08:22:17.224+0200,39,3,0.001,4769.385,0.00,0.05,1.05,1.87,,0.00,133.59,0.00,0.00,0,100,24,,,100,,,,,,0,,0,0,,,,,,,,,,,,
2025-07-25T08:22:17.247+0200,39,3,0.001,4769.385,0.00,0.05,1.05,1.87,,0.00,133.59,0.00,0.00,0,100,24,,,100,,,,,,0,,0,0,,,,,,,,,,,,
2025-07-25T08:22:17.864+0200,40,3,0.001,4769.385,0.00,0.05,1.05,1.87,,0.00,133.59,0.00,0.00,0,100,24,,,100,,,,,,0,,0,0,,,,,,,,,,,,
2025-07-25T08:22:17.888+0200,40,3,0.001,4769.385,0.00,0.05,1.05,1.87,,0.00,133.59,0.00,0.00,0,100,24,,,100,,,,,,0,,0,0,,,,,,,,,,,,
2025-07-25T08:22:18.465+0200,41,3,0.001,4769.385,0.00,0.05,1.05,1.87,,0.00,133.59,0.00,0.00,0,100,24,,,100,,,,,,0,,0,0,,,,,,,,,,,,
2025-07-25T08:22:18.488+0200,41,3,0.001,4769.385,0.00,0.05,1.05,1.87,,0.00,133.59,0.00,0.00,0,100,24,,,100,,,,,,0,,0,0,,,,,,,,,,,,
2025-07-25T08:22:19.103+0200,41,3,0.001,4769.385,0.00,0.05,1.05,1.87,,0.00,133.59,0.00,0.00,0,100,24,,,100,,,,,,0,,0,0,,,,,,,,,,,,
2025-07-25T08:22:19.124+0200,41,3,0.001,4769.385,0.00,0.05,1.05,1.87,,0.00,133.59,0.00,0.00,0,100,24,,,100,,,,,,0,,0,0,,,,,,,,,,,,
2025-07-25T08:22:19.724+0200,42,3,0.001,4769.385,0.00,0.05,1.05,1.87,,0.00,133.59,0.00,0.00,0,100,24,,,100,,,,,,0,,0,0,,,,,,,,,,,,
2025-07-25T08:22:19.747+0200,42,3,0.001,4769.385,0.00,0.05,1.05,1.87,,0.00,133.59,0.00,0.00,0,100,24,,,100,,,,,,0,,0,0,,,,,,,,,,,,
2025-07-25T08:22:20.343+0200,42,3,0.001,4769.385,0.00,0.05,1.05,1.87,,0.00,133.59,0.00,0.00,0,100,24,,,100,,,,,,0,,0,0,,,,,,,,,,,,
2025-07-25T08:22:20.364+0200,42,3,0.001,4769.385,0.00,0.05,1.05,1.87,,0.00,133.59,0.00,0.00,0,100,24,,,100,,,,,,0,,0,0,,,,,,,,,,,,
2025-07-25T08:22:20.930+0200,43,3,0.001,4769.385,0.00,0.04,1.05,1.87,,0.00,133.59,0.00,0.00,0,100,24,,,100,,,,,,0,,0,0,,,,,,,,,,,,
2025-07-25T08:22:20.953+0200,43,3,0.001,4769.385,0.00,0.04,1.05,1.87,,0.00,133.59,0.00,0.00,0,100,24,,,100,,,,,,0,,0,0,,,,,,,,,,,,
2025-07-25T08:22:21.585+0200,44,3,0.001,4769.385,0.00,0.04,1.05,1.87,,0.00,133.59,0.00,0.00,0,100,24,,,100,,,,,,0,,0,0,,,,,,,,,,,,
2025-07-25T08:22:21.610+0200,44,3,0.001,4769.385,0.00,0.04,1.05,1.87,,0.00,133.59,0.00,0.00,0,100,24,,,100,,,,,,0,,0,0,,,,,,,,,,,,
2025-07-25T08:22:22.207+0200,44,3,0.001,4769.385,0.00,0.04,1.05,1.87,,0.00,133.59,0.00,0.00,0,100,24,,,100,,,,,,0,,0,0,,,,,,,,,,,,
2025-07-25T08:22:22.229+0200,44,3,0.001,4769.385,0.00,0.04,1.05,1.87,,0.00,133.59,0.00,0.00,0,100,24,,,100,,,,,,0,,0,0,,,,,,,,,,,,
2025-07-25T08:22:22.828+0200,45,3,0.001,4769.385,0.00,0.04,1.05,1.87,,0.00,133.59,0.00,0.00,0,100,24,,,100,,,,,,0,,0,0,,,,,,,,,,,,
2025-07-25T08:22:22.850+0200,45,3,0.001,4769.385,0.00,0.04,1.05,1.87,,0.00,133.59,0.00,0.00,0,100,24,,,100,,,,,,0,,0,0,,,,,,,,,,,,
2025-07-25T08:22:23.444+0200,46,3,0.001,4769.385,0.00,0.04,1.05,1.87,,0.00,133.59,0.00,0.00,0,100,24,,,100,,,,,,0,,0,0,,,,,,,,,,,,
2025-07-25T08:22:23.467+0200,46,3,0.001,4769.385,0.00,0.04,1.05,1.87,,0.00,133.59,0.00,0.00,0,100,24,,,100,,,,,,0,,0,0,,,,,,,,,,,,
2025-07-25T08:22:24.065+0200,46,3,0.001,4769.385,0.00,0.04,1.05,1.87,,0.00,133.59,0.00,0.00,0,100,24,,,100,,,,,,0,,0,0,,,,,,,,,,,,
2025-07-25T08:22:24.089+0200,46,3,0.001,4769.385,0.00,0.04,1.05,1.87,,0.00,133.59,0.00,0.00,0,100,24,,,100,,,,,,0,,0,0,,,,,,,,,,,,
2025-07-25T08:22:24.708+0200,47,3,0.001,4769.385,0.00,0.04,1.05,1.87,,0.00,133.59,0.00,0.00,0,100,24,,,100,,,,,,0,2025-07-25T08:22:24.000+0200,0,0,0.000,48.0989600,-2.1160500,0.00,0.00,0.00,0.00,-20.4,0,10,,
2025-07-25T08:22:24.730+0200,47,3,0.001,4769.385,0.00,0.04,1.05,1.87,,0.00,133.59,0.00,0.00,0,100,24,,,100,,,,,,0,2025-07-25T08:22:24.000+0200,0,0,0.000,48.0989600,-2.1160500,0.00,0.00,0.00,0.00,-20.4,0,10,,
2025-07-25T08:22:25.322+0200,47,3,0.001,4769.385,0.00,0.04,1.05,1.87,,0.00,133.59,0.00,0.00,0,100,24,,,100,,,,,,0,2025-07-25T08:22:24.000+0200,0,0,0.000,48.0989600,-2.1160500,0.00,0.00,0.00,0.00,-20.4,0,10,,
2025-07-25T08:22:25.346+0200,47,3,0.001,4769.385,0.00,0.04,1.05,1.87,,0.00,133.59,0.00,0.00,0,100,24,,,100,,,,,,0,2025-07-25T08:22:24.000+0200,0,0,0.000,48.0989600,-2.1160500,0.00,0.00,0.00,0.00,-20.4,0,10,,
2025-07-25T08:22:25.945+0200,48,3,0.001,4769.385,0.00,0.04,1.05,1.87,,0.00,133.59,0.00,0.00,0,100,24,,,100,,,,,,0,2025-07-25T08:22:25.000+0200,0,0,0.000,48.0990050,-2.1160000,0.00,0.00,0.00,0.00,-15.7,0,9,,
2025-07-25T08:22:25.969+0200,48,3,0.001,4769.385,0.00,0.04,1.05,1.87,,0.00,133.59,0.00,0.00,0,100,24,,,100,,,,,,0,2025-07-25T08:22:25.000+0200,0,0,0.000,48.0990050,-2.1160000,0.00,0.00,0.00,0.00,-15.7,0,9,,
2025-07-25T08:22:26.553+0200,49,3,0.001,4769.385,0.00,0.04,1.05,1.87,,0.00,133.59,0.00,0.00,0,100,24,,,100,,,,,,0,2025-07-25T08:22:25.000+0200,0,0,0.000,48.0990050,-2.1160000,0.00,0.00,0.00,0.00,-15.7,0,9,,
2025-07-25T08:22:26.575+0200,49,3,0.001,4769.385,0.00,0.04,1.05,1.87,,0.00,133.59,0.00,0.00,0,100,24,,,100,,,,,,0,2025-07-25T08:22:25.000+0200,0,0,0.000,48.0990050,-2.1160000,0.00,0.00,0.00,0.00,-15.7,0,9,,
2025-07-25T08:22:27.183+0200,49,3,0.001,4769.385,0.00,0.04,1.05,1.87,,0.00,133.59,0.00,0.00,0,100,24,,,100,,,,,,0,2025-07-25T08:22:26.000+0200,0,0,0.000,48.0990050,-2.1159883,0.00,0.00,0.00,0.00,-11.9,0,9,,
2025-07-25T08:22:27.206+0200,49,3,0.001,4769.385,0.00,0.04,1.05,1.87,,0.00,133.59,0.00,0.00,0,100,24,,,100,,,,,,0,2025-07-25T08:22:26.000+0200,0,0,0.000,48.0990050,-2.1159883,0.00,0.00,0.00,0.00,-11.9,0,9,,
2025-07-25T08:22:27.806+0200,50,3,0.001,4769.385,0.00,0.04,1.05,1.87,,0.00,133.59,0.00,0.00,0,100,24,,,100,,,,,,0,2025-07-25T08:22:27.000+0200,0,0,0.000,48.0989917,-2.1159700,0.00,0.00,0.00,0.00,-5.1,0,9,,
2025-07-25T08:22:27.829+0200,50,3,0.001,4769.385,0.00,0.04,1.05,1.87,,0.00,133.59,0.00,0.00,0,100,24,,,100,,,,,,0,2025-07-25T08:22:27.000+0200,0,0,0.000,48.0989917,-2.1159700,0.00,0.00,0.00,0.00,-5.1,0,9,,
2025-07-25T08:22:28.422+0200,51,3,0.001,4769.385,0.00,0.04,1.05,1.87,,0.00,133.59,0.00,0.00,0,100,24,,,100,,,,,,0,2025-07-25T08:22:27.000+0200,0,0,0.000,48.0989917,-2.1159700,0.00,0.00,0.00,0.00,-5.1,0,9,,
2025-07-25T08:22:28.439+0200,51,3,0.001,4769.385,0.00,0.04,1.05,1.87,,0.00,133.59,0.00,0.00,0,100,24,,,100,,,,,,0,2025-07-25T08:22:27.000+0200,0,0,0.000,48.0989917,-2.1159700,0.00,0.00,0.00,0.00,-5.1,0,9,,
2025-07-25T08:22:29.045+0200,51,3,0.001,4769.385,0.00,0.04,1.05,1.87,,0.00,133.59,0.00,0.00,0,100,24,,,100,,,,,,0,2025-07-25T08:22:28.000+0200,0,0,0.000,48.0989900,-2.1159550,0.00,0.00,0.00,0.00,-2.1,0,9,,
2025-07-25T08:22:29.067+0200,51,3,0.001,4769.385,0.00,0.04,1.05,1.87,,0.00,133.59,0.00,0.00,0,100,24,,,100,,,,,,0,2025-07-25T08:22:28.000+0200,0,0,0.000,48.0989900,-2.1159550,0.00,0.00,0.00,0.00,-2.1,0,9,,
2025-07-25T08:22:29.668+0200,52,3,0.001,4769.385,0.00,0.04,1.05,1.87,,0.00,133.59,0.00,0.00,0,100,24,,,100,,,,,,0,2025-07-25T08:22:29.000+0200,0,0,0.000,48.0989883,-2.1158917,0.00,0.00,0.00,0.00,3.4,0,8,,
2025-07-25T08:22:29.690+0200,52,3,0.001,4769.385,0.00,0.04,1.05,1.87,,0.00,133.59,0.00,0.00,0,100,24,,,100,,,,,,0,2025-07-25T08:22:29.000+0200,0,0,0.000,48.0989883,-2.1158917,0.00,0.00,0.00,0.00,3.4,0,8,,
2025-07-25T08:22:30.280+0200,52,3,0.001,4769.385,0.00,0.04,1.05,1.87,,0.00,133.59,0.00,0.00,0,100,24,,,100,,,,,,0,2025-07-25T08:22:29.000+0200,0,0,0.000,48.0989883,-2.1158917,0.00,0.00,0.00,0.00,3.4,0,8,,
2025-07-25T08:22:30.302+0200,52,3,0.001,4769.385,0.00,0.04,1.05,1.87,,0.00,133.59,0.00,0.00,0,100,24,,,100,,,,,,0,2025-07-25T08:22:29.000+0200,0,0,0.000,48.0989883,-2.1158917,0.00,0.00,0.00,0.00,3.4,0,8,,
2025-07-25T08:22:30.906+0200,53,3,0.001,4769.385,0.00,0.04,1.05,1.87,,0.00,133.59,0.00,0.00,0,100,24,,,100,,,,,,0,2025-07-25T08:22:30.000+0200,0,0,0.000,48.0990000,-2.1158350,0.00,0.00,0.00,0.00,8.3,0,8,,
2025-07-25T08:22:30.928+0200,53,3,0.001,4769.385,0.00,0.04,1.05,1.87,,0.00,133.59,0.00,0.00,0,100,24,,,100,,,,,,0,2025-07-25T08:22:30.000+0200,0,0,0.000,48.0990000,-2.1158350,0.00,0.00,0.00,0.00,8.3,0,8,,
2025-07-25T08:22:31.525+0200,54,3,0.001,4769.385,0.00,0.04,1.05,1.87,,0.00,133.59,0.00,0.00,0,100,24,,,100,,,,,,0,2025-07-25T08:22:30.000+0200,0,0,0.000,48.0990000,-2.1158350,0.00,0.00,0.00,0.00,8.3,0,8,,
2025-07-25T08:22:31.547+0200,54,3,0.001,4769.385,0.00,0.04,1.05,1.87,,0.00,133.59,0.00,0.00,0,100,24,,,100,,,,,,0,2025-07-25T08:22:30.000+0200,0,0,0.000,48.0990000,-2.1158350,0.00,0.00,0.00,0.00,8.3,0,8,,
2025-07-25T08:22:32.163+0200,54,3,0.001,4769.385,0.00,0.04,1.05,1.87,,0.00,133.59,0.00,0.00,0,100,24,,,100,,,,,,0,2025-07-25T08:22:31.000+0200,0,0,0.000,48.0990100,-2.1157800,0.00,0.00,0.00,0.00,14.0,0,8,,
2025-07-25T08:22:32.187+0200,54,3,0.001,4769.385,0.00,0.04,1.05,1.87,,0.00,133.59,0.00,0.00,0,100,24,,,100,,,,,,0,2025-07-25T08:22:31.000+0200,0,0,0.000,48.0990100,-2.1157800,0.00,0.00,0.00,0.00,14.0,0,8,,
2025-07-25T08:22:32.779+0200,55,3,0.001,4769.385,0.00,0.04,1.05,1.87,,0.00,133.59,0.00,0.00,0,100,24,,,100,,,,,,0,2025-07-25T08:22:32.000+0200,0,0,0.000,48.0990367,-2.1157350,0.00,0.00,0.00,0.00,19.4,0,8,,
2025-07-25T08:22:32.800+0200,55,3,0.001,4769.385,0.00,0.04,1.05,1.87,,0.00,133.59,0.00,0.00,0,100,24,,,100,,,,,,0,2025-07-25T08:22:32.000+0200,0,0,0.000,48.0990367,-2.1157350,0.00,0.00,0.00,0.00,19.4,0,8,,
2025-07-25T08:22:33.401+0200,56,3,0.001,4769.385,0.00,0.04,1.05,1.87,,0.00,133.59,0.00,0.00,0,100,24,,,100,,,,,,0,2025-07-25T08:22:32.000+0200,0,0,0.000,48.0990367,-2.1157350,0.00,0.00,0.00,0.00,19.4,0,8,,
2025-07-25T08:22:33.423+0200,56,3,0.001,4769.385,0.00,0.04,1.05,1.87,,0.00,133.59,0.00,0.00,0,100,24,,,100,,,,,,0,2025-07-25T08:22:32.000+0200,0,0,0.000,48.0990367,-2.1157350,0.00,0.00,0.00,0.00,19.4,0,8,,
2025-07-25T08:22:34.022+0200,56,3,0.001,4769.385,0.00,0.04,1.05,1.87,,0.00,133.59,0.00,0.00,0,100,24,,,100,,,,,,0,2025-07-25T08:22:33.000+0200,0,0,0.000,48.0990783,-2.1156567,0.00,0.00,0.00,0.00,28.4,0,7,,
2025-07-25T08:22:34.043+0200,56,3,0.001,4769.385,0.00,0.04,1.05,1.87,,0.00,133.59,0.00,0.00,0,100,24,,,100,,,,,,0,2025-07-25T08:22:33.000+0200,0,0,0.000,48.0990783,-2.1156567,0.00,0.00,0.00,0.00,28.4,0,7,,
2025-07-25T08:22:34.640+0200,57,3,0.001,4769.385,0.00,0.04,1.05,1.87,,0.00,133.59,0.00,0.00,0,100,24,,,100,,,,,,0,2025-07-25T08:22:33.000+0200,0,0,0.000,48.0990783,-2.1156567,0.00,0.00,0.00,0.00,28.4,0,7,,
2025-07-25T08:22:34.664+0200,57,3,0.001,4769.385,0.00,0.04,1.05,1.87,,0.00,133.59,0.00,0.00,0,100,24,,,100,,,,,,0,2025-07-25T08:22:34.000+0200,0,0,0.000,48.0991033,-2.1156033,0.00,0.00,0.00,0.00,34.1,0,7,,
2025-07-25T08:22:35.265+0200,57,3,0.001,4769.385,0.00,0.04,1.05,1.87,,0.00,133.59,0.00,0.00,0,100,24,,,100,,,,,,0,2025-07-25T08:22:34.000+0200,0,0,0.000,48.0991033,-2.1156033,0.00,0.00,0.00,0.00,34.1,0,7,,
2025-07-25T08:22:35.287+0200,57,3,0.001,4769.385,0.00,0.04,1.05,1.87,,0.00,133.59,0.00,0.00,0,100,24,,,100,,,,,,0,2025-07-25T08:22:34.000+0200,0,0,0.000,48.0991033,-2.1156033,0.00,0.00,0.00,0.00,34.1,0,7,,
2025-07-25T08:22:35.886+0200,58,3,0.001,4769.385,0.00,0.04,1.05,1.87,,0.00,133.59,0.00,0.00,0,100,24,,,100,,,,,,0,2025-07-25T08:22:35.000+0200,0,0,0.000,48.0991033,-2.1155750,0.00,0.00,0.00,0.00,37.8,0,7,,
2025-07-25T08:22:35.906+0200,58,3,0.001,4769.385,0.00,0.04,1.05,1.87,,0.00,133.59,0.00,0.00,0,100,24,,,100,,,,,,0,2025-07-25T08:22:35.000+0200,0,0,0.000,48.0991033,-2.1155750,0.00,0.00,0.00,0.00,37.8,0,7,,
2025-07-25T08:22:36.526+0200,59,3,0.001,4769.385,0.00,0.04,1.05,1.87,,0.00,133.59,0.00,0.00,0,100,24,,,100,,,,,,0,2025-07-25T08:22:35.000+0200,0,0,0.000,48.0991033,-2.1155750,0.00,0.00,0.00,0.00,37.8,0,7,,
2025-07-25T08:22:36.548+0200,59,3,0.001,4769.385,0.00,0.04,1.05,1.87,,0.00,133.59,0.00,0.00,0,100,24,,,100,,,,,,0,2025-07-25T08:22:35.000+0200,0,0,0.000,48.0991033,-2.1155750,0.00,0.00,0.00,0.00,37.8,0,7,,
2025-07-25T08:22:37.143+0200,59,3,0.001,4769.385,0.00,0.04,1.05,1.87,,0.00,133.59,0.00,0.00,0,100,24,,,100,,,,,,0,2025-07-25T08:22:36.000+0200,0,0,0.000,48.0991150,-2.1155583,0.00,0.00,0.00,0.00,40.6,0,7,,
2025-07-25T08:22:37.166+0200,59,3,0.001,4769.385,0.00,0.04,1.05,1.87,,0.00,133.59,0.00,0.00,0,100,24,,,100,,,,,,0,2025-07-25T08:22:36.000+0200,0,0,0.000,48.0991150,-2.1155583,0.00,0.00,0.00,0.00,40.6,0,7,,
2025-07-25T08:22:37.765+0200,60,3,0.001,4769.385,0.00,0.04,1.05,1.87,,0.00,133.59,0.00,0.00,0,100,24,,,100,,,,,,0,2025-07-25T08:22:37.000+0200,0,0,0.000,48.0991067,-2.1155400,0.00,0.00,0.00,0.00,45.1,0,7,,
2025-07-25T08:22:37.787+0200,60,3,0.001,4769.385,0.00,0.04,1.05,1.87,,0.00,133.59,0.00,0.00,0,100,24,,,100,,,,,,0,2025-07-25T08:22:37.000+0200,0,0,0.000,48.0991067,-2.1155400,0.00,0.00,0.00,0.00,45.1,0,7,,
2025-07-25T08:22:38.386+0200,61,3,0.001,4769.385,0.00,0.04,1.05,1.87,,0.00,133.59,0.00,0.00,0,100,24,,,100,,,,,,0,2025-07-25T08:22:37.000+0200,0,0,0.000,48.0991067,-2.1155400,0.00,0.00,0.00,0.00,45.1,0,7,,
2025-07-25T08:22:38.411+0200,61,3,0.001,4769.385,0.00,0.04,1.05,1.87,,0.00,133.59,0.00,0.00,0,100,24,,,100,,,,,,0,2025-07-25T08:22:37.000+0200,0,0,0.000,48.0991067,-2.1155400,0.00,0.00,0.00,0.00,45.1,0,7,,
2025-07-25T08:22:39.005+0200,61,3,0.001,4769.385,0.00,0.04,1.05,1.87,,0.00,133.59,0.00,0.00,0,100,24,,,100,,,,,,0,2025-07-25T08:22:38.000+0200,0,0,0.000,48.0991117,-2.1155267,0.00,0.00,0.00,0.00,47.7,0,7,,
2025-07-25T08:22:39.028+0200,61,3,0.001,4769.385,0.00,0.04,1.05,1.87,,0.00,133.59,0.00,0.00,0,100,24,,,100,,,,,,0,2025-07-25T08:22:38.000+0200,0,0,0.000,48.0991117,-2.1155267,0.00,0.00,0.00,0.00,47.7,0,7,,
2025-07-25T08:22:39.622+0200,62,3,0.001,4769.385,0.00,0.04,1.05,1.87,,0.00,133.59,0.00,0.00,0,100,24,,,100,,,,,,0,2025-07-25T08:22:38.000+0200,0,0,0.000,48.0991117,-2.1155267,0.00,0.00,0.00,0.00,47.7,0,7,,
2025-07-25T08:22:39.646+0200,62,3,0.001,4769.385,0.00,0.04,1.05,1.87,,0.00,133.59,0.00,0.00,0,100,24,,,100,,,,,,0,2025-07-25T08:22:38.000+0200,0,0,0.000,48.0991117,-2.1155267,0.00,0.00,0.00,0.00,47.7,0,7,,
2025-07-25T08:22:40.244+0200,62,3,0.001,4769.385,0.00,0.04,1.05,1.87,,0.00,133.59,0.00,0.00,0,100,24,,,100,,,,,,0,2025-07-25T08:22:39.000+0200,0,0,0.000,48.0991100,-2.1155117,0.00,0.00,0.00,0.00,50.0,0,7,,
2025-07-25T08:22:40.266+0200,62,3,0.001,4769.385,0.00,0.04,1.05,1.87,,0.00,133.59,0.00,0.00,0,100,24,,,100,,,,,,0,2025-07-25T08:22:39.000+0200,0,0,0.000,48.0991100,-2.1155117,0.00,0.00,0.00,0.00,50.0,0,7,,
2025-07-25T08:22:40.867+0200,63,3,0.001,4769.385,0.00,0.04,1.05,1.87,,0.00,133.59,0.00,0.00,0,100,24,,,100,,,,,,0,2025-07-25T08:22:40.000+0200,0,0,0.000,48.0990917,-2.1154767,0.00,0.00,0.00,0.00,54.8,0,6,,
2025-07-25T08:22:40.891+0200,63,3,0.001,4769.385,0.00,0.04,1.05,1.87,,0.00,133.59,0.00,0.00,0,100,24,,,100,,,,,,0,2025-07-25T08:22:40.000+0200,0,0,0.000,48.0990917,-2.1154767,0.00,0.00,0.00,0.00,54.8,0,6,,
2025-07-25T08:22:41.503+0200,64,3,0.001,4769.385,0.00,0.04,1.05,1.87,,0.00,133.59,0.00,0.00,0,100,24,,,100,,,,,,0,2025-07-25T08:22:40.000+0200,0,0,0.000,48.0990917,-2.1154767,0.00,0.00,0.00,0.00,54.8,0,6,,
2025-07-25T08:22:41.526+0200,64,3,0.001,4769.385,0.00,0.04,1.05,1.87,,0.00,133.59,0.00,0.00,0,100,24,,,100,,,,,,0,2025-07-25T08:22:40.000+0200,0,0,0.000,48.0990917,-2.1154767,0.00,0.00,0.00,0.00,54.8,0,6,,
2025-07-25T08:22:42.108+0200,64,3,0.001,4769.385,0.00,0.04,1.05,1.87,,0.00,133.59,0.00,0.00,0,100,24,,,100,,,,,,0,2025-07-25T08:22:41.000+0200,0,0,0.000,48.0990867,-2.1154683,0.00,0.00,0.00,0.00,56.6,0,6,,
2025-07-25T08:22:42.130+0200,64,3,0.001,4769.385,0.00,0.04,1.05,1.87,,0.00,133.59,0.00,0.00,0,100,24,,,100,,,,,,0,2025-07-25T08:22:41.000+0200,0,0,0.000,48.0990867,-2.1154683,0.00,0.00,0.00,0.00,56.6,0,6,,
2025-07-25T08:22:42.721+0200,65,3,0.001,4769.385,0.00,0.04,1.05,1.87,,0.00,133.59,0.00,0.00,0,100,24,,,100,,,,,,0,2025-07-25T08:22:42.000+0200,0,0,0.000,48.0990833,-2.1154600,0.00,0.00,0.00,0.00,56.9,0,6,,
2025-07-25T08:22:42.744+0200,65,3,0.001,4769.385,0.00,0.04,1.05,1.87,,0.00,133.59,0.00,0.00,0,100,24,,,100,,,,,,0,2025-07-25T08:22:42.000+0200,0,0,0.000,48.0990833,-2.1154600,0.00,0.00,0.00,0.00,56.9,0,6,,
2025-07-25T08:22:43.363+0200,65,3,0.001,4769.385,0.00,0.04,1.05,1.87,,0.00,133.59,0.00,0.00,0,100,24,,,100,,,,,,0,2025-07-25T08:22:42.000+0200,0,0,0.000,48.0990833,-2.1154600,0.00,0.00,0.00,0.00,56.9,0,6,,
2025-07-25T08:22:43.386+0200,65,3,0.001,4769.385,0.00,0.04,1.05,1.87,,0.00,133.59,0.00,0.00,0,100,24,,,100,,,,,,0,2025-07-25T08:22:42.000+0200,0,0,0.000,48.0990833,-2.1154600,0.00,0.00,0.00,0.00,56.9,0,6,,
2025-07-25T08:22:43.983+0200,66,3,0.001,4769.385,0.00,0.04,1.05,1.87,,0.00,133.59,0.00,0.00,0,100,24,,,100,,,,,,0,2025-07-25T08:22:43.000+0200,0,0,0.000,48.0990800,-2.1154583,0.00,0.00,0.00,0.00,57.5,0,6,,
2025-07-25T08:22:44.001+0200,66,3,0.001,4769.385,0.00,0.04,1.05,1.87,,0.00,133.59,0.00,0.00,0,100,24,,,100,,,,,,0,2025-07-25T08:22:43.000+0200,0,0,0.000,48.0990800,-2.1154583,0.00,0.00,0.00,0.00,57.5,0,6,,
2025-07-25T08:22:44.604+0200,67,3,0.001,4769.385,0.00,0.04,1.05,1.87,,0.00,133.59,0.00,0.00,0,100,24,,,100,,,,,,0,2025-07-25T08:22:43.000+0200,0,0,0.000,48.0990800,-2.1154583,0.00,0.00,0.00,0.00,57.5,0,6,,
2025-07-25T08:22:44.627+0200,67,3,0.001,4769.385,0.00,0.04,1.05,1.87,,0.00,133.59,0.00,0.00,0,100,24,,,100,,,,,,0,2025-07-25T08:22:43.000+0200,0,0,0.000,48.0990800,-2.1154583,0.00,0.00,0.00,0.00,57.5,0,6,,
2025-07-25T08:22:45.223+0200,67,3,0.001,4769.385,0.00,0.04,1.05,1.87,,0.00,133.59,0.00,0.00,0,100,24,,,100,,,,,,0,2025-07-25T08:22:44.000+0200,0,0,0.000,48.0990767,-2.1154500,0.00,0.00,0.00,0.00,58.4,0,6,,
2025-07-25T08:22:45.246+0200,67,3,0.001,4769.385,0.00,0.04,1.05,1.87,,0.00,133.59,0.00,0.00,0,100,24,,,100,,,,,,0,2025-07-25T08:22:44.000+0200,0,0,0.000,48.0990767,-2.1154500,0.00,0.00,0.00,0.00,58.4,0,6,,
2025-07-25T08:22:45.863+0200,68,3,0.001,4769.385,0.00,0.04,1.05,1.87,,0.00,133.59,0.00,0.00,0,100,24,,,100,,,,,,0,2025-07-25T08:22:45.000+0200,0,0,0.000,48.0990750,-2.1154333,0.00,0.00,0.00,0.00,59.7,0,6,,
2025-07-25T08:22:45.886+0200,68,3,0.001,4769.385,0.00,0.04,1.05,1.87,,0.00,133.59,0.00,0.00,0,100,24,,,100,,,,,,0,2025-07-25T08:22:45.000+0200,0,0,0.000,48.0990750,-2.1154333,0.00,0.00,0.00,0.00,59.7,0,6,,
2025-07-25T08:22:46.483+0200,69,3,0.001,4769.385,0.00,0.04,1.05,1.87,,0.00,133.59,0.00,0.00,0,100,24,,,100,,,,,,0,2025-07-25T08:22:45.000+0200,0,0,0.000,48.0990750,-2.1154333,0.00,0.00,0.00,0.00,59.7,0,6,,
2025-07-25T08:22:46.506+0200,69,3,0.001,4769.385,0.00,0.04,1.05,1.87,,0.00,133.59,0.00,0.00,0,100,24,,,100,,,,,,0,2025-07-25T08:22:45.000+0200,0,0,0.000,48.0990750,-2.1154333,0.00,0.00,0.00,0.00,59.7,0,6,,
2025-07-25T08:22:47.105+0200,69,3,0.001,4769.385,0.00,0.04,1.05,1.87,,0.00,133.59,0.00,0.00,0,100,24,,,100,,,,,,0,2025-07-25T08:22:46.000+0200,0,0,0.000,48.0990700,-2.1154133,0.00,0.00,0.00,0.00,61.1,0,6,,
2025-07-25T08:22:47.127+0200,69,3,0.001,4769.385,0.00,0.04,1.05,1.87,,0.00,133.59,0.00,0.00,0,100,24,,,100,,,,,,0,2025-07-25T08:22:46.000+0200,0,0,0.000,48.0990700,-2.1154133,0.00,0.00,0.00,0.00,61.1,0,6,,
2025-07-25T08:22:47.727+0200,70,3,0.001,4769.385,0.00,0.04,1.05,1.87,,0.00,133.59,0.00,0.00,0,100,24,,,100,,,,,,0,2025-07-25T08:22:47.000+0200,0,0,0.000,48.0990650,-2.1153867,0.00,0.00,0.00,0.00,63.1,0,6,,
2025-07-25T08:22:47.750+0200,70,3,0.001,4769.385,0.00,0.04,1.05,1.87,,0.00,133.59,0.00,0.00,0,100,24,,,100,,,,,,0,2025-07-25T08:22:47.000+0200,0,0,0.000,48.0990650,-2.1153867,0.00,0.00,0.00,0.00,63.1,0,6,,
2025-07-25T08:22:48.344+0200,70,3,0.001,4769.385,0.00,0.04,1.05,1.87,,0.00,133.59,0.00,0.00,0,100,24,,,100,,,,,,0,2025-07-25T08:22:47.000+0200,0,0,0.000,48.0990650,-2.1153867,0.00,0.00,0.00,0.00,63.1,0,6,,
2025-07-25T08:22:48.369+0200,70,3,0.001,4769.385,0.00,0.04,1.05,1.87,,0.00,133.59,0.00,0.00,0,100,24,,,100,,,,,,0,2025-07-25T08:22:47.000+0200,0,0,0.000,48.0990650,-2.1153867,0.00,0.00,0.00,0.00,63.1,0,6,,
2025-07-25T08:22:48.968+0200,71,3,0.001,4769.385,0.00,0.04,1.05,1.87,,0.00,133.59,0.00,0.00,0,100,24,,,100,,,,,,0,2025-07-25T08:22:48.000+0200,0,0,0.000,48.0990600,-2.1153650,0.00,0.00,0.00,0.00,64.7,0,6,,
2025-07-25T08:22:48.990+0200,71,3,0.001,4769.385,0.00,0.04,1.05,1.87,,0.00,133.59,0.00,0.00,0,100,24,,,100,,,,,,0,2025-07-25T08:22:48.000+0200,0,0,0.000,48.0990600,-2.1153650,0.00,0.00,0.00,0.00,64.7,0,6,,
2025-07-25T08:22:49.583+0200,72,3,0.001,4769.385,0.00,0.04,1.05,1.87,,0.00,133.59,0.00,0.00,0,100,24,,,100,,,,,,0,2025-07-25T08:22:48.000+0200,0,0,0.000,48.0990600,-2.1153650,0.00,0.00,0.00,0.00,64.7,0,6,,
2025-07-25T08:22:49.608+0200,72,3,0.001,4769.385,0.00,0.04,1.05,1.87,,0.00,133.59,0.00,0.00,0,100,24,,,100,,,,,,0,2025-07-25T08:22:48.000+0200,0,0,0.000,48.0990600,-2.1153650,0.00,0.00,0.00,0.00,64.7,0,6,,
2025-07-25T08:22:50.202+0200,72,3,0.001,4769.385,0.00,0.04,1.05,1.87,,0.00,133.59,0.00,0.00,0,100,24,,,100,,,,,,0,2025-07-25T08:22:49.000+0200,0,0,0.000,48.0990600,-2.1153650,0.00,0.00,0.00,0.00,64.7,0,6,,
2025-07-25T08:22:50.222+0200,72,3,0.001,4769.385,0.00,0.04,1.05,1.87,,0.00,133.59,0.00,0.00,0,100,24,,,100,,,,,,0,2025-07-25T08:22:49.000+0200,0,0,0.000,48.0990600,-2.1153650,0.00,0.00,0.00,0.00,64.7,0,6,,
2025-07-25T08:22:50.828+0200,73,3,0.001,4769.385,0.00,0.04,1.05,1.87,,0.00,133.59,0.00,0.00,0,100,25,,,100,,,,,,0,2025-07-25T08:22:50.000+0200,0,0,0.000,48.0990600,-2.1153650,0.00,0.00,0.00,0.00,64.7,0,6,,
2025-07-25T08:22:50.851+0200,73,3,0.001,4769.385,0.00,0.04,1.05,1.87,,0.00,133.59,0.00,0.00,0,100,25,,,100,,,,,,0,2025-07-25T08:22:50.000+0200,0,0,0.000,48.0990600,-2.1153650,0.00,0.00,0.00,0.00,64.7,0,6,,
2025-07-25T08:22:51.444+0200,74,3,0.001,4769.385,0.00,0.04,1.05,1.87,,-0.90,133.59,0.00,0.00,0,100,25,,,100,,,,,,0,2025-07-25T08:22:50.000+0200,0,0,0.000,48.0990600,-2.1153650,0.00,0.00,0.00,0.00,64.7,0,6,,
2025-07-25T08:22:51.468+0200,74,3,0.001,4769.385,0.00,0.04,1.05,1.87,,-0.90,133.59,0.00,0.00,0,100,25,,,100,,,,,,0,2025-07-25T08:22:50.000+0200,0,0,0.000,48.0990600,-2.1153650,0.00,0.00,0.00,0.00,64.7,0,6,,
2025-07-25T08:22:52.087+0200,74,4,0.001,4769.385,2.01,0.04,1.10,2.01,,3.81,133.59,0.32,2.00,43,100,24,,,98,,,,,,0,2025-07-25T08:22:51.000+0200,0,0,0.000,48.0990600,-2.1153650,0.00,0.00,0.00,0.00,64.7,0,6,,
2025-07-25T08:22:52.111+0200,74,4,0.001,4769.385,2.01,0.04,1.10,2.01,,3.81,133.59,0.32,2.00,43,100,24,,,98,,,,,,0,2025-07-25T08:22:51.000+0200,0,0,0.000,48.0990600,-2.1153650,0.00,0.00,0.00,0.00,64.7,0,6,,
2025-07-25T08:22:52.703+0200,75,4,0.001,4769.386,1.04,0.05,1.15,2.01,,-3.22,133.59,-0.39,-5.20,-52,100,24,,,99,,,,,,0,2025-07-25T08:22:52.000+0200,0,0,0.000,48.0990450,-2.1153417,0.00,0.00,0.00,0.00,67.3,0,6,,
2025-07-25T08:22:52.727+0200,75,4,0.001,4769.386,1.04,0.05,1.15,2.01,,-3.22,133.59,-0.39,-5.20,-52,100,24,,,99,,,,,,0,2025-07-25T08:22:52.000+0200,0,0,0.000,48.0990450,-2.1153417,0.00,0.00,0.00,0.00,67.3,0,6,,
2025-07-25T08:22:53.321+0200,75,5,0.002,4769.386,1.15,0.05,1.13,2.01,,1.08,133.59,-0.31,-4.19,-41,100,24,,,99,,,,,,0,2025-07-25T08:22:52.000+0200,0,0,0.000,48.0990450,-2.1153417,0.00,0.00,0.00,0.00,67.3,0,6,,
2025-07-25T08:22:53.342+0200,75,5,0.002,4769.386,1.15,0.05,1.13,2.01,,1.08,133.59,-0.31,-4.19,-41,100,24,,,99,,,,,,0,2025-07-25T08:22:52.000+0200,0,0,0.000,48.0990450,-2.1153417,0.00,0.00,0.00,0.00,67.3,0,6,,
2025-07-25T08:22:53.953+0200,76,5,0.002,4769.386,2.01,0.06,1.16,2.01,,4.09,133.59,0.30,1.90,40,100,25,,,98,,,,,,0,2025-07-25T08:22:53.000+0200,0,0,0.000,48.0990350,-2.1153350,0.00,0.00,0.00,0.00,67.7,0,6,,
2025-07-25T08:22:53.976+0200,76,6,0.002,4769.386,2.01,0.06,1.16,2.01,,4.09,133.59,0.30,1.90,40,100,25,,,98,,,,,,0,2025-07-25T08:22:53.000+0200,0,0,0.000,48.0990350,-2.1153350,0.00,0.00,0.00,0.00,67.7,0,6,,
2025-07-25T08:22:54.565+0200,77,6,0.002,4769.386,1.72,0.07,1.22,2.15,,-1.44,133.59,-0.59,-7.60,-79,100,25,,,99,,,,,,0,2025-07-25T08:22:53.000+0200,0,0,0.000,48.0990350,-2.1153350,0.00,0.00,0.00,0.00,67.7,0,6,,
2025-07-25T08:22:54.592+0200,77,6,0.002,4769.386,1.72,0.07,1.22,2.15,,-1.44,133.59,-0.59,-7.60,-79,100,25,,,99,,,,,,0,2025-07-25T08:22:53.000+0200,0,0,0.000,48.0990350,-2.1153350,0.00,0.00,0.00,0.00,67.7,0,6,,
2025-07-25T08:22:55.182+0200,77,7,0.003,4769.387,2.01,0.07,1.27,2.15,,0.56,133.59,-0.67,-8.39,-90,100,25,,,98,,,,,,0,2025-07-25T08:22:54.000+0200,0,0,0.000,48.0990333,-2.1153317,0.00,0.00,0.00,0.00,67.5,0,6,,
2025-07-25T08:22:55.202+0200,77,7,0.003,4769.387,2.01,0.07,1.27,2.15,,0.56,133.59,-0.67,-8.39,-90,100,25,,,98,,,,,,0,2025-07-25T08:22:54.000+0200,0,0,0.000,48.0990333,-2.1153317,0.00,0.00,0.00,0.00,67.5,0,6,,
2025-07-25T08:22:55.805+0200,78,7,0.003,4769.387,2.33,0.08,1.34,2.33,,0.90,133.59,-1.08,-13.29,-144,100,25,,,98,,,,,,0,2025-07-25T08:22:55.000+0200,0,0,0.000,48.0990317,-2.1153233,0.00,0.00,0.00,0.00,66.3,0,6,,
2025-07-25T08:22:55.828+0200,78,7,0.003,4769.387,2.33,0.08,1.34,2.33,,0.90,133.59,-1.08,-13.29,-144,100,25,,,98,,,,,,0,2025-07-25T08:22:55.000+0200,0,0,0.000,48.0990317,-2.1153233,0.00,0.00,0.00,0.00,66.3,0,6,,
2025-07-25T08:22:56.424+0200,79,8,0.003,4769.388,3.23,0.09,1.44,3.23,,2.14,133.59,-1.03,-12.00,-138,100,25,,,97,,,,,,0,2025-07-25T08:22:55.000+0200,0,0,0.000,48.0990317,-2.1153233,0.00,0.00,0.00,0.00,66.3,0,6,,
2025-07-25T08:22:56.445+0200,79,8,0.003,4769.388,3.23,0.09,1.44,3.23,,2.14,133.59,-1.03,-12.00,-138,100,25,,,97,,,,,,0,2025-07-25T08:22:55.000+0200,0,0,0.000,48.0990317,-2.1153233,0.00,0.00,0.00,0.00,66.3,0,6,,
2025-07-25T08:22:57.043+0200,79,9,0.004,4769.388,3.13,0.11,1.58,3.99,,-2.69,133.59,2.19,12.79,293,100,25,,,97,,,,,,0,2025-07-25T08:22:56.000+0200,0,0,0.000,48.0990383,-2.1153250,0.00,0.00,0.00,0.00,66.2,0,5,,
2025-07-25T08:22:57.066+0200,79,9,0.004,4769.388,3.13,0.11,1.58,3.99,,-2.69,133.59,2.19,12.79,293,100,25,,,97,,,,,,0,2025-07-25T08:22:56.000+0200,0,0,0.000,48.0990383,-2.1153250,0.00,0.00,0.00,0.00,66.2,0,5,,
2025-07-25T08:22:57.667+0200,80,9,0.004,4769.389,0.39,0.11,1.55,3.99,,-1.06,133.59,1.03,7.20,138,100,25,,,100,,,,,,0,2025-07-25T08:22:57.000+0200,0,0,0.001,48.0990417,-2.1153183,2.30,0.02,2.30,2.30,66.8,72,5,,
2025-07-25T08:22:57.688+0200,80,9,0.004,4769.389,0.39,0.11,1.55,3.99,,-1.06,133.59,1.03,7.20,138,100,25,,,100,,,,,,0,2025-07-25T08:22:57.000+0200,0,0,0.001,48.0990417,-2.1153183,2.30,0.02,2.30,2.30,66.8,72,5,,
2025-07-25T08:22:58.302+0200,80,9,0.005,4769.389,0.00,0.11,1.55,3.99,,0.00,133.59,0.00,0.00,0,100,25,,,100,,,,,,0,2025-07-25T08:22:57.000+0200,0,0,0.001,48.0990417,-2.1153183,2.30,0.02,2.30,2.30,66.8,72,5,,
2025-07-25T08:22:58.323+0200,80,9,0.005,4769.389,0.00,0.11,1.55,3.99,,0.00,133.59,0.00,0.00,0,100,25,,,100,,,,,,0,2025-07-25T08:22:57.000+0200,0,0,0.001,48.0990417,-2.1153183,2.30,0.02,2.30,2.30,66.8,72,5,,
2025-07-25T08:22:58.908+0200,81,9,0.005,4769.389,1.22,0.11,1.51,3.99,,2.12,133.50,2.17,14.29,290,100,25,,,99,,,,,,0,2025-07-25T08:22:58.000+0200,1,1,0.002,48.0990517,-2.1153000,2.31,0.03,2.30,2.31,66.8,31,5,,
2025-07-25T08:22:58.927+0200,81,9,0.005,4769.389,1.22,0.11,1.51,3.99,,2.12,133.50,2.17,14.29,290,100,25,,,99,,,,,,0,2025-07-25T08:22:58.000+0200,1,1,0.002,48.0990517,-2.1153000,2.31,0.03,2.30,2.31,66.8,31,5,,
2025-07-25T08:22:59.546+0200,82,10,0.005,4769.389,0.50,0.11,1.48,3.99,,-2.81,133.50,0.88,6.10,117,100,25,,,100,,,,,,0,2025-07-25T08:22:58.000+0200,2,2,0.002,48.0990517,-2.1153000,2.31,0.03,2.30,2.31,66.8,31,5,,
2025-07-25T08:22:59.561+0200,82,10,0.005,4769.389,0.50,0.11,1.48,3.99,,-2.81,133.50,0.88,6.10,117,100,25,,,100,,,,,,0,2025-07-25T08:22:58.000+0200,2,2,0.002,48.0990517,-2.1153000,2.31,0.03,2.30,2.31,66.8,31,5,,
2025-07-25T08:23:00.165+0200,82,11,0.005,4769.389,0.68,0.11,1.46,3.99,,1.57,133.50,0.35,2.39,47,100,25,,,99,,,,,,0,2025-07-25T08:22:59.000+0200,2,2,0.006,48.0990267,-2.1153233,2.21,0.05,2.27,2.31,61.9,251,4,,
2025-07-25T08:23:00.187+0200,82,11,0.005,4769.389,0.68,0.11,1.46,3.99,,1.57,133.50,0.35,2.39,47,100,25,,,99,,,,,,0,2025-07-25T08:22:59.000+0200,2,2,0.006,48.0990267,-2.1153233,2.21,0.05,2.27,2.31,61.9,251,4,,
2025-07-25T08:23:00.788+0200,83,11,0.005,4769.389,0.36,0.11,1.46,3.99,,1.13,133.50,1.55,10.80,207,100,25,,,100,,,,,,0,2025-07-25T08:23:00.000+0200,3,3,0.007,48.0990233,-2.1153017,2.23,0.07,2.26,2.31,64.3,275,3,,
2025-07-25T08:23:00.810+0200,83,11,0.005,4769.389,0.36,0.11,1.46,3.99,,1.13,133.50,1.55,10.80,207,100,25,,,100,,,,,,0,2025-07-25T08:23:00.000+0200,3,3,0.007,48.0990233,-2.1153017,2.23,0.07,2.26,2.31,64.3,275,3,,
2025-07-25T08:23:01.409+0200,84,12,0.005,4769.389,3.13,0.12,1.51,3.99,,3.49,133.50,-0.88,-10.30,-117,100,25,,,97,,,,,,0,2025-07-25T08:23:00.000+0200,4,4,0.007,48.0990233,-2.1153017,2.23,0.07,2.26,2.31,64.3,275,3,,
2025-07-25T08:23:01.431+0200,84,12,0.005,4769.389,3.13,0.12,1.51,3.99,,3.49,133.50,-0.88,-10.30,-117,100,25,,,97,,,,,,0,2025-07-25T08:23:00.000+0200,4,4,0.007,48.0990233,-2.1153017,2.23,0.07,2.26,2.31,64.3,275,3,,
2025-07-25T08:23:02.027+0200,84,13,0.006,4769.390,1.00,0.13,1.52,3.99,,-3.35,133.50,-0.56,-7.50,-75,100,25,,,99,,,,,,0,2025-07-25T08:23:01.000+0200,4,4,0.007,48.0990283,-2.1152983,1.95,0.08,2.26,2.31,65.0,276,3,,
2025-07-25T08:23:02.050+0200,84,13,0.006,4769.390,1.00,0.13,1.52,3.99,,-3.35,133.50,-0.56,-7.50,-75,100,25,,,99,,,,,,0,2025-07-25T08:23:01.000+0200,4,4,0.007,48.0990283,-2.1152983,1.95,0.08,2.26,2.31,65.0,276,3,,
2025-07-25T08:23:02.639+0200,85,13,0.006,4769.390,0.00,0.13,1.50,3.99,,-1.91,133.50,0.00,0.00,0,100,25,,,100,,,,,,0,2025-07-25T08:23:01.000+0200,5,4,0.007,48.0990283,-2.1152983,1.95,0.08,2.26,2.31,65.0,276,3,,
2025-07-25T08:23:02.659+0200,85,13,0.006,4769.390,0.00,0.13,1.50,3.99,,-1.91,133.50,0.00,0.00,0,100,25,,,100,,,,,,0,2025-07-25T08:23:01.000+0200,5,4,0.007,48.0990283,-2.1152983,1.95,0.08,2.26,2.31,65.0,276,3,,
2025-07-25T08:23:03.285+0200,85,14,0.006,4769.390,0.10,0.13,1.47,3.99,,-1.44,133.50,0.84,6.00,112,100,25,,,100,,,,,,0,2025-07-25T08:23:02.000+0200,5,4,0.007,48.0990367,-2.1152833,1.70,0.09,2.26,2.31,66.9,327,3,,
2025-07-25T08:23:03.308+0200,85,14,0.006,4769.390,0.10,0.13,1.47,3.99,,-1.44,133.50,0.84,6.00,112,100,25,,,100,,,,,,0,2025-07-25T08:23:02.000+0200,5,4,0.007,48.0990367,-2.1152833,1.70,0.09,2.26,2.31,66.9,327,3,,
2025-07-25T08:23:03.905+0200,86,14,0.006,4769.390,0.00,0.13,1.47,3.99,,0.00,133.50,0.00,0.00,0,100,25,,,100,,,,,,0,2025-07-25T08:23:03.000+0200,6,4,0.007,48.0990333,-2.1152867,0.00,0.09,2.26,2.31,66.8,299,3,,
2025-07-25T08:23:03.926+0200,86,14,0.006,4769.390,0.00,0.13,1.47,3.99,,0.00,133.50,0.00,0.00,0,100,25,,,100,,,,,,0,2025-07-25T08:23:03.000+0200,6,4,0.007,48.0990333,-2.1152867,0.00,0.09,2.26,2.31,66.8,299,3,,
2025-07-25T08:23:04.525+0200,87,14,0.006,4769.390,1.83,0.13,1.48,3.99,,6.10,133.50,4.05,25.59,541,100,25,,,98,,,,,,0,2025-07-25T08:23:03.000+0200,7,4,0.007,48.0990333,-2.1152867,0.00,0.09,2.26,2.31,66.8,299,3,,
2025-07-25T08:23:04.550+0200,87,14,0.006,4769.390,1.83,0.13,1.48,3.99,,6.10,133.50,4.05,25.59,541,100,25,,,98,,,,,,0,2025-07-25T08:23:03.000+0200,7,4,0.007,48.0990333,-2.1152867,0.00,0.09,2.26,2.31,66.8,299,3,,
2025-07-25T08:23:05.145+0200,87,15,0.006,4769.390,4.60,0.15,1.60,4.60,,2.62,133.50,1.52,8.20,203,100,25,,,96,,,,,,0,2025-07-25T08:23:04.000+0200,7,4,0.007,48.0990333,-2.1152983,0.00,0.09,2.26,2.31,66.6,286,2,,
2025-07-25T08:23:05.174+0200,87,15,0.006,4769.390,4.60,0.15,1.60,4.60,,2.62,133.50,1.52,8.20,203,100,25,,,96,,,,,,0,2025-07-25T08:23:04.000+0200,7,4,0.007,48.0990333,-2.1152983,0.00,0.09,2.26,2.31,66.6,286,2,,
2025-07-25T08:23:05.764+0200,88,15,0.007,4769.391,3.85,0.16,1.71,4.93,,-3.37,133.50,-0.27,-3.10,-36,100,25,,,97,,,,,,0,2025-07-25T08:23:05.000+0200,8,4,0.007,48.0990233,-2.1153083,0.00,0.09,2.26,2.31,65.9,223,2,,
2025-07-25T08:23:05.787+0200,88,15,0.007,4769.391,3.85,0.16,1.71,4.93,,-3.37,133.50,-0.27,-3.10,-36,100,25,,,97,,,,,,0,2025-07-25T08:23:05.000+0200,8,4,0.007,48.0990233,-2.1153083,0.00,0.09,2.26,2.31,65.9,223,2,,
2025-07-25T08:23:06.384+0200,89,16,0.008,4769.392,2.84,0.18,1.76,4.93,,-1.35,133.50,0.20,1.19,27,100,25,,,98,,,,,,0,2025-07-25T08:23:05.000+0200,8,4,0.007,48.0990233,-2.1153083,0.00,0.09,2.26,2.31,65.9,223,2,,
2025-07-25T08:23:06.406+0200,89,16,0.008,4769.392,2.84,0.18,1.76,4.93,,-1.35,133.50,0.20,1.19,27,100,25,,,98,,,,,,0,2025-07-25T08:23:05.000+0200,9,4,0.007,48.0990233,-2.1153083,0.00,0.09,2.26,2.31,65.9,223,2,,
2025-07-25T08:23:07.007+0200,89,17,0.008,4769.392,5.43,0.19,1.88,5.43,,4.56,133.50,0.33,1.70,44,100,25,,,96,,,,,,0,2025-07-25T08:23:06.000+0200,9,4,0.007,48.0990233,-2.1153083,0.00,0.09,2.26,2.31,65.9,223,2,,
2025-07-25T08:23:07.031+0200,89,17,0.008,4769.392,5.43,0.19,1.88,5.43,,4.56,133.50,0.33,1.70,44,100,25,,,96,,,,,,0,2025-07-25T08:23:06.000+0200,9,4,0.007,48.0990233,-2.1153083,0.00,0.09,2.26,2.31,65.9,223,2,,
2025-07-25T08:23:07.656+0200,90,17,0.009,4769.393,4.31,0.21,1.97,5.43,,-0.24,133.50,1.11,6.10,148,100,25,,,96,,,,,,0,2025-07-25T08:23:06.000+0200,10,4,0.007,48.0990233,-2.1153083,0.00,0.09,2.26,2.31,65.9,223,2,,
2025-07-25T08:23:07.681+0200,90,17,0.009,4769.393,4.31,0.21,1.97,5.43,,-0.24,133.50,1.11,6.10,148,100,25,,,96,,,,,,0,2025-07-25T08:23:07.000+0200,10,4,0.007,48.0990233,-2.1153083,0.00,0.09,2.26,2.31,65.9,223,2,,
2025-07-25T08:23:08.246+0200,90,18,0.010,4769.394,4.10,0.22,2.05,5.43,,-2.48,133.50,1.77,9.80,236,100,25,,,97,,,,,,0,2025-07-25T08:23:07.000+0200,10,4,0.007,48.0990233,-2.1153083,0.00,0.09,2.26,2.31,65.9,223,2,,
2025-07-25T08:23:08.269+0200,90,18,0.010,4769.394,4.10,0.22,2.05,5.43,,-2.48,133.50,1.77,9.80,236,100,25,,,97,,,,,,0,2025-07-25T08:23:07.000+0200,10,4,0.007,48.0990233,-2.1153083,0.00,0.09,2.26,2.31,65.9,223,2,,
2025-07-25T08:23:08.868+0200,91,18,0.010,4769.395,5.25,0.24,2.14,5.43,,3.72,133.50,0.11,0.59,15,100,25,,,96,,,,,,0,2025-07-25T08:23:08.000+0200,11,4,0.007,48.0990233,-2.1153083,0.00,0.09,2.26,2.31,65.9,223,2,,
2025-07-25T08:23:08.892+0200,91,18,0.010,4769.395,5.25,0.24,2.14,5.43,,3.72,133.50,0.11,0.59,15,100,25,,,96,,,,,,0,2025-07-25T08:23:08.000+0200,11,4,0.007,48.0990233,-2.1153083,0.00,0.09,2.26,2.31,65.9,223,2,,
2025-07-25T08:23:09.505+0200,92,19,0.011,4769.396,4.60,0.26,2.22,5.43,,0.72,133.50,0.80,4.29,107,100,25,,,96,,,,,,0,2025-07-25T08:23:08.000+0200,12,4,0.007,48.0990233,-2.1153083,0.00,0.09,2.26,2.31,65.9,223,2,,
2025-07-25T08:23:09.528+0200,92,19,0.011,4769.396,4.60,0.26,2.22,5.43,,0.72,133.50,0.80,4.29,107,100,25,,,96,,,,,,0,2025-07-25T08:23:08.000+0200,12,4,0.007,48.0990233,-2.1153083,0.00,0.09,2.26,2.31,65.9,223,2,,
2025-07-25T08:23:10.124+0200,92,20,0.012,4769.396,5.58,0.27,2.32,5.58,,1.23,133.50,-0.13,-1.40,-17,100,25,,,95,,,,,,0,2025-07-25T08:23:09.000+0200,12,4,0.007,48.0990233,-2.1153083,0.00,0.09,2.26,2.31,65.9,223,2,,
2025-07-25T08:23:10.147+0200,92,20,0.012,4769.396,5.58,0.27,2.32,5.58,,1.23,133.50,-0.13,-1.40,-17,100,25,,,95,,,,,,0,2025-07-25T08:23:09.000+0200,12,4,0.007,48.0990233,-2.1153083,0.00,0.09,2.26,2.31,65.9,223,2,,
2025-07-25T08:23:10.744+0200,93,20,0.013,4769.397,5.43,0.29,2.41,5.58,,1.08,133.50,1.06,5.50,142,100,25,,,96,,,,,,0,2025-07-25T08:23:10.000+0200,13,4,0.007,48.0990233,-2.1153083,0.00,0.09,2.26,2.31,65.9,223,2,,
2025-07-25T08:23:10.766+0200,93,20,0.013,4769.397,5.43,0.29,2.41,5.58,,1.08,133.50,1.06,5.50,142,100,25,,,96,,,,,,0,2025-07-25T08:23:10.000+0200,13,4,0.007,48.0990233,-2.1153083,0.00,0.09,2.26,2.31,65.9,223,2,,
2025-07-25T08:23:11.364+0200,94,21,0.014,4769.398,2.08,0.30,2.43,5.58,,-6.32,133.50,-0.07,-0.90,-9,100,25,,,98,,,,,,0,2025-07-25T08:23:10.000+0200,13,4,0.007,48.0990233,-2.1153083,0.00,0.09,2.26,2.31,65.9,223,2,,
2025-07-25T08:23:11.386+0200,94,21,0.014,4769.398,2.08,0.30,2.43,5.58,,-6.32,133.50,-0.07,-0.90,-9,100,25,,,98,,,,,,0,2025-07-25T08:23:10.000+0200,13,4,0.007,48.0990233,-2.1153083,0.00,0.09,2.26,2.31,65.9,223,2,,
2025-07-25T08:23:12.007+0200,94,21,0.014,4769.399,0.18,0.30,2.41,5.58,,-3.72,133.50,-0.29,-4.19,-39,100,25,,,100,,,,,,0,2025-07-25T08:23:11.000+0200,14,4,0.007,48.0990233,-2.1153083,0.00,0.08,2.26,2.31,65.9,223,2,,
2025-07-25T08:23:12.029+0200,94,21,0.014,4769.399,0.18,0.30,2.41,5.58,,-3.72,133.50,-0.29,-4.19,-39,100,25,,,100,,,,,,0,2025-07-25T08:23:11.000+0200,14,4,0.007,48.0990233,-2.1153083,0.00,0.08,2.26,2.31,65.9,223,2,,
2025-07-25T08:23:12.631+0200,95,21,0.015,4769.399,0.00,0.30,2.41,5.58,,0.00,133.50,0.00,0.00,0,100,25,,,100,,,,,,0,2025-07-25T08:23:11.000+0200,15,4,0.007,48.0990233,-2.1153083,0.00,0.08,2.26,2.31,65.9,223,2,,
2025-07-25T08:23:12.654+0200,95,21,0.015,4769.399,0.00,0.30,2.41,5.58,,0.00,133.50,0.00,0.00,0,100,25,,,100,,,,,,0,2025-07-25T08:23:11.000+0200,15,4,0.007,48.0990233,-2.1153083,0.00,0.08,2.26,2.31,65.9,223,2,,
2025-07-25T08:23:13.245+0200,95,21,0.015,4769.399,0.00,0.30,2.41,5.58,,0.00,133.50,0.00,0.00,0,100,25,,,100,,,,,,0,2025-07-25T08:23:12.000+0200,15,4,0.007,48.0990233,-2.1153083,0.00,0.08,2.26,2.31,65.9,223,2,,
2025-07-25T08:23:13.270+0200,95,21,0.015,4769.399,0.00,0.30,2.41,5.58,,0.00,133.50,0.00,0.00,0,100,25,,,100,,,,,,0,2025-07-25T08:23:12.000+0200,15,4,0.007,48.0990233,-2.1153083,0.00,0.08,2.26,2.31,65.9,223,2,,
2025-07-25T08:23:13.869+0200,96,21,0.015,4769.399,0.00,0.30,2.41,5.58,,-0.83,133.50,0.00,0.00,0,100,25,,,100,,,,,,0,2025-07-25T08:23:13.000+0200,16,4,0.007,48.0990233,-2.1153083,0.00,0.08,2.26,2.31,65.9,223,2,,
2025-07-25T08:23:13.893+0200,96,21,0.015,4769.399,0.00,0.30,2.41,5.58,,-0.83,133.50,0.00,0.00,0,100,25,,,100,,,,,,0,2025-07-25T08:23:13.000+0200,16,4,0.007,48.0990233,-2.1153083,0.00,0.08,2.26,2.31,65.9,223,2,,
2025-07-25T08:23:14.488+0200,97,21,0.015,4769.399,0.00,0.30,2.41,5.58,,0.00,133.50,0.00,0.00,0,100,25,,,100,,,,,,0,2025-07-25T08:23:13.000+0200,17,4,0.007,48.0990233,-2.1153083,0.00,0.08,2.26,2.31,65.9,223,2,,
2025-07-25T08:23:14.511+0200,97,21,0.015,4769.399,0.00,0.30,2.41,5.58,,0.00,133.50,0.00,0.00,0,100,25,,,100,,,,,,0,2025-07-25T08:23:13.000+0200,17,4,0.007,48.0990233,-2.1153083,0.00,0.08,2.26,2.31,65.9,223,2,,
2025-07-25T08:23:15.106+0200,97,21,0.015,4769.399,0.00,0.30,2.41,5.58,,0.00,133.50,0.00,0.00,0,100,25,,,100,,,,,,0,2025-07-25T08:23:14.000+0200,17,4,0.007,48.0990233,-2.1153083,0.00,0.08,2.26,2.31,65.9,223,2,,
2025-07-25T08:23:15.123+0200,97,21,0.015,4769.399,0.00,0.30,2.41,5.58,,0.00,133.50,0.00,0.00,0,100,25,,,100,,,,,,0,2025-07-25T08:23:14.000+0200,17,4,0.007,48.0990233,-2.1153083,0.00,0.08,2.26,2.31,65.9,223,2,,
2025-07-25T08:23:15.727+0200,98,21,0.015,4769.399,0.50,0.30,2.39,5.58,,1.58,133.50,1.18,8.20,158,100,25,,,100,,,,,,0,2025-07-25T08:23:15.000+0200,18,4,0.007,48.0990233,-2.1153083,0.00,0.08,2.26,2.31,65.9,223,2,,
2025-07-25T08:23:15.749+0200,98,21,0.015,4769.399,0.50,0.30,2.39,5.58,,1.58,133.50,1.18,8.20,158,100,25,,,100,,,,,,0,2025-07-25T08:23:15.000+0200,18,4,0.007,48.0990233,-2.1153083,0.00,0.08,2.26,2.31,65.9,223,2,,
2025-07-25T08:23:16.345+0200,98,22,0.015,4769.399,4.06,0.31,2.42,5.58,,3.82,133.50,1.57,8.70,210,100,25,,,97,,,,,,0,2025-07-25T08:23:15.000+0200,18,4,0.007,48.0990233,-2.1153083,0.00,0.08,2.26,2.31,65.9,223,2,,
2025-07-25T08:23:16.370+0200,98,22,0.015,4769.399,4.06,0.31,2.42,5.58,,3.82,133.50,1.57,8.70,210,100,25,,,97,,,,,,0,2025-07-25T08:23:15.000+0200,18,4,0.007,48.0990233,-2.1153083,0.00,0.08,2.26,2.31,65.9,223,2,,
2025-07-25T08:23:16.990+0200,99,23,0.015,4769.400,4.10,0.32,2.46,5.58,,-0.24,133.50,0.41,2.30,55,100,25,,,97,,,,,,0,2025-07-25T08:23:16.000+0200,19,4,0.007,48.0990233,-2.1153083,0.00,0.08,2.26,2.31,65.9,223,2,,
2025-07-25T08:23:17.015+0200,99,23,0.015,4769.400,4.10,0.32,2.46,5.58,,-0.24,133.50,0.41,2.30,55,100,25,,,97,,,,,,0,2025-07-25T08:23:16.000+0200,19,4,0.007,48.0990233,-2.1153083,0.00,0.08,2.26,2.31,65.9,223,2,,
2025-07-25T08:23:17.609+0200,100,23,0.016,4769.400,4.03,0.34,2.51,5.58,,-0.24,133.50,1.15,6.39,154,100,25,,,97,,,,,,0,2025-07-25T08:23:16.000+0200,20,4,0.007,48.0990233,-2.1153083,0.00,0.08,2.26,2.31,65.9,223,2,,
2025-07-25T08:23:17.631+0200,100,23,0.016,4769.400,4.03,0.34,2.51,5.58,,-0.24,133.50,1.15,6.39,154,100,25,,,97,,,,,,0,2025-07-25T08:23:16.000+0200,20,4,0.007,48.0990233,-2.1153083,0.00,0.08,2.26,2.31,65.9,223,2,,
2025-07-25T08:23:18.228+0200,100,24,0.017,4769.401,4.14,0.35,2.54,5.58,,2.26,133.50,0.29,1.59,39,100,25,,,97,,,,,,0,2025-07-25T08:23:17.000+0200,20,4,0.007,48.0990233,-2.1153083,0.00,0.08,2.26,2.31,65.9,223,2,,
2025-07-25T08:23:18.251+0200,100,24,0.017,4769.401,4.14,0.35,2.54,5.58,,2.26,133.50,0.29,1.59,39,100,25,,,97,,,,,,0,2025-07-25T08:23:17.000+0200,20,4,0.007,48.0990233,-2.1153083,0.00,0.08,2.26,2.31,65.9,223,2,,
2025-07-25T08:23:18.848+0200,101,24,0.017,4769.402,4.53,0.36,2.59,5.58,,1.35,133.50,1.90,10.30,254,100,25,,,96,,,,,,0,2025-07-25T08:23:18.000+0200,21,4,0.007,48.0989317,-2.1152683,1.58,0.09,2.26,2.31,64.8,204,2,,
2025-07-25T08:23:18.871+0200,101,24,0.017,4769.402,4.53,0.36,2.59,5.58,,1.35,133.50,1.90,10.30,254,100,25,,,96,,,,,,0,2025-07-25T08:23:18.000+0200,21,4,0.007,48.0989317,-2.1152683,1.58,0.09,2.26,2.31,64.8,204,2,,
2025-07-25T08:23:19.462+0200,102,25,0.018,4769.403,6.12,0.38,2.66,6.12,,3.28,133.50,0.96,4.79,128,100,25,,,95,,,,,,0,2025-07-25T08:23:18.000+0200,22,4,0.007,48.0989317,-2.1152683,1.58,0.09,2.26,2.31,64.8,204,2,,
2025-07-25T08:23:19.484+0200,102,25,0.018,4769.403,6.12,0.38,2.66,6.12,,3.28,133.50,0.96,4.79,128,100,25,,,95,,,,,,0,2025-07-25T08:23:18.000+0200,22,4,0.007,48.0989317,-2.1152683,1.58,0.09,2.26,2.31,64.8,204,2,,
2025-07-25T08:23:20.073+0200,102,26,0.019,4769.404,6.15,0.40,2.74,6.19,,-0.11,133.50,0.70,3.50,93,100,25,,,95,,,,,,0,2025-07-25T08:23:19.000+0200,22,4,0.007,48.0989217,-2.1152750,1.71,0.10,2.26,2.31,65.0,200,2,,
2025-07-25T08:23:20.097+0200,102,26,0.019,4769.404,6.15,0.40,2.74,6.19,,-0.11,133.50,0.70,3.50,93,100,25,,,95,,,,,,0,2025-07-25T08:23:19.000+0200,22,4,0.007,48.0989217,-2.1152750,1.71,0.10,2.26,2.31,65.0,200,2,,
2025-07-25T08:23:20.706+0200,103,26,0.020,4769.405,7.45,0.42,2.85,7.45,,0.89,133.50,1.05,4.90,140,100,25,,,94,,,,,,0,2025-07-25T08:23:20.000+0200,23,4,0.007,48.0989167,-2.1152867,1.85,0.11,2.26,2.31,65.0,186,2,,
2025-07-25T08:23:20.732+0200,103,26,0.020,4769.405,7.45,0.42,2.85,7.45,,0.89,133.50,1.05,4.90,140,100,25,,,94,,,,,,0,2025-07-25T08:23:20.000+0200,23,4,0.007,48.0989167,-2.1152867,1.85,0.11,2.26,2.31,65.0,186,2,,
2025-07-25T08:23:21.436+0200,104,27,0.022,4769.407,7.09,0.46,2.98,7.45,,1.44,133.50,1.68,8.00,224,100,25,,,94,,,,,,0,2025-07-25T08:23:20.000+0200,24,4,0.007,48.0989167,-2.1152867,1.85,0.11,2.26,2.31,65.0,186,2,,
2025-07-25T08:23:21.464+0200,104,27,0.022,4769.407,7.09,0.46,2.98,7.45,,1.44,133.50,1.68,8.00,224,100,25,,,94,,,,,,0,2025-07-25T08:23:20.000+0200,24,4,0.007,48.0989167,-2.1152867,1.85,0.11,2.26,2.31,65.0,186,2,,
2025-07-25T08:23:21.967+0200,104,27,0.023,4769.407,6.80,0.47,3.02,7.45,,-0.90,133.50,0.08,0.39,11,100,25,,,94,,,,,,0,2025-07-25T08:23:21.000+0200,24,4,0.007,48.0989083,-2.1152833,1.87,0.12,2.26,2.31,65.6,155,2,,
2025-07-25T08:23:21.990+0200,104,28,0.023,4769.407,6.80,0.47,3.02,7.45,,-0.90,133.50,0.08,0.39,11,100,25,,,94,,,,,,0,2025-07-25T08:23:21.000+0200,24,4,0.007,48.0989083,-2.1152833,1.87,0.12,2.26,2.31,65.6,155,2,,
2025-07-25T08:23:22.576+0200,105,28,0.024,4769.408,6.33,0.49,3.10,7.45,,-2.47,133.50,0.06,0.29,8,100,25,,,95,,,,,,0,2025-07-25T08:23:21.000+0200,25,4,0.007,48.0989083,-2.1152833,1.87,0.12,2.26,2.31,65.6,155,2,,
2025-07-25T08:23:22.598+0200,105,28,0.024,4769.408,6.33,0.49,3.10,7.45,,-2.47,133.50,0.06,0.29,8,100,25,,,95,,,,,,0,2025-07-25T08:23:21.000+0200,25,4,0.007,48.0989083,-2.1152833,1.87,0.12,2.26,2.31,65.6,155,2,,
2025-07-25T08:23:23.204+0200,105,29,0.025,4769.410,6.15,0.51,3.17,7.45,,-0.24,133.50,0.48,2.39,64,100,25,,,95,,,,,,0,2025-07-25T08:23:22.000+0200,25,4,0.007,48.0989083,-2.1152783,1.82,0.13,2.26,2.31,66.3,150,2,,
2025-07-25T08:23:23.226+0200,105,29,0.025,4769.410,6.15,0.51,3.17,7.45,,-0.24,133.50,0.48,2.39,64,100,25,,,95,,,,,,0,2025-07-25T08:23:22.000+0200,25,4,0.007,48.0989083,-2.1152783,1.82,0.13,2.26,2.31,66.3,150,2,,
2025-07-25T08:23:23.834+0200,106,29,0.026,4769.411,6.15,0.53,3.23,7.45,,0.00,133.50,-0.03,-0.29,-4,100,25,,,95,,,,,,0,2025-07-25T08:23:23.000+0200,26,4,0.007,48.0989150,-2.1152733,1.76,0.14,2.26,2.31,66.8,204,2,,
2025-07-25T08:23:23.853+0200,106,29,0.026,4769.411,6.15,0.53,3.23,7.45,,0.00,133.50,-0.03,-0.29,-4,100,25,,,95,,,,,,0,2025-07-25T08:23:23.000+0200,26,4,0.007,48.0989150,-2.1152733,1.76,0.14,2.26,2.31,66.8,204,2,,
2025-07-25T08:23:24.442+0200,107,30,0.027,4769.412,7.20,0.55,3.30,7.45,,3.24,133.50,0.50,2.39,67,100,25,,,94,,,,,,0,2025-07-25T08:23:23.000+0200,27,4,0.007,48.0989150,-2.1152733,1.76,0.14,2.26,2.31,66.8,204,2,,
2025-07-25T08:23:24.464+0200,107,30,0.027,4769.412,7.20,0.55,3.30,7.45,,3.24,133.50,0.50,2.39,67,100,25,,,94,,,,,,0,2025-07-25T08:23:23.000+0200,27,4,0.007,48.0989150,-2.1152733,1.76,0.14,2.26,2.31,66.8,204,2,,
2025-07-25T08:23:25.069+0200,107,31,0.028,4769.413,6.22,0.57,3.37,7.45,,-1.79,133.50,0.18,0.90,24,100,25,,,95,,,,,,0,2025-07-25T08:23:24.000+0200,27,4,0.007,48.0989200,-2.1152733,1.82,0.15,2.26,2.31,67.4,208,2,,
2025-07-25T08:23:25.094+0200,107,31,0.028,4769.413,6.22,0.57,3.37,7.45,,-1.79,133.50,0.18,0.90,24,100,25,,,95,,,,,,0,2025-07-25T08:23:24.000+0200,27,4,0.007,48.0989200,-2.1152733,1.82,0.15,2.26,2.31,67.4,208,2,,
2025-07-25T08:23:25.684+0200,108,31,0.029,4769.414,7.37,0.59,3.45,7.45,,0.11,133.50,-0.17,-1.59,-23,100,25,,,94,,,,,,0,2025-07-25T08:23:25.000+0200,28,4,0.007,48.0989217,-2.1152750,1.94,0.16,2.26,2.31,68.4,187,2,,
2025-07-25T08:23:25.707+0200,108,31,0.029,4769.414,7.37,0.59,3.45,7.45,,0.11,133.50,-0.17,-1.59,-23,100,25,,,94,,,,,,0,2025-07-25T08:23:25.000+0200,28,4,0.007,48.0989217,-2.1152750,1.94,0.16,2.26,2.31,68.4,187,2,,
2025-07-25T08:23:26.306+0200,108,32,0.031,4769.415,7.59,0.61,3.52,7.59,,1.89,133.50,-0.10,-1.00,-13,100,25,,,94,,,,,,0,2025-07-25T08:23:25.000+0200,28,4,0.007,48.0989217,-2.1152750,1.94,0.16,2.26,2.31,68.4,187,2,,
2025-07-25T08:23:26.331+0200,108,32,0.031,4769.415,7.59,0.61,3.52,7.59,,1.89,133.50,-0.10,-1.00,-13,100,25,,,94,,,,,,0,2025-07-25T08:23:25.000+0200,28,4,0.007,48.0989217,-2.1152750,1.94,0.16,2.26,2.31,68.4,187,2,,
2025-07-25T08:23:26.943+0200,109,32,0.032,4769.417,7.37,0.64,3.59,7.59,,0.36,133.50,-0.28,-2.70,-37,100,25,,,94,,,,,,0,2025-07-25T08:23:26.000+0200,29,4,0.007,48.0989200,-2.1152750,1.94,0.18,2.26,2.31,69.4,166,2,,
2025-07-25T08:23:26.967+0200,109,32,0.032,4769.417,7.37,0.64,3.59,7.59,,0.36,133.50,-0.28,-2.70,-37,100,25,,,94,,,,,,0,2025-07-25T08:23:26.000+0200,29,4,0.007,48.0989200,-2.1152750,1.94,0.18,2.26,2.31,69.4,166,2,,
2025-07-25T08:23:27.565+0200,110,33,0.033,4769.418,7.41,0.66,3.66,7.59,,1.08,133.50,-0.52,-4.90,-69,100,25,,,94,,,,,,0,2025-07-25T08:23:26.000+0200,30,4,0.007,48.0989200,-2.1152750,1.94,0.18,2.26,2.31,69.4,166,2,,
2025-07-25T08:23:27.588+0200,110,33,0.033,4769.418,7.41,0.66,3.66,7.59,,1.08,133.50,-0.52,-4.90,-69,100,25,,,94,,,,,,0,2025-07-25T08:23:26.000+0200,30,4,0.007,48.0989200,-2.1152750,1.94,0.18,2.26,2.31,69.4,166,2,,
2025-07-25T08:23:28.185+0200,110,34,0.034,4769.419,5.93,0.68,3.71,7.59,,-3.02,133.50,-0.41,-4.19,-55,100,25,,,95,,,,,,0,2025-07-25T08:23:27.000+0200,30,4,0.007,48.0989133,-2.1152750,1.89,0.19,2.26,2.31,70.5,185,2,,
2025-07-25T08:23:28.207+0200,110,34,0.034,4769.419,5.93,0.68,3.71,7.59,,-3.02,133.50,-0.41,-4.19,-55,100,25,,,95,,,,,,0,2025-07-25T08:23:27.000+0200,30,4,0.007,48.0989133,-2.1152750,1.89,0.19,2.26,2.31,70.5,185,2,,
2025-07-25T08:23:28.818+0200,111,34,0.036,4769.420,4.10,0.69,3.74,7.59,,-6.11,133.50,-0.62,-6.89,-83,100,25,,,97,,,,,,0,2025-07-25T08:23:28.000+0200,31,4,0.007,48.0989033,-2.1152833,1.87,0.20,2.26,2.31,71.6,183,2,,
2025-07-25T08:23:28.845+0200,111,34,0.036,4769.420,4.10,0.69,3.74,7.59,,-6.11,133.50,-0.62,-6.89,-83,100,25,,,97,,,,,,0,2025-07-25T08:23:28.000+0200,31,4,0.007,48.0989033,-2.1152833,1.87,0.20,2.26,2.31,71.6,183,2,,
2025-07-25T08:23:29.509+0200,112,35,0.037,4769.421,1.36,0.69,3.70,7.59,,-2.21,133.50,-0.06,-0.79,-8,100,25,,,99,,,,,,0,2025-07-25T08:23:28.000+0200,32,4,0.007,48.0989033,-2.1152833,1.87,0.20,2.26,2.31,71.6,183,2,,
2025-07-25T08:23:29.533+0200,112,35,0.037,4769.421,1.07,0.69,3.68,7.59,,-0.96,133.50,-0.24,-3.30,-32,100,25,,,99,,,,,,0,2025-07-25T08:23:28.000+0200,32,4,0.007,48.0989033,-2.1152833,1.87,0.20,2.26,2.31,71.6,183,2,,
2025-07-25T08:23:30.051+0200,112,35,0.037,4769.421,0.03,0.69,3.68,7.59,,-3.27,133.50,-0.28,-4.00,-37,100,25,,,100,,,,,,0,2025-07-25T08:23:29.000+0200,32,4,0.007,48.0988850,-2.1152933,1.88,0.21,2.26,2.31,72.5,186,2,,
2025-07-25T08:23:30.074+0200,112,35,0.037,4769.421,0.03,0.69,3.68,7.59,,-3.27,133.50,-0.28,-4.00,-37,100,25,,,100,,,,,,0,2025-07-25T08:23:29.000+0200,32,4,0.007,48.0988850,-2.1152933,1.88,0.21,2.26,2.31,72.5,186,2,,
2025-07-25T08:23:30.666+0200,113,35,0.037,4769.421,0.00,0.69,3.68,7.59,,0.00,133.50,0.00,0.00,0,100,25,,,100,,,,,,0,2025-07-25T08:23:30.000+0200,33,4,0.007,48.0988617,-2.1153000,1.67,0.21,2.26,2.31,72.8,344,2,,
2025-07-25T08:23:30.686+0200,113,35,0.037,4769.421,0.00,0.69,3.68,7.59,,0.00,133.50,0.00,0.00,0,100,25,,,100,,,,,,0,2025-07-25T08:23:30.000+0200,33,4,0.007,48.0988617,-2.1153000,1.67,0.21,2.26,2.31,72.8,344,2,,
2025-07-25T08:23:31.291+0200,113,35,0.037,4769.421,0.53,0.69,3.65,7.59,,1.69,133.50,-0.05,-0.70,-7,100,25,,,100,,,,,,0,2025-07-25T08:23:30.000+0200,33,4,0.007,48.0988617,-2.1153000,1.67,0.21,2.26,2.31,72.8,344,2,,
2025-07-25T08:23:31.315+0200,113,35,0.037,4769.421,0.53,0.69,3.65,7.59,,1.69,133.50,-0.05,-0.70,-7,100,25,,,100,,,,,,0,2025-07-25T08:23:30.000+0200,33,4,0.007,48.0988617,-2.1153000,1.67,0.21,2.26,2.31,72.8,344,2,,
2025-07-25T08:23:31.927+0200,114,35,0.037,4769.421,3.16,0.69,3.62,7.59,,8.04,133.50,0.34,2.00,45,100,25,,,97,,,,,,0,2025-07-25T08:23:31.000+0200,34,4,0.007,48.0988450,-2.1153083,1.55,0.22,2.26,2.31,72.6,102,2,,
2025-07-25T08:23:31.948+0200,114,35,0.037,4769.421,3.16,0.69,3.62,7.59,,8.04,133.50,0.34,2.00,45,100,25,,,97,,,,,,0,2025-07-25T08:23:31.000+0200,34,4,0.007,48.0988450,-2.1153083,1.55,0.22,2.26,2.31,72.6,102,2,,
2025-07-25T08:23:32.544+0200,115,36,0.037,4769.421,2.62,0.70,3.61,7.59,,-1.79,133.50,-0.62,-7.50,-83,100,25,,,98,,,,,,0,2025-07-25T08:23:31.000+0200,35,4,0.007,48.0988450,-2.1153083,1.55,0.22,2.26,2.31,72.6,102,2,,
2025-07-25T08:23:32.568+0200,115,36,0.037,4769.421,2.62,0.70,3.61,7.59,,-1.79,133.50,-0.62,-7.50,-83,100,25,,,98,,,,,,0,2025-07-25T08:23:31.000+0200,35,4,0.007,48.0988450,-2.1153083,1.55,0.22,2.26,2.31,72.6,102,2,,
2025-07-25T08:23:33.167+0200,115,37,0.038,4769.422,2.23,0.71,3.59,7.59,,0.56,133.50,-0.11,-1.40,-15,100,25,,,98,,,,,,0,2025-07-25T08:23:32.000+0200,35,4,0.007,48.0988317,-2.1153133,1.55,0.23,2.26,2.31,72.6,23,2,,
2025-07-25T08:23:33.190+0200,115,37,0.038,4769.422,2.23,0.71,3.59,7.59,,0.56,133.50,-0.11,-1.40,-15,100,25,,,98,,,,,,0,2025-07-25T08:23:32.000+0200,35,4,0.007,48.0988317,-2.1153133,1.55,0.23,2.26,2.31,72.6,23,2,,
2025-07-25T08:23:33.790+0200,116,37,0.038,4769.422,2.05,0.71,3.56,7.59,,-1.13,133.50,-0.36,-4.60,-48,100,25,,,98,,,,,,0,2025-07-25T08:23:33.000+0200,36,4,0.007,48.0988217,-2.1153100,1.57,0.24,2.26,2.31,72.8,97,2,,
2025-07-25T08:23:33.813+0200,116,37,0.038,4769.422,2.05,0.71,3.56,7.59,,-1.13,133.50,-0.36,-4.60,-48,100,25,,,98,,,,,,0,2025-07-25T08:23:33.000+0200,36,4,0.007,48.0988217,-2.1153100,1.57,0.24,2.26,2.31,72.8,97,2,,
2025-07-25T08:23:34.412+0200,117,38,0.039,4769.423,0.03,0.71,3.54,7.59,,-2.25,133.50,-0.39,-5.60,-52,100,25,,,100,,,,,,0,2025-07-25T08:23:33.000+0200,36,4,0.007,48.0988217,-2.1153100,1.57,0.24,2.26,2.31,72.8,97,2,,
2025-07-25T08:23:34.434+0200,117,38,0.039,4769.423,0.03,0.71,3.54,7.59,,-2.25,133.50,-0.39,-5.60,-52,100,25,,,100,,,,,,0,2025-07-25T08:23:33.000+0200,37,4,0.007,48.0988217,-2.1153100,1.57,0.24,2.26,2.31,72.8,97,2,,
2025-07-25T08:23:35.028+0200,117,39,0.039,4769.423,1.26,0.71,3.52,7.59,,3.39,133.50,0.86,5.70,115,100,25,,,99,,,,,,0,2025-07-25T08:23:34.000+0200,37,4,0.007,48.0988100,-2.1153100,0.00,0.24,2.26,2.31,72.9,273,2,,
2025-07-25T08:23:35.051+0200,117,39,0.039,4769.423,1.26,0.71,3.52,7.59,,3.39,133.50,0.86,5.70,115,100,25,,,99,,,,,,0,2025-07-25T08:23:34.000+0200,37,4,0.007,48.0988100,-2.1153100,0.00,0.24,2.26,2.31,72.9,273,2,,
2025-07-25T08:23:35.648+0200,118,39,0.039,4769.423,0.79,0.71,3.48,7.59,,0.90,133.50,0.44,3.00,59,100,25,,,99,,,,,,0,2025-07-25T08:23:35.000+0200,38,4,0.007,48.0988000,-2.1153150,0.00,0.24,2.26,2.31,72.8,191,2,,
2025-07-25T08:23:35.672+0200,118,39,0.039,4769.423,0.79,0.71,3.48,7.59,,0.90,133.50,0.44,3.00,59,100,25,,,99,,,,,,0,2025-07-25T08:23:35.000+0200,38,4,0.007,48.0988000,-2.1153150,0.00,0.24,2.26,2.31,72.8,191,2,,
2025-07-25T08:23:36.269+0200,118,40,0.039,4769.423,0.07,0.71,3.46,7.59,,-2.13,133.50,1.04,7.39,139,100,25,,,100,,,,,,0,2025-07-25T08:23:35.000+0200,38,4,0.007,48.0988000,-2.1153150,0.00,0.24,2.26,2.31,72.8,191,2,,
2025-07-25T08:23:36.289+0200,118,40,0.039,4769.423,0.07,0.71,3.46,7.59,,-2.13,133.50,1.04,7.39,139,100,25,,,100,,,,,,0,2025-07-25T08:23:35.000+0200,38,4,0.007,48.0988000,-2.1153150,0.00,0.24,2.26,2.31,72.8,191,2,,
2025-07-25T08:23:36.909+0200,119,40,0.039,4769.423,0.00,0.71,3.44,7.59,,-4.58,133.50,0.00,0.00,0,100,25,,,100,,,,,,0,2025-07-25T08:23:36.000+0200,39,4,0.007,48.0987950,-2.1153167,0.00,0.23,2.26,2.31,72.8,161,2,,
2025-07-25T08:23:36.932+0200,119,40,0.039,4769.423,0.00,0.71,3.44,7.59,,-4.58,133.50,0.00,0.00,0,100,25,,,100,,,,,,0,2025-07-25T08:23:36.000+0200,39,4,0.007,48.0987950,-2.1153167,0.00,0.23,2.26,2.31,72.8,161,2,,
2025-07-25T08:23:37.527+0200,120,40,0.039,4769.423,0.00,0.71,3.44,7.59,,0.00,133.50,0.00,0.00,0,100,25,,,100,,,,,,0,2025-07-25T08:23:36.000+0200,40,4,0.007,48.0987950,-2.1153167,0.00,0.23,2.26,2.31,72.8,161,2,,
2025-07-25T08:23:37.551+0200,120,40,0.039,4769.423,0.00,0.71,3.44,7.59,,0.00,133.50,0.00,0.00,0,100,25,,,100,,,,,,0,2025-07-25T08:23:36.000+0200,40,4,0.007,48.0987950,-2.1153167,0.00,0.23,2.26,2.31,72.8,161,2,,
2025-07-25T08:23:38.148+0200,120,40,0.039,4769.423,0.25,0.70,3.44,7.59,,0.84,133.50,-0.29,-4.10,-39,100,25,,,100,,,,,,0,2025-07-25T08:23:37.000+0200,40,4,0.007,48.0987950,-2.1153167,0.00,0.23,2.26,2.31,72.8,161,2,,
2025-07-25T08:23:38.176+0200,120,40,0.039,4769.423,0.25,0.70,3.44,7.59,,0.84,133.50,-0.29,-4.10,-39,100,25,,,100,,,,,,0,2025-07-25T08:23:37.000+0200,40,4,0.007,48.0987950,-2.1153167,0.00,0.23,2.26,2.31,72.8,161,2,,
2025-07-25T08:23:38.768+0200,121,40,0.039,4769.423,1.15,0.71,3.41,7.59,,-0.11,133.50,-0.38,-5.10,-51,100,25,,,99,,,,,,0,2025-07-25T08:23:38.000+0200,41,4,0.007,48.0987950,-2.1153167,0.00,0.23,2.26,2.31,72.8,161,2,,
2025-07-25T08:23:38.791+0200,121,40,0.039,4769.423,1.15,0.71,3.41,7.59,,-0.11,133.50,-0.38,-5.10,-51,100,25,,,99,,,,,,0,2025-07-25T08:23:38.000+0200,41,4,0.007,48.0987950,-2.1153167,0.00,0.23,2.26,2.31,72.8,161,2,,
2025-07-25T08:23:39.409+0200,122,41,0.039,4769.424,1.36,0.71,3.37,7.59,,0.60,133.50,-0.13,-1.70,-17,100,25,,,99,,,,,,0,2025-07-25T08:23:38.000+0200,41,4,0.007,48.0987950,-2.1153167,0.00,0.23,2.26,2.31,72.8,161,2,,
2025-07-25T08:23:39.434+0200,122,41,0.039,4769.424,1.36,0.71,3.37,7.59,,0.60,133.50,-0.13,-1.70,-17,100,25,,,99,,,,,,0,2025-07-25T08:23:38.000+0200,42,4,0.007,48.0987950,-2.1153167,0.00,0.23,2.26,2.31,72.8,161,2,,
2025-07-25T08:23:40.009+0200,122,41,0.040,4769.424,0.18,0.71,3.35,7.59,,-2.02,133.50,-0.14,-2.00,-19,100,25,,,100,,,,,,0,2025-07-25T08:23:39.000+0200,42,4,0.007,48.0987950,-2.1153167,0.00,0.23,2.26,2.31,72.8,161,2,,
2025-07-25T08:23:40.034+0200,122,41,0.040,4769.424,0.18,0.71,3.35,7.59,,-2.02,133.50,-0.14,-2.00,-19,100,25,,,100,,,,,,0,2025-07-25T08:23:39.000+0200,42,4,0.007,48.0987950,-2.1153167,0.00,0.23,2.26,2.31,72.8,161,2,,
2025-07-25T08:23:40.648+0200,123,41,0.040,4769.424,0.00,0.71,3.35,7.59,,-0.36,133.50,0.00,0.00,0,100,25,,,100,,,,,,0,2025-07-25T08:23:39.000+0200,43,4,0.007,48.0987950,-2.1153167,0.00,0.23,2.26,2.31,72.8,161,2,,
2025-07-25T08:23:40.670+0200,123,41,0.040,4769.424,0.00,0.71,3.35,7.59,,-0.36,133.50,0.00,0.00,0,100,25,,,100,,,,,,0,2025-07-25T08:23:40.000+0200,43,4,0.007,48.0987950,-2.1153167,0.00,0.23,2.26,2.31,72.8,190,2,,
2025-07-25T08:23:41.274+0200,123,42,0.040,4769.424,0.00,0.70,3.34,7.59,,-3.25,133.50,0.00,0.00,0,100,25,,,100,,,,,,0,2025-07-25T08:23:40.000+0200,43,4,0.007,48.0987950,-2.1153167,0.00,0.23,2.26,2.31,72.8,190,2,,
2025-07-25T08:23:41.301+0200,123,42,0.040,4769.424,0.00,0.70,3.34,7.59,,-3.25,133.50,0.00,0.00,0,100,25,,,100,,,,,,0,2025-07-25T08:23:40.000+0200,43,4,0.007,48.0987950,-2.1153167,0.00,0.23,2.26,2.31,72.8,190,2,,
2025-07-25T08:23:41.885+0200,124,42,0.040,4769.424,0.00,0.70,3.34,7.59,,0.00,133.50,0.00,0.00,0,100,25,,,100,,,,,,0,2025-07-25T08:23:41.000+0200,44,4,0.007,48.0987950,-2.1153167,0.00,0.23,2.26,2.31,72.8,190,2,,
2025-07-25T08:23:41.911+0200,124,42,0.040,4769.424,0.00,0.70,3.34,7.59,,0.00,133.50,0.00,0.00,0,100,25,,,100,,,,,,0,2025-07-25T08:23:41.000+0200,44,4,0.007,48.0987950,-2.1153167,0.00,0.23,2.26,2.31,72.8,190,2,,
2025-07-25T08:23:42.507+0200,125,42,0.040,4769.424,0.00,0.70,3.34,7.59,,0.00,133.50,0.00,0.00,0,100,25,,,100,,,,,,0,2025-07-25T08:23:41.000+0200,45,4,0.007,48.0987950,-2.1153167,0.00,0.23,2.26,2.31,72.8,190,2,,
2025-07-25T08:23:42.532+0200,125,42,0.040,4769.424,0.00,0.70,3.34,7.59,,0.00,133.50,0.00,0.00,0,100,25,,,100,,,,,,0,2025-07-25T08:23:41.000+0200,45,4,0.007,48.0987950,-2.1153167,0.00,0.23,2.26,2.31,72.8,190,2,,
2025-07-25T08:23:43.129+0200,125,42,0.040,4769.424,0.00,0.70,3.34,7.59,,0.00,133.50,0.00,0.00,0,100,25,,,100,,,,,,0,2025-07-25T08:23:42.000+0200,45,4,0.007,48.0987950,-2.1153167,0.00,0.23,2.26,2.31,72.8,190,2,,
2025-07-25T08:23:43.154+0200,125,42,0.040,4769.424,0.00,0.70,3.34,7.59,,0.00,133.50,0.00,0.00,0,100,25,,,100,,,,,,0,2025-07-25T08:23:42.000+0200,45,4,0.007,48.0987950,-2.1153167,0.00,0.23,2.26,2.31,72.8,190,2,,
2025-07-25T08:23:43.749+0200,126,42,0.040,4769.424,0.00,0.70,3.34,7.59,,0.00,133.50,0.00,0.00,0,100,25,,,100,,,,,,0,2025-07-25T08:23:43.000+0200,46,4,0.007,48.0987950,-2.1153167,0.00,0.23,2.26,2.31,72.8,190,2,,
2025-07-25T08:23:43.772+0200,126,42,0.040,4769.424,0.00,0.70,3.34,7.59,,0.00,133.50,0.00,0.00,0,100,25,,,100,,,,,,0,2025-07-25T08:23:43.000+0200,46,4,0.007,48.0987950,-2.1153167,0.00,0.23,2.26,2.31,72.8,190,2,,
2025-07-25T08:23:44.364+0200,126,42,0.040,4769.424,0.00,0.69,3.34,7.59,,0.00,133.50,0.00,0.00,0,100,25,,,100,,,,,,0,2025-07-25T08:23:43.000+0200,46,4,0.007,48.0987950,-2.1153167,0.00,0.23,2.26,2.31,72.8,190,2,,
2025-07-25T08:23:44.388+0200,126,42,0.040,4769.424,0.00,0.69,3.34,7.59,,0.00,133.50,0.00,0.00,0,100,25,,,100,,,,,,0,2025-07-25T08:23:43.000+0200,46,4,0.007,48.0987950,-2.1153167,0.00,0.23,2.26,2.31,72.8,190,2,,
2025-07-25T08:23:44.988+0200,127,42,0.040,4769.424,0.82,0.69,3.32,7.59,,2.57,133.50,-0.22,-3.00,-29,100,25,,,99,,,,,,0,2025-07-25T08:23:44.000+0200,47,4,0.007,48.0987950,-2.1153167,0.00,0.22,2.26,2.31,72.8,190,2,,
2025-07-25T08:23:45.011+0200,127,43,0.040,4769.424,0.82,0.69,3.32,7.59,,2.57,133.50,-0.22,-3.00,-29,100,25,,,99,,,,,,0,2025-07-25T08:23:44.000+0200,47,4,0.007,48.0987950,-2.1153167,0.00,0.22,2.26,2.31,72.8,190,2,,
2025-07-25T08:23:45.606+0200,128,43,0.040,4769.424,0.00,0.69,3.30,7.59,,-3.80,133.50,0.00,0.00,0,100,25,,,100,,,,,,0,2025-07-25T08:23:44.000+0200,48,4,0.007,48.0987950,-2.1153167,0.00,0.22,2.26,2.31,72.8,190,2,,
2025-07-25T08:23:45.628+0200,128,43,0.040,4769.424,0.00,0.69,3.30,7.59,,-3.80,133.50,0.00,0.00,0,100,25,,,100,,,,,,0,2025-07-25T08:23:44.000+0200,48,4,0.007,48.0987950,-2.1153167,0.00,0.22,2.26,2.31,72.8,190,2,,
2025-07-25T08:23:46.226+0200,128,43,0.040,4769.424,0.82,0.69,3.28,7.59,,2.12,133.50,0.60,4.10,80,100,25,,,99,,,,,,0,2025-07-25T08:23:45.000+0200,48,4,0.007,48.0987950,-2.1153167,0.00,0.22,2.26,2.31,72.8,190,2,,
2025-07-25T08:23:46.243+0200,128,43,0.040,4769.424,0.82,0.69,3.28,7.59,,2.12,133.50,0.60,4.10,80,100,25,,,99,,,,,,0,2025-07-25T08:23:45.000+0200,48,4,0.007,48.0987950,-2.1153167,0.00,0.22,2.26,2.31,72.8,190,2,,
2025-07-25T08:23:46.870+0200,129,43,0.040,4769.424,0.00,0.69,3.27,7.59,,-4.32,133.50,0.00,0.00,0,100,25,,,100,,,,,,0,2025-07-25T08:23:46.000+0200,49,4,0.007,48.0987950,-2.1153167,0.00,0.22,2.26,2.31,72.8,190,2,,
2025-07-25T08:23:46.894+0200,129,43,0.040,4769.424,0.00,0.69,3.27,7.59,,-4.32,133.50,0.00,0.00,0,100,25,,,100,,,,,,0,2025-07-25T08:23:46.000+0200,49,4,0.007,48.0987950,-2.1153167,0.00,0.22,2.26,2.31,72.8,190,2,,
2025-07-25T08:23:47.487+0200,130,43,0.040,4769.424,0.00,0.69,3.27,7.59,,0.00,133.50,0.00,0.00,0,100,25,,,100,,,,,,0,2025-07-25T08:23:46.000+0200,50,4,0.007,48.0987950,-2.1153167,0.00,0.22,2.26,2.31,72.8,190,2,,
2025-07-25T08:23:47.510+0200,130,43,0.040,4769.424,0.00,0.69,3.27,7.59,,0.00,133.50,0.00,0.00,0,100,25,,,100,,,,,,0,2025-07-25T08:23:46.000+0200,50,4,0.007,48.0987950,-2.1153167,0.00,0.22,2.26,2.31,72.8,190,2,,
2025-07-25T08:23:48.104+0200,130,43,0.040,4769.424,0.00,0.69,3.27,7.59,,0.00,133.50,0.00,0.00,0,100,25,,,100,,,,,,0,2025-07-25T08:23:47.000+0200,50,4,0.007,48.0988183,-2.1152933,1.50,0.23,2.26,2.31,69.9,19,2,,
2025-07-25T08:23:48.127+0200,130,43,0.040,4769.424,0.00,0.69,3.27,7.59,,0.00,133.50,0.00,0.00,0,100,25,,,100,,,,,,0,2025-07-25T08:23:47.000+0200,50,4,0.007,48.0988183,-2.1152933,1.50,0.23,2.26,2.31,69.9,19,2,,
2025-07-25T08:23:48.726+0200,131,43,0.040,4769.424,0.00,0.69,3.27,7.59,,-1.13,133.50,0.00,0.00,0,100,25,,,100,,,,,,0,2025-07-25T08:23:48.000+0200,51,4,0.010,48.0988433,-2.1152750,2.43,0.24,2.29,2.43,68.9,21,2,,
2025-07-25T08:23:48.748+0200,131,43,0.040,4769.424,0.00,0.69,3.27,7.59,,-1.13,133.50,0.00,0.00,0,100,25,,,100,,,,,,0,2025-07-25T08:23:48.000+0200,51,4,0.010,48.0988433,-2.1152750,2.43,0.24,2.29,2.43,68.9,21,2,,
2025-07-25T08:23:49.350+0200,131,43,0.040,4769.424,2.01,0.69,3.26,7.59,,5.27,133.50,0.41,2.60,55,100,25,,,98,,,,,,0,2025-07-25T08:23:48.000+0200,51,4,0.010,48.0988433,-2.1152750,2.43,0.24,2.29,2.43,68.9,21,2,,
2025-07-25T08:23:49.370+0200,131,43,0.040,4769.424,2.01,0.69,3.26,7.59,,5.27,133.50,0.41,2.60,55,100,25,,,98,,,,,,0,2025-07-25T08:23:48.000+0200,51,4,0.010,48.0988433,-2.1152750,2.43,0.24,2.29,2.43,68.9,21,2,,
2025-07-25T08:23:49.969+0200,132,43,0.040,4769.424,3.02,0.70,3.26,7.59,,-1.57,133.50,0.47,2.80,63,100,25,,,98,,,,,,0,2025-07-25T08:23:49.000+0200,52,5,0.014,48.0988733,-2.1152667,3.37,0.26,2.47,3.37,67.7,10,2,,
2025-07-25T08:23:49.993+0200,132,43,0.040,4769.424,3.02,0.70,3.26,7.59,,-1.57,133.50,0.47,2.80,63,100,25,,,98,,,,,,0,2025-07-25T08:23:49.000+0200,52,5,0.014,48.0988733,-2.1152667,3.37,0.26,2.47,3.37,67.7,10,2,,
2025-07-25T08:23:50.590+0200,133,44,0.041,4769.425,3.49,0.70,3.27,7.59,,-1.69,133.50,-1.58,-18.10,-211,100,25,,,97,,,,,,0,2025-07-25T08:23:49.000+0200,53,6,0.014,48.0988733,-2.1152667,3.37,0.26,2.47,3.37,67.7,10,2,,
2025-07-25T08:23:50.615+0200,133,44,0.041,4769.425,3.49,0.70,3.27,7.59,,-1.69,133.50,-1.58,-18.10,-211,100,25,,,97,,,,,,0,2025-07-25T08:23:49.000+0200,53,6,0.014,48.0988733,-2.1152667,3.37,0.26,2.47,3.37,67.7,10,2,,
2025-07-25T08:23:51.226+0200,133,45,0.041,4769.426,5.25,0.72,3.29,7.59,,3.70,133.50,1.25,6.50,167,100,25,,,96,,,,,,0,2025-07-25T08:23:50.000+0200,53,6,0.014,48.0988700,-2.1152683,0.00,0.26,2.47,3.37,66.4,10,2,,
2025-07-25T08:23:51.250+0200,133,45,0.041,4769.426,5.25,0.72,3.29,7.59,,3.70,133.50,1.25,6.50,167,100,25,,,96,,,,,,0,2025-07-25T08:23:50.000+0200,53,6,0.014,48.0988700,-2.1152683,0.00,0.26,2.47,3.37,66.4,10,2,,
2025-07-25T08:23:51.846+0200,134,45,0.042,4769.427,6.37,0.73,3.33,7.59,,1.24,133.39,5.19,25.50,692,100,25,,,95,,,,,,0,2025-07-25T08:23:51.000+0200,54,6,0.016,48.0988483,-2.1152800,3.90,0.27,2.68,3.90,65.2,146,2,,
2025-07-25T08:23:51.868+0200,134,45,0.042,4769.427,6.37,0.73,3.33,7.59,,1.24,133.39,5.19,25.50,692,100,25,,,95,,,,,,0,2025-07-25T08:23:51.000+0200,54,6,0.016,48.0988483,-2.1152800,3.90,0.27,2.68,3.90,65.2,146,2,,
2025-07-25T08:23:52.464+0200,135,46,0.043,4769.428,9.35,0.76,3.40,9.35,,3.70,133.39,1.37,5.90,183,100,25,,,92,,,,,,0,2025-07-25T08:23:51.000+0200,55,7,0.016,48.0988483,-2.1152800,3.90,0.27,2.68,3.90,65.2,146,2,,
2025-07-25T08:23:52.487+0200,135,46,0.043,4769.428,9.35,0.76,3.40,9.35,,3.70,133.39,1.37,5.90,183,100,25,,,92,,,,,,0,2025-07-25T08:23:51.000+0200,55,7,0.016,48.0988483,-2.1152800,3.90,0.27,2.68,3.90,65.2,146,2,,
2025-07-25T08:23:53.106+0200,135,47,0.045,4769.429,8.20,0.78,3.46,9.35,,-0.71,133.39,-0.82,-7.39,-109,100,25,,,93,,,,,,0,2025-07-25T08:23:52.000+0200,55,7,0.019,48.0988267,-2.1152733,4.37,0.30,2.89,4.37,64.2,146,2,,
2025-07-25T08:23:53.129+0200,135,47,0.045,4769.429,8.20,0.78,3.46,9.35,,-0.71,133.39,-0.82,-7.39,-109,100,25,,,93,,,,,,0,2025-07-25T08:23:52.000+0200,55,7,0.019,48.0988267,-2.1152733,4.37,0.30,2.89,4.37,64.2,146,2,,
2025-07-25T08:23:53.728+0200,136,47,0.046,4769.431,7.77,0.80,3.52,9.35,,-0.24,133.39,-0.66,-6.10,-88,100,25,,,94,,,,,,0,2025-07-25T08:23:53.000+0200,56,8,0.022,48.0987983,-2.1152717,4.85,0.32,3.11,4.85,63.1,142,2,,
2025-07-25T08:23:53.751+0200,136,47,0.046,4769.431,7.77,0.80,3.52,9.35,,-0.24,133.39,-0.66,-6.10,-88,100,25,,,94,,,,,,0,2025-07-25T08:23:53.000+0200,56,8,0.022,48.0987983,-2.1152717,4.85,0.32,3.11,4.85,63.1,142,2,,
2025-07-25T08:23:54.352+0200,136,48,0.047,4769.432,7.45,0.82,3.57,9.35,,0.72,133.50,-1.70,-15.90,-227,100,25,,,94,,,,,,0,2025-07-25T08:23:53.000+0200,56,8,0.022,48.0987983,-2.1152717,4.85,0.32,3.11,4.85,63.1,142,2,,
2025-07-25T08:23:54.374+0200,136,48,0.047,4769.432,7.45,0.82,3.57,9.35,,0.72,133.50,-1.70,-15.90,-227,100,25,,,94,,,,,,0,2025-07-25T08:23:53.000+0200,56,8,0.022,48.0987983,-2.1152717,4.85,0.32,3.11,4.85,63.1,142,2,,
2025-07-25T08:23:54.967+0200,137,48,0.049,4769.433,6.15,0.83,3.60,9.35,,-1.20,133.50,5.76,28.59,769,100,25,,,95,,,,,,0,2025-07-25T08:23:54.000+0200,57,9,0.025,48.0987683,-2.1152650,5.31,0.35,3.33,5.31,63.0,136,2,,
2025-07-25T08:23:54.994+0200,137,48,0.049,4769.433,6.15,0.83,3.60,9.35,,-1.20,133.50,5.76,28.59,769,100,25,,,95,,,,,,0,2025-07-25T08:23:54.000+0200,57,9,0.025,48.0987683,-2.1152650,5.31,0.35,3.33,5.31,63.0,136,2,,
2025-07-25T08:23:55.585+0200,138,49,0.050,4769.434,6.15,0.85,3.65,9.35,,-6.79,133.50,-1.33,-13.20,-178,100,25,,,95,,,,,,0,2025-07-25T08:23:54.000+0200,58,10,0.025,48.0987683,-2.1152650,5.31,0.35,3.33,5.31,63.0,136,2,,
2025-07-25T08:23:55.611+0200,138,49,0.050,4769.434,6.15,0.85,3.65,9.35,,-6.79,133.50,-1.33,-13.20,-178,100,25,,,95,,,,,,0,2025-07-25T08:23:54.000+0200,58,10,0.025,48.0987683,-2.1152650,5.31,0.35,3.33,5.31,63.0,136,2,,
2025-07-25T08:23:56.203+0200,138,50,0.051,4769.436,5.93,0.86,3.67,9.35,,2.36,133.39,6.04,30.30,806,100,25,,,95,,,,,,0,2025-07-25T08:23:55.000+0200,58,10,0.027,48.0987500,-2.1152650,5.45,0.37,3.52,5.45,63.0,138,2,,
2025-07-25T08:23:56.226+0200,138,50,0.051,4769.436,5.93,0.86,3.67,9.35,,2.36,133.39,6.04,30.30,806,100,25,,,95,,,,,,0,2025-07-25T08:23:55.000+0200,58,10,0.027,48.0987500,-2.1152650,5.45,0.37,3.52,5.45,63.0,138,2,,
2025-07-25T08:23:56.837+0200,139,50,0.052,4769.437,11.66,0.89,3.75,11.66,,7.90,133.20,7.95,31.00,1059,100,25,,,90,,,,,,0,2025-07-25T08:23:56.000+0200,59,11,0.029,48.0987383,-2.1152633,5.73,0.40,3.70,5.73,64.0,48,2,,
2025-07-25T08:23:56.862+0200,139,50,0.052,4769.437,11.66,0.89,3.75,11.66,,7.90,133.20,7.95,31.00,1059,100,25,,,90,,,,,,0,2025-07-25T08:23:56.000+0200,59,11,0.029,48.0987383,-2.1152633,5.73,0.40,3.70,5.73,64.0,48,2,,
2025-07-25T08:23:57.463+0200,140,51,0.054,4769.438,10.40,0.92,3.83,11.66,,0.79,133.20,4.73,19.40,630,100,25,,,91,,,,,,0,2025-07-25T08:23:56.000+0200,60,12,0.029,48.0987383,-2.1152633,5.73,0.40,3.70,5.73,64.0,48,2,,
2025-07-25T08:23:57.485+0200,140,51,0.054,4769.438,10.40,0.92,3.83,11.66,,0.79,133.20,4.73,19.40,630,100,25,,,91,,,,,,0,2025-07-25T08:23:56.000+0200,60,12,0.029,48.0987383,-2.1152633,5.73,0.40,3.70,5.73,64.0,48,2,,
2025-07-25T08:23:58.067+0200,140,52,0.055,4769.440,11.55,0.95,3.92,11.66,,4.01,133.20,3.01,11.80,401,100,25,,,90,,,,,,0,2025-07-25T08:23:57.000+0200,60,12,0.029,48.0987383,-2.1152550,4.99,0.42,3.80,5.73,64.6,36,2,,
2025-07-25T08:23:58.090+0200,140,52,0.055,4769.440,11.55,0.95,3.92,11.66,,4.01,133.20,3.01,11.80,401,100,25,,,90,,,,,,0,2025-07-25T08:23:57.000+0200,60,12,0.029,48.0987383,-2.1152550,4.99,0.42,3.80,5.73,64.6,36,2,,
2025-07-25T08:23:58.709+0200,141,52,0.057,4769.442,10.90,0.98,4.00,11.66,,-1.35,133.20,5.13,20.60,683,100,25,,,91,,,,,,0,2025-07-25T08:23:58.000+0200,61,13,0.032,48.0987517,-2.1152250,5.13,0.45,3.90,5.73,65.3,35,2,,
2025-07-25T08:23:58.734+0200,141,52,0.057,4769.442,10.90,0.98,4.00,11.66,,-1.35,133.20,5.13,20.60,683,100,25,,,91,,,,,,0,2025-07-25T08:23:58.000+0200,61,13,0.032,48.0987517,-2.1152250,5.13,0.45,3.90,5.73,65.3,35,2,,
2025-07-25T08:23:59.330+0200,141,53,0.059,4769.444,13.67,1.01,4.11,13.67,,3.60,133.20,2.18,7.89,290,100,25,,,89,,,,,,0,2025-07-25T08:23:58.000+0200,61,13,0.032,48.0987517,-2.1152250,5.13,0.45,3.90,5.73,65.3,35,2,,
2025-07-25T08:23:59.354+0200,141,53,0.059,4769.444,13.67,1.01,4.11,13.67,,3.60,133.20,2.18,7.89,290,100,25,,,89,,,,,,0,2025-07-25T08:23:58.000+0200,61,13,0.032,48.0987517,-2.1152250,5.13,0.45,3.90,5.73,65.3,35,2,,
2025-07-25T08:23:59.943+0200,142,53,0.061,4769.447,13.96,1.05,4.22,13.96,,1.24,133.20,5.25,18.79,699,100,25,,,88,,,,,,0,2025-07-25T08:23:59.000+0200,62,14,0.035,48.0987733,-2.1152000,5.11,0.47,3.98,5.73,65.7,23,2,,
2025-07-25T08:23:59.966+0200,142,53,0.061,4769.447,13.96,1.05,4.22,13.96,,1.24,133.20,5.25,18.79,699,100,25,,,88,,,,,,0,2025-07-25T08:23:59.000+0200,62,14,0.035,48.0987733,-2.1152000,5.11,0.47,3.98,5.73,65.7,23,2,,
2025-07-25T08:24:00.565+0200,143,54,0.064,4769.449,16.37,1.09,4.35,16.37,,6.20,132.89,18.50,60.90,2458,100,25,,,86,,,,,,0,2025-07-25T08:23:59.000+0200,63,15,0.035,48.0987733,-2.1152000,5.11,0.47,3.98,5.73,65.7,23,2,,
2025-07-25T08:24:00.588+0200,143,54,0.064,4769.449,16.37,1.09,4.35,16.37,,6.20,132.89,18.50,60.90,2458,100,25,,,86,,,,,,0,2025-07-25T08:23:59.000+0200,63,15,0.035,48.0987733,-2.1152000,5.11,0.47,3.98,5.73,65.7,23,2,,
2025-07-25T08:24:01.205+0200,143,55,0.066,4769.452,21.16,1.14,4.53,21.16,,3.59,132.50,17.19,48.90,2278,100,25,,,82,,,,,,0,2025-07-25T08:24:00.000+0200,63,15,0.037,48.0987917,-2.1151850,5.88,0.50,4.10,5.88,65.5,18,2,,
2025-07-25T08:24:01.226+0200,143,55,0.066,4769.452,21.16,1.14,4.53,21.16,,3.59,132.50,17.19,48.90,2278,100,25,,,82,,,,,,0,2025-07-25T08:24:00.000+0200,63,15,0.037,48.0987917,-2.1151850,5.88,0.50,4.10,5.88,65.5,18,2,,
2025-07-25T08:24:01.820+0200,144,55,0.070,4769.456,25.12,1.21,4.75,25.12,,2.98,132.09,20.50,52.40,2708,100,26,,,79,,,,,,0,2025-07-25T08:24:01.000+0200,64,16,0.041,48.0988200,-2.1151500,6.64,0.53,4.25,6.64,64.9,22,2,,
2025-07-25T08:24:01.838+0200,144,55,0.070,4769.456,25.12,1.21,4.75,25.12,,2.98,132.09,20.50,52.40,2708,100,26,,,79,,,,,,0,2025-07-25T08:24:01.000+0200,64,16,0.041,48.0988200,-2.1151500,6.64,0.53,4.25,6.64,64.9,22,2,,
2025-07-25T08:24:02.451+0200,145,56,0.074,4769.460,30.20,1.29,5.02,30.20,,8.46,131.70,22.76,51.50,2997,100,26,,,75,,,,,,0,2025-07-25T08:24:01.000+0200,65,17,0.041,48.0988200,-2.1151500,6.64,0.53,4.25,6.64,64.9,22,2,,
2025-07-25T08:24:02.475+0200,145,56,0.074,4769.460,30.20,1.29,5.02,30.20,,8.46,131.70,22.76,51.50,2997,100,26,,,75,,,,,,0,2025-07-25T08:24:01.000+0200,65,17,0.041,48.0988200,-2.1151500,6.64,0.53,4.25,6.64,64.9,22,2,,
2025-07-25T08:24:03.089+0200,145,57,0.079,4769.466,33.12,1.37,5.32,33.12,,3.59,131.59,14.23,30.20,1873,100,26,,,72,,,,,,0,2025-07-25T08:24:02.000+0200,65,17,0.047,48.0988583,-2.1151083,7.58,0.56,4.43,7.58,64.3,22,2,,
2025-07-25T08:24:03.112+0200,145,57,0.079,4769.466,33.12,1.37,5.32,33.12,,3.59,131.59,14.23,30.20,1873,100,26,,,72,,,,,,0,2025-07-25T08:24:02.000+0200,65,17,0.047,48.0988583,-2.1151083,7.58,0.56,4.43,7.58,64.3,22,2,,
2025-07-25T08:24:03.692+0200,146,57,0.084,4769.471,34.73,1.46,5.63,34.73,,4.29,131.70,7.35,15.10,968,100,26,,,71,,,,,,0,2025-07-25T08:24:03.000+0200,66,18,0.052,48.0989050,-2.1150750,8.84,0.60,4.66,8.84,64.0,22,2,,
2025-07-25T08:24:03.716+0200,146,57,0.084,4769.471,34.73,1.46,5.63,34.73,,4.29,131.70,7.35,15.10,968,100,26,,,71,,,,,,0,2025-07-25T08:24:03.000+0200,66,18,0.052,48.0989050,-2.1150750,8.84,0.60,4.66,8.84,64.0,22,2,,
2025-07-25T08:24:04.331+0200,146,58,0.090,4769.477,35.92,1.56,5.94,35.92,,3.59,131.80,8.88,17.79,1170,100,26,,,70,,,,,,0,2025-07-25T08:24:03.000+0200,66,18,0.052,48.0989050,-2.1150750,8.84,0.60,4.66,8.84,64.0,22,2,,
2025-07-25T08:24:04.356+0200,146,58,0.090,4769.477,35.92,1.56,5.94,35.92,,3.59,131.80,8.88,17.79,1170,100,26,,,70,,,,,,0,2025-07-25T08:24:03.000+0200,66,18,0.052,48.0989050,-2.1150750,8.84,0.60,4.66,8.84,64.0,22,2,,
2025-07-25T08:24:04.926+0200,147,58,0.096,4769.483,36.64,1.65,6.26,36.64,,3.15,131.80,13.47,26.59,1775,100,26,,,69,,,,,,0,2025-07-25T08:24:04.000+0200,67,19,0.060,48.0989683,-2.1150367,10.64,0.65,4.96,10.64,63.5,22,3,,
2025-07-25T08:24:04.951+0200,147,58,0.096,4769.483,36.64,1.65,6.26,36.64,,3.15,131.80,13.47,26.59,1775,100,26,,,69,,,,,,0,2025-07-25T08:24:04.000+0200,67,19,0.060,48.0989683,-2.1150367,10.64,0.65,4.96,10.64,63.5,22,3,,
2025-07-25T08:24:05.567+0200,148,59,0.102,4769.490,37.43,1.75,6.58,37.43,,1.79,131.70,12.86,25.00,1694,100,26,,,69,,,,,,0,2025-07-25T08:24:04.000+0200,68,20,0.060,48.0989683,-2.1150367,10.64,0.65,4.96,10.64,63.5,22,3,,
2025-07-25T08:24:05.591+0200,148,59,0.102,4769.490,37.43,1.75,6.58,37.43,,1.79,131.70,12.86,25.00,1694,100,26,,,69,,,,,,0,2025-07-25T08:24:04.000+0200,68,20,0.060,48.0989683,-2.1150367,10.64,0.65,4.96,10.64,63.5,22,3,,
2025-07-25T08:24:06.183+0200,148,60,0.109,4769.496,39.16,1.85,6.91,39.16,,2.51,131.70,8.45,15.90,1113,100,26,,,67,,,,,,0,2025-07-25T08:24:05.000+0200,68,20,0.070,48.0990533,-2.1149883,28.27,0.79,6.07,28.27,63.0,21,3,,
2025-07-25T08:24:06.207+0200,148,60,0.109,4769.496,39.16,1.85,6.91,39.16,,2.51,131.70,8.45,15.90,1113,100,26,,,67,,,,,,0,2025-07-25T08:24:05.000+0200,68,20,0.070,48.0990533,-2.1149883,28.27,0.79,6.07,28.27,63.0,21,3,,
2025-07-25T08:24:06.805+0200,149,60,0.116,4769.503,38.98,1.96,7.25,40.06,,-3.60,131.89,2.70,5.10,356,100,26,,,67,,,,,,0,2025-07-25T08:24:06.000+0200,69,21,0.083,48.0991600,-2.1149250,32.04,0.94,7.25,32.04,63.1,27,2,,
2025-07-25T08:24:06.828+0200,149,60,0.116,4769.503,38.98,1.96,7.25,40.06,,-3.60,131.89,2.70,5.10,356,100,26,,,67,,,,,,0,2025-07-25T08:24:06.000+0200,69,21,0.083,48.0991600,-2.1149250,32.04,0.94,7.25,32.04,63.1,27,2,,
2025-07-25T08:24:07.425+0200,150,61,0.122,4769.510,40.82,2.06,7.58,40.82,,2.39,131.89,13.04,23.80,1720,100,26,,,66,,,,,,0,2025-07-25T08:24:06.000+0200,69,21,0.083,48.0991600,-2.1149250,32.04,0.94,7.25,32.04,63.1,27,2,,
2025-07-25T08:24:07.450+0200,150,61,0.122,4769.510,40.82,2.06,7.58,40.82,,2.39,131.89,13.04,23.80,1720,100,26,,,66,,,,,,0,2025-07-25T08:24:06.000+0200,70,22,0.083,48.0991600,-2.1149250,32.04,0.94,7.25,32.04,63.1,27,2,,
2025-07-25T08:24:08.048+0200,150,62,0.129,4769.517,39.13,2.16,7.90,40.82,,-2.02,132.00,6.80,12.79,898,100,26,,,67,,,,,,0,2025-07-25T08:24:07.000+0200,70,22,0.094,48.0992550,-2.1148767,32.73,1.10,8.36,32.73,63.1,19,2,,
2025-07-25T08:24:08.073+0200,150,62,0.129,4769.517,39.13,2.16,7.90,40.82,,-2.02,132.00,6.80,12.79,898,100,26,,,67,,,,,,0,2025-07-25T08:24:07.000+0200,70,22,0.094,48.0992550,-2.1148767,32.73,1.10,8.36,32.73,63.1,19,2,,
2025-07-25T08:24:08.667+0200,151,62,0.136,4769.524,40.42,2.27,8.22,40.82,,-0.96,132.09,5.00,9.20,660,100,26,,,66,,,,,,0,2025-07-25T08:24:08.000+0200,71,23,0.105,48.0993433,-2.1148200,34.43,1.26,9.45,34.43,63.8,27,2,,
2025-07-25T08:24:08.685+0200,151,62,0.136,4769.524,40.42,2.27,8.22,40.82,,-0.96,132.09,5.00,9.20,660,100,26,,,66,,,,,,0,2025-07-25T08:24:08.000+0200,71,23,0.105,48.0993433,-2.1148200,34.43,1.26,9.45,34.43,63.8,27,2,,
2025-07-25T08:24:09.288+0200,151,63,0.143,4769.531,39.67,2.37,8.53,40.82,,2.17,132.09,8.85,16.50,1169,100,26,,,67,,,,,,0,2025-07-25T08:24:08.000+0200,71,23,0.105,48.0993433,-2.1148200,34.43,1.26,9.45,34.43,63.8,27,2,,
2025-07-25T08:24:09.311+0200,151,63,0.143,4769.531,39.67,2.37,8.53,40.82,,2.17,132.09,8.85,16.50,1169,100,26,,,67,,,,,,0,2025-07-25T08:24:08.000+0200,71,23,0.105,48.0993433,-2.1148200,34.43,1.26,9.45,34.43,63.8,27,2,,
2025-07-25T08:24:09.910+0200,152,63,0.150,4769.538,39.02,2.47,8.83,40.82,,-3.39,132.20,5.14,9.70,680,100,26,,,67,,,,,,0,2025-07-25T08:24:09.000+0200,72,24,0.115,48.0994250,-2.1147600,36.11,1.42,10.51,36.11,64.0,29,2,,
2025-07-25T08:24:09.932+0200,152,63,0.150,4769.538,39.02,2.47,8.83,40.82,,-3.39,132.20,5.14,9.70,680,100,26,,,67,,,,,,0,2025-07-25T08:24:09.000+0200,72,24,0.115,48.0994250,-2.1147600,36.11,1.42,10.51,36.11,64.0,29,2,,
2025-07-25T08:24:10.547+0200,153,64,0.157,4769.545,40.21,2.57,9.13,40.82,,4.07,132.20,4.77,8.80,631,100,26,,,66,,,,,,0,2025-07-25T08:24:09.000+0200,73,25,0.115,48.0994250,-2.1147600,36.11,1.42,10.51,36.11,64.0,29,2,,
2025-07-25T08:24:10.570+0200,153,64,0.157,4769.545,40.21,2.57,9.13,40.82,,4.07,132.20,4.77,8.80,631,100,26,,,66,,,,,,0,2025-07-25T08:24:09.000+0200,73,25,0.115,48.0994250,-2.1147600,36.11,1.42,10.51,36.11,64.0,29,2,,
2025-07-25T08:24:11.170+0200,153,65,0.164,4769.551,38.30,2.67,9.41,40.82,,-4.90,132.39,5.64,10.80,747,100,26,,,68,,,,,,0,2025-07-25T08:24:10.000+0200,73,25,0.125,48.0995050,-2.1146900,34.65,1.58,11.44,36.11,64.4,29,2,,
2025-07-25T08:24:11.196+0200,153,65,0.164,4769.551,38.30,2.67,9.41,40.82,,-4.90,132.39,5.64,10.80,747,100,26,,,68,,,,,,0,2025-07-25T08:24:10.000+0200,73,25,0.125,48.0995050,-2.1146900,34.65,1.58,11.44,36.11,64.4,29,2,,
2025-07-25T08:24:11.788+0200,154,65,0.171,4769.558,37.80,2.76,9.68,40.82,,-1.44,132.39,11.29,21.80,1495,100,26,,,69,,,,,,0,2025-07-25T08:24:11.000+0200,74,26,0.136,48.0995883,-2.1146200,35.06,1.74,12.32,36.11,64.8,27,2,,
2025-07-25T08:24:11.812+0200,154,65,0.171,4769.558,37.80,2.76,9.68,40.82,,-1.44,132.39,11.29,21.80,1495,100,26,,,69,,,,,,0,2025-07-25T08:24:11.000+0200,74,26,0.136,48.0995883,-2.1146200,35.06,1.74,12.32,36.11,64.8,27,2,,
2025-07-25T08:24:12.408+0200,155,66,0.177,4769.565,39.85,2.86,9.96,40.82,,1.80,132.09,19.81,36.80,2617,100,26,,,67,,,,,,0,2025-07-25T08:24:11.000+0200,74,26,0.136,48.0995883,-2.1146200,35.06,1.74,12.32,36.11,64.8,27,2,,
2025-07-25T08:24:12.431+0200,155,66,0.177,4769.565,39.85,2.86,9.96,40.82,,1.80,132.09,19.81,36.80,2617,100,26,,,67,,,,,,0,2025-07-25T08:24:11.000+0200,74,26,0.136,48.0995883,-2.1146200,35.06,1.74,12.32,36.11,64.8,27,2,,
2025-07-25T08:24:13.029+0200,155,67,0.184,4769.572,41.65,2.97,10.25,41.65,,0.22,131.89,7.84,14.10,1034,100,26,,,65,,,,,,0,2025-07-25T08:24:12.000+0200,75,27,0.146,48.0996717,-2.1145600,38.94,1.92,13.27,38.94,64.9,27,2,,
2025-07-25T08:24:13.050+0200,155,67,0.184,4769.572,41.65,2.97,10.25,41.65,,0.22,131.89,7.84,14.10,1034,100,26,,,65,,,,,,0,2025-07-25T08:24:12.000+0200,75,27,0.146,48.0996717,-2.1145600,38.94,1.92,13.27,38.94,64.9,27,2,,
2025-07-25T08:24:13.645+0200,156,67,0.191,4769.579,41.07,3.07,10.54,41.65,,-1.57,132.00,5.39,9.80,711,100,26,,,66,,,,,,0,2025-07-25T08:24:12.000+0200,76,28,0.146,48.0996717,-2.1145600,38.94,1.92,13.27,38.94,64.9,27,2,,
2025-07-25T08:24:13.666+0200,156,67,0.191,4769.579,41.07,3.07,10.54,41.65,,-1.57,132.00,5.39,9.80,711,100,26,,,66,,,,,,0,2025-07-25T08:24:12.000+0200,76,28,0.146,48.0996717,-2.1145600,38.94,1.92,13.27,38.94,64.9,27,2,,
2025-07-25T08:24:14.264+0200,156,68,0.199,4769.586,41.03,3.17,10.82,41.65,,-1.23,132.00,7.43,13.50,981,100,26,,,66,,,,,,0,2025-07-25T08:24:13.000+0200,76,28,0.158,48.0997667,-2.1144917,41.12,2.10,14.23,41.12,66.0,26,2,,
2025-07-25T08:24:14.286+0200,156,68,0.199,4769.586,41.03,3.17,10.82,41.65,,-1.23,132.00,7.43,13.50,981,100,26,,,66,,,,,,0,2025-07-25T08:24:13.000+0200,76,28,0.158,48.0997667,-2.1144917,41.12,2.10,14.23,41.12,66.0,26,2,,
2025-07-25T08:24:14.889+0200,157,68,0.206,4769.593,41.79,3.27,11.10,41.79,,1.24,132.09,13.72,24.60,1812,100,26,,,65,,,,,,0,2025-07-25T08:24:14.000+0200,77,29,0.168,48.0998517,-2.1144317,37.07,2.27,14.99,41.12,66.0,25,2,,
2025-07-25T08:24:14.914+0200,157,68,0.206,4769.593,41.79,3.27,11.10,41.79,,1.24,132.09,13.72,24.60,1812,100,26,,,65,,,,,,0,2025-07-25T08:24:14.000+0200,77,29,0.168,48.0998517,-2.1144317,37.07,2.27,14.99,41.12,66.0,25,2,,
2025-07-25T08:24:15.512+0200,158,69,0.213,4769.601,41.83,3.37,11.37,42.37,,-1.70,132.09,3.12,5.60,412,100,26,,,65,,,,,,0,2025-07-25T08:24:14.000+0200,78,30,0.168,48.0998517,-2.1144317,37.07,2.27,14.99,41.12,66.0,25,2,,
2025-07-25T08:24:15.538+0200,158,69,0.213,4769.601,41.83,3.37,11.37,42.37,,-1.70,132.09,3.12,5.60,412,100,26,,,65,,,,,,0,2025-07-25T08:24:14.000+0200,78,30,0.168,48.0998517,-2.1144317,37.07,2.27,14.99,41.12,66.0,25,2,,
2025-07-25T08:24:16.129+0200,158,70,0.220,4769.608,41.79,3.47,11.64,42.37,,1.27,132.20,13.44,24.10,1777,100,26,,,65,,,,,,0,2025-07-25T08:24:15.000+0200,78,30,0.179,48.0999383,-2.1143583,38.90,2.44,15.76,41.12,66.2,32,2,,
2025-07-25T08:24:16.151+0200,158,70,0.220,4769.608,41.79,3.47,11.64,42.37,,1.27,132.20,13.44,24.10,1777,100,26,,,65,,,,,,0,2025-07-25T08:24:15.000+0200,78,30,0.179,48.0999383,-2.1143583,38.90,2.44,15.76,41.12,66.2,32,2,,
2025-07-25T08:24:16.797+0200,159,70,0.228,4769.615,42.30,3.58,11.91,42.37,,0.56,132.20,6.86,12.20,907,100,26,,,65,,,,,,0,2025-07-25T08:24:16.000+0200,79,31,0.191,48.1000267,-2.1142850,37.30,2.60,16.43,41.12,66.0,27,2,,
2025-07-25T08:24:16.871+0200,159,70,0.231,4769.619,42.04,3.63,12.04,42.37,,-0.84,132.20,4.82,8.59,637,100,26,,,65,,,,,,0,2025-07-25T08:24:16.000+0200,79,31,0.191,48.1000267,-2.1142850,37.30,2.60,16.43,41.12,66.0,27,2,,
2025-07-25T08:24:17.399+0200,160,71,0.235,4769.623,42.73,3.68,12.17,42.73,,2.28,132.20,12.08,21.30,1597,100,26,,,64,,,,,,0,2025-07-25T08:24:16.000+0200,79,31,0.191,48.1000267,-2.1142850,37.30,2.60,16.43,41.12,66.0,27,2,,
2025-07-25T08:24:17.419+0200,160,71,0.235,4769.623,42.73,3.68,12.17,42.73,,2.28,132.20,12.08,21.30,1597,100,26,,,64,,,,,,0,2025-07-25T08:24:16.000+0200,79,31,0.191,48.1000267,-2.1142850,37.30,2.60,16.43,41.12,66.0,27,2,,
2025-07-25T08:24:18.004+0200,160,71,0.242,4769.630,42.87,3.78,12.43,42.87,,1.79,132.20,5.11,9.00,676,100,26,,,64,,,,,,0,2025-07-25T08:24:17.000+0200,80,32,0.201,48.1001117,-2.1142217,42.20,2.78,17.21,42.20,66.0,29,2,,
2025-07-25T08:24:18.026+0200,160,72,0.242,4769.630,42.87,3.78,12.43,42.87,,1.79,132.20,5.11,9.00,676,100,26,,,64,,,,,,0,2025-07-25T08:24:17.000+0200,80,32,0.201,48.1001117,-2.1142217,42.20,2.78,17.21,42.20,66.0,29,2,,
2025-07-25T08:24:18.639+0200,161,72,0.250,4769.637,43.27,3.88,12.70,43.27,,0.67,132.09,10.13,17.69,1338,100,26,,,64,,,,,,0,2025-07-25T08:24:17.000+0200,81,33,0.201,48.1001117,-2.1142217,42.20,2.78,17.21,42.20,66.0,29,2,,
2025-07-25T08:24:18.663+0200,161,72,0.250,4769.637,43.27,3.88,12.70,43.27,,0.67,132.09,10.13,17.69,1338,100,26,,,64,,,,,,0,2025-07-25T08:24:18.000+0200,81,33,0.212,48.1002000,-2.1141517,38.43,2.95,17.84,42.20,65.9,27,2,,
2025-07-25T08:24:19.267+0200,161,73,0.257,4769.645,43.66,3.99,12.96,43.84,,-0.57,132.09,5.47,9.50,723,100,26,,,64,,,,,,0,2025-07-25T08:24:18.000+0200,81,33,0.212,48.1002000,-2.1141517,38.43,2.95,17.84,42.20,65.9,27,2,,
2025-07-25T08:24:19.291+0200,161,73,0.257,4769.645,43.66,3.99,12.96,43.84,,-0.57,132.09,5.47,9.50,723,100,26,,,64,,,,,,0,2025-07-25T08:24:18.000+0200,81,33,0.212,48.1002000,-2.1141517,38.43,2.95,17.84,42.20,65.9,27,2,,
2025-07-25T08:24:19.886+0200,162,73,0.265,4769.652,43.45,4.09,13.22,43.84,,1.08,132.09,14.76,25.70,1950,100,26,,,64,,,,,,0,2025-07-25T08:24:19.000+0200,82,34,0.223,48.1002867,-2.1140883,39.92,3.12,18.47,42.20,65.3,28,2,,
2025-07-25T08:24:19.908+0200,162,73,0.265,4769.652,43.45,4.09,13.22,43.84,,1.08,132.09,14.76,25.70,1950,100,26,,,64,,,,,,0,2025-07-25T08:24:19.000+0200,82,34,0.223,48.1002867,-2.1140883,39.92,3.12,18.47,42.20,65.3,28,2,,
2025-07-25T08:24:20.510+0200,163,74,0.272,4769.660,43.16,4.19,13.47,43.84,,-0.45,132.09,12.63,22.10,1668,100,26,,,64,,,,,,0,2025-07-25T08:24:19.000+0200,83,35,0.223,48.1002867,-2.1140883,39.92,3.12,18.47,42.20,65.3,28,2,,
2025-07-25T08:24:20.534+0200,163,74,0.272,4769.660,43.16,4.19,13.47,43.84,,-0.45,132.09,12.63,22.10,1668,100,26,,,64,,,,,,0,2025-07-25T08:24:19.000+0200,83,35,0.223,48.1002867,-2.1140883,39.92,3.12,18.47,42.20,65.3,28,2,,
2025-07-25T08:24:21.130+0200,163,75,0.280,4769.668,43.09,4.29,13.71,43.84,,-0.11,132.09,11.87,20.80,1568,100,26,,,64,,,,,,0,2025-07-25T08:24:20.000+0200,83,35,0.234,48.1003767,-2.1140317,39.19,3.28,19.05,42.20,64.9,25,2,,
2025-07-25T08:24:21.154+0200,163,75,0.280,4769.668,43.09,4.29,13.71,43.84,,-0.11,132.09,11.87,20.80,1568,100,26,,,64,,,,,,0,2025-07-25T08:24:20.000+0200,83,35,0.234,48.1003767,-2.1140317,39.19,3.28,19.05,42.20,64.9,25,2,,
2025-07-25T08:24:21.750+0200,164,75,0.287,4769.675,43.09,4.39,13.95,43.84,,0.00,132.00,11.13,19.50,1469,100,26,,,64,,,,,,0,2025-07-25T08:24:21.000+0200,84,36,0.245,48.1004667,-2.1139850,39.08,3.45,19.59,42.20,64.6,20,2,,
2025-07-25T08:24:21.772+0200,164,75,0.287,4769.675,43.09,4.39,13.95,43.84,,0.00,132.00,11.13,19.50,1469,100,26,,,64,,,,,,0,2025-07-25T08:24:21.000+0200,84,36,0.245,48.1004667,-2.1139850,39.08,3.45,19.59,42.20,64.6,20,2,,
2025-07-25T08:24:22.370+0200,165,76,0.295,4769.683,43.45,4.49,14.19,44.35,,-2.81,131.89,9.47,16.50,1249,100,26,,,64,,,,,,0,2025-07-25T08:24:21.000+0200,84,36,0.245,48.1004667,-2.1139850,39.08,3.45,19.59,42.20,64.6,20,2,,
2025-07-25T08:24:22.393+0200,165,76,0.295,4769.683,43.45,4.49,14.19,44.35,,-2.81,131.89,9.47,16.50,1249,100,26,,,64,,,,,,0,2025-07-25T08:24:21.000+0200,84,36,0.245,48.1004667,-2.1139850,39.08,3.45,19.59,42.20,64.6,20,2,,
2025-07-25T08:24:22.990+0200,165,76,0.302,4769.690,44.71,4.59,14.44,44.85,,-0.45,131.89,10.21,17.40,1347,100,26,,,63,,,,,,0,2025-07-25T08:24:22.000+0200,85,37,0.256,48.1005617,-2.1139350,40.69,3.61,20.14,42.20,64.5,21,2,,
2025-07-25T08:24:23.012+0200,165,77,0.302,4769.690,44.71,4.59,14.44,44.85,,-0.45,131.89,10.21,17.40,1347,100,26,,,63,,,,,,0,2025-07-25T08:24:22.000+0200,85,37,0.256,48.1005617,-2.1139350,40.69,3.61,20.14,42.20,64.5,21,2,,
2025-07-25T08:24:23.609+0200,166,77,0.310,4769.698,45.07,4.70,14.68,45.07,,3.01,131.80,15.89,26.90,2094,100,26,,,62,,,,,,0,2025-07-25T08:24:22.000+0200,86,38,0.256,48.1005617,-2.1139350,40.69,3.61,20.14,42.20,64.5,21,2,,
2025-07-25T08:24:23.635+0200,166,77,0.310,4769.698,45.07,4.70,14.68,45.07,,3.01,131.80,15.89,26.90,2094,100,26,,,62,,,,,,0,2025-07-25T08:24:22.000+0200,86,38,0.256,48.1005617,-2.1139350,40.69,3.61,20.14,42.20,64.5,21,2,,
2025-07-25T08:24:24.250+0200,166,78,0.318,4769.706,44.99,4.80,14.92,45.10,,-0.36,131.80,6.07,10.30,800,100,26,,,62,,,,,,0,2025-07-25T08:24:23.000+0200,86,38,0.267,48.1006600,-2.1138900,40.27,3.78,20.66,42.20,64.4,18,2,,
2025-07-25T08:24:24.272+0200,166,78,0.318,4769.706,44.99,4.80,14.92,45.10,,-0.36,131.80,6.07,10.30,800,100,26,,,62,,,,,,0,2025-07-25T08:24:23.000+0200,86,38,0.267,48.1006600,-2.1138900,40.27,3.78,20.66,42.20,64.4,18,2,,
2025-07-25T08:24:24.844+0200,167,78,0.326,4769.714,43.77,4.90,15.16,45.10,,-4.15,131.80,14.27,24.70,1881,100,26,,,63,,,,,,0,2025-07-25T08:24:24.000+0200,87,39,0.278,48.1007583,-2.1138500,39.27,3.94,21.12,42.20,64.2,15,2,,
2025-07-25T08:24:24.866+0200,167,78,0.326,4769.714,43.77,4.90,15.16,45.10,,-4.15,131.80,14.27,24.70,1881,100,26,,,63,,,,,,0,2025-07-25T08:24:24.000+0200,87,39,0.278,48.1007583,-2.1138500,39.27,3.94,21.12,42.20,64.2,15,2,,
2025-07-25T08:24:25.485+0200,168,79,0.333,4769.721,45.28,5.00,15.39,45.28,,0.60,131.59,14.58,24.60,1919,100,26,,,62,,,,,,0,2025-07-25T08:24:24.000+0200,88,40,0.278,48.1007583,-2.1138500,39.27,3.94,21.12,42.20,64.2,15,2,,
2025-07-25T08:24:25.508+0200,168,79,0.333,4769.721,45.28,5.00,15.39,45.28,,0.60,131.59,14.58,24.60,1919,100,26,,,62,,,,,,0,2025-07-25T08:24:24.000+0200,88,40,0.278,48.1007583,-2.1138500,39.27,3.94,21.12,42.20,64.2,15,2,,
2025-07-25T08:24:26.110+0200,168,80,0.341,4769.729,46.62,5.11,15.63,46.62,,0.96,131.50,8.66,14.29,1139,100,26,,,61,,,,,,0,2025-07-25T08:24:25.000+0200,88,40,0.290,48.1008550,-2.1138133,43.48,4.12,21.67,43.48,64.0,18,2,,
2025-07-25T08:24:26.131+0200,168,80,0.341,4769.729,46.62,5.11,15.63,46.62,,0.96,131.50,8.66,14.29,1139,100,26,,,61,,,,,,0,2025-07-25T08:24:25.000+0200,88,40,0.290,48.1008550,-2.1138133,43.48,4.12,21.67,43.48,64.0,18,2,,
2025-07-25T08:24:26.743+0200,169,80,0.349,4769.737,45.71,5.21,15.87,46.80,,-3.86,131.59,10.21,17.10,1344,100,26,,,62,,,,,,0,2025-07-25T08:24:26.000+0200,89,41,0.301,48.1009567,-2.1137683,45.35,4.30,22.23,45.35,63.6,19,2,,
2025-07-25T08:24:26.767+0200,169,80,0.349,4769.737,45.71,5.21,15.87,46.80,,-3.86,131.59,10.21,17.10,1344,100,26,,,62,,,,,,0,2025-07-25T08:24:26.000+0200,89,41,0.301,48.1009567,-2.1137683,45.35,4.30,22.23,45.35,63.6,19,2,,
2025-07-25T08:24:27.369+0200,169,81,0.357,4769.745,46.62,5.31,16.10,46.80,,0.12,131.70,9.09,15.00,1197,100,26,,,61,,,,,,0,2025-07-25T08:24:26.000+0200,89,41,0.301,48.1009567,-2.1137683,45.35,4.30,22.23,45.35,63.6,19,2,,
2025-07-25T08:24:27.392+0200,169,81,0.357,4769.745,46.62,5.31,16.10,46.80,,0.12,131.70,9.09,15.00,1197,100,26,,,61,,,,,,0,2025-07-25T08:24:26.000+0200,89,41,0.301,48.1009567,-2.1137683,45.35,4.30,22.23,45.35,63.6,19,2,,
2025-07-25T08:24:27.968+0200,170,81,0.366,4769.754,47.01,5.42,16.33,47.01,,2.59,131.70,14.58,23.90,1920,100,26,,,61,,,,,,0,2025-07-25T08:24:27.000+0200,90,42,0.314,48.1010617,-2.1137217,43.51,4.47,22.73,45.35,63.5,17,2,,
2025-07-25T08:24:27.991+0200,170,81,0.366,4769.754,47.01,5.42,16.33,47.01,,2.59,131.70,14.58,23.90,1920,100,26,,,61,,,,,,0,2025-07-25T08:24:27.000+0200,90,42,0.314,48.1010617,-2.1137217,43.51,4.47,22.73,45.35,63.5,17,2,,
2025-07-25T08:24:28.614+0200,171,82,0.374,4769.762,47.41,5.52,16.57,47.44,,-0.12,131.59,7.73,12.60,1017,100,26,,,60,,,,,,0,2025-07-25T08:24:27.000+0200,91,43,0.314,48.1010617,-2.1137217,43.51,4.47,22.73,45.35,63.5,17,2,,
2025-07-25T08:24:28.634+0200,171,82,0.374,4769.762,47.41,5.52,16.57,47.44,,-0.12,131.59,7.73,12.60,1017,100,26,,,60,,,,,,0,2025-07-25T08:24:27.000+0200,91,43,0.314,48.1010617,-2.1137217,43.51,4.47,22.73,45.35,63.5,17,2,,
2025-07-25T08:24:29.230+0200,171,83,0.382,4769.770,47.33,5.63,16.80,48.27,,-3.11,131.59,7.36,12.00,969,100,26,,,60,,,,,,0,2025-07-25T08:24:28.000+0200,91,43,0.325,48.1011650,-2.1136817,43.17,4.64,23.19,45.35,63.5,17,2,,
2025-07-25T08:24:29.255+0200,171,83,0.382,4769.770,47.33,5.63,16.80,48.27,,-3.11,131.59,7.36,12.00,969,100,26,,,60,,,,,,0,2025-07-25T08:24:28.000+0200,91,43,0.325,48.1011650,-2.1136817,43.17,4.64,23.19,45.35,63.5,17,2,,
2025-07-25T08:24:29.848+0200,172,83,0.390,4769.778,48.67,5.74,17.03,48.67,,1.08,131.70,5.01,8.00,660,100,26,,,59,,,,,,0,2025-07-25T08:24:29.000+0200,92,44,0.338,48.1012700,-2.1136350,40.92,4.80,23.59,45.35,63.5,14,2,,
2025-07-25T08:24:29.872+0200,172,83,0.390,4769.778,48.67,5.74,17.03,48.67,,1.08,131.70,5.01,8.00,660,100,26,,,59,,,,,,0,2025-07-25T08:24:29.000+0200,92,44,0.338,48.1012700,-2.1136350,40.92,4.80,23.59,45.35,63.5,14,2,,
2025-07-25T08:24:30.471+0200,173,84,0.399,4769.787,47.77,5.84,17.26,48.67,,-1.02,131.70,5.00,8.09,659,100,26,,,60,,,,,,0,2025-07-25T08:24:29.000+0200,93,45,0.338,48.1012700,-2.1136350,40.92,4.80,23.59,45.35,63.5,14,2,,
2025-07-25T08:24:30.494+0200,173,84,0.399,4769.787,47.77,5.84,17.26,48.67,,-1.02,131.70,5.00,8.09,659,100,26,,,60,,,,,,0,2025-07-25T08:24:29.000+0200,93,45,0.338,48.1012700,-2.1136350,40.92,4.80,23.59,45.35,63.5,14,2,,
2025-07-25T08:24:31.093+0200,173,85,0.407,4769.795,48.67,5.95,17.49,48.92,,-0.84,131.89,2.50,4.00,330,100,26,,,59,,,,,,0,2025-07-25T08:24:30.000+0200,93,45,0.349,48.1013733,-2.1135983,44.21,4.97,24.03,45.35,63.3,9,2,,
2025-07-25T08:24:31.120+0200,173,85,0.407,4769.795,48.67,5.95,17.49,48.92,,-0.84,131.89,2.50,4.00,330,100,26,,,59,,,,,,0,2025-07-25T08:24:30.000+0200,93,45,0.349,48.1013733,-2.1135983,44.21,4.97,24.03,45.35,63.3,9,2,,
2025-07-25T08:24:31.706+0200,174,85,0.415,4769.804,47.84,6.05,17.72,48.92,,-3.38,131.89,5.25,8.50,692,100,26,,,60,,,,,,0,2025-07-25T08:24:31.000+0200,94,46,0.362,48.1014850,-2.1135683,48.96,5.16,24.56,48.96,63.2,15,2,,
2025-07-25T08:24:31.733+0200,174,85,0.415,4769.804,47.84,6.05,17.72,48.92,,-3.38,131.89,5.25,8.50,692,100,26,,,60,,,,,,0,2025-07-25T08:24:31.000+0200,94,46,0.362,48.1014850,-2.1135683,48.96,5.16,24.56,48.96,63.2,15,2,,
2025-07-25T08:24:32.321+0200,174,86,0.424,4769.812,47.37,6.15,17.93,48.92,,-2.58,132.09,2.82,4.60,372,100,26,,,60,,,,,,0,2025-07-25T08:24:31.000+0200,94,46,0.362,48.1014850,-2.1135683,48.96,5.16,24.56,48.96,63.2,15,2,,
2025-07-25T08:24:32.337+0200,174,86,0.424,4769.812,47.37,6.15,17.93,48.92,,-2.58,132.09,2.82,4.60,372,100,26,,,60,,,,,,0,2025-07-25T08:24:31.000+0200,94,46,0.362,48.1014850,-2.1135683,48.96,5.16,24.56,48.96,63.2,15,2,,
2025-07-25T08:24:32.944+0200,175,86,0.432,4769.820,47.73,6.26,18.15,48.92,,-1.01,132.20,3.45,5.60,456,100,26,,,60,,,,,,0,2025-07-25T08:24:32.000+0200,95,47,0.375,48.1016000,-2.1135267,48.86,5.35,25.07,48.96,63.1,16,2,,
2025-07-25T08:24:32.960+0200,175,86,0.432,4769.820,47.73,6.26,18.15,48.92,,-1.01,132.20,3.45,5.60,456,100,26,,,60,,,,,,0,2025-07-25T08:24:32.000+0200,95,47,0.375,48.1016000,-2.1135267,48.86,5.35,25.07,48.96,63.1,16,2,,
2025-07-25T08:24:33.589+0200,176,87,0.440,4769.829,47.16,6.36,18.35,48.92,,-0.12,132.20,8.13,13.29,1075,100,26,,,61,,,,,,0,2025-07-25T08:24:32.000+0200,96,48,0.375,48.1016000,-2.1135267,48.86,5.35,25.07,48.96,63.1,16,2,,
2025-07-25T08:24:33.612+0200,176,87,0.440,4769.829,47.16,6.36,18.35,48.92,,-0.12,132.20,8.13,13.29,1075,100,26,,,61,,,,,,0,2025-07-25T08:24:32.000+0200,96,48,0.375,48.1016000,-2.1135267,48.86,5.35,25.07,48.96,63.1,16,2,,
2025-07-25T08:24:34.189+0200,176,88,0.449,4769.837,45.97,6.46,18.55,48.92,,-2.69,132.20,8.57,14.29,1133,100,25,,,62,,,,,,0,2025-07-25T08:24:33.000+0200,96,48,0.387,48.1017067,-2.1134850,46.04,5.53,25.50,48.96,62.8,17,2,,
2025-07-25T08:24:34.213+0200,176,88,0.449,4769.837,45.97,6.46,18.55,48.92,,-2.69,132.20,8.57,14.29,1133,100,25,,,62,,,,,,0,2025-07-25T08:24:33.000+0200,96,48,0.387,48.1017067,-2.1134850,46.04,5.53,25.50,48.96,62.8,17,2,,
2025-07-25T08:24:34.831+0200,177,88,0.457,4769.845,47.16,6.55,18.75,48.92,,0.36,132.20,10.39,17.00,1374,100,25,,,61,,,,,,0,2025-07-25T08:24:34.000+0200,97,49,0.400,48.1018117,-2.1134383,40.74,5.68,25.80,48.96,62.5,13,2,,
2025-07-25T08:24:34.850+0200,177,88,0.457,4769.845,47.16,6.55,18.75,48.92,,0.36,132.20,10.39,17.00,1374,100,25,,,61,,,,,,0,2025-07-25T08:24:34.000+0200,97,49,0.400,48.1018117,-2.1134383,40.74,5.68,25.80,48.96,62.5,13,2,,
2025-07-25T08:24:35.445+0200,178,89,0.465,4769.853,46.08,6.65,18.94,48.92,,-1.66,132.20,6.66,11.10,880,100,25,,,62,,,,,,0,2025-07-25T08:24:34.000+0200,97,49,0.400,48.1018117,-2.1134383,40.74,5.68,25.80,48.96,62.5,13,2,,
2025-07-25T08:24:35.468+0200,178,89,0.465,4769.853,46.08,6.65,18.94,48.92,,-1.66,132.20,6.66,11.10,880,100,25,,,62,,,,,,0,2025-07-25T08:24:34.000+0200,98,50,0.400,48.1018117,-2.1134383,40.74,5.68,25.80,48.96,62.5,13,2,,
2025-07-25T08:24:36.065+0200,178,90,0.473,4769.861,45.35,6.75,19.13,48.92,,-4.28,132.20,8.13,13.70,1075,100,25,,,62,,,,,,0,2025-07-25T08:24:35.000+0200,98,50,0.411,48.1019100,-2.1133967,41.04,5.83,26.10,48.96,62.1,17,2,,
2025-07-25T08:24:36.085+0200,178,90,0.473,4769.861,45.35,6.75,19.13,48.92,,-4.28,132.20,8.13,13.70,1075,100,25,,,62,,,,,,0,2025-07-25T08:24:35.000+0200,98,50,0.411,48.1019100,-2.1133967,41.04,5.83,26.10,48.96,62.1,17,2,,
2025-07-25T08:24:36.679+0200,179,90,0.481,4769.869,46.90,6.84,19.31,48.92,,4.65,131.89,22.23,36.50,2932,100,25,,,61,,,,,,0,2025-07-25T08:24:36.000+0200,99,51,0.422,48.1020000,-2.1133483,40.41,5.98,26.38,48.96,61.3,13,2,,
2025-07-25T08:24:36.702+0200,179,90,0.481,4769.869,46.90,6.84,19.31,48.92,,4.65,131.89,22.23,36.50,2932,100,25,,,61,,,,,,0,2025-07-25T08:24:36.000+0200,99,51,0.422,48.1020000,-2.1133483,40.41,5.98,26.38,48.96,61.3,13,2,,
2025-07-25T08:24:37.309+0200,179,91,0.489,4769.877,47.44,6.94,19.50,48.92,,0.90,131.59,10.44,17.00,1374,100,25,,,60,,,,,,0,2025-07-25T08:24:36.000+0200,99,51,0.422,48.1020000,-2.1133483,40.41,5.98,26.38,48.96,61.3,13,2,,
2025-07-25T08:24:37.330+0200,179,91,0.489,4769.877,47.44,6.94,19.50,48.92,,0.90,131.59,10.44,17.00,1374,100,25,,,60,,,,,,0,2025-07-25T08:24:36.000+0200,99,51,0.422,48.1020000,-2.1133483,40.41,5.98,26.38,48.96,61.3,13,2,,
2025-07-25T08:24:37.924+0200,180,91,0.497,4769.885,46.90,7.04,19.69,48.92,,-0.91,131.80,-0.79,-2.60,-104,100,25,,,61,,,,,,0,2025-07-25T08:24:37.000+0200,100,52,0.434,48.1021050,-2.1133100,43.70,6.14,26.70,48.96,60.4,13,2,,
2025-07-25T08:24:37.946+0200,180,91,0.497,4769.885,46.90,7.04,19.69,48.92,,-0.91,131.80,-0.79,-2.60,-104,100,25,,,61,,,,,,0,2025-07-25T08:24:37.000+0200,100,52,0.434,48.1021050,-2.1133100,43.70,6.14,26.70,48.96,60.4,13,2,,
2025-07-25T08:24:38.546+0200,181,92,0.505,4769.893,45.93,7.13,19.87,48.92,,-1.80,132.00,-0.20,-0.70,-26,100,25,,,62,,,,,,0,2025-07-25T08:24:37.000+0200,101,53,0.434,48.1021050,-2.1133100,43.70,6.14,26.70,48.96,60.4,13,2,,
2025-07-25T08:24:38.569+0200,181,92,0.505,4769.893,45.93,7.13,19.87,48.92,,-1.80,132.00,-0.20,-0.70,-26,100,25,,,62,,,,,,0,2025-07-25T08:24:37.000+0200,101,53,0.434,48.1021050,-2.1133100,43.70,6.14,26.70,48.96,60.4,13,2,,
2025-07-25T08:24:39.188+0200,181,93,0.513,4769.901,46.00,7.23,20.04,48.92,,-1.07,132.09,7.62,12.70,1007,100,25,,,62,,,,,,0,2025-07-25T08:24:38.000+0200,101,53,0.445,48.1022000,-2.1132717,44.98,6.30,27.04,48.96,59.1,17,2,,
2025-07-25T08:24:39.209+0200,181,93,0.513,4769.901,46.00,7.23,20.04,48.92,,-1.07,132.09,7.62,12.70,1007,100,25,,,62,,,,,,0,2025-07-25T08:24:38.000+0200,101,53,0.445,48.1022000,-2.1132717,44.98,6.30,27.04,48.96,59.1,17,2,,
2025-07-25T08:24:39.808+0200,182,93,0.521,4769.909,45.14,7.32,20.21,48.92,,-1.08,132.09,7.80,13.20,1030,100,25,,,62,,,,,,0,2025-07-25T08:24:39.000+0200,102,54,0.456,48.1022967,-2.1132133,42.21,6.45,27.32,48.96,58.1,23,2,,
2025-07-25T08:24:39.835+0200,182,93,0.521,4769.909,45.14,7.32,20.21,48.92,,-1.08,132.09,7.80,13.20,1030,100,25,,,62,,,,,,0,2025-07-25T08:24:39.000+0200,102,54,0.456,48.1022967,-2.1132133,42.21,6.45,27.32,48.96,58.1,23,2,,
2025-07-25T08:24:40.425+0200,183,94,0.529,4769.917,45.46,7.41,20.38,48.92,,1.01,132.00,11.41,19.19,1506,100,25,,,62,,,,,,0,2025-07-25T08:24:39.000+0200,102,54,0.456,48.1022967,-2.1132133,42.21,6.45,27.32,48.96,58.1,23,2,,
2025-07-25T08:24:40.451+0200,183,94,0.529,4769.917,45.46,7.41,20.38,48.92,,1.01,132.00,11.41,19.19,1506,100,25,,,62,,,,,,0,2025-07-25T08:24:39.000+0200,103,55,0.456,48.1022967,-2.1132133,42.21,6.45,27.32,48.96,58.1,23,2,,
2025-07-25T08:24:41.046+0200,183,95,0.537,4769.925,45.57,7.50,20.54,48.92,,0.90,131.89,16.02,26.90,2113,100,25,,,62,,,,,,0,2025-07-25T08:24:40.000+0200,103,55,0.467,48.1023817,-2.1131383,42.08,6.60,27.58,48.96,57.3,34,2,,
2025-07-25T08:24:41.064+0200,183,95,0.537,4769.925,45.57,7.50,20.54,48.92,,0.90,131.89,16.02,26.90,2113,100,25,,,62,,,,,,0,2025-07-25T08:24:40.000+0200,103,55,0.467,48.1023817,-2.1131383,42.08,6.60,27.58,48.96,57.3,34,2,,
2025-07-25T08:24:41.667+0200,184,95,0.545,4769.933,46.72,7.59,20.71,48.92,,1.91,131.70,18.88,31.09,2486,100,25,,,61,,,,,,0,2025-07-25T08:24:41.000+0200,104,56,0.478,48.1024583,-2.1130433,42.04,6.75,27.84,48.96,57.2,42,2,,
2025-07-25T08:24:41.688+0200,184,95,0.545,4769.933,46.72,7.59,20.71,48.92,,1.91,131.70,18.88,31.09,2486,100,25,,,61,,,,,,0,2025-07-25T08:24:41.000+0200,104,56,0.478,48.1024583,-2.1130433,42.04,6.75,27.84,48.96,57.2,42,2,,
2025-07-25T08:24:42.309+0200,184,96,0.553,4769.941,47.95,7.69,20.88,48.92,,2.61,131.39,17.28,27.90,2270,100,25,,,60,,,,,,0,2025-07-25T08:24:41.000+0200,104,56,0.478,48.1024583,-2.1130433,42.04,6.75,27.84,48.96,57.2,42,2,,
2025-07-25T08:24:42.333+0200,184,96,0.553,4769.941,47.95,7.69,20.88,48.92,,2.61,131.39,17.28,27.90,2270,100,25,,,60,,,,,,0,2025-07-25T08:24:41.000+0200,104,56,0.478,48.1024583,-2.1130433,42.04,6.75,27.84,48.96,57.2,42,2,,
2025-07-25T08:24:42.928+0200,185,96,0.561,4769.950,48.67,7.78,21.06,48.92,,-0.79,131.50,0.37,0.59,49,100,25,,,59,,,,,,0,2025-07-25T08:24:42.000+0200,105,57,0.490,48.1025300,-2.1129333,42.37,6.90,28.09,48.96,56.6,51,2,,
2025-07-25T08:24:42.950+0200,185,96,0.561,4769.950,48.67,7.78,21.06,48.92,,-0.79,131.50,0.37,0.59,49,100,25,,,59,,,,,,0,2025-07-25T08:24:42.000+0200,105,57,0.490,48.1025300,-2.1129333,42.37,6.90,28.09,48.96,56.6,51,2,,
2025-07-25T08:24:43.598+0200,186,97,0.570,4769.958,45.28,7.87,21.22,48.92,,-5.96,132.09,-8.77,-29.59,-1158,100,25,,,62,,,,,,0,2025-07-25T08:24:42.000+0200,106,58,0.490,48.1025300,-2.1129333,42.37,6.90,28.09,48.96,56.6,51,2,,
2025-07-25T08:24:43.646+0200,186,97,0.574,4769.962,42.80,7.91,21.29,48.92,,-8.28,132.50,-8.83,-31.09,-1170,100,25,,,64,,,,,,0,2025-07-25T08:24:42.000+0200,106,58,0.490,48.1025300,-2.1129333,42.37,6.90,28.09,48.96,56.6,51,2,,
2025-07-25T08:24:44.175+0200,186,98,0.578,4769.966,39.81,7.95,21.35,48.92,,-9.31,132.80,-5.22,-19.40,-693,100,25,,,67,,,,,,0,2025-07-25T08:24:43.000+0200,106,58,0.501,48.1025900,-2.1128100,39.08,7.03,28.27,48.96,56.0,57,2,,
2025-07-25T08:24:44.199+0200,186,98,0.578,4769.966,39.81,7.95,21.35,48.92,,-9.31,132.80,-5.22,-19.40,-693,100,25,,,67,,,,,,0,2025-07-25T08:24:43.000+0200,106,58,0.501,48.1025900,-2.1128100,39.08,7.03,28.27,48.96,56.0,57,2,,
2025-07-25T08:24:44.785+0200,187,98,0.585,4769.973,40.28,8.03,21.46,48.92,,1.43,132.89,-1.00,-3.69,-133,100,25,,,67,,,,,,0,2025-07-25T08:24:44.000+0200,107,59,0.511,48.1026433,-2.1127033,35.89,7.15,28.40,48.96,55.5,57,2,,
2025-07-25T08:24:44.809+0200,187,98,0.585,4769.973,40.28,8.03,21.46,48.92,,1.43,132.89,-1.00,-3.69,-133,100,25,,,67,,,,,,0,2025-07-25T08:24:44.000+0200,107,59,0.511,48.1026433,-2.1127033,35.89,7.15,28.40,48.96,55.5,57,2,,
2025-07-25T08:24:45.407+0200,188,99,0.592,4769.980,37.47,8.10,21.57,48.92,,-3.71,133.00,-2.34,-9.09,-311,100,25,,,69,,,,,,0,2025-07-25T08:24:44.000+0200,107,59,0.511,48.1026433,-2.1127033,35.89,7.15,28.40,48.96,55.5,57,2,,
2025-07-25T08:24:45.431+0200,188,99,0.592,4769.980,37.47,8.10,21.57,48.92,,-3.71,133.00,-2.34,-9.09,-311,100,25,,,69,,,,,,0,2025-07-25T08:24:44.000+0200,107,59,0.511,48.1026433,-2.1127033,35.89,7.15,28.40,48.96,55.5,57,2,,
2025-07-25T08:24:46.047+0200,188,100,0.599,4769.986,34.91,8.16,21.66,48.92,,-5.87,133.20,-4.40,-18.00,-586,100,25,,,71,,,,,,0,2025-07-25T08:24:45.000+0200,108,60,0.521,48.1026883,-2.1125933,31.98,7.25,28.46,48.96,55.1,60,2,,
2025-07-25T08:24:46.069+0200,188,100,0.599,4769.986,34.91,8.16,21.66,48.92,,-5.87,133.20,-4.40,-18.00,-586,100,25,,,71,,,,,,0,2025-07-25T08:24:45.000+0200,108,60,0.521,48.1026883,-2.1125933,31.98,7.25,28.46,48.96,55.1,60,2,,
2025-07-25T08:24:46.658+0200,189,100,0.605,4769.992,31.96,8.22,21.72,48.92,,-2.71,133.39,-2.64,-11.50,-352,100,25,,,74,,,,,,0,2025-07-25T08:24:46.000+0200,109,61,0.529,48.1027200,-2.1124867,29.05,7.34,28.47,48.96,55.5,70,2,,
2025-07-25T08:24:46.675+0200,189,100,0.605,4769.992,31.96,8.22,21.72,48.92,,-2.71,133.39,-2.64,-11.50,-352,100,25,,,74,,,,,,0,2025-07-25T08:24:46.000+0200,109,61,0.529,48.1027200,-2.1124867,29.05,7.34,28.47,48.96,55.5,70,2,,
2025-07-25T08:24:47.287+0200,189,101,0.611,4769.998,30.74,8.27,21.78,48.92,,-0.12,133.30,-0.15,-0.70,-20,100,25,,,75,,,,,,0,2025-07-25T08:24:46.000+0200,109,61,0.529,48.1027200,-2.1124867,29.05,7.34,28.47,48.96,55.5,70,2,,
2025-07-25T08:24:47.311+0200,189,101,0.611,4769.998,30.74,8.27,21.78,48.92,,-0.12,133.30,-0.15,-0.70,-20,100,25,,,75,,,,,,0,2025-07-25T08:24:46.000+0200,109,61,0.529,48.1027200,-2.1124867,29.05,7.34,28.47,48.96,55.5,70,2,,
2025-07-25T08:24:47.913+0200,190,101,0.616,4770.003,30.70,8.32,21.83,48.92,,-0.12,133.20,2.36,5.30,314,100,25,,,75,,,,,,0,2025-07-25T08:24:47.000+0200,110,62,0.536,48.1027417,-2.1123967,24.30,7.41,28.40,48.96,55.2,66,2,,
2025-07-25T08:24:47.933+0200,190,101,0.616,4770.003,30.70,8.32,21.83,48.92,,-0.12,133.20,2.36,5.30,314,100,25,,,75,,,,,,0,2025-07-25T08:24:47.000+0200,110,62,0.536,48.1027417,-2.1123967,24.30,7.41,28.40,48.96,55.2,66,2,,
2025-07-25T08:24:48.528+0200,191,102,0.622,4770.008,30.74,8.38,21.89,48.92,,0.00,133.00,3.49,7.80,464,100,25,,,75,,,,,,0,2025-07-25T08:24:47.000+0200,111,63,0.536,48.1027417,-2.1123967,24.30,7.41,28.40,48.96,55.2,66,2,,
2025-07-25T08:24:48.547+0200,191,102,0.622,4770.008,30.74,8.38,21.89,48.92,,0.00,133.00,3.49,7.80,464,100,25,,,75,,,,,,0,2025-07-25T08:24:47.000+0200,111,63,0.536,48.1027417,-2.1123967,24.30,7.41,28.40,48.96,55.2,66,2,,
2025-07-25T08:24:49.151+0200,191,103,0.627,4770.014,32.11,8.43,21.94,48.92,,4.28,132.59,20.79,45.10,2757,100,25,,,73,,,,,,0,2025-07-25T08:24:48.000+0200,111,63,0.543,48.1027867,-2.1123400,24.64,7.48,28.34,48.96,54.5,43,2,,
2025-07-25T08:24:49.174+0200,191,103,0.627,4770.014,32.11,8.43,21.94,48.92,,4.28,132.59,20.79,45.10,2757,100,25,,,73,,,,,,0,2025-07-25T08:24:48.000+0200,111,63,0.543,48.1027867,-2.1123400,24.64,7.48,28.34,48.96,54.5,43,2,,
2025-07-25T08:24:49.767+0200,192,103,0.632,4770.019,34.84,8.49,22.02,48.92,,3.94,131.89,13.62,27.90,1796,100,25,,,71,,,,,,0,2025-07-25T08:24:49.000+0200,112,64,0.551,48.1028550,-2.1123033,28.60,7.56,28.35,48.96,54.5,21,2,,
2025-07-25T08:24:49.790+0200,192,103,0.632,4770.019,34.84,8.49,22.02,48.92,,3.94,131.89,13.62,27.90,1796,100,25,,,71,,,,,,0,2025-07-25T08:24:49.000+0200,112,64,0.551,48.1028550,-2.1123033,28.60,7.56,28.35,48.96,54.5,21,2,,
2025-07-25T08:24:50.410+0200,193,104,0.638,4770.025,36.35,8.55,22.10,48.92,,2.16,131.80,11.28,22.40,1487,100,25,,,70,,,,,,0,2025-07-25T08:24:49.000+0200,112,64,0.551,48.1028550,-2.1123033,28.60,7.56,28.35,48.96,54.5,21,2,,
2025-07-25T08:24:50.433+0200,193,104,0.638,4770.025,36.35,8.55,22.10,48.92,,2.16,131.80,11.28,22.40,1487,100,25,,,70,,,,,,0,2025-07-25T08:24:49.000+0200,112,64,0.551,48.1028550,-2.1123033,28.60,7.56,28.35,48.96,54.5,21,2,,
2025-07-25T08:24:51.037+0200,193,105,0.644,4770.031,36.97,8.62,22.19,48.92,,1.20,131.59,16.46,32.30,2166,100,25,,,69,,,,,,0,2025-07-25T08:24:50.000+0200,113,65,0.559,48.1029267,-2.1122717,28.27,7.65,28.35,48.96,54.5,13,2,,
2025-07-25T08:24:51.061+0200,193,105,0.644,4770.031,36.97,8.62,22.19,48.92,,1.20,131.59,16.46,32.30,2166,100,25,,,69,,,,,,0,2025-07-25T08:24:50.000+0200,113,65,0.559,48.1029267,-2.1122717,28.27,7.65,28.35,48.96,54.5,13,2,,
2025-07-25T08:24:51.647+0200,194,105,0.651,4770.038,38.95,8.69,22.28,48.92,,3.34,131.30,21.12,39.89,2773,100,25,,,67,,,,,,0,2025-07-25T08:24:51.000+0200,114,66,0.568,48.1030050,-2.1122767,32.02,7.74,28.40,48.96,54.6,3,2,,
2025-07-25T08:24:51.664+0200,194,105,0.651,4770.038,38.95,8.69,22.28,48.92,,3.34,131.30,21.12,39.89,2773,100,25,,,67,,,,,,0,2025-07-25T08:24:51.000+0200,114,66,0.568,48.1030050,-2.1122767,32.02,7.74,28.40,48.96,54.6,3,2,,
2025-07-25T08:24:52.268+0200,194,106,0.657,4770.045,40.14,8.76,22.39,48.92,,1.58,131.09,16.94,31.30,2221,100,26,,,66,,,,,,0,2025-07-25T08:24:51.000+0200,114,66,0.568,48.1030050,-2.1122767,32.02,7.74,28.40,48.96,54.6,3,2,,
2025-07-25T08:24:52.288+0200,194,106,0.657,4770.045,40.14,8.76,22.39,48.92,,1.58,131.09,16.94,31.30,2221,100,26,,,66,,,,,,0,2025-07-25T08:24:51.000+0200,114,66,0.568,48.1030050,-2.1122767,32.02,7.74,28.40,48.96,54.6,3,2,,
2025-07-25T08:24:52.889+0200,195,106,0.664,4770.052,41.94,8.83,22.50,48.92,,3.03,130.89,11.29,20.19,1478,100,26,,,65,,,,,,0,2025-07-25T08:24:52.000+0200,115,67,0.579,48.1031000,-2.1122767,35.71,7.86,28.51,48.96,54.7,359,2,,
2025-07-25T08:24:52.911+0200,195,106,0.664,4770.052,41.94,8.83,22.50,48.92,,3.03,130.89,11.29,20.19,1478,100,26,,,65,,,,,,0,2025-07-25T08:24:52.000+0200,115,67,0.579,48.1031000,-2.1122767,35.71,7.86,28.51,48.96,54.7,359,2,,
2025-07-25T08:24:53.513+0200,196,107,0.672,4770.059,42.66,8.91,22.61,48.92,,0.91,131.00,18.01,31.80,2359,100,26,,,64,,,,,,0,2025-07-25T08:24:52.000+0200,116,68,0.579,48.1031000,-2.1122767,35.71,7.86,28.51,48.96,54.7,359,2,,
2025-07-25T08:24:53.537+0200,196,107,0.672,4770.059,42.66,8.91,22.61,48.92,,0.91,131.00,18.01,31.80,2359,100,26,,,64,,,,,,0,2025-07-25T08:24:52.000+0200,116,68,0.579,48.1031000,-2.1122767,35.71,7.86,28.51,48.96,54.7,359,2,,
2025-07-25T08:24:54.127+0200,196,108,0.679,4770.067,42.94,8.99,22.73,48.92,,0.34,131.00,10.13,17.79,1327,100,26,,,64,,,,,,0,2025-07-25T08:24:53.000+0200,116,68,0.589,48.1031917,-2.1122900,37.93,7.98,28.64,48.96,54.8,354,2,,
2025-07-25T08:24:54.153+0200,196,108,0.679,4770.067,42.94,8.99,22.73,48.92,,0.34,131.00,10.13,17.79,1327,100,26,,,64,,,,,,0,2025-07-25T08:24:53.000+0200,116,68,0.589,48.1031917,-2.1122900,37.93,7.98,28.64,48.96,54.8,354,2,,
2025-07-25T08:24:54.769+0200,197,108,0.686,4770.074,43.19,9.06,22.85,48.92,,0.48,130.89,25.85,45.20,3384,100,26,,,64,,,,,,0,2025-07-25T08:24:54.000+0200,117,69,0.600,48.1032883,-2.1123083,41.69,8.11,28.83,48.96,55.4,358,2,,
2025-07-25T08:24:54.794+0200,197,108,0.686,4770.074,43.19,9.06,22.85,48.92,,0.48,130.89,25.85,45.20,3384,100,26,,,64,,,,,,0,2025-07-25T08:24:54.000+0200,117,69,0.600,48.1032883,-2.1123083,41.69,8.11,28.83,48.96,55.4,358,2,,
2025-07-25T08:24:55.389+0200,198,109,0.694,4770.082,47.23,9.15,22.98,48.92,,6.36,130.39,24.43,39.89,3185,100,26,,,60,,,,,,0,2025-07-25T08:24:54.000+0200,117,69,0.600,48.1032883,-2.1123083,41.69,8.11,28.83,48.96,55.4,358,2,,
2025-07-25T08:24:55.413+0200,198,109,0.694,4770.082,47.23,9.15,22.98,48.92,,6.36,130.39,24.43,39.89,3185,100,26,,,60,,,,,,0,2025-07-25T08:24:54.000+0200,117,69,0.600,48.1032883,-2.1123083,41.69,8.11,28.83,48.96,55.4,358,2,,
2025-07-25T08:24:56.009+0200,198,109,0.702,4770.090,49.78,9.24,23.13,49.78,,2.28,130.09,13.71,21.50,1784,100,26,,,58,,,,,,0,2025-07-25T08:24:55.000+0200,118,70,0.612,48.1033983,-2.1123283,43.87,8.25,29.04,48.96,55.9,354,2,,
2025-07-25T08:24:56.031+0200,198,110,0.702,4770.090,49.78,9.24,23.13,49.78,,2.28,130.09,13.71,21.50,1784,100,26,,,58,,,,,,0,2025-07-25T08:24:55.000+0200,118,70,0.612,48.1033983,-2.1123283,43.87,8.25,29.04,48.96,55.9,354,2,,
2025-07-25T08:24:56.625+0200,199,110,0.710,4770.098,48.09,9.33,23.27,49.78,,-1.79,130.50,8.25,13.29,1077,100,26,,,59,,,,,,0,2025-07-25T08:24:55.000+0200,119,71,0.612,48.1033983,-2.1123283,43.87,8.25,29.04,48.96,55.9,354,2,,
2025-07-25T08:24:56.646+0200,199,110,0.710,4770.098,48.09,9.33,23.27,49.78,,-1.79,130.50,8.25,13.29,1077,100,26,,,59,,,,,,0,2025-07-25T08:24:55.000+0200,119,71,0.612,48.1033983,-2.1123283,43.87,8.25,29.04,48.96,55.9,354,2,,
2025-07-25T08:24:57.245+0200,199,111,0.719,4770.107,48.16,9.41,23.41,49.78,,2.47,130.59,15.35,24.70,2005,100,26,,,59,,,,,,0,2025-07-25T08:24:56.000+0200,119,71,0.624,48.1035100,-2.1123517,41.86,8.38,29.22,48.96,56.7,351,2,,
2025-07-25T08:24:57.266+0200,199,111,0.719,4770.107,48.16,9.41,23.41,49.78,,2.47,130.59,15.35,24.70,2005,100,26,,,59,,,,,,0,2025-07-25T08:24:56.000+0200,119,71,0.624,48.1035100,-2.1123517,41.86,8.38,29.22,48.96,56.7,351,2,,
2025-07-25T08:24:57.867+0200,200,111,0.727,4770.115,47.48,9.50,23.54,49.78,,0.45,130.80,13.28,21.60,1737,100,26,,,60,,,,,,0,2025-07-25T08:24:57.000+0200,120,72,0.637,48.1036200,-2.1123750,41.41,8.51,29.39,48.96,56.8,351,2,,
2025-07-25T08:24:57.889+0200,200,111,0.727,4770.115,47.48,9.50,23.54,49.78,,0.45,130.80,13.28,21.60,1737,100,26,,,60,,,,,,0,2025-07-25T08:24:57.000+0200,120,72,0.637,48.1036200,-2.1123750,41.41,8.51,29.39,48.96,56.8,351,2,,
2025-07-25T08:24:58.507+0200,201,112,0.735,4770.123,49.06,9.59,23.68,49.78,,0.36,130.70,20.93,33.20,2736,100,26,,,59,,,,,,0,2025-07-25T08:24:57.000+0200,121,73,0.637,48.1036200,-2.1123750,41.41,8.51,29.39,48.96,56.8,351,2,,
2025-07-25T08:24:58.528+0200,201,112,0.735,4770.123,49.06,9.59,23.68,49.78,,0.36,130.70,20.93,33.20,2736,100,26,,,59,,,,,,0,2025-07-25T08:24:57.000+0200,121,73,0.637,48.1036200,-2.1123750,41.41,8.51,29.39,48.96,56.8,351,2,,
2025-07-25T08:24:59.126+0200,201,113,0.744,4770.132,49.21,9.67,23.82,49.78,,0.12,130.80,12.89,20.40,1686,100,26,,,59,,,,,,0,2025-07-25T08:24:58.000+0200,121,73,0.649,48.1037283,-2.1124050,42.08,8.64,29.56,48.96,56.9,348,2,,
2025-07-25T08:24:59.146+0200,201,113,0.744,4770.132,49.21,9.67,23.82,49.78,,0.12,130.80,12.89,20.40,1686,100,26,,,59,,,,,,0,2025-07-25T08:24:58.000+0200,121,73,0.649,48.1037283,-2.1124050,42.08,8.64,29.56,48.96,56.9,348,2,,
2025-07-25T08:24:59.748+0200,202,113,0.752,4770.140,48.81,9.76,23.96,49.78,,-1.44,131.00,4.39,7.00,575,100,26,,,59,,,,,,0,2025-07-25T08:24:59.000+0200,122,74,0.661,48.1038350,-2.1124300,41.74,8.77,29.72,48.96,56.4,349,2,,
2025-07-25T08:24:59.770+0200,202,113,0.752,4770.140,48.81,9.76,23.96,49.78,,-1.44,131.00,4.39,7.00,575,100,26,,,59,,,,,,0,2025-07-25T08:24:59.000+0200,122,74,0.661,48.1038350,-2.1124300,41.74,8.77,29.72,48.96,56.4,349,2,,
2025-07-25T08:25:00.366+0200,202,114,0.761,4770.149,47.80,9.85,24.09,49.78,,-2.16,131.20,12.85,20.80,1686,100,26,,,60,,,,,,0,2025-07-25T08:24:59.000+0200,122,74,0.661,48.1038350,-2.1124300,41.74,8.77,29.72,48.96,56.4,349,2,,
2025-07-25T08:25:00.388+0200,202,114,0.761,4770.149,47.80,9.85,24.09,49.78,,-2.16,131.20,12.85,20.80,1686,100,26,,,60,,,,,,0,2025-07-25T08:24:59.000+0200,122,74,0.661,48.1038350,-2.1124300,41.74,8.77,29.72,48.96,56.4,349,2,,
2025-07-25T08:25:00.995+0200,203,114,0.769,4770.157,49.03,9.93,24.22,49.78,,3.47,131.30,6.87,10.90,902,100,26,,,59,,,,,,0,2025-07-25T08:25:00.000+0200,123,75,0.673,48.1039400,-2.1124633,43.80,8.90,29.91,48.96,56.0,354,2,,
2025-07-25T08:25:01.022+0200,203,114,0.769,4770.157,49.03,9.93,24.22,49.78,,3.47,131.30,6.87,10.90,902,100,26,,,59,,,,,,0,2025-07-25T08:25:00.000+0200,123,75,0.673,48.1039400,-2.1124633,43.80,8.90,29.91,48.96,56.0,354,2,,
2025-07-25T08:25:01.606+0200,204,115,0.778,4770.166,48.63,10.02,24.35,49.78,,3.60,131.39,11.14,17.79,1464,100,26,,,59,,,,,,0,2025-07-25T08:25:00.000+0200,124,76,0.673,48.1039400,-2.1124633,43.80,8.90,29.91,48.96,56.0,354,2,,
2025-07-25T08:25:01.625+0200,204,115,0.778,4770.166,48.63,10.02,24.35,49.78,,3.60,131.39,11.14,17.79,1464,100,26,,,59,,,,,,0,2025-07-25T08:25:00.000+0200,124,76,0.673,48.1039400,-2.1124633,43.80,8.90,29.91,48.96,56.0,354,2,,
2025-07-25T08:25:02.224+0200,204,116,0.786,4770.174,48.63,10.10,24.48,49.78,,-0.89,131.59,6.70,10.70,882,100,26,,,59,,,,,,0,2025-07-25T08:25:01.000+0200,124,76,0.686,48.1040533,-2.1124850,43.34,9.04,30.08,48.96,55.5,351,2,,
2025-07-25T08:25:02.243+0200,204,116,0.786,4770.174,48.63,10.10,24.48,49.78,,-0.89,131.59,6.70,10.70,882,100,26,,,59,,,,,,0,2025-07-25T08:25:01.000+0200,124,76,0.686,48.1040533,-2.1124850,43.34,9.04,30.08,48.96,55.5,351,2,,
2025-07-25T08:25:02.847+0200,205,116,0.794,4770.183,47.98,10.19,24.61,49.78,,-0.79,131.59,9.60,15.50,1263,100,26,,,60,,,,,,0,2025-07-25T08:25:02.000+0200,125,77,0.698,48.1041650,-2.1125100,44.96,9.17,30.27,48.96,54.7,355,2,,
2025-07-25T08:25:02.870+0200,205,116,0.794,4770.183,47.98,10.19,24.61,49.78,,-0.79,131.59,9.60,15.50,1263,100,26,,,60,,,,,,0,2025-07-25T08:25:02.000+0200,125,77,0.698,48.1041650,-2.1125100,44.96,9.17,30.27,48.96,54.7,355,2,,
2025-07-25T08:25:03.471+0200,206,117,0.803,4770.191,48.56,10.27,24.74,49.78,,-1.13,131.59,7.75,12.40,1020,100,26,,,59,,,,,,0,2025-07-25T08:25:02.000+0200,126,78,0.698,48.1041650,-2.1125100,44.96,9.17,30.27,48.96,54.7,355,2,,
2025-07-25T08:25:03.495+0200,206,117,0.803,4770.191,48.56,10.27,24.74,49.78,,-1.13,131.59,7.75,12.40,1020,100,26,,,59,,,,,,0,2025-07-25T08:25:02.000+0200,126,78,0.698,48.1041650,-2.1125100,44.96,9.17,30.27,48.96,54.7,355,2,,
2025-07-25T08:25:04.088+0200,206,118,0.811,4770.199,49.17,10.35,24.86,49.78,,2.93,131.70,9.03,14.29,1189,100,26,,,59,,,,,,0,2025-07-25T08:25:03.000+0200,126,78,0.711,48.1042767,-2.1125317,43.52,9.31,30.44,48.96,53.7,351,2,,
2025-07-25T08:25:04.104+0200,206,118,0.811,4770.199,49.17,10.35,24.86,49.78,,2.93,131.70,9.03,14.29,1189,100,26,,,59,,,,,,0,2025-07-25T08:25:03.000+0200,126,78,0.711,48.1042767,-2.1125317,43.52,9.31,30.44,48.96,53.7,351,2,,
2025-07-25T08:25:04.705+0200,207,118,0.820,4770.208,48.34,10.44,24.99,49.78,,-2.57,131.70,9.72,15.60,1280,100,26,,,60,,,,,,0,2025-07-25T08:25:04.000+0200,127,79,0.723,48.1043833,-2.1125550,43.84,9.44,30.61,48.96,53.0,351,2,,
2025-07-25T08:25:04.730+0200,207,118,0.820,4770.208,48.34,10.44,24.99,49.78,,-2.57,131.70,9.72,15.60,1280,100,26,,,60,,,,,,0,2025-07-25T08:25:04.000+0200,127,79,0.723,48.1043833,-2.1125550,43.84,9.44,30.61,48.96,53.0,351,2,,
2025-07-25T08:25:05.353+0200,207,119,0.828,4770.217,49.21,10.52,25.11,49.78,,3.71,131.50,19.72,31.20,2593,100,26,,,59,,,,,,0,2025-07-25T08:25:04.000+0200,127,79,0.723,48.1043833,-2.1125550,43.84,9.44,30.61,48.96,53.0,351,2,,
2025-07-25T08:25:05.373+0200,207,119,0.828,4770.217,49.21,10.52,25.11,49.78,,3.71,131.50,19.72,31.20,2593,100,26,,,59,,,,,,0,2025-07-25T08:25:04.000+0200,127,79,0.723,48.1043833,-2.1125550,43.84,9.44,30.61,48.96,53.0,351,2,,
2025-07-25T08:25:05.976+0200,208,119,0.837,4770.225,50.36,10.61,25.24,50.54,,-0.60,131.30,14.86,23.10,1951,100,26,,,58,,,,,,0,2025-07-25T08:25:05.000+0200,128,80,0.735,48.1044933,-2.1125900,45.59,9.57,30.79,48.96,52.2,351,2,,
2025-07-25T08:25:06.001+0200,208,119,0.837,4770.225,50.36,10.61,25.24,50.54,,-0.60,131.30,14.86,23.10,1951,100,26,,,58,,,,,,0,2025-07-25T08:25:05.000+0200,128,80,0.735,48.1044933,-2.1125900,45.59,9.57,30.79,48.96,52.2,351,2,,
2025-07-25T08:25:06.589+0200,209,120,0.846,4770.234,50.54,10.70,25.37,50.61,,-0.24,131.20,9.61,14.90,1261,100,26,,,58,,,,,,0,2025-07-25T08:25:05.000+0200,129,81,0.735,48.1044933,-2.1125900,45.59,9.57,30.79,48.96,52.2,351,2,,
2025-07-25T08:25:06.616+0200,209,120,0.846,4770.234,50.54,10.70,25.37,50.61,,-0.24,131.20,9.61,14.90,1261,100,26,,,58,,,,,,0,2025-07-25T08:25:05.000+0200,129,81,0.735,48.1044933,-2.1125900,45.59,9.57,30.79,48.96,52.2,351,2,,
2025-07-25T08:25:07.208+0200,209,121,0.854,4770.243,50.32,10.78,25.50,50.61,,2.47,131.30,9.58,14.90,1258,100,26,,,58,,,,,,0,2025-07-25T08:25:06.000+0200,129,81,0.748,48.1046017,-2.1126283,45.24,9.71,30.97,48.96,51.1,348,2,,
2025-07-25T08:25:07.230+0200,209,121,0.854,4770.243,50.32,10.78,25.50,50.61,,2.47,131.30,9.58,14.90,1258,100,26,,,58,,,,,,0,2025-07-25T08:25:06.000+0200,129,81,0.748,48.1046017,-2.1126283,45.24,9.71,30.97,48.96,51.1,348,2,,
2025-07-25T08:25:07.831+0200,210,121,0.863,4770.251,50.32,10.87,25.62,50.61,,-0.56,131.30,4.43,6.89,582,100,26,,,58,,,,,,0,2025-07-25T08:25:07.000+0200,130,82,0.760,48.1047133,-2.1126583,45.31,9.84,31.14,48.96,50.7,350,2,,
2025-07-25T08:25:07.853+0200,210,121,0.863,4770.251,50.32,10.87,25.62,50.61,,-0.56,131.30,4.43,6.89,582,100,26,,,58,,,,,,0,2025-07-25T08:25:07.000+0200,130,82,0.760,48.1047133,-2.1126583,45.31,9.84,31.14,48.96,50.7,350,2,,
2025-07-25T08:25:08.450+0200,211,122,0.872,4770.260,49.24,10.95,25.74,50.61,,0.00,131.50,7.08,11.20,931,100,26,,,59,,,,,,0,2025-07-25T08:25:07.000+0200,130,82,0.760,48.1047133,-2.1126583,45.31,9.84,31.14,48.96,50.7,350,2,,
2025-07-25T08:25:08.473+0200,211,122,0.872,4770.260,49.24,10.95,25.74,50.61,,0.00,131.50,7.08,11.20,931,100,26,,,59,,,,,,0,2025-07-25T08:25:07.000+0200,131,83,0.760,48.1047133,-2.1126583,45.31,9.84,31.14,48.96,50.7,350,2,,
2025-07-25T08:25:09.070+0200,211,123,0.880,4770.269,49.28,11.03,25.86,50.61,,0.90,131.30,23.92,37.80,3141,100,26,,,59,,,,,,0,2025-07-25T08:25:08.000+0200,131,83,0.773,48.1048250,-2.1126833,43.84,9.97,31.29,48.96,51.0,346,2,,
2025-07-25T08:25:09.091+0200,211,123,0.880,4770.269,49.28,11.03,25.86,50.61,,0.90,131.30,23.92,37.80,3141,100,26,,,59,,,,,,0,2025-07-25T08:25:08.000+0200,131,83,0.773,48.1048250,-2.1126833,43.84,9.97,31.29,48.96,51.0,346,2,,
2025-07-25T08:25:09.690+0200,212,123,0.889,4770.277,51.80,11.12,25.99,51.80,,1.91,130.80,25.99,39.50,3399,100,26,,,56,,,,,,0,2025-07-25T08:25:09.000+0200,132,84,0.786,48.1049367,-2.1127217,46.67,10.11,31.47,48.96,50.7,347,2,,
2025-07-25T08:25:09.714+0200,212,123,0.889,4770.277,51.80,11.12,25.99,51.80,,1.91,130.80,25.99,39.50,3399,100,26,,,56,,,,,,0,2025-07-25T08:25:09.000+0200,132,84,0.786,48.1049367,-2.1127217,46.67,10.11,31.47,48.96,50.7,347,2,,
2025-07-25T08:25:10.326+0200,212,124,0.898,4770.286,53.35,11.21,26.13,53.35,,0.67,130.39,28.55,42.40,3723,100,26,,,55,,,,,,0,2025-07-25T08:25:09.000+0200,132,84,0.786,48.1049367,-2.1127217,46.67,10.11,31.47,48.96,50.7,347,2,,
2025-07-25T08:25:10.348+0200,212,124,0.898,4770.286,53.35,11.21,26.13,53.35,,0.67,130.39,28.55,42.40,3723,100,26,,,55,,,,,,0,2025-07-25T08:25:09.000+0200,132,84,0.786,48.1049367,-2.1127217,46.67,10.11,31.47,48.96,50.7,347,2,,
2025-07-25T08:25:10.950+0200,213,124,0.907,4770.296,53.71,11.30,26.26,53.71,,0.45,130.39,20.11,29.70,2622,100,26,,,55,,,,,,0,2025-07-25T08:25:10.000+0200,133,85,0.799,48.1050533,-2.1127683,48.56,10.25,31.67,48.96,50.6,343,2,,
2025-07-25T08:25:10.973+0200,213,124,0.907,4770.296,53.71,11.30,26.26,53.71,,0.45,130.39,20.11,29.70,2622,100,26,,,55,,,,,,0,2025-07-25T08:25:10.000+0200,133,85,0.799,48.1050533,-2.1127683,48.56,10.25,31.67,48.96,50.6,343,2,,
2025-07-25T08:25:11.571+0200,214,125,0.916,4770.305,53.35,11.39,26.40,53.71,,0.00,130.39,17.10,25.40,2230,100,26,,,55,,,,,,0,2025-07-25T08:25:10.000+0200,134,86,0.799,48.1050533,-2.1127683,48.56,10.25,31.67,48.96,50.6,343,2,,
2025-07-25T08:25:11.594+0200,214,125,0.916,4770.305,53.35,11.39,26.40,53.71,,0.00,130.39,17.10,25.40,2230,100,26,,,55,,,,,,0,2025-07-25T08:25:10.000+0200,134,86,0.799,48.1050533,-2.1127683,48.56,10.25,31.67,48.96,50.6,343,2,,
2025-07-25T08:25:12.212+0200,214,126,0.926,4770.314,53.31,11.48,26.53,54.57,,-4.16,130.50,7.60,11.30,992,100,26,,,55,,,,,,0,2025-07-25T08:25:11.000+0200,134,86,0.812,48.1051633,-2.1128267,47.29,10.39,31.85,48.96,49.8,344,2,,
2025-07-25T08:25:12.235+0200,214,126,0.926,4770.314,53.31,11.48,26.53,54.57,,-4.16,130.50,7.60,11.30,992,100,26,,,55,,,,,,0,2025-07-25T08:25:11.000+0200,134,86,0.812,48.1051633,-2.1128267,47.29,10.39,31.85,48.96,49.8,344,2,,
2025-07-25T08:25:12.811+0200,215,126,0.935,4770.323,52.37,11.57,26.66,54.57,,1.23,130.70,15.06,22.70,1968,100,26,,,56,,,,,,0,2025-07-25T08:25:12.000+0200,135,87,0.825,48.1052767,-2.1128817,45.23,10.52,32.00,48.96,49.0,342,2,,
2025-07-25T08:25:12.835+0200,215,126,0.935,4770.323,52.37,11.57,26.66,54.57,,1.23,130.70,15.06,22.70,1968,100,26,,,56,,,,,,0,2025-07-25T08:25:12.000+0200,135,87,0.825,48.1052767,-2.1128817,45.23,10.52,32.00,48.96,49.0,342,2,,
2025-07-25T08:25:13.450+0200,216,127,0.944,4770.333,51.58,11.65,26.78,54.57,,-3.84,130.80,12.33,18.79,1613,100,26,,,57,,,,,,0,2025-07-25T08:25:12.000+0200,135,87,0.825,48.1052767,-2.1128817,45.23,10.52,32.00,48.96,49.0,342,2,,
2025-07-25T08:25:13.474+0200,216,127,0.944,4770.333,51.58,11.65,26.78,54.57,,-3.84,130.80,12.33,18.79,1613,100,26,,,57,,,,,,0,2025-07-25T08:25:12.000+0200,136,88,0.825,48.1052767,-2.1128817,45.23,10.52,32.00,48.96,49.0,342,2,,
2025-07-25T08:25:14.070+0200,216,128,0.953,4770.341,51.26,11.74,26.90,54.57,,-0.11,130.80,16.96,26.00,2218,100,26,,,57,,,,,,0,2025-07-25T08:25:13.000+0200,136,88,0.837,48.1053800,-2.1129333,45.36,10.64,32.15,48.96,48.3,344,2,,
2025-07-25T08:25:14.093+0200,216,128,0.953,4770.341,51.26,11.74,26.90,54.57,,-0.11,130.80,16.96,26.00,2218,100,26,,,57,,,,,,0,2025-07-25T08:25:13.000+0200,136,88,0.837,48.1053800,-2.1129333,45.36,10.64,32.15,48.96,48.3,344,2,,
2025-07-25T08:25:14.685+0200,217,128,0.962,4770.350,50.14,11.82,27.02,54.57,,0.36,130.80,22.00,34.30,2878,100,26,,,58,,,,,,0,2025-07-25T08:25:14.000+0200,137,89,0.850,48.1054867,-2.1129767,45.50,10.77,32.30,48.96,47.8,343,2,,
2025-07-25T08:25:14.706+0200,217,128,0.962,4770.350,50.14,11.82,27.02,54.57,,0.36,130.80,22.00,34.30,2878,100,26,,,58,,,,,,0,2025-07-25T08:25:14.000+0200,137,89,0.850,48.1054867,-2.1129767,45.50,10.77,32.30,48.96,47.8,343,2,,
2025-07-25T08:25:15.328+0200,217,129,0.971,4770.359,49.53,11.90,27.12,54.57,,0.36,130.70,22.61,35.59,2955,100,26,,,58,,,,,,0,2025-07-25T08:25:14.000+0200,137,89,0.850,48.1054867,-2.1129767,45.50,10.77,32.30,48.96,47.8,343,2,,
2025-07-25T08:25:15.351+0200,217,129,0.971,4770.359,49.53,11.90,27.12,54.57,,0.36,130.70,22.61,35.59,2955,100,26,,,58,,,,,,0,2025-07-25T08:25:14.000+0200,137,89,0.850,48.1054867,-2.1129767,45.50,10.77,32.30,48.96,47.8,343,2,,
2025-07-25T08:25:15.951+0200,218,129,0.979,4770.368,47.77,11.97,27.22,54.57,,-1.92,130.89,0.92,1.50,120,100,26,,,60,,,,,,0,2025-07-25T08:25:15.000+0200,138,90,0.862,48.1055917,-2.1130333,43.97,10.89,32.43,48.96,47.3,341,2,,
2025-07-25T08:25:15.974+0200,218,129,0.979,4770.368,47.77,11.97,27.22,54.57,,-1.92,130.89,0.92,1.50,120,100,26,,,60,,,,,,0,2025-07-25T08:25:15.000+0200,138,90,0.862,48.1055917,-2.1130333,43.97,10.89,32.43,48.96,47.3,341,2,,
2025-07-25T08:25:16.567+0200,219,130,0.988,4770.376,47.19,12.05,27.32,54.57,,-3.25,131.09,11.19,18.29,1467,100,26,,,60,,,,,,0,2025-07-25T08:25:15.000+0200,139,91,0.862,48.1055917,-2.1130333,43.97,10.89,32.43,48.96,47.3,341,2,,
2025-07-25T08:25:16.590+0200,219,130,0.988,4770.376,47.19,12.05,27.32,54.57,,-3.25,131.09,11.19,18.29,1467,100,26,,,60,,,,,,0,2025-07-25T08:25:15.000+0200,139,91,0.862,48.1055917,-2.1130333,43.97,10.89,32.43,48.96,47.3,341,2,,
2025-07-25T08:25:17.191+0200,219,131,0.996,4770.384,47.33,12.12,27.42,54.57,,0.56,130.89,31.28,51.00,4094,100,26,,,60,,,,,,0,2025-07-25T08:25:16.000+0200,139,91,0.874,48.1056983,-2.1130800,41.97,11.01,32.53,48.96,47.7,343,2,,
2025-07-25T08:25:17.215+0200,219,131,0.996,4770.384,47.33,12.12,27.42,54.57,,0.56,130.89,31.28,51.00,4094,100,26,,,60,,,,,,0,2025-07-25T08:25:16.000+0200,139,91,0.874,48.1056983,-2.1130800,41.97,11.01,32.53,48.96,47.7,343,2,,
2025-07-25T08:25:17.809+0200,220,131,1.005,4770.393,48.02,12.20,27.51,54.57,,-0.67,130.59,18.35,29.59,2396,100,26,,,59,,,,,,0,2025-07-25T08:25:17.000+0200,140,92,0.887,48.1058067,-2.1131350,44.71,11.13,32.66,48.96,48.5,341,2,,
2025-07-25T08:25:17.830+0200,220,131,1.005,4770.393,48.02,12.20,27.51,54.57,,-0.67,130.59,18.35,29.59,2396,100,26,,,59,,,,,,0,2025-07-25T08:25:17.000+0200,140,92,0.887,48.1058067,-2.1131350,44.71,11.13,32.66,48.96,48.5,341,2,,
2025-07-25T08:25:18.449+0200,221,132,1.013,4770.401,49.03,12.27,27.61,54.57,,-0.24,130.50,17.20,27.30,2245,100,26,,,59,,,,,,0,2025-07-25T08:25:17.000+0200,140,92,0.887,48.1058067,-2.1131350,44.71,11.13,32.66,48.96,48.5,341,2,,
2025-07-25T08:25:18.472+0200,221,132,1.013,4770.401,49.03,12.27,27.61,54.57,,-0.24,130.50,17.20,27.30,2245,100,26,,,59,,,,,,0,2025-07-25T08:25:17.000+0200,140,92,0.887,48.1058067,-2.1131350,44.71,11.13,32.66,48.96,48.5,341,2,,
2025-07-25T08:25:19.067+0200,221,133,1.022,4770.410,49.10,12.35,27.71,54.57,,-0.36,130.50,23.28,36.89,3038,100,26,,,59,,,,,,0,2025-07-25T08:25:18.000+0200,141,93,0.900,48.1059133,-2.1131933,44.61,11.25,32.79,48.96,48.4,339,2,,
2025-07-25T08:25:19.090+0200,221,133,1.022,4770.410,49.10,12.35,27.71,54.57,,-0.36,130.50,23.28,36.89,3038,100,26,,,59,,,,,,0,2025-07-25T08:25:18.000+0200,141,93,0.900,48.1059133,-2.1131933,44.61,11.25,32.79,48.96,48.4,339,2,,
2025-07-25T08:25:19.682+0200,222,133,1.030,4770.418,48.99,12.42,27.81,54.57,,2.53,130.39,20.22,32.09,2636,100,26,,,59,,,,,,0,2025-07-25T08:25:19.000+0200,142,94,0.912,48.1060150,-2.1132550,44.50,11.37,32.91,48.96,48.6,338,2,,
2025-07-25T08:25:19.700+0200,222,133,1.030,4770.418,48.99,12.42,27.81,54.57,,2.53,130.39,20.22,32.09,2636,100,26,,,59,,,,,,0,2025-07-25T08:25:19.000+0200,142,94,0.912,48.1060150,-2.1132550,44.50,11.37,32.91,48.96,48.6,338,2,,
2025-07-25T08:25:20.312+0200,222,134,1.038,4770.427,47.84,12.50,27.91,54.57,,-1.32,130.30,17.74,28.70,2312,100,26,,,60,,,,,,0,2025-07-25T08:25:19.000+0200,142,94,0.912,48.1060150,-2.1132550,44.50,11.37,32.91,48.96,48.6,338,2,,
2025-07-25T08:25:20.334+0200,222,134,1.038,4770.427,47.84,12.50,27.91,54.57,,-1.32,130.30,17.74,28.70,2312,100,26,,,60,,,,,,0,2025-07-25T08:25:19.000+0200,142,94,0.912,48.1060150,-2.1132550,44.50,11.37,32.91,48.96,48.6,338,2,,
2025-07-25T08:25:20.938+0200,223,134,1.047,4770.435,48.60,12.57,28.00,54.57,,1.24,130.30,26.60,42.50,3466,100,26,,,59,,,,,,0,2025-07-25T08:25:20.000+0200,143,95,0.924,48.1061150,-2.1133217,43.82,11.48,33.03,48.96,49.0,336,2,,
2025-07-25T08:25:20.965+0200,223,134,1.047,4770.435,48.60,12.57,28.00,54.57,,1.24,130.30,26.60,42.50,3466,100,26,,,59,,,,,,0,2025-07-25T08:25:20.000+0200,143,95,0.924,48.1061150,-2.1133217,43.82,11.48,33.03,48.96,49.0,336,2,,
2025-07-25T08:25:21.551+0200,224,135,1.055,4770.443,48.99,12.65,28.09,54.57,,3.49,130.20,18.20,28.90,2370,100,26,,,59,,,,,,0,2025-07-25T08:25:20.000+0200,144,96,0.924,48.1061150,-2.1133217,43.82,11.48,33.03,48.96,49.0,336,2,,
2025-07-25T08:25:21.570+0200,224,135,1.055,4770.443,48.99,12.65,28.09,54.57,,3.49,130.20,18.20,28.90,2370,100,26,,,59,,,,,,0,2025-07-25T08:25:20.000+0200,144,96,0.924,48.1061150,-2.1133217,43.82,11.48,33.03,48.96,49.0,336,2,,
2025-07-25T08:25:22.185+0200,224,136,1.064,4770.452,50.40,12.72,28.19,54.57,,6.79,129.89,22.02,34.20,2860,99,26,,,57,,,,,,0,2025-07-25T08:25:21.000+0200,144,96,0.936,48.1062150,-2.1133900,44.25,11.60,33.14,48.96,49.2,334,2,,
2025-07-25T08:25:22.207+0200,224,136,1.064,4770.452,50.40,12.72,28.19,54.57,,6.79,129.89,22.02,34.20,2860,99,26,,,57,,,,,,0,2025-07-25T08:25:21.000+0200,144,96,0.936,48.1062150,-2.1133900,44.25,11.60,33.14,48.96,49.2,334,2,,
2025-07-25T08:25:22.791+0200,225,136,1.072,4770.460,50.29,12.80,28.29,54.57,,3.48,129.80,17.48,27.20,2269,99,26,,,57,,,,,,0,2025-07-25T08:25:22.000+0200,145,97,0.949,48.1063133,-2.1134650,44.29,11.72,33.26,48.96,49.4,334,2,,
2025-07-25T08:25:22.811+0200,225,136,1.072,4770.460,50.29,12.80,28.29,54.57,,3.48,129.80,17.48,27.20,2269,99,26,,,57,,,,,,0,2025-07-25T08:25:22.000+0200,145,97,0.949,48.1063133,-2.1134650,44.29,11.72,33.26,48.96,49.4,334,2,,
2025-07-25T08:25:23.409+0200,226,137,1.081,4770.469,50.21,12.88,28.39,54.57,,0.34,129.70,26.71,41.60,3464,99,26,,,57,,,,,,0,2025-07-25T08:25:22.000+0200,145,97,0.949,48.1063133,-2.1134650,44.29,11.72,33.26,48.96,49.4,334,2,,
2025-07-25T08:25:23.434+0200,226,137,1.081,4770.469,50.21,12.88,28.39,54.57,,0.34,129.70,26.71,41.60,3464,99,26,,,57,,,,,,0,2025-07-25T08:25:22.000+0200,145,97,0.949,48.1063133,-2.1134650,44.29,11.72,33.26,48.96,49.4,334,2,,
2025-07-25T08:25:24.030+0200,226,137,1.089,4770.478,51.51,12.95,28.49,54.57,,4.66,129.59,17.75,27.09,2300,99,26,,,56,,,,,,0,2025-07-25T08:25:23.000+0200,146,98,0.961,48.1064133,-2.1135367,44.61,11.83,33.37,48.96,49.9,333,2,,
2025-07-25T08:25:24.052+0200,226,138,1.089,4770.478,51.51,12.95,28.49,54.57,,4.66,129.59,17.75,27.09,2300,99,26,,,56,,,,,,0,2025-07-25T08:25:23.000+0200,146,98,0.961,48.1064133,-2.1135367,44.61,11.83,33.37,48.96,49.9,333,2,,
2025-07-25T08:25:24.650+0200,227,138,1.098,4770.487,51.30,13.03,28.59,54.57,,0.11,129.39,20.17,30.90,2610,99,26,,,56,,,,,,0,2025-07-25T08:25:24.000+0200,147,99,0.974,48.1065217,-2.1136100,46.18,11.96,33.50,48.96,50.9,331,2,,
2025-07-25T08:25:24.673+0200,227,138,1.098,4770.487,51.30,13.03,28.59,54.57,,0.11,129.39,20.17,30.90,2610,99,26,,,56,,,,,,0,2025-07-25T08:25:24.000+0200,147,99,0.974,48.1065217,-2.1136100,46.18,11.96,33.50,48.96,50.9,331,2,,
2025-07-25T08:25:25.273+0200,227,139,1.107,4770.496,51.30,13.11,28.69,54.57,,0.00,129.30,26.18,40.09,3385,99,26,,,56,,,,,,0,2025-07-25T08:25:24.000+0200,147,99,0.974,48.1065217,-2.1136100,46.18,11.96,33.50,48.96,50.9,331,2,,
2025-07-25T08:25:25.294+0200,227,139,1.107,4770.496,51.30,13.11,28.69,54.57,,0.00,129.30,26.18,40.09,3385,99,26,,,56,,,,,,0,2025-07-25T08:25:24.000+0200,147,99,0.974,48.1065217,-2.1136100,46.18,11.96,33.50,48.96,50.9,331,2,,
2025-07-25T08:25:25.908+0200,228,139,1.116,4770.505,51.30,13.19,28.79,54.57,,0.00,129.39,20.04,30.70,2593,99,26,,,56,,,,,,0,2025-07-25T08:25:25.000+0200,148,100,0.988,48.1066317,-2.1136917,45.50,12.07,33.62,48.96,51.7,331,2,,
2025-07-25T08:25:25.928+0200,228,139,1.116,4770.505,51.30,13.19,28.79,54.57,,0.00,129.39,20.04,30.70,2593,99,26,,,56,,,,,,0,2025-07-25T08:25:25.000+0200,148,100,0.988,48.1066317,-2.1136917,45.50,12.07,33.62,48.96,51.7,331,2,,
2025-07-25T08:25:26.524+0200,229,140,1.125,4770.513,50.29,13.26,28.89,54.57,,-3.03,129.50,20.50,31.90,2655,99,26,,,57,,,,,,0,2025-07-25T08:25:25.000+0200,149,101,0.988,48.1066317,-2.1136917,45.50,12.07,33.62,48.96,51.7,331,2,,
2025-07-25T08:25:26.546+0200,229,140,1.125,4770.513,50.29,13.26,28.89,54.57,,-3.03,129.50,20.50,31.90,2655,99,26,,,57,,,,,,0,2025-07-25T08:25:25.000+0200,149,101,0.988,48.1066317,-2.1136917,45.50,12.07,33.62,48.96,51.7,331,2,,
2025-07-25T08:25:27.144+0200,229,141,1.134,4770.522,49.53,13.34,28.98,54.57,,-3.94,129.70,15.50,24.40,2010,99,26,,,58,,,,,,0,2025-07-25T08:25:26.000+0200,149,101,1.001,48.1067333,-2.1137733,44.14,12.19,33.72,48.96,51.8,331,2,,
2025-07-25T08:25:27.168+0200,229,141,1.134,4770.522,49.53,13.34,28.98,54.57,,-3.94,129.70,15.50,24.40,2010,99,26,,,58,,,,,,0,2025-07-25T08:25:26.000+0200,149,101,1.001,48.1067333,-2.1137733,44.14,12.19,33.72,48.96,51.8,331,2,,
2025-07-25T08:25:27.769+0200,230,141,1.143,4770.531,49.24,13.41,29.07,54.57,,0.00,129.80,18.15,28.70,2356,99,26,,,58,,,,,,0,2025-07-25T08:25:27.000+0200,150,102,1.013,48.1068333,-2.1138517,44.22,12.30,33.82,48.96,52.1,332,2,,
2025-07-25T08:25:27.791+0200,230,141,1.143,4770.531,49.24,13.41,29.07,54.57,,0.00,129.80,18.15,28.70,2356,99,26,,,58,,,,,,0,2025-07-25T08:25:27.000+0200,150,102,1.013,48.1068333,-2.1138517,44.22,12.30,33.82,48.96,52.1,332,2,,
2025-07-25T08:25:28.388+0200,231,142,1.151,4770.539,49.03,13.48,29.16,54.57,,3.37,129.89,12.73,20.19,1653,99,26,,,58,,,,,,0,2025-07-25T08:25:27.000+0200,150,102,1.013,48.1068333,-2.1138517,44.22,12.30,33.82,48.96,52.1,332,2,,
2025-07-25T08:25:28.412+0200,231,142,1.151,4770.539,49.03,13.48,29.16,54.57,,3.37,129.89,12.73,20.19,1653,99,26,,,58,,,,,,0,2025-07-25T08:25:27.000+0200,150,102,1.013,48.1068333,-2.1138517,44.22,12.30,33.82,48.96,52.1,332,2,,
2025-07-25T08:25:29.011+0200,231,142,1.160,4770.548,47.66,13.55,29.24,54.57,,-2.02,130.09,6.47,10.50,842,99,26,,,60,,,,,,0,2025-07-25T08:25:28.000+0200,151,103,1.026,48.1069350,-2.1139300,46.10,12.42,33.94,48.96,53.0,331,2,,
2025-07-25T08:25:29.034+0200,231,142,1.160,4770.548,47.66,13.55,29.24,54.57,,-2.02,130.09,6.47,10.50,842,99,26,,,60,,,,,,0,2025-07-25T08:25:28.000+0200,151,103,1.026,48.1069350,-2.1139300,46.10,12.42,33.94,48.96,53.0,331,2,,
2025-07-25T08:25:29.649+0200,232,143,1.168,4770.556,47.16,13.62,29.32,54.57,,-0.11,130.30,16.81,27.50,2190,99,26,,,60,,,,,,0,2025-07-25T08:25:28.000+0200,152,104,1.026,48.1069350,-2.1139300,46.10,12.42,33.94,48.96,53.0,331,2,,
2025-07-25T08:25:29.675+0200,232,143,1.168,4770.556,47.16,13.62,29.32,54.57,,-0.11,130.30,16.81,27.50,2190,99,26,,,60,,,,,,0,2025-07-25T08:25:29.000+0200,152,104,1.039,48.1070350,-2.1140117,42.45,12.52,34.02,48.96,53.9,331,2,,
2025-07-25T08:25:30.270+0200,232,144,1.176,4770.564,47.16,13.69,29.39,54.57,,2.25,130.20,20.97,34.30,2730,99,26,,,60,,,,,,0,2025-07-25T08:25:29.000+0200,152,104,1.039,48.1070350,-2.1140117,42.45,12.52,34.02,48.96,53.9,331,2,,
2025-07-25T08:25:30.295+0200,232,144,1.176,4770.564,47.16,13.69,29.39,54.57,,2.25,130.20,20.97,34.30,2730,99,26,,,60,,,,,,0,2025-07-25T08:25:29.000+0200,152,104,1.039,48.1070350,-2.1140117,42.45,12.52,34.02,48.96,53.9,331,2,,
2025-07-25T08:25:30.890+0200,233,144,1.185,4770.573,48.52,13.75,29.47,54.57,,4.15,130.00,21.82,34.89,2837,99,26,,,59,,,,,,0,2025-07-25T08:25:30.000+0200,153,105,1.051,48.1071300,-2.1140933,42.90,12.63,34.11,48.96,54.8,333,2,,
2025-07-25T08:25:30.910+0200,233,144,1.185,4770.573,48.52,13.75,29.47,54.57,,4.15,130.00,21.82,34.89,2837,99,26,,,59,,,,,,0,2025-07-25T08:25:30.000+0200,153,105,1.051,48.1071300,-2.1140933,42.90,12.63,34.11,48.96,54.8,333,2,,
2025-07-25T08:25:31.514+0200,234,145,1.193,4770.581,48.67,13.82,29.55,54.57,,1.32,129.80,22.74,36.30,2952,99,26,,,59,,,,,,0,2025-07-25T08:25:30.000+0200,154,106,1.051,48.1071300,-2.1140933,42.90,12.63,34.11,48.96,54.8,333,2,,
2025-07-25T08:25:31.536+0200,234,145,1.193,4770.581,48.67,13.82,29.55,54.57,,1.32,129.80,22.74,36.30,2952,99,26,,,59,,,,,,0,2025-07-25T08:25:30.000+0200,154,106,1.051,48.1071300,-2.1140933,42.90,12.63,34.11,48.96,54.8,333,2,,
2025-07-25T08:25:32.136+0200,234,146,1.201,4770.589,49.21,13.89,29.63,54.57,,2.14,129.59,26.86,42.50,3481,99,26,,,58,,,,,,0,2025-07-25T08:25:31.000+0200,154,106,1.063,48.1072300,-2.1141667,44.13,12.73,34.20,48.96,55.8,334,2,,
2025-07-25T08:25:32.160+0200,234,146,1.201,4770.589,49.21,13.89,29.63,54.57,,2.14,129.59,26.86,42.50,3481,99,26,,,58,,,,,,0,2025-07-25T08:25:31.000+0200,154,106,1.063,48.1072300,-2.1141667,44.13,12.73,34.20,48.96,55.8,334,2,,
2025-07-25T08:25:32.751+0200,235,146,1.210,4770.598,49.28,13.96,29.72,54.57,,-0.11,129.39,25.50,40.30,3299,99,26,,,58,,,,,,0,2025-07-25T08:25:32.000+0200,155,107,1.076,48.1073283,-2.1142467,44.53,12.84,34.30,48.96,56.7,332,2,,
2025-07-25T08:25:32.774+0200,235,146,1.210,4770.598,49.28,13.96,29.72,54.57,,-0.11,129.39,25.50,40.30,3299,99,26,,,58,,,,,,0,2025-07-25T08:25:32.000+0200,155,107,1.076,48.1073283,-2.1142467,44.53,12.84,34.30,48.96,56.7,332,2,,
2025-07-25T08:25:33.368+0200,236,147,1.218,4770.607,51.08,14.04,29.81,54.57,,1.68,129.20,17.63,27.09,2278,98,26,,,56,,,,,,0,2025-07-25T08:25:32.000+0200,155,107,1.076,48.1073283,-2.1142467,44.53,12.84,34.30,48.96,56.7,332,2,,
2025-07-25T08:25:33.392+0200,236,147,1.218,4770.607,51.08,14.04,29.81,54.57,,1.68,129.20,17.63,27.09,2278,98,26,,,56,,,,,,0,2025-07-25T08:25:32.000+0200,155,107,1.076,48.1073283,-2.1142467,44.53,12.84,34.30,48.96,56.7,332,2,,
2025-07-25T08:25:34.014+0200,236,147,1.227,4770.615,50.07,14.11,29.89,54.57,,-3.85,129.20,21.46,33.50,2773,98,26,,,57,,,,,,0,2025-07-25T08:25:33.000+0200,156,108,1.088,48.1074267,-2.1143283,46.04,12.96,34.40,48.96,57.0,331,2,,
2025-07-25T08:25:34.037+0200,236,147,1.227,4770.615,50.07,14.11,29.89,54.57,,-3.85,129.20,21.46,33.50,2773,98,26,,,57,,,,,,0,2025-07-25T08:25:33.000+0200,156,108,1.088,48.1074267,-2.1143283,46.04,12.96,34.40,48.96,57.0,331,2,,
2025-07-25T08:25:34.612+0200,237,148,1.236,4770.624,50.61,14.18,29.98,54.57,,-2.02,129.30,19.51,30.20,2523,98,27,,,57,,,,,,0,2025-07-25T08:25:33.000+0200,157,109,1.088,48.1074267,-2.1143283,46.04,12.96,34.40,48.96,57.0,331,2,,
2025-07-25T08:25:34.635+0200,237,148,1.236,4770.624,50.61,14.18,29.98,54.57,,-2.02,129.30,19.51,30.20,2523,98,27,,,57,,,,,,0,2025-07-25T08:25:33.000+0200,157,109,1.088,48.1074267,-2.1143283,46.04,12.96,34.40,48.96,57.0,331,2,,
2025-07-25T08:25:35.252+0200,237,149,1.245,4770.633,50.03,14.25,30.07,54.57,,-2.76,129.39,17.99,28.09,2328,98,27,,,57,,,,,,0,2025-07-25T08:25:34.000+0200,157,109,1.101,48.1075283,-2.1144067,46.11,13.07,34.51,48.96,58.0,332,2,,
2025-07-25T08:25:35.270+0200,237,149,1.245,4770.633,50.03,14.25,30.07,54.57,,-2.76,129.39,17.99,28.09,2328,98,27,,,57,,,,,,0,2025-07-25T08:25:34.000+0200,157,109,1.101,48.1075283,-2.1144067,46.11,13.07,34.51,48.96,58.0,332,2,,
2025-07-25T08:25:35.873+0200,238,149,1.254,4770.642,49.24,14.32,30.15,54.57,,-2.17,129.50,13.21,20.90,1711,98,26,,,58,,,,,,0,2025-07-25T08:25:35.000+0200,158,110,1.113,48.1076283,-2.1144767,42.96,13.17,34.59,48.96,58.7,334,2,,
2025-07-25T08:25:35.897+0200,238,149,1.254,4770.642,49.24,14.32,30.15,54.57,,-2.17,129.50,13.21,20.90,1711,98,26,,,58,,,,,,0,2025-07-25T08:25:35.000+0200,158,110,1.113,48.1076283,-2.1144767,42.96,13.17,34.59,48.96,58.7,334,2,,
2025-07-25T08:25:36.503+0200,239,150,1.262,4770.650,47.87,14.39,30.23,54.57,,-4.28,129.70,14.10,22.80,1829,98,27,,,59,,,,,,0,2025-07-25T08:25:35.000+0200,159,111,1.113,48.1076283,-2.1144767,42.96,13.17,34.59,48.96,58.7,334,2,,
2025-07-25T08:25:36.526+0200,239,150,1.262,4770.650,47.87,14.39,30.23,54.57,,-4.28,129.70,14.10,22.80,1829,98,27,,,59,,,,,,0,2025-07-25T08:25:35.000+0200,159,111,1.113,48.1076283,-2.1144767,42.96,13.17,34.59,48.96,58.7,334,2,,
2025-07-25T08:25:37.110+0200,239,151,1.271,4770.659,48.96,14.46,30.30,54.57,,-0.56,129.80,8.12,12.90,1054,98,27,,,58,,,,,,0,2025-07-25T08:25:36.000+0200,159,111,1.126,48.1077317,-2.1145433,45.24,13.28,34.68,48.96,59.7,337,2,,
2025-07-25T08:25:37.135+0200,239,151,1.271,4770.659,48.96,14.46,30.30,54.57,,-0.56,129.80,8.12,12.90,1054,98,27,,,58,,,,,,0,2025-07-25T08:25:36.000+0200,159,111,1.126,48.1077317,-2.1145433,45.24,13.28,34.68,48.96,59.7,337,2,,
2025-07-25T08:25:37.752+0200,240,151,1.279,4770.667,45.82,14.52,30.37,54.57,,-5.06,130.30,-1.82,-6.10,-237,98,26,,,61,,,,,,0,2025-07-25T08:25:37.000+0200,160,112,1.137,48.1078233,-2.1146017,40.62,13.37,34.73,48.96,60.3,339,2,,
2025-07-25T08:25:37.773+0200,240,151,1.279,4770.667,45.82,14.52,30.37,54.57,,-5.06,130.30,-1.82,-6.10,-237,98,26,,,61,,,,,,0,2025-07-25T08:25:37.000+0200,160,112,1.137,48.1078233,-2.1146017,40.62,13.37,34.73,48.96,60.3,339,2,,
2025-07-25T08:25:38.374+0200,240,152,1.287,4770.675,43.09,14.58,30.43,54.57,,-6.58,130.70,1.88,3.30,246,98,26,,,64,,,,,,0,2025-07-25T08:25:37.000+0200,160,112,1.137,48.1078233,-2.1146017,40.62,13.37,34.73,48.96,60.3,339,2,,
2025-07-25T08:25:38.396+0200,240,152,1.287,4770.675,43.09,14.58,30.43,54.57,,-6.58,130.70,1.88,3.30,246,98,26,,,64,,,,,,0,2025-07-25T08:25:37.000+0200,160,112,1.137,48.1078233,-2.1146017,40.62,13.37,34.73,48.96,60.3,339,2,,
2025-07-25T08:25:38.991+0200,241,152,1.295,4770.683,41.03,14.63,30.47,54.57,,-5.04,131.00,7.15,13.00,937,98,26,,,65,,,,,,0,2025-07-25T08:25:38.000+0200,161,113,1.149,48.1079233,-2.1146500,38.19,13.46,34.76,48.96,60.1,337,2,,
2025-07-25T08:25:39.015+0200,241,152,1.295,4770.683,41.03,14.63,30.47,54.57,,-5.04,131.00,7.15,13.00,937,98,26,,,65,,,,,,0,2025-07-25T08:25:38.000+0200,161,113,1.149,48.1079233,-2.1146500,38.19,13.46,34.76,48.96,60.1,337,2,,
2025-07-25T08:25:39.616+0200,242,153,1.302,4770.690,39.27,14.68,30.51,54.57,,-3.81,131.09,7.35,13.79,964,98,26,,,67,,,,,,0,2025-07-25T08:25:38.000+0200,162,114,1.149,48.1079233,-2.1146500,38.19,13.46,34.76,48.96,60.1,337,2,,
2025-07-25T08:25:39.638+0200,242,153,1.302,4770.690,39.27,14.68,30.51,54.57,,-3.81,131.09,7.35,13.79,964,98,26,,,67,,,,,,0,2025-07-25T08:25:38.000+0200,162,114,1.149,48.1079233,-2.1146500,38.19,13.46,34.76,48.96,60.1,337,2,,
2025-07-25T08:25:40.229+0200,242,154,1.309,4770.697,38.66,14.73,30.54,54.57,,2.63,131.09,11.48,21.80,1505,98,26,,,68,,,,,,0,2025-07-25T08:25:39.000+0200,162,114,1.159,48.1080100,-2.1147000,36.19,13.53,34.78,48.96,60.2,339,2,,
2025-07-25T08:25:40.254+0200,242,154,1.309,4770.697,38.66,14.73,30.54,54.57,,2.63,131.09,11.48,21.80,1505,98,26,,,68,,,,,,0,2025-07-25T08:25:39.000+0200,162,114,1.159,48.1080100,-2.1147000,36.19,13.53,34.78,48.96,60.2,339,2,,
2025-07-25T08:25:40.872+0200,243,154,1.316,4770.704,36.97,14.77,30.57,54.57,,-0.84,131.20,12.94,25.40,1698,98,26,,,69,,,,,,0,2025-07-25T08:25:40.000+0200,163,115,1.169,48.1080950,-2.1147500,34.17,13.60,34.77,48.96,60.1,342,2,,
2025-07-25T08:25:40.896+0200,243,154,1.316,4770.704,36.97,14.77,30.57,54.57,,-0.84,131.20,12.94,25.40,1698,98,26,,,69,,,,,,0,2025-07-25T08:25:40.000+0200,163,115,1.169,48.1080950,-2.1147500,34.17,13.60,34.77,48.96,60.1,342,2,,
2025-07-25T08:25:41.492+0200,244,155,1.323,4770.710,35.56,14.81,30.59,54.57,,-4.32,131.09,6.59,13.29,864,98,26,,,70,,,,,,0,2025-07-25T08:25:40.000+0200,164,116,1.169,48.1080950,-2.1147500,34.17,13.60,34.77,48.96,60.1,342,2,,
2025-07-25T08:25:41.515+0200,244,155,1.323,4770.710,35.56,14.81,30.59,54.57,,-4.32,131.09,6.59,13.29,864,98,26,,,70,,,,,,0,2025-07-25T08:25:40.000+0200,164,116,1.169,48.1080950,-2.1147500,34.17,13.60,34.77,48.96,60.1,342,2,,
2025-07-25T08:25:42.094+0200,244,156,1.329,4770.716,36.14,14.85,30.61,54.57,,-1.35,131.09,11.53,23.00,1511,98,26,,,70,,,,,,0,2025-07-25T08:25:41.000+0200,164,116,1.178,48.1081700,-2.1147917,33.46,13.67,34.76,48.96,60.3,342,2,,
2025-07-25T08:25:42.112+0200,244,156,1.329,4770.716,36.14,14.85,30.61,54.57,,-1.35,131.09,11.53,23.00,1511,98,26,,,70,,,,,,0,2025-07-25T08:25:41.000+0200,164,116,1.178,48.1081700,-2.1147917,33.46,13.67,34.76,48.96,60.3,342,2,,
2025-07-25T08:25:42.728+0200,245,156,1.335,4770.723,34.88,14.89,30.63,54.57,,-2.52,130.89,12.22,25.00,1599,98,26,,,71,,,,,,0,2025-07-25T08:25:42.000+0200,165,117,1.187,48.1082467,-2.1148267,32.17,13.73,34.74,48.96,60.4,343,2,,
2025-07-25T08:25:42.751+0200,245,156,1.335,4770.723,34.88,14.89,30.63,54.57,,-2.52,130.89,12.22,25.00,1599,98,26,,,71,,,,,,0,2025-07-25T08:25:42.000+0200,165,117,1.187,48.1082467,-2.1148267,32.17,13.73,34.74,48.96,60.4,343,2,,
2025-07-25T08:25:43.351+0200,245,157,1.342,4770.729,34.66,14.93,30.65,54.57,,2.52,130.89,9.00,18.50,1178,98,26,,,71,,,,,,0,2025-07-25T08:25:42.000+0200,165,117,1.187,48.1082467,-2.1148267,32.17,13.73,34.74,48.96,60.4,343,2,,
2025-07-25T08:25:43.376+0200,245,157,1.342,4770.729,34.66,14.93,30.65,54.57,,2.52,130.89,9.00,18.50,1178,98,26,,,71,,,,,,0,2025-07-25T08:25:42.000+0200,165,117,1.187,48.1082467,-2.1148267,32.17,13.73,34.74,48.96,60.4,343,2,,
2025-07-25T08:25:43.979+0200,246,157,1.348,4770.734,32.83,14.97,30.65,54.57,,-0.72,131.00,10.34,22.10,1355,98,26,,,72,,,,,,0,2025-07-25T08:25:43.000+0200,166,118,1.196,48.1083267,-2.1148567,29.68,13.78,34.70,48.96,59.9,343,3,,
2025-07-25T08:25:44.005+0200,246,157,1.348,4770.734,32.83,14.97,30.65,54.57,,-0.72,131.00,10.34,22.10,1355,98,26,,,72,,,,,,0,2025-07-25T08:25:43.000+0200,166,118,1.196,48.1083267,-2.1148567,29.68,13.78,34.70,48.96,59.9,343,3,,
2025-07-25T08:25:44.594+0200,247,158,1.353,4770.740,30.81,15.00,30.66,54.57,,-2.89,131.00,15.59,34.80,2042,98,26,,,74,,,,,,0,2025-07-25T08:25:43.000+0200,167,119,1.196,48.1083267,-2.1148567,29.68,13.78,34.70,48.96,59.9,343,3,,
2025-07-25T08:25:44.620+0200,247,158,1.353,4770.740,30.81,15.00,30.66,54.57,,-2.89,131.00,15.59,34.80,2042,98,26,,,74,,,,,,0,2025-07-25T08:25:43.000+0200,167,119,1.196,48.1083267,-2.1148567,29.68,13.78,34.70,48.96,59.9,343,3,,
2025-07-25T08:25:45.208+0200,247,159,1.359,4770.746,30.78,15.03,30.66,54.57,,-2.26,130.89,12.35,27.59,1616,98,26,,,74,,,,,,0,2025-07-25T08:25:44.000+0200,167,119,1.203,48.1083883,-2.1148917,28.63,13.83,34.65,48.96,60.4,342,2,,
2025-07-25T08:25:45.231+0200,247,159,1.359,4770.746,30.78,15.03,30.66,54.57,,-2.26,130.89,12.35,27.59,1616,98,26,,,74,,,,,,0,2025-07-25T08:25:44.000+0200,167,119,1.203,48.1083883,-2.1148917,28.63,13.83,34.65,48.96,60.4,342,2,,
2025-07-25T08:25:45.827+0200,248,159,1.364,4770.751,30.13,15.06,30.66,54.57,,-1.01,130.89,15.09,34.20,1975,98,26,,,75,,,,,,0,2025-07-25T08:25:45.000+0200,168,120,1.211,48.1084483,-2.1149283,26.94,13.87,34.58,48.96,60.9,340,2,,
2025-07-25T08:25:45.849+0200,248,159,1.364,4770.751,30.13,15.06,30.66,54.57,,-1.01,130.89,15.09,34.20,1975,98,26,,,75,,,,,,0,2025-07-25T08:25:45.000+0200,168,120,1.211,48.1084483,-2.1149283,26.94,13.87,34.58,48.96,60.9,340,2,,
2025-07-25T08:25:46.458+0200,249,160,1.370,4770.756,30.02,15.08,30.65,54.57,,0.67,130.80,21.13,48.00,2764,98,26,,,75,,,,,,0,2025-07-25T08:25:45.000+0200,168,120,1.211,48.1084483,-2.1149283,26.94,13.87,34.58,48.96,60.9,340,2,,
2025-07-25T08:25:46.481+0200,249,160,1.370,4770.756,30.02,15.08,30.65,54.57,,0.67,130.80,21.13,48.00,2764,98,26,,,75,,,,,,0,2025-07-25T08:25:45.000+0200,168,120,1.211,48.1084483,-2.1149283,26.94,13.87,34.58,48.96,60.9,340,2,,
2025-07-25T08:25:47.100+0200,249,161,1.375,4770.761,32.07,15.11,30.66,54.57,,7.95,130.50,20.18,43.80,2633,98,26,,,73,,,,,,0,2025-07-25T08:25:46.000+0200,169,121,1.218,48.1085083,-2.1149683,28.39,13.92,34.53,48.96,61.1,343,2,,
2025-07-25T08:25:47.123+0200,249,161,1.375,4770.761,32.07,15.11,30.66,54.57,,7.95,130.50,20.18,43.80,2633,98,26,,,73,,,,,,0,2025-07-25T08:25:46.000+0200,169,121,1.218,48.1085083,-2.1149683,28.39,13.92,34.53,48.96,61.1,343,2,,
2025-07-25T08:25:47.709+0200,250,161,1.380,4770.767,31.28,15.15,30.66,54.57,,-0.72,130.20,18.97,41.90,2470,98,26,,,74,,,,,,0,2025-07-25T08:25:47.000+0200,170,122,1.225,48.1085717,-2.1149917,29.26,13.97,34.49,48.96,61.5,350,2,,
2025-07-25T08:25:47.730+0200,250,161,1.380,4770.767,31.28,15.15,30.66,54.57,,-0.72,130.20,18.97,41.90,2470,98,26,,,74,,,,,,0,2025-07-25T08:25:47.000+0200,170,122,1.225,48.1085717,-2.1149917,29.26,13.97,34.49,48.96,61.5,350,2,,
2025-07-25T08:25:48.332+0200,250,162,1.386,4770.772,34.66,15.18,30.67,54.57,,5.85,129.80,23.60,48.50,3063,98,26,,,71,,,,,,0,2025-07-25T08:25:47.000+0200,170,122,1.225,48.1085717,-2.1149917,29.26,13.97,34.49,48.96,61.5,350,2,,
2025-07-25T08:25:48.355+0200,250,162,1.386,4770.772,34.66,15.18,30.67,54.57,,5.85,129.80,23.60,48.50,3063,98,26,,,71,,,,,,0,2025-07-25T08:25:47.000+0200,170,122,1.225,48.1085717,-2.1149917,29.26,13.97,34.49,48.96,61.5,350,2,,
2025-07-25T08:25:48.952+0200,251,162,1.391,4770.778,36.43,15.22,30.69,54.57,,1.46,129.50,23.50,46.60,3043,98,27,,,69,,,,,,0,2025-07-25T08:25:48.000+0200,171,123,1.234,48.1086467,-2.1150100,32.11,14.03,34.47,48.96,61.6,350,2,,
2025-07-25T08:25:48.976+0200,251,162,1.391,4770.778,36.43,15.22,30.69,54.57,,1.46,129.50,23.50,46.60,3043,98,27,,,69,,,,,,0,2025-07-25T08:25:48.000+0200,171,123,1.234,48.1086467,-2.1150100,32.11,14.03,34.47,48.96,61.6,350,2,,
2025-07-25T08:25:49.572+0200,252,163,1.398,4770.785,37.40,15.26,30.72,54.57,,-0.79,129.39,32.33,62.90,4183,98,27,,,68,,,,,,0,2025-07-25T08:25:48.000+0200,172,124,1.234,48.1086467,-2.1150100,32.11,14.03,34.47,48.96,61.6,350,2,,
2025-07-25T08:25:49.597+0200,252,163,1.398,4770.785,37.40,15.26,30.72,54.57,,-0.79,129.39,32.33,62.90,4183,98,27,,,68,,,,,,0,2025-07-25T08:25:48.000+0200,172,124,1.234,48.1086467,-2.1150100,32.11,14.03,34.47,48.96,61.6,350,2,,
2025-07-25T08:25:50.186+0200,252,164,1.404,4770.791,38.95,15.31,30.75,54.57,,0.00,129.30,22.61,42.70,2923,98,27,,,67,,,,,,0,2025-07-25T08:25:49.000+0200,172,124,1.242,48.1087250,-2.1150250,33.26,14.09,34.46,48.96,61.8,355,2,,
2025-07-25T08:25:50.210+0200,252,164,1.404,4770.791,38.95,15.31,30.75,54.57,,0.00,129.30,22.61,42.70,2923,98,27,,,67,,,,,,0,2025-07-25T08:25:49.000+0200,172,124,1.242,48.1087250,-2.1150250,33.26,14.09,34.46,48.96,61.8,355,2,,
2025-07-25T08:25:50.832+0200,253,164,1.411,4770.798,39.67,15.35,30.78,54.57,,-1.02,129.20,29.51,55.00,3813,98,27,,,66,,,,,,0,2025-07-25T08:25:50.000+0200,173,125,1.253,48.1088183,-2.1150283,36.20,14.17,34.47,48.96,62.9,0,2,,
2025-07-25T08:25:50.850+0200,253,164,1.411,4770.798,39.67,15.35,30.78,54.57,,-1.02,129.20,29.51,55.00,3813,98,27,,,66,,,,,,0,2025-07-25T08:25:50.000+0200,173,125,1.253,48.1088183,-2.1150283,36.20,14.17,34.47,48.96,62.9,0,2,,
2025-07-25T08:25:51.449+0200,254,165,1.418,4770.805,42.51,15.40,30.82,54.57,,4.73,129.09,28.20,49.90,3640,98,27,,,64,,,,,,0,2025-07-25T08:25:50.000+0200,173,125,1.253,48.1088183,-2.1150283,36.20,14.17,34.47,48.96,62.9,0,2,,
2025-07-25T08:25:51.466+0200,254,165,1.418,4770.805,42.51,15.40,30.82,54.57,,4.73,129.09,28.20,49.90,3640,98,27,,,64,,,,,,0,2025-07-25T08:25:50.000+0200,173,125,1.253,48.1088183,-2.1150283,36.20,14.17,34.47,48.96,62.9,0,2,,
2025-07-25T08:25:52.071+0200,254,166,1.425,4770.813,44.38,15.46,30.87,54.57,,5.17,129.00,23.53,40.30,3035,98,27,,,62,,,,,,0,2025-07-25T08:25:51.000+0200,174,126,1.264,48.1089167,-2.1150167,38.80,14.24,34.51,48.96,63.9,8,2,,
2025-07-25T08:25:52.095+0200,254,166,1.425,4770.813,44.38,15.46,30.87,54.57,,5.17,129.00,23.53,40.30,3035,98,27,,,62,,,,,,0,2025-07-25T08:25:51.000+0200,174,126,1.264,48.1089167,-2.1150167,38.80,14.24,34.51,48.96,63.9,8,2,,
2025-07-25T08:25:52.711+0200,255,166,1.433,4770.820,44.56,15.51,30.92,54.57,,1.32,129.00,13.58,23.20,1752,98,27,,,62,,,,,,0,2025-07-25T08:25:52.000+0200,175,127,1.275,48.1090150,-2.1149850,39.46,14.33,34.55,48.96,65.2,12,2,,
2025-07-25T08:25:52.728+0200,255,166,1.433,4770.820,44.56,15.51,30.92,54.57,,1.32,129.00,13.58,23.20,1752,98,27,,,62,,,,,,0,2025-07-25T08:25:52.000+0200,175,127,1.275,48.1090150,-2.1149850,39.46,14.33,34.55,48.96,65.2,12,2,,
2025-07-25T08:25:53.326+0200,255,167,1.440,4770.828,43.81,15.56,30.97,54.57,,-1.24,129.20,15.66,27.09,2023,98,27,,,63,,,,,,0,2025-07-25T08:25:52.000+0200,175,127,1.275,48.1090150,-2.1149850,39.46,14.33,34.55,48.96,65.2,12,2,,
2025-07-25T08:25:53.351+0200,255,167,1.440,4770.828,43.81,15.56,30.97,54.57,,-1.24,129.20,15.66,27.09,2023,98,27,,,63,,,,,,0,2025-07-25T08:25:52.000+0200,175,127,1.275,48.1090150,-2.1149850,39.46,14.33,34.55,48.96,65.2,12,2,,
2025-07-25T08:25:53.950+0200,256,167,1.448,4770.836,45.10,15.62,31.02,54.57,,3.04,129.39,14.06,23.80,1819,98,27,,,62,,,,,,0,2025-07-25T08:25:53.000+0200,176,128,1.286,48.1091100,-2.1149400,40.43,14.41,34.59,48.96,66.0,21,2,,
2025-07-25T08:25:53.976+0200,256,167,1.448,4770.836,45.10,15.62,31.02,54.57,,3.04,129.39,14.06,23.80,1819,98,27,,,62,,,,,,0,2025-07-25T08:25:53.000+0200,176,128,1.286,48.1091100,-2.1149400,40.43,14.41,34.59,48.96,66.0,21,2,,
2025-07-25T08:25:54.567+0200,257,168,1.456,4770.844,45.10,15.67,31.07,54.57,,2.59,129.30,28.01,47.40,3622,98,27,,,62,,,,,,0,2025-07-25T08:25:53.000+0200,177,129,1.286,48.1091100,-2.1149400,40.43,14.41,34.59,48.96,66.0,21,2,,
2025-07-25T08:25:54.590+0200,257,168,1.456,4770.844,45.10,15.67,31.07,54.57,,2.59,129.30,28.01,47.40,3622,98,27,,,62,,,,,,0,2025-07-25T08:25:53.000+0200,177,129,1.286,48.1091100,-2.1149400,40.43,14.41,34.59,48.96,66.0,21,2,,
2025-07-25T08:25:55.187+0200,257,169,1.463,4770.851,47.77,15.73,31.13,54.57,,2.03,128.89,27.85,45.10,3590,98,27,,,59,,,,,,0,2025-07-25T08:25:54.000+0200,177,129,1.297,48.1091983,-2.1148700,41.04,14.49,34.64,48.96,66.5,29,2,,
2025-07-25T08:25:55.212+0200,257,169,1.463,4770.851,47.77,15.73,31.13,54.57,,2.03,128.89,27.85,45.10,3590,98,27,,,59,,,,,,0,2025-07-25T08:25:54.000+0200,177,129,1.297,48.1091983,-2.1148700,41.04,14.49,34.64,48.96,66.5,29,2,,
2025-07-25T08:25:55.840+0200,258,169,1.472,4770.860,49.24,15.79,31.20,54.57,,0.24,128.80,15.87,25.10,2044,97,27,,,58,,,,,,0,2025-07-25T08:25:55.000+0200,178,130,1.310,48.1092950,-2.1147850,44.35,14.59,34.72,48.96,67.9,31,2,,
2025-07-25T08:25:55.860+0200,258,169,1.472,4770.860,49.24,15.79,31.20,54.57,,0.24,128.80,15.87,25.10,2044,97,27,,,58,,,,,,0,2025-07-25T08:25:55.000+0200,178,130,1.310,48.1092950,-2.1147850,44.35,14.59,34.72,48.96,67.9,31,2,,
2025-07-25T08:25:56.432+0200,259,170,1.480,4770.868,49.21,15.85,31.26,54.57,,-0.11,129.00,15.10,23.90,1948,97,27,,,58,,,,,,0,2025-07-25T08:25:55.000+0200,178,130,1.310,48.1092950,-2.1147850,44.35,14.59,34.72,48.96,67.9,31,2,,
2025-07-25T08:25:56.455+0200,259,170,1.480,4770.868,49.21,15.85,31.26,54.57,,-0.11,129.00,15.10,23.90,1948,97,27,,,58,,,,,,0,2025-07-25T08:25:55.000+0200,178,130,1.310,48.1092950,-2.1147850,44.35,14.59,34.72,48.96,67.9,31,2,,
2025-07-25T08:25:57.078+0200,259,171,1.489,4770.877,49.21,15.92,31.33,54.57,,0.72,129.30,11.18,17.69,1446,97,28,,,58,,,,,,0,2025-07-25T08:25:56.000+0200,179,131,1.322,48.1093900,-2.1147000,40.73,14.67,34.76,48.96,69.0,30,2,,
2025-07-25T08:25:57.117+0200,259,171,1.489,4770.877,49.21,15.92,31.33,54.57,,0.72,129.30,11.18,17.69,1446,97,28,,,58,,,,,,0,2025-07-25T08:25:56.000+0200,179,131,1.322,48.1093900,-2.1147000,40.73,14.67,34.76,48.96,69.0,30,2,,
2025-07-25T08:25:57.690+0200,260,171,1.497,4770.885,48.49,15.97,31.39,54.57,,2.62,129.50,9.93,15.90,1286,97,28,,,59,,,,,,0,2025-07-25T08:25:57.000+0200,180,132,1.334,48.1094767,-2.1146117,40.62,14.75,34.80,48.96,69.8,34,2,,
2025-07-25T08:25:57.714+0200,260,171,1.497,4770.885,48.49,15.97,31.39,54.57,,2.62,129.50,9.93,15.90,1286,97,28,,,59,,,,,,0,2025-07-25T08:25:57.000+0200,180,132,1.334,48.1094767,-2.1146117,40.62,14.75,34.80,48.96,69.8,34,2,,
2025-07-25T08:25:58.312+0200,260,172,1.506,4770.894,47.23,16.03,31.45,54.57,,-4.04,129.80,5.51,9.00,715,97,27,,,60,,,,,,0,2025-07-25T08:25:57.000+0200,180,132,1.334,48.1094767,-2.1146117,40.62,14.75,34.80,48.96,69.8,34,2,,
2025-07-25T08:25:58.335+0200,260,172,1.506,4770.894,47.23,16.03,31.45,54.57,,-4.04,129.80,5.51,9.00,715,97,27,,,60,,,,,,0,2025-07-25T08:25:57.000+0200,180,132,1.334,48.1094767,-2.1146117,40.62,14.75,34.80,48.96,69.8,34,2,,
2025-07-25T08:25:58.930+0200,261,172,1.514,4770.902,45.21,16.09,31.50,54.57,,-0.24,130.09,15.27,25.80,1986,97,27,,,62,,,,,,0,2025-07-25T08:25:58.000+0200,181,133,1.346,48.1095650,-2.1145133,43.75,14.85,34.87,48.96,71.1,36,2,,
2025-07-25T08:25:58.955+0200,261,172,1.514,4770.902,45.21,16.09,31.50,54.57,,-0.24,130.09,15.27,25.80,1986,97,27,,,62,,,,,,0,2025-07-25T08:25:58.000+0200,181,133,1.346,48.1095650,-2.1145133,43.75,14.85,34.87,48.96,71.1,36,2,,
2025-07-25T08:25:59.552+0200,262,173,1.522,4770.910,45.86,16.14,31.55,54.57,,0.79,129.89,22.26,37.20,2891,97,27,,,61,,,,,,0,2025-07-25T08:25:58.000+0200,182,134,1.346,48.1095650,-2.1145133,43.75,14.85,34.87,48.96,71.1,36,2,,
2025-07-25T08:25:59.574+0200,262,173,1.522,4770.910,45.86,16.14,31.55,54.57,,0.79,129.89,22.26,37.20,2891,97,27,,,61,,,,,,0,2025-07-25T08:25:58.000+0200,182,134,1.346,48.1095650,-2.1145133,43.75,14.85,34.87,48.96,71.1,36,2,,
2025-07-25T08:26:00.173+0200,262,174,1.530,4770.918,47.16,16.20,31.60,54.57,,4.20,129.70,12.84,21.00,1665,97,27,,,60,,,,,,0,2025-07-25T08:25:59.000+0200,182,134,1.358,48.1096500,-2.1144133,39.72,14.92,34.91,48.96,71.1,35,2,,
2025-07-25T08:26:00.195+0200,262,174,1.530,4770.918,47.16,16.20,31.60,54.57,,4.20,129.70,12.84,21.00,1665,97,27,,,60,,,,,,0,2025-07-25T08:25:59.000+0200,182,134,1.358,48.1096500,-2.1144133,39.72,14.92,34.91,48.96,71.1,35,2,,
2025-07-25T08:26:00.812+0200,263,174,1.538,4770.926,47.16,16.25,31.66,54.57,,0.24,129.80,13.69,22.40,1777,97,27,,,60,,,,,,0,2025-07-25T08:26:00.000+0200,183,135,1.369,48.1097350,-2.1143317,38.48,15.00,34.93,48.96,71.6,32,2,,
2025-07-25T08:26:00.833+0200,263,174,1.538,4770.926,47.16,16.25,31.66,54.57,,0.24,129.80,13.69,22.40,1777,97,27,,,60,,,,,,0,2025-07-25T08:26:00.000+0200,183,135,1.369,48.1097350,-2.1143317,38.48,15.00,34.93,48.96,71.6,32,2,,
2025-07-25T08:26:01.408+0200,264,175,1.546,4770.934,47.16,16.31,31.71,54.57,,0.00,129.80,19.44,31.80,2523,97,27,,,60,,,,,,0,2025-07-25T08:26:00.000+0200,183,135,1.369,48.1097350,-2.1143317,38.48,15.00,34.93,48.96,71.6,32,2,,
2025-07-25T08:26:01.430+0200,264,175,1.546,4770.934,47.16,16.31,31.71,54.57,,0.00,129.80,19.44,31.80,2523,97,27,,,60,,,,,,0,2025-07-25T08:26:00.000+0200,183,135,1.369,48.1097350,-2.1143317,38.48,15.00,34.93,48.96,71.6,32,2,,
2025-07-25T08:26:02.044+0200,264,175,1.554,4770.942,47.16,16.37,31.77,54.57,,0.00,129.80,14.73,24.10,1912,97,27,,,60,,,,,,0,2025-07-25T08:26:01.000+0200,184,136,1.381,48.1098300,-2.1142617,40.85,15.08,34.98,48.96,71.9,24,2,,
2025-07-25T08:26:02.058+0200,264,175,1.554,4770.942,47.16,16.37,31.77,54.57,,0.00,129.80,14.73,24.10,1912,97,27,,,60,,,,,,0,2025-07-25T08:26:01.000+0200,184,136,1.381,48.1098300,-2.1142617,40.85,15.08,34.98,48.96,71.9,24,2,,
2025-07-25T08:26:02.670+0200,265,176,1.563,4770.951,46.87,16.42,31.82,54.57,,2.99,129.89,17.40,28.59,2260,97,27,,,60,,,,,,0,2025-07-25T08:26:02.000+0200,185,137,1.393,48.1099350,-2.1142150,42.94,15.17,35.03,48.96,71.8,16,2,,
2025-07-25T08:26:02.693+0200,265,176,1.563,4770.951,46.87,16.42,31.82,54.57,,2.99,129.89,17.40,28.59,2260,97,27,,,60,,,,,,0,2025-07-25T08:26:02.000+0200,185,137,1.393,48.1099350,-2.1142150,42.94,15.17,35.03,48.96,71.8,16,2,,
2025-07-25T08:26:03.290+0200,265,177,1.571,4770.959,47.33,16.48,31.87,54.57,,-1.35,129.80,7.66,12.50,994,97,27,,,60,,,,,,0,2025-07-25T08:26:02.000+0200,185,137,1.393,48.1099350,-2.1142150,42.94,15.17,35.03,48.96,71.8,16,2,,
2025-07-25T08:26:03.314+0200,265,177,1.571,4770.959,47.33,16.48,31.87,54.57,,-1.35,129.80,7.66,12.50,994,97,27,,,60,,,,,,0,2025-07-25T08:26:02.000+0200,185,137,1.393,48.1099350,-2.1142150,42.94,15.17,35.03,48.96,71.8,16,2,,
2025-07-25T08:26:03.927+0200,266,177,1.579,4770.967,46.72,16.53,31.93,54.57,,-1.32,129.89,19.37,31.90,2516,97,27,,,60,,,,,,0,2025-07-25T08:26:03.000+0200,186,138,1.405,48.1100433,-2.1141783,43.24,15.25,35.09,48.96,71.7,11,2,,
2025-07-25T08:26:03.951+0200,266,177,1.579,4770.967,46.72,16.53,31.93,54.57,,-1.32,129.89,19.37,31.90,2516,97,27,,,60,,,,,,0,2025-07-25T08:26:03.000+0200,186,138,1.405,48.1100433,-2.1141783,43.24,15.25,35.09,48.96,71.7,11,2,,
2025-07-25T08:26:04.550+0200,267,178,1.587,4770.975,49.21,16.59,31.98,54.57,,6.46,129.50,38.05,60.19,4927,97,27,,,58,,,,,,0,2025-07-25T08:26:03.000+0200,187,139,1.405,48.1100433,-2.1141783,43.24,15.25,35.09,48.96,71.7,11,2,,
2025-07-25T08:26:04.573+0200,267,178,1.587,4770.975,49.21,16.59,31.98,54.57,,6.46,129.50,38.05,60.19,4927,97,27,,,58,,,,,,0,2025-07-25T08:26:03.000+0200,187,139,1.405,48.1100433,-2.1141783,43.24,15.25,35.09,48.96,71.7,11,2,,
2025-07-25T08:26:05.172+0200,267,179,1.596,4770.984,49.89,16.65,32.05,54.57,,-1.79,129.09,31.50,49.30,4066,97,27,,,57,,,,,,0,2025-07-25T08:26:04.000+0200,187,139,1.418,48.1101533,-2.1141500,46.64,15.35,35.18,48.96,71.6,9,2,,
2025-07-25T08:26:05.194+0200,267,179,1.596,4770.984,49.89,16.65,32.05,54.57,,-1.79,129.09,31.50,49.30,4066,97,27,,,57,,,,,,0,2025-07-25T08:26:04.000+0200,187,139,1.418,48.1101533,-2.1141500,46.64,15.35,35.18,48.96,71.6,9,2,,
2025-07-25T08:26:05.791+0200,268,179,1.604,4770.993,49.28,16.71,32.11,54.57,,-3.71,129.39,10.44,16.50,1351,97,27,,,58,,,,,,0,2025-07-25T08:26:05.000+0200,188,140,1.431,48.1102683,-2.1141350,43.85,15.44,35.24,48.96,71.7,1,2,,
2025-07-25T08:26:05.815+0200,268,179,1.604,4770.993,49.28,16.71,32.11,54.57,,-3.71,129.39,10.44,16.50,1351,97,27,,,58,,,,,,0,2025-07-25T08:26:05.000+0200,188,140,1.431,48.1102683,-2.1141350,43.85,15.44,35.24,48.96,71.7,1,2,,
2025-07-25T08:26:06.414+0200,269,180,1.613,4771.001,48.99,16.77,32.17,54.57,,0.12,129.80,14.99,23.80,1946,97,27,,,58,,,,,,0,2025-07-25T08:26:05.000+0200,188,140,1.431,48.1102683,-2.1141350,43.85,15.44,35.24,48.96,71.7,1,2,,
2025-07-25T08:26:06.433+0200,269,180,1.613,4771.001,48.99,16.77,32.17,54.57,,0.12,129.80,14.99,23.80,1946,97,27,,,58,,,,,,0,2025-07-25T08:26:05.000+0200,188,140,1.431,48.1102683,-2.1141350,43.85,15.44,35.24,48.96,71.7,1,2,,
2025-07-25T08:26:07.026+0200,269,180,1.621,4771.010,47.19,16.82,32.22,54.57,,-5.06,130.00,5.38,8.80,699,97,27,,,60,,,,,,0,2025-07-25T08:26:06.000+0200,189,141,1.443,48.1103783,-2.1141217,45.22,15.53,35.31,48.96,71.8,5,2,,
2025-07-25T08:26:07.047+0200,269,180,1.621,4771.010,47.19,16.82,32.22,54.57,,-5.06,130.00,5.38,8.80,699,97,27,,,60,,,,,,0,2025-07-25T08:26:06.000+0200,189,141,1.443,48.1103783,-2.1141217,45.22,15.53,35.31,48.96,71.8,5,2,,
2025-07-25T08:26:07.643+0200,270,181,1.630,4771.018,45.35,16.88,32.27,54.57,,-2.75,130.30,11.51,19.40,1500,97,27,,,62,,,,,,0,2025-07-25T08:26:06.000+0200,190,142,1.443,48.1103783,-2.1141217,45.22,15.53,35.31,48.96,71.8,5,2,,
2025-07-25T08:26:07.667+0200,270,181,1.630,4771.018,45.35,16.88,32.27,54.57,,-2.75,130.30,11.51,19.40,1500,97,27,,,62,,,,,,0,2025-07-25T08:26:07.000+0200,190,142,1.455,48.1104867,-2.1141100,42.59,15.61,35.36,48.96,71.4,4,2,,
2025-07-25T08:26:08.270+0200,270,182,1.638,4771.026,45.14,16.93,32.31,54.57,,-1.01,130.20,19.10,32.30,2487,97,27,,,62,,,,,,0,2025-07-25T08:26:07.000+0200,190,142,1.455,48.1104867,-2.1141100,42.59,15.61,35.36,48.96,71.4,4,2,,
2025-07-25T08:26:08.291+0200,270,182,1.638,4771.026,45.14,16.93,32.31,54.57,,-1.01,130.20,19.10,32.30,2487,97,27,,,62,,,,,,0,2025-07-25T08:26:07.000+0200,190,142,1.455,48.1104867,-2.1141100,42.59,15.61,35.36,48.96,71.4,4,2,,
2025-07-25T08:26:08.887+0200,271,182,1.646,4771.034,47.08,16.98,32.36,54.57,,2.89,130.00,13.37,21.90,1738,97,27,,,60,,,,,,0,2025-07-25T08:26:08.000+0200,191,143,1.467,48.1105917,-2.1141000,42.06,15.69,35.41,48.96,71.5,3,2,,
2025-07-25T08:26:08.911+0200,271,182,1.646,4771.034,47.08,16.98,32.36,54.57,,2.89,130.00,13.37,21.90,1738,97,27,,,60,,,,,,0,2025-07-25T08:26:08.000+0200,191,143,1.467,48.1105917,-2.1141000,42.06,15.69,35.41,48.96,71.5,3,2,,
2025-07-25T08:26:09.532+0200,272,183,1.654,4771.042,46.51,17.03,32.41,54.57,,-2.15,130.00,9.25,15.29,1203,97,27,,,61,,,,,,0,2025-07-25T08:26:08.000+0200,192,144,1.467,48.1105917,-2.1141000,42.06,15.69,35.41,48.96,71.5,3,2,,
2025-07-25T08:26:09.556+0200,272,183,1.654,4771.042,46.51,17.03,32.41,54.57,,-2.15,130.00,9.25,15.29,1203,97,27,,,61,,,,,,0,2025-07-25T08:26:08.000+0200,192,144,1.467,48.1105917,-2.1141000,42.06,15.69,35.41,48.96,71.5,3,2,,
2025-07-25T08:26:10.135+0200,272,184,1.662,4771.050,44.89,17.08,32.45,54.57,,-4.19,130.20,8.12,13.79,1057,97,27,,,62,,,,,,0,2025-07-25T08:26:09.000+0200,192,144,1.478,48.1106967,-2.1140917,38.93,15.76,35.43,48.96,71.6,358,2,,
2025-07-25T08:26:10.158+0200,272,184,1.662,4771.050,44.89,17.08,32.45,54.57,,-4.19,130.20,8.12,13.79,1057,97,27,,,62,,,,,,0,2025-07-25T08:26:09.000+0200,192,144,1.478,48.1106967,-2.1140917,38.93,15.76,35.43,48.96,71.6,358,2,,
2025-07-25T08:26:10.750+0200,273,184,1.670,4771.058,45.10,17.13,32.50,54.57,,1.24,130.20,18.02,30.50,2346,97,27,,,62,,,,,,0,2025-07-25T08:26:10.000+0200,193,145,1.489,48.1107950,-2.1140833,41.35,15.84,35.47,48.96,72.1,5,2,,
2025-07-25T08:26:10.770+0200,273,184,1.670,4771.058,45.10,17.13,32.50,54.57,,1.24,130.20,18.02,30.50,2346,97,27,,,62,,,,,,0,2025-07-25T08:26:10.000+0200,193,145,1.489,48.1107950,-2.1140833,41.35,15.84,35.47,48.96,72.1,5,2,,
2025-07-25T08:26:11.372+0200,274,185,1.678,4771.065,43.16,17.18,32.53,54.57,,-2.36,130.39,2.34,4.10,305,97,27,,,64,,,,,,0,2025-07-25T08:26:10.000+0200,193,145,1.489,48.1107950,-2.1140833,41.35,15.84,35.47,48.96,72.1,5,2,,
2025-07-25T08:26:11.395+0200,274,185,1.678,4771.065,43.16,17.18,32.53,54.57,,-2.36,130.39,2.34,4.10,305,97,27,,,64,,,,,,0,2025-07-25T08:26:10.000+0200,193,145,1.489,48.1107950,-2.1140833,41.35,15.84,35.47,48.96,72.1,5,2,,
2025-07-25T08:26:11.988+0200,274,185,1.685,4771.073,43.09,17.23,32.57,54.57,,-0.34,130.39,17.69,31.00,2307,97,27,,,64,,,,,,0,2025-07-25T08:26:11.000+0200,194,146,1.501,48.1108967,-2.1140733,39.29,15.91,35.50,48.96,72.2,4,2,,
2025-07-25T08:26:12.010+0200,274,185,1.685,4771.073,43.09,17.23,32.57,54.57,,-0.34,130.39,17.69,31.00,2307,97,27,,,64,,,,,,0,2025-07-25T08:26:11.000+0200,194,146,1.501,48.1108967,-2.1140733,39.29,15.91,35.50,48.96,72.2,4,2,,
2025-07-25T08:26:12.630+0200,275,186,1.693,4771.081,45.10,17.27,32.61,54.57,,6.72,130.00,33.80,57.19,4394,97,27,,,62,,,,,,0,2025-07-25T08:26:11.000+0200,195,147,1.501,48.1108967,-2.1140733,39.29,15.91,35.50,48.96,72.2,4,2,,
2025-07-25T08:26:12.651+0200,275,186,1.693,4771.081,45.10,17.27,32.61,54.57,,6.72,130.00,33.80,57.19,4394,97,27,,,62,,,,,,0,2025-07-25T08:26:11.000+0200,195,147,1.501,48.1108967,-2.1140733,39.29,15.91,35.50,48.96,72.2,4,2,,
2025-07-25T08:26:13.253+0200,275,187,1.700,4771.088,48.02,17.32,32.65,54.57,,8.55,129.50,30.57,49.30,3959,97,27,,,59,,,,,,0,2025-07-25T08:26:12.000+0200,195,147,1.512,48.1109950,-2.1140650,43.34,16.00,35.55,48.96,72.6,2,2,,
2025-07-25T08:26:13.276+0200,275,187,1.700,4771.088,48.02,17.32,32.65,54.57,,8.55,129.50,30.57,49.30,3959,97,27,,,59,,,,,,0,2025-07-25T08:26:12.000+0200,195,147,1.512,48.1109950,-2.1140650,43.34,16.00,35.55,48.96,72.6,2,2,,
2025-07-25T08:26:13.867+0200,276,187,1.708,4771.097,49.21,17.38,32.71,54.57,,1.46,129.00,27.05,42.80,3489,97,27,,,58,,,,,,0,2025-07-25T08:26:13.000+0200,196,148,1.523,48.1111000,-2.1140717,44.59,16.08,35.61,48.96,72.8,356,2,,
2025-07-25T08:26:13.891+0200,276,187,1.708,4771.097,49.21,17.38,32.71,54.57,,1.46,129.00,27.05,42.80,3489,97,27,,,58,,,,,,0,2025-07-25T08:26:13.000+0200,196,148,1.523,48.1111000,-2.1140717,44.59,16.08,35.61,48.96,72.8,356,2,,
2025-07-25T08:26:14.492+0200,277,188,1.717,4771.105,50.50,17.44,32.76,54.57,,3.49,128.80,21.99,34.09,2832,97,27,,,57,,,,,,0,2025-07-25T08:26:13.000+0200,196,148,1.523,48.1111000,-2.1140717,44.59,16.08,35.61,48.96,72.8,356,2,,
2025-07-25T08:26:14.514+0200,277,188,1.717,4771.105,50.50,17.44,32.76,54.57,,3.49,128.80,21.99,34.09,2832,97,27,,,57,,,,,,0,2025-07-25T08:26:13.000+0200,197,149,1.523,48.1111000,-2.1140717,44.59,16.08,35.61,48.96,72.8,356,2,,
2025-07-25T08:26:15.109+0200,277,189,1.726,4771.114,50.07,17.50,32.82,54.57,,-3.46,129.09,0.12,0.19,15,97,27,,,57,,,,,,0,2025-07-25T08:26:14.000+0200,197,149,1.536,48.1112117,-2.1140833,43.39,16.16,35.66,48.96,73.2,352,2,,
2025-07-25T08:26:15.128+0200,277,189,1.726,4771.114,50.07,17.50,32.82,54.57,,-3.46,129.09,0.12,0.19,15,97,27,,,57,,,,,,0,2025-07-25T08:26:14.000+0200,197,149,1.536,48.1112117,-2.1140833,43.39,16.16,35.66,48.96,73.2,352,2,,
2025-07-25T08:26:15.751+0200,278,189,1.735,4771.123,48.42,17.55,32.88,54.57,,-1.68,129.70,3.37,5.40,437,97,27,,,59,,,,,,0,2025-07-25T08:26:15.000+0200,198,150,1.548,48.1113167,-2.1141100,40.06,16.24,35.69,48.96,73.8,347,2,,
2025-07-25T08:26:15.774+0200,278,189,1.735,4771.123,48.42,17.55,32.88,54.57,,-1.68,129.70,3.37,5.40,437,97,27,,,59,,,,,,0,2025-07-25T08:26:15.000+0200,198,150,1.548,48.1113167,-2.1141100,40.06,16.24,35.69,48.96,73.8,347,2,,
2025-07-25T08:26:16.370+0200,278,190,1.743,4771.131,47.19,17.60,32.92,54.57,,0.00,130.00,1.95,3.19,254,97,27,,,60,,,,,,0,2025-07-25T08:26:15.000+0200,198,150,1.548,48.1113167,-2.1141100,40.06,16.24,35.69,48.96,73.8,347,2,,
2025-07-25T08:26:16.394+0200,278,190,1.743,4771.131,47.19,17.60,32.92,54.57,,0.00,130.00,1.95,3.19,254,97,27,,,60,,,,,,0,2025-07-25T08:26:15.000+0200,198,150,1.548,48.1113167,-2.1141100,40.06,16.24,35.69,48.96,73.8,347,2,,
2025-07-25T08:26:16.988+0200,279,190,1.751,4771.139,46.44,17.65,32.96,54.57,,3.84,130.20,13.11,21.70,1707,97,27,,,61,,,,,,0,2025-07-25T08:26:16.000+0200,199,151,1.559,48.1114183,-2.1141333,39.23,16.30,35.71,48.96,74.1,352,2,,
2025-07-25T08:26:17.009+0200,279,190,1.751,4771.139,46.44,17.65,32.96,54.57,,3.84,130.20,13.11,21.70,1707,97,27,,,61,,,,,,0,2025-07-25T08:26:16.000+0200,199,151,1.559,48.1114183,-2.1141333,39.23,16.30,35.71,48.96,74.1,352,2,,
2025-07-25T08:26:17.611+0200,280,191,1.759,4771.147,44.89,17.70,33.00,54.57,,-0.78,130.39,3.88,6.60,506,97,27,,,62,,,,,,0,2025-07-25T08:26:16.000+0200,200,152,1.559,48.1114183,-2.1141333,39.23,16.30,35.71,48.96,74.1,352,2,,
2025-07-25T08:26:17.633+0200,280,191,1.759,4771.147,44.89,17.70,33.00,54.57,,-0.78,130.39,3.88,6.60,506,97,27,,,62,,,,,,0,2025-07-25T08:26:16.000+0200,200,152,1.559,48.1114183,-2.1141333,39.23,16.30,35.71,48.96,74.1,352,2,,
2025-07-25T08:26:18.229+0200,280,192,1.767,4771.155,42.83,17.74,33.04,54.57,,-3.49,130.59,1.19,2.09,155,97,27,,,64,,,,,,0,2025-07-25T08:26:17.000+0200,200,152,1.570,48.1115150,-2.1141600,37.43,16.37,35.73,48.96,74.5,347,2,,
2025-07-25T08:26:18.253+0200,280,192,1.767,4771.155,42.83,17.74,33.04,54.57,,-3.49,130.59,1.19,2.09,155,97,27,,,64,,,,,,0,2025-07-25T08:26:17.000+0200,200,152,1.570,48.1115150,-2.1141600,37.43,16.37,35.73,48.96,74.5,347,2,,
2025-07-25T08:26:18.854+0200,281,192,1.775,4771.162,39.67,17.78,33.06,54.57,,-5.42,130.89,-1.82,-6.80,-238,97,27,,,67,,,,,,0,2025-07-25T08:26:18.000+0200,201,153,1.581,48.1116100,-2.1141917,35.96,16.43,35.73,48.96,75.1,347,2,,
2025-07-25T08:26:18.877+0200,281,192,1.775,4771.162,39.67,17.78,33.06,54.57,,-5.42,130.89,-1.82,-6.80,-238,97,27,,,67,,,,,,0,2025-07-25T08:26:18.000+0200,201,153,1.581,48.1116100,-2.1141917,35.96,16.43,35.73,48.96,75.1,347,2,,
2025-07-25T08:26:19.469+0200,282,193,1.782,4771.169,37.54,17.82,33.08,54.57,,-4.84,131.20,0.92,1.80,121,97,27,,,68,,,,,,0,2025-07-25T08:26:18.000+0200,201,153,1.581,48.1116100,-2.1141917,35.96,16.43,35.73,48.96,75.1,347,2,,
2025-07-25T08:26:19.494+0200,282,193,1.782,4771.169,37.54,17.82,33.08,54.57,,-4.84,131.20,0.92,1.80,121,97,27,,,68,,,,,,0,2025-07-25T08:26:18.000+0200,201,153,1.581,48.1116100,-2.1141917,35.96,16.43,35.73,48.96,75.1,347,2,,
2025-07-25T08:26:20.088+0200,282,194,1.789,4771.176,36.64,17.85,33.09,54.57,,-0.90,131.30,-0.50,-2.00,-66,97,27,,,69,,,,,,0,2025-07-25T08:26:19.000+0200,202,154,1.591,48.1116967,-2.1142233,35.88,16.48,35.73,48.96,75.5,347,2,,
2025-07-25T08:26:20.111+0200,282,194,1.789,4771.176,36.64,17.85,33.09,54.57,,-0.90,131.30,-0.50,-2.00,-66,97,27,,,69,,,,,,0,2025-07-25T08:26:19.000+0200,202,154,1.591,48.1116967,-2.1142233,35.88,16.48,35.73,48.96,75.5,347,2,,
2025-07-25T08:26:20.731+0200,283,194,1.795,4771.182,34.19,17.88,33.09,54.57,,-3.45,131.50,-1.78,-7.39,-234,97,27,,,71,,,,,,0,2025-07-25T08:26:20.000+0200,203,155,1.599,48.1117717,-2.1142533,31.11,16.53,35.70,48.96,75.8,348,2,,
2025-07-25T08:26:20.754+0200,283,194,1.795,4771.182,34.19,17.88,33.09,54.57,,-3.45,131.50,-1.78,-7.39,-234,97,27,,,71,,,,,,0,2025-07-25T08:26:20.000+0200,203,155,1.599,48.1117717,-2.1142533,31.11,16.53,35.70,48.96,75.8,348,2,,
2025-07-25T08:26:21.351+0200,283,195,1.801,4771.188,31.46,17.91,33.09,54.57,,-4.56,131.70,-3.11,-13.70,-410,97,27,,,74,,,,,,0,2025-07-25T08:26:20.000+0200,203,155,1.599,48.1117717,-2.1142533,31.11,16.53,35.70,48.96,75.8,348,2,,
2025-07-25T08:26:21.375+0200,283,195,1.801,4771.188,31.46,17.91,33.09,54.57,,-4.56,131.70,-3.11,-13.70,-410,97,27,,,74,,,,,,0,2025-07-25T08:26:20.000+0200,203,155,1.599,48.1117717,-2.1142533,31.11,16.53,35.70,48.96,75.8,348,2,,
2025-07-25T08:26:21.952+0200,284,195,1.807,4771.193,28.94,17.93,33.08,54.57,,-4.74,131.89,-2.83,-13.20,-373,97,27,,,76,,,,,,0,2025-07-25T08:26:21.000+0200,204,156,1.607,48.1118367,-2.1142883,26.58,16.56,35.64,48.96,76.1,340,2,,
2025-07-25T08:26:21.970+0200,284,195,1.807,4771.193,28.94,17.93,33.08,54.57,,-4.74,131.89,-2.83,-13.20,-373,97,27,,,76,,,,,,0,2025-07-25T08:26:21.000+0200,204,156,1.607,48.1118367,-2.1142883,26.58,16.56,35.64,48.96,76.1,340,2,,
2025-07-25T08:26:22.593+0200,285,196,1.812,4771.198,26.67,17.94,33.06,54.57,,-4.90,132.09,-3.92,-19.29,-518,97,27,,,78,,,,,,0,2025-07-25T08:26:21.000+0200,205,157,1.607,48.1118367,-2.1142883,26.58,16.56,35.64,48.96,76.1,340,2,,
2025-07-25T08:26:22.616+0200,285,196,1.812,4771.198,26.67,17.94,33.06,54.57,,-4.90,132.09,-3.92,-19.29,-518,97,27,,,78,,,,,,0,2025-07-25T08:26:21.000+0200,205,157,1.607,48.1118367,-2.1142883,26.58,16.56,35.64,48.96,76.1,340,2,,
2025-07-25T08:26:23.210+0200,285,197,1.817,4771.203,23.79,17.95,33.04,54.57,,-3.90,132.20,-1.45,-7.70,-192,97,27,,,80,,,,,,0,2025-07-25T08:26:22.000+0200,205,157,1.615,48.1119017,-2.1143233,20.32,16.57,35.54,48.96,76.1,339,2,,
2025-07-25T08:26:23.234+0200,285,197,1.817,4771.203,23.79,17.95,33.04,54.57,,-3.90,132.20,-1.45,-7.70,-192,97,27,,,80,,,,,,0,2025-07-25T08:26:22.000+0200,205,157,1.615,48.1119017,-2.1143233,20.32,16.57,35.54,48.96,76.1,339,2,,
2025-07-25T08:26:23.831+0200,286,197,1.821,4771.207,22.32,17.96,33.00,54.57,,-0.78,132.20,-0.49,-2.70,-65,97,27,,,81,,,,,,0,2025-07-25T08:26:23.000+0200,206,158,1.618,48.1119300,-2.1143517,18.49,16.57,35.44,48.96,75.5,345,2,,
2025-07-25T08:26:23.854+0200,286,197,1.821,4771.207,22.32,17.96,33.00,54.57,,-0.78,132.20,-0.49,-2.70,-65,97,27,,,81,,,,,,0,2025-07-25T08:26:23.000+0200,206,158,1.618,48.1119300,-2.1143517,18.49,16.57,35.44,48.96,75.5,345,2,,
2025-07-25T08:26:24.456+0200,287,198,1.825,4771.211,20.51,17.97,32.97,54.57,,-4.18,132.09,0.79,2.30,104,97,27,,,83,,,,,,0,2025-07-25T08:26:23.000+0200,206,158,1.618,48.1119300,-2.1143517,18.49,16.57,35.44,48.96,75.5,345,2,,
2025-07-25T08:26:24.481+0200,287,198,1.825,4771.211,20.51,17.97,32.97,54.57,,-4.18,132.09,0.79,2.30,104,97,27,,,83,,,,,,0,2025-07-25T08:26:23.000+0200,206,158,1.618,48.1119300,-2.1143517,18.49,16.57,35.44,48.96,75.5,345,2,,
2025-07-25T08:26:25.093+0200,287,199,1.829,4771.215,20.73,17.97,32.93,54.57,,-3.22,132.00,3.57,10.30,471,97,27,,,83,,,,,,0,2025-07-25T08:26:24.000+0200,207,159,1.624,48.1119800,-2.1143550,18.86,16.58,35.33,48.96,75.0,0,2,,
2025-07-25T08:26:25.116+0200,287,199,1.829,4771.215,20.73,17.97,32.93,54.57,,-3.22,132.00,3.57,10.30,471,97,27,,,83,,,,,,0,2025-07-25T08:26:24.000+0200,207,159,1.624,48.1119800,-2.1143550,18.86,16.58,35.33,48.96,75.0,0,2,,
2025-07-25T08:26:25.710+0200,288,199,1.832,4771.218,20.44,17.98,32.89,54.57,,1.44,131.89,7.88,22.90,1039,97,26,,,83,,,,,,0,2025-07-25T08:26:25.000+0200,208,160,1.629,48.1120283,-2.1143450,19.85,16.59,35.24,48.96,74.6,13,2,,
2025-07-25T08:26:25.734+0200,288,199,1.832,4771.218,20.44,17.98,32.89,54.57,,1.44,131.89,7.88,22.90,1039,97,26,,,83,,,,,,0,2025-07-25T08:26:25.000+0200,208,160,1.629,48.1120283,-2.1143450,19.85,16.59,35.24,48.96,74.6,13,2,,
2025-07-25T08:26:26.330+0200,288,200,1.836,4771.222,21.20,17.98,32.85,54.57,,2.39,131.59,14.25,40.50,1875,97,26,,,82,,,,,,0,2025-07-25T08:26:25.000+0200,208,160,1.629,48.1120283,-2.1143450,19.85,16.59,35.24,48.96,74.6,13,2,,
2025-07-25T08:26:26.354+0200,288,200,1.836,4771.222,21.20,17.98,32.85,54.57,,2.39,131.59,14.25,40.50,1875,97,26,,,82,,,,,,0,2025-07-25T08:26:25.000+0200,208,160,1.629,48.1120283,-2.1143450,19.85,16.59,35.24,48.96,74.6,13,2,,
2025-07-25T08:26:26.948+0200,289,200,1.839,4771.225,22.53,17.99,32.82,54.57,,0.57,131.39,12.05,33.00,1583,97,26,,,81,,,,,,0,2025-07-25T08:26:26.000+0200,209,161,1.634,48.1120633,-2.1143133,16.32,16.59,35.12,48.96,74.3,34,2,,
2025-07-25T08:26:26.972+0200,289,200,1.839,4771.225,22.53,17.99,32.82,54.57,,0.57,131.39,12.05,33.00,1583,97,26,,,81,,,,,,0,2025-07-25T08:26:26.000+0200,209,161,1.634,48.1120633,-2.1143133,16.32,16.59,35.12,48.96,74.3,34,2,,
2025-07-25T08:26:27.592+0200,290,201,1.843,4771.229,24.04,18.00,32.79,54.57,,4.19,131.20,11.45,30.09,1502,97,26,,,80,,,,,,0,2025-07-25T08:26:26.000+0200,210,162,1.634,48.1120633,-2.1143133,16.32,16.59,35.12,48.96,74.3,34,2,,
2025-07-25T08:26:27.618+0200,290,201,1.843,4771.229,24.04,18.00,32.79,54.57,,4.19,131.20,11.45,30.09,1502,97,26,,,80,,,,,,0,2025-07-25T08:26:26.000+0200,210,162,1.634,48.1120633,-2.1143133,16.32,16.59,35.12,48.96,74.3,34,2,,
2025-07-25T08:26:28.211+0200,290,202,1.847,4771.234,26.09,18.01,32.77,54.57,,4.99,131.09,14.35,35.80,1881,97,26,,,78,,,,,,0,2025-07-25T08:26:27.000+0200,210,162,1.639,48.1120917,-2.1142700,17.36,16.59,35.01,48.96,74.3,51,2,,
2025-07-25T08:26:28.235+0200,290,202,1.847,4771.234,26.09,18.01,32.77,54.57,,4.99,131.09,14.35,35.80,1881,97,26,,,78,,,,,,0,2025-07-25T08:26:27.000+0200,210,162,1.639,48.1120917,-2.1142700,17.36,16.59,35.01,48.96,74.3,51,2,,
2025-07-25T08:26:28.833+0200,291,202,1.852,4771.238,28.00,18.03,32.75,54.57,,3.60,131.00,10.16,24.20,1331,97,27,,,76,,,,,,0,2025-07-25T08:26:28.000+0200,211,163,1.644,48.1121217,-2.1142167,17.40,16.59,34.90,48.96,74.4,59,2,,
2025-07-25T08:26:28.855+0200,291,202,1.852,4771.238,28.00,18.03,32.75,54.57,,3.60,131.00,10.16,24.20,1331,97,27,,,76,,,,,,0,2025-07-25T08:26:28.000+0200,211,163,1.644,48.1121217,-2.1142167,17.40,16.59,34.90,48.96,74.4,59,2,,
2025-07-25T08:26:29.458+0200,292,203,1.856,4771.243,29.88,18.04,32.74,54.57,,4.01,130.89,17.11,39.00,2240,97,27,,,75,,,,,,0,2025-07-25T08:26:28.000+0200,211,163,1.644,48.1121217,-2.1142167,17.40,16.59,34.90,48.96,74.4,59,2,,
2025-07-25T08:26:29.476+0200,292,203,1.856,4771.243,29.88,18.04,32.74,54.57,,4.01,130.89,17.11,39.00,2240,97,27,,,75,,,,,,0,2025-07-25T08:26:28.000+0200,211,163,1.644,48.1121217,-2.1142167,17.40,16.59,34.90,48.96,74.4,59,2,,
2025-07-25T08:26:30.074+0200,292,203,1.861,4771.248,32.43,18.07,32.74,54.57,,5.25,130.70,11.33,24.40,1481,97,27,,,73,,,,,,0,2025-07-25T08:26:29.000+0200,212,164,1.649,48.1121417,-2.1141467,19.68,16.60,34.81,48.96,74.3,69,2,,
2025-07-25T08:26:30.096+0200,292,204,1.861,4771.248,32.43,18.07,32.74,54.57,,5.25,130.70,11.33,24.40,1481,97,27,,,73,,,,,,0,2025-07-25T08:26:29.000+0200,212,164,1.649,48.1121417,-2.1141467,19.68,16.60,34.81,48.96,74.3,69,2,,
2025-07-25T08:26:30.690+0200,293,204,1.867,4771.254,33.33,18.09,32.74,54.57,,1.69,130.59,12.40,26.20,1619,97,27,,,72,,,,,,0,2025-07-25T08:26:30.000+0200,213,165,1.656,48.1121550,-2.1140567,25.49,16.63,34.76,48.96,73.8,76,2,,
2025-07-25T08:26:30.711+0200,293,204,1.867,4771.254,33.33,18.09,32.74,54.57,,1.69,130.59,12.40,26.20,1619,97,27,,,72,,,,,,0,2025-07-25T08:26:30.000+0200,213,165,1.656,48.1121550,-2.1140567,25.49,16.63,34.76,48.96,73.8,76,2,,
2025-07-25T08:26:31.313+0200,293,205,1.872,4771.260,36.46,18.12,32.75,54.57,,5.06,130.39,19.48,38.59,2540,97,27,,,69,,,,,,0,2025-07-25T08:26:30.000+0200,213,165,1.656,48.1121550,-2.1140567,25.49,16.63,34.76,48.96,73.8,76,2,,
2025-07-25T08:26:31.337+0200,293,205,1.872,4771.260,36.46,18.12,32.75,54.57,,5.06,130.39,19.48,38.59,2540,97,27,,,69,,,,,,0,2025-07-25T08:26:30.000+0200,213,165,1.656,48.1121550,-2.1140567,25.49,16.63,34.76,48.96,73.8,76,2,,
2025-07-25T08:26:31.954+0200,294,205,1.879,4771.266,38.95,18.16,32.76,54.57,,4.54,130.20,21.28,40.20,2771,97,27,,,67,,,,,,0,2025-07-25T08:26:31.000+0200,214,166,1.665,48.1121650,-2.1139383,29.69,16.66,34.72,48.96,72.9,81,2,,
2025-07-25T08:26:31.975+0200,294,205,1.879,4771.266,38.95,18.16,32.76,54.57,,4.54,130.20,21.28,40.20,2771,97,27,,,67,,,,,,0,2025-07-25T08:26:31.000+0200,214,166,1.665,48.1121650,-2.1139383,29.69,16.66,34.72,48.96,72.9,81,2,,
2025-07-25T08:26:32.567+0200,295,206,1.885,4771.273,42.04,18.19,32.79,54.57,,5.76,130.20,8.85,15.79,1152,97,27,,,64,,,,,,0,2025-07-25T08:26:31.000+0200,215,167,1.665,48.1121650,-2.1139383,29.69,16.66,34.72,48.96,72.9,81,2,,
2025-07-25T08:26:32.591+0200,295,206,1.885,4771.273,42.04,18.19,32.79,54.57,,5.76,130.20,8.85,15.79,1152,97,27,,,64,,,,,,0,2025-07-25T08:26:31.000+0200,215,167,1.665,48.1121650,-2.1139383,29.69,16.66,34.72,48.96,72.9,81,2,,
2025-07-25T08:26:33.190+0200,295,207,1.892,4771.280,41.54,18.23,32.82,54.57,,-0.60,130.20,16.16,29.09,2104,97,27,,,65,,,,,,0,2025-07-25T08:26:32.000+0200,215,167,1.676,48.1121667,-2.1137917,36.27,16.72,34.73,48.96,72.7,86,2,,
2025-07-25T08:26:33.214+0200,295,207,1.892,4771.280,41.54,18.23,32.82,54.57,,-0.60,130.20,16.16,29.09,2104,97,27,,,65,,,,,,0,2025-07-25T08:26:32.000+0200,215,167,1.676,48.1121667,-2.1137917,36.27,16.72,34.73,48.96,72.7,86,2,,
2025-07-25T08:26:33.813+0200,296,207,1.899,4771.287,41.86,18.27,32.84,54.57,,-0.48,130.39,14.02,25.10,1828,97,27,,,65,,,,,,0,2025-07-25T08:26:33.000+0200,216,168,1.686,48.1121750,-2.1136517,37.92,16.78,34.75,48.96,72.4,83,2,,
2025-07-25T08:26:33.835+0200,296,207,1.899,4771.287,41.86,18.27,32.84,54.57,,-0.48,130.39,14.02,25.10,1828,97,27,,,65,,,,,,0,2025-07-25T08:26:33.000+0200,216,168,1.686,48.1121750,-2.1136517,37.92,16.78,34.75,48.96,72.4,83,2,,
2025-07-25T08:26:34.432+0200,297,208,1.907,4771.295,43.70,18.31,32.87,54.57,,1.32,130.39,17.25,29.90,2249,97,27,,,63,,,,,,0,2025-07-25T08:26:33.000+0200,216,168,1.686,48.1121750,-2.1136517,37.92,16.78,34.75,48.96,72.4,83,2,,
2025-07-25T08:26:34.454+0200,297,208,1.907,4771.295,43.70,18.31,32.87,54.57,,1.32,130.39,17.25,29.90,2249,97,27,,,63,,,,,,0,2025-07-25T08:26:33.000+0200,216,168,1.686,48.1121750,-2.1136517,37.92,16.78,34.75,48.96,72.4,83,2,,
2025-07-25T08:26:35.052+0200,297,208,1.914,4771.302,45.10,18.36,32.91,54.57,,3.25,130.39,13.94,23.60,1818,97,27,,,62,,,,,,0,2025-07-25T08:26:34.000+0200,217,169,1.698,48.1121867,-2.1135033,39.96,16.85,34.78,48.96,71.9,83,2,,
2025-07-25T08:26:35.074+0200,297,208,1.914,4771.302,45.10,18.36,32.91,54.57,,3.25,130.39,13.94,23.60,1818,97,27,,,62,,,,,,0,2025-07-25T08:26:34.000+0200,217,169,1.698,48.1121867,-2.1135033,39.96,16.85,34.78,48.96,71.9,83,2,,
2025-07-25T08:26:35.668+0200,298,209,1.922,4771.310,45.82,18.40,32.95,54.57,,-0.45,130.39,17.17,28.70,2239,97,27,,,61,,,,,,0,2025-07-25T08:26:35.000+0200,218,170,1.709,48.1121983,-2.1133483,40.87,16.91,34.82,48.96,71.6,80,2,,
2025-07-25T08:26:35.690+0200,298,209,1.922,4771.310,45.82,18.40,32.95,54.57,,-0.45,130.39,17.17,28.70,2239,97,27,,,61,,,,,,0,2025-07-25T08:26:35.000+0200,218,170,1.709,48.1121983,-2.1133483,40.87,16.91,34.82,48.96,71.6,80,2,,
2025-07-25T08:26:36.292+0200,298,210,1.930,4771.318,48.63,18.45,32.99,54.57,,4.84,130.20,20.29,32.39,2642,97,27,,,59,,,,,,0,2025-07-25T08:26:35.000+0200,218,170,1.709,48.1121983,-2.1133483,40.87,16.91,34.82,48.96,71.6,80,2,,
2025-07-25T08:26:36.316+0200,298,210,1.930,4771.318,48.63,18.45,32.99,54.57,,4.84,130.20,20.29,32.39,2642,97,27,,,59,,,,,,0,2025-07-25T08:26:35.000+0200,218,170,1.709,48.1121983,-2.1133483,40.87,16.91,34.82,48.96,71.6,80,2,,
2025-07-25T08:26:36.914+0200,299,210,1.938,4771.327,49.78,18.50,33.04,54.57,,1.70,130.09,19.64,30.80,2555,97,27,,,58,,,,,,0,2025-07-25T08:26:36.000+0200,219,171,1.721,48.1122217,-2.1131883,44.91,16.99,34.88,48.96,71.2,77,2,,
2025-07-25T08:26:36.938+0200,299,210,1.938,4771.327,49.78,18.50,33.04,54.57,,1.70,130.09,19.64,30.80,2555,97,27,,,58,,,,,,0,2025-07-25T08:26:36.000+0200,219,171,1.721,48.1122217,-2.1131883,44.91,16.99,34.88,48.96,71.2,77,2,,
2025-07-25T08:26:37.554+0200,300,211,1.947,4771.335,49.93,18.56,33.09,54.57,,-3.26,130.20,5.43,8.50,707,97,27,,,58,,,,,,0,2025-07-25T08:26:36.000+0200,220,172,1.721,48.1122217,-2.1131883,44.91,16.99,34.88,48.96,71.2,77,2,,
2025-07-25T08:26:37.579+0200,300,211,1.947,4771.335,49.93,18.56,33.09,54.57,,-3.26,130.20,5.43,8.50,707,97,27,,,58,,,,,,0,2025-07-25T08:26:36.000+0200,220,172,1.721,48.1122217,-2.1131883,44.91,16.99,34.88,48.96,71.2,77,2,,
2025-07-25T08:26:38.171+0200,300,212,1.956,4771.344,49.28,18.61,33.14,54.57,,-3.15,130.50,11.39,18.00,1486,97,27,,,58,,,,,,0,2025-07-25T08:26:37.000+0200,220,172,1.734,48.1122550,-2.1130267,45.11,17.07,34.94,48.96,71.0,73,2,,
2025-07-25T08:26:38.194+0200,300,212,1.956,4771.344,49.28,18.61,33.14,54.57,,-3.15,130.50,11.39,18.00,1486,97,27,,,58,,,,,,0,2025-07-25T08:26:37.000+0200,220,172,1.734,48.1122550,-2.1130267,45.11,17.07,34.94,48.96,71.0,73,2,,
2025-07-25T08:26:38.786+0200,301,212,1.964,4771.353,50.50,18.66,33.19,54.57,,0.79,130.39,8.90,13.79,1160,97,27,,,57,,,,,,0,2025-07-25T08:26:38.000+0200,221,173,1.748,48.1122883,-2.1128467,54.39,17.18,35.05,54.39,70.7,75,2,,
2025-07-25T08:26:38.812+0200,301,212,1.964,4771.353,50.50,18.66,33.19,54.57,,0.79,130.39,8.90,13.79,1160,97,27,,,57,,,,,,0,2025-07-25T08:26:38.000+0200,221,173,1.748,48.1122883,-2.1128467,54.39,17.18,35.05,54.39,70.7,75,2,,
2025-07-25T08:26:39.414+0200,302,213,1.973,4771.362,51.26,18.71,33.24,54.57,,3.71,130.30,12.85,19.69,1674,97,27,,,57,,,,,,0,2025-07-25T08:26:38.000+0200,221,173,1.748,48.1122883,-2.1128467,54.39,17.18,35.05,54.39,70.7,75,2,,
2025-07-25T08:26:39.438+0200,302,213,1.973,4771.362,51.26,18.71,33.24,54.57,,3.71,130.30,12.85,19.69,1674,97,27,,,57,,,,,,0,2025-07-25T08:26:38.000+0200,221,173,1.748,48.1122883,-2.1128467,54.39,17.18,35.05,54.39,70.7,75,2,,
2025-07-25T08:26:40.040+0200,302,213,1.982,4771.370,51.69,18.77,33.30,54.57,,0.68,130.30,10.37,15.79,1351,97,27,,,56,,,,,,0,2025-07-25T08:26:39.000+0200,222,174,1.762,48.1123250,-2.1126600,53.01,17.28,35.15,54.39,70.8,73,2,,
2025-07-25T08:26:40.064+0200,302,213,1.982,4771.370,51.69,18.77,33.30,54.57,,0.68,130.30,10.37,15.79,1351,97,27,,,56,,,,,,0,2025-07-25T08:26:39.000+0200,222,174,1.762,48.1123250,-2.1126600,53.01,17.28,35.15,54.39,70.8,73,2,,
2025-07-25T08:26:40.661+0200,303,214,1.991,4771.379,51.69,18.82,33.35,54.57,,0.72,130.30,9.92,15.10,1293,97,27,,,56,,,,,,0,2025-07-25T08:26:40.000+0200,223,175,1.776,48.1123650,-2.1124833,47.28,17.36,35.22,54.39,70.4,71,2,,
2025-07-25T08:26:40.692+0200,303,214,1.991,4771.379,51.69,18.82,33.35,54.57,,0.72,130.30,9.92,15.10,1293,97,27,,,56,,,,,,0,2025-07-25T08:26:40.000+0200,223,175,1.776,48.1123650,-2.1124833,47.28,17.36,35.22,54.39,70.4,71,2,,
2025-07-25T08:26:41.298+0200,303,215,2.000,4771.388,52.19,18.87,33.40,54.57,,0.72,130.30,13.37,20.19,1742,97,27,,,56,,,,,,0,2025-07-25T08:26:40.000+0200,223,175,1.776,48.1123650,-2.1124833,47.28,17.36,35.22,54.39,70.4,71,2,,
2025-07-25T08:26:41.320+0200,303,215,2.000,4771.388,52.19,18.87,33.40,54.57,,0.72,130.30,13.37,20.19,1742,97,27,,,56,,,,,,0,2025-07-25T08:26:40.000+0200,223,175,1.776,48.1123650,-2.1124833,47.28,17.36,35.22,54.39,70.4,71,2,,
2025-07-25T08:26:41.907+0200,304,215,2.009,4771.398,52.70,18.93,33.46,54.57,,1.67,130.20,17.67,26.50,2301,97,27,,,55,,,,,,0,2025-07-25T08:26:41.000+0200,224,176,1.790,48.1124017,-2.1123050,48.87,17.45,35.30,54.39,70.4,69,2,,
2025-07-25T08:26:41.930+0200,304,215,2.009,4771.398,52.70,18.93,33.46,54.57,,1.67,130.20,17.67,26.50,2301,97,27,,,55,,,,,,0,2025-07-25T08:26:41.000+0200,224,176,1.790,48.1124017,-2.1123050,48.87,17.45,35.30,54.39,70.4,69,2,,
2025-07-25T08:26:42.530+0200,305,216,2.018,4771.407,53.17,18.98,33.51,54.57,,1.68,130.09,12.29,18.29,1599,97,27,,,55,,,,,,0,2025-07-25T08:26:41.000+0200,225,177,1.790,48.1124017,-2.1123050,48.87,17.45,35.30,54.39,70.4,69,2,,
2025-07-25T08:26:42.554+0200,305,216,2.018,4771.407,53.17,18.98,33.51,54.57,,1.68,130.09,12.29,18.29,1599,97,27,,,55,,,,,,0,2025-07-25T08:26:41.000+0200,225,177,1.790,48.1124017,-2.1123050,48.87,17.45,35.30,54.39,70.4,69,2,,
2025-07-25T08:26:43.154+0200,305,217,2.027,4771.416,53.31,19.04,33.57,54.57,,0.11,130.09,9.42,14.00,1225,97,27,,,55,,,,,,0,2025-07-25T08:26:42.000+0200,225,177,1.804,48.1124433,-2.1121267,48.90,17.53,35.37,54.39,71.2,67,2,,
2025-07-25T08:26:43.177+0200,305,217,2.027,4771.416,53.31,19.04,33.57,54.57,,0.11,130.09,9.42,14.00,1225,97,27,,,55,,,,,,0,2025-07-25T08:26:42.000+0200,225,177,1.804,48.1124433,-2.1121267,48.90,17.53,35.37,54.39,71.2,67,2,,
2025-07-25T08:26:43.773+0200,306,217,2.037,4771.425,52.45,19.09,33.63,54.57,,-2.48,130.20,15.94,24.00,2075,97,27,,,56,,,,,,0,2025-07-25T08:26:43.000+0200,226,178,1.818,48.1124900,-2.1119617,47.40,17.62,35.44,54.39,70.7,66,2,,
2025-07-25T08:26:43.796+0200,306,217,2.037,4771.425,52.45,19.09,33.63,54.57,,-2.48,130.20,15.94,24.00,2075,97,27,,,56,,,,,,0,2025-07-25T08:26:43.000+0200,226,178,1.818,48.1124900,-2.1119617,47.40,17.62,35.44,54.39,70.7,66,2,,
2025-07-25T08:26:44.393+0200,307,218,2.046,4771.434,53.31,19.15,33.68,54.57,,0.11,130.20,11.64,17.29,1516,97,27,,,55,,,,,,0,2025-07-25T08:26:43.000+0200,226,178,1.818,48.1124900,-2.1119617,47.40,17.62,35.44,54.39,70.7,66,2,,
2025-07-25T08:26:44.412+0200,307,218,2.046,4771.434,53.31,19.15,33.68,54.57,,0.11,130.20,11.64,17.29,1516,97,27,,,55,,,,,,0,2025-07-25T08:26:43.000+0200,226,178,1.818,48.1124900,-2.1119617,47.40,17.62,35.44,54.39,70.7,66,2,,
2025-07-25T08:26:45.021+0200,307,218,2.055,4771.444,53.38,19.21,33.74,54.57,,-1.80,130.09,12.53,18.60,1630,97,27,,,55,,,,,,0,2025-07-25T08:26:44.000+0200,227,179,1.831,48.1125383,-2.1117983,50.43,17.71,35.52,54.39,70.5,66,2,,
2025-07-25T08:26:45.043+0200,307,218,2.055,4771.444,53.38,19.21,33.74,54.57,,-1.80,130.09,12.53,18.60,1630,97,27,,,55,,,,,,0,2025-07-25T08:26:44.000+0200,227,179,1.831,48.1125383,-2.1117983,50.43,17.71,35.52,54.39,70.5,66,2,,
2025-07-25T08:26:45.643+0200,308,219,2.064,4771.453,53.35,19.26,33.79,54.57,,-0.12,130.09,11.38,16.90,1480,97,27,,,55,,,,,,0,2025-07-25T08:26:44.000+0200,228,180,1.831,48.1125383,-2.1117983,50.43,17.71,35.52,54.39,70.5,66,2,,
2025-07-25T08:26:45.666+0200,308,219,2.064,4771.453,53.35,19.26,33.79,54.57,,-0.12,130.09,11.38,16.90,1480,97,27,,,55,,,,,,0,2025-07-25T08:26:44.000+0200,228,180,1.831,48.1125383,-2.1117983,50.43,17.71,35.52,54.39,70.5,66,2,,
2025-07-25T08:26:46.252+0200,308,220,2.074,4771.462,52.12,19.31,33.85,54.57,,-1.45,130.09,11.17,16.90,1453,97,27,,,56,,,,,,0,2025-07-25T08:26:45.000+0200,228,180,1.845,48.1125900,-2.1116300,51.44,17.80,35.61,54.39,70.1,66,2,,
2025-07-25T08:26:46.275+0200,308,220,2.074,4771.462,52.12,19.31,33.85,54.57,,-1.45,130.09,11.17,16.90,1453,97,27,,,56,,,,,,0,2025-07-25T08:26:45.000+0200,228,180,1.845,48.1125900,-2.1116300,51.44,17.80,35.61,54.39,70.1,66,2,,
2025-07-25T08:26:46.870+0200,309,220,2.083,4771.471,52.09,19.37,33.90,54.57,,-3.49,130.09,14.93,22.60,1942,97,27,,,56,,,,,,0,2025-07-25T08:26:46.000+0200,229,181,1.858,48.1126367,-2.1114583,48.69,17.88,35.68,54.39,70.0,68,2,,
2025-07-25T08:26:46.893+0200,309,220,2.083,4771.471,52.09,19.37,33.90,54.57,,-3.49,130.09,14.93,22.60,1942,97,27,,,56,,,,,,0,2025-07-25T08:26:46.000+0200,229,181,1.858,48.1126367,-2.1114583,48.69,17.88,35.68,54.39,70.0,68,2,,
2025-07-25T08:26:47.494+0200,310,221,2.092,4771.481,52.84,19.42,33.95,54.57,,-0.45,130.20,12.50,18.69,1628,97,26,,,55,,,,,,0,2025-07-25T08:26:46.000+0200,229,181,1.858,48.1126367,-2.1114583,48.69,17.88,35.68,54.39,70.0,68,2,,
2025-07-25T08:26:47.517+0200,310,221,2.092,4771.481,52.84,19.42,33.95,54.57,,-0.45,130.20,12.50,18.69,1628,97,26,,,55,,,,,,0,2025-07-25T08:26:46.000+0200,230,182,1.858,48.1126367,-2.1114583,48.69,17.88,35.68,54.39,70.0,68,2,,
2025-07-25T08:26:48.132+0200,310,222,2.101,4771.490,53.13,19.48,34.01,54.57,,2.63,130.20,8.86,13.20,1154,97,26,,,55,,,,,,0,2025-07-25T08:26:47.000+0200,230,182,1.873,48.1126783,-2.1112783,47.63,17.97,35.75,54.39,70.1,68,2,,
2025-07-25T08:26:48.158+0200,310,222,2.101,4771.490,53.13,19.48,34.01,54.57,,2.63,130.20,8.86,13.20,1154,97,26,,,55,,,,,,0,2025-07-25T08:26:47.000+0200,230,182,1.873,48.1126783,-2.1112783,47.63,17.97,35.75,54.39,70.1,68,2,,
2025-07-25T08:26:48.772+0200,311,222,2.110,4771.499,51.65,19.53,34.06,54.57,,-1.93,130.30,10.17,15.50,1325,97,27,,,56,,,,,,0,2025-07-25T08:26:48.000+0200,231,183,1.886,48.1127167,-2.1111133,42.38,18.03,35.79,54.39,70.1,70,2,,
2025-07-25T08:26:48.796+0200,311,222,2.110,4771.499,51.65,19.53,34.06,54.57,,-1.93,130.30,10.17,15.50,1325,97,27,,,56,,,,,,0,2025-07-25T08:26:48.000+0200,231,183,1.886,48.1127167,-2.1111133,42.38,18.03,35.79,54.39,70.1,70,2,,
2025-07-25T08:26:49.372+0200,312,223,2.119,4771.508,51.80,19.58,34.11,54.57,,-0.90,130.39,8.55,13.00,1115,97,26,,,56,,,,,,0,2025-07-25T08:26:48.000+0200,231,183,1.886,48.1127167,-2.1111133,42.38,18.03,35.79,54.39,70.1,70,2,,
2025-07-25T08:26:49.394+0200,312,223,2.119,4771.508,51.80,19.58,34.11,54.57,,-0.90,130.39,8.55,13.00,1115,97,26,,,56,,,,,,0,2025-07-25T08:26:48.000+0200,231,183,1.886,48.1127167,-2.1111133,42.38,18.03,35.79,54.39,70.1,70,2,,
2025-07-25T08:26:49.994+0200,312,223,2.128,4771.517,51.26,19.63,34.15,54.57,,-0.11,130.59,5.54,8.50,723,97,26,,,57,,,,,,0,2025-07-25T08:26:49.000+0200,232,184,1.898,48.1127517,-2.1109567,42.82,18.10,35.82,54.39,69.5,71,2,,
2025-07-25T08:26:50.018+0200,312,223,2.128,4771.517,51.26,19.63,34.15,54.57,,-0.11,130.59,5.54,8.50,723,97,26,,,57,,,,,,0,2025-07-25T08:26:49.000+0200,232,184,1.898,48.1127517,-2.1109567,42.82,18.10,35.82,54.39,69.5,71,2,,
2025-07-25T08:26:50.636+0200,313,224,2.137,4771.526,51.80,19.68,34.20,54.57,,-1.20,130.59,10.98,16.69,1434,97,26,,,56,,,,,,0,2025-07-25T08:26:49.000+0200,233,185,1.898,48.1127517,-2.1109567,42.82,18.10,35.82,54.39,69.5,71,2,,
2025-07-25T08:26:50.656+0200,313,224,2.137,4771.526,51.80,19.68,34.20,54.57,,-1.20,130.59,10.98,16.69,1434,97,26,,,56,,,,,,0,2025-07-25T08:26:49.000+0200,233,185,1.898,48.1127517,-2.1109567,42.82,18.10,35.82,54.39,69.5,71,2,,
2025-07-25T08:26:51.248+0200,313,225,2.146,4771.535,52.05,19.73,34.25,54.57,,-0.36,130.59,14.40,21.80,1880,97,26,,,56,,,,,,0,2025-07-25T08:26:50.000+0200,233,185,1.911,48.1127817,-2.1107883,46.64,18.18,35.88,54.39,68.9,78,2,,
2025-07-25T08:26:51.272+0200,313,225,2.146,4771.535,52.05,19.73,34.25,54.57,,-0.36,130.59,14.40,21.80,1880,97,26,,,56,,,,,,0,2025-07-25T08:26:50.000+0200,233,185,1.911,48.1127817,-2.1107883,46.64,18.18,35.88,54.39,68.9,78,2,,
2025-07-25T08:26:51.871+0200,314,225,2.155,4771.544,54.10,19.79,34.30,54.57,,5.50,130.50,10.89,16.00,1421,97,26,,,54,,,,,,0,2025-07-25T08:26:51.000+0200,234,186,1.924,48.1128050,-2.1106117,49.00,18.26,35.95,54.39,68.1,80,2,,
2025-07-25T08:26:51.894+0200,314,225,2.155,4771.544,54.10,19.79,34.30,54.57,,5.50,130.50,10.89,16.00,1421,97,26,,,54,,,,,,0,2025-07-25T08:26:51.000+0200,234,186,1.924,48.1128050,-2.1106117,49.00,18.26,35.95,54.39,68.1,80,2,,
2025-07-25T08:26:52.490+0200,315,226,2.165,4771.553,53.96,19.84,34.36,54.57,,1.19,130.39,8.76,12.90,1142,97,26,,,54,,,,,,0,2025-07-25T08:26:51.000+0200,234,186,1.924,48.1128050,-2.1106117,49.00,18.26,35.95,54.39,68.1,80,2,,
2025-07-25T08:26:52.514+0200,315,226,2.165,4771.553,53.96,19.84,34.36,54.57,,1.19,130.39,8.76,12.90,1142,97,26,,,54,,,,,,0,2025-07-25T08:26:51.000+0200,234,186,1.924,48.1128050,-2.1106117,49.00,18.26,35.95,54.39,68.1,80,2,,
2025-07-25T08:26:53.113+0200,315,227,2.174,4771.563,53.96,19.89,34.41,54.57,,0.24,130.59,10.73,15.79,1401,97,26,,,54,,,,,,0,2025-07-25T08:26:52.000+0200,235,187,1.938,48.1128200,-2.1104333,49.00,18.34,36.02,54.39,67.1,85,2,,
2025-07-25T08:26:53.130+0200,315,227,2.174,4771.563,53.96,19.89,34.41,54.57,,0.24,130.59,10.73,15.79,1401,97,26,,,54,,,,,,0,2025-07-25T08:26:52.000+0200,235,187,1.938,48.1128200,-2.1104333,49.00,18.34,36.02,54.39,67.1,85,2,,
2025-07-25T08:26:53.733+0200,316,227,2.183,4771.572,54.53,19.95,34.46,54.57,,2.93,130.70,13.36,19.50,1746,97,26,,,54,,,,,,0,2025-07-25T08:26:53.000+0200,236,188,1.951,48.1128300,-2.1102517,52.08,18.43,36.11,54.39,66.3,86,2,,
2025-07-25T08:26:53.749+0200,316,227,2.183,4771.572,54.53,19.95,34.46,54.57,,2.93,130.70,13.36,19.50,1746,97,26,,,54,,,,,,0,2025-07-25T08:26:53.000+0200,236,188,1.951,48.1128300,-2.1102517,52.08,18.43,36.11,54.39,66.3,86,2,,
2025-07-25T08:26:54.357+0200,316,228,2.193,4771.582,53.99,20.00,34.52,54.93,,-2.91,130.70,11.96,17.60,1563,97,26,,,54,,,,,,0,2025-07-25T08:26:53.000+0200,236,188,1.951,48.1128300,-2.1102517,52.08,18.43,36.11,54.39,66.3,86,2,,
2025-07-25T08:26:54.380+0200,316,228,2.193,4771.582,53.99,20.00,34.52,54.93,,-2.91,130.70,11.96,17.60,1563,97,26,,,54,,,,,,0,2025-07-25T08:26:53.000+0200,236,188,1.951,48.1128300,-2.1102517,52.08,18.43,36.11,54.39,66.3,86,2,,
2025-07-25T08:26:54.972+0200,317,228,2.202,4771.591,54.90,20.06,34.58,55.15,,-0.79,130.70,15.22,22.10,1989,97,26,,,54,,,,,,0,2025-07-25T08:26:54.000+0200,237,189,1.964,48.1128400,-2.1100800,50.84,18.52,36.18,54.39,65.4,85,2,,
2025-07-25T08:26:54.993+0200,317,228,2.202,4771.591,54.90,20.06,34.58,55.15,,-0.79,130.70,15.22,22.10,1989,97,26,,,54,,,,,,0,2025-07-25T08:26:54.000+0200,237,189,1.964,48.1128400,-2.1100800,50.84,18.52,36.18,54.39,65.4,85,2,,
2025-07-25T08:26:55.592+0200,318,229,2.212,4771.601,54.82,20.11,34.63,55.15,,0.79,130.70,9.56,13.90,1249,97,26,,,54,,,,,,0,2025-07-25T08:26:54.000+0200,238,190,1.964,48.1128400,-2.1100800,50.84,18.52,36.18,54.39,65.4,85,2,,
2025-07-25T08:26:55.614+0200,318,229,2.212,4771.601,54.82,20.11,34.63,55.15,,0.79,130.70,9.56,13.90,1249,97,26,,,54,,,,,,0,2025-07-25T08:26:54.000+0200,238,190,1.964,48.1128400,-2.1100800,50.84,18.52,36.18,54.39,65.4,85,2,,
2025-07-25T08:26:56.210+0200,318,230,2.221,4771.610,53.89,20.17,34.68,55.15,,-1.24,130.80,6.04,8.89,790,97,26,,,55,,,,,,0,2025-07-25T08:26:55.000+0200,238,190,1.978,48.1128483,-2.1098883,50.16,18.61,36.26,54.39,64.8,85,2,,
2025-07-25T08:26:56.231+0200,318,230,2.221,4771.610,53.89,20.17,34.68,55.15,,-1.24,130.80,6.04,8.89,790,97,26,,,55,,,,,,0,2025-07-25T08:26:55.000+0200,238,190,1.978,48.1128483,-2.1098883,50.16,18.61,36.26,54.39,64.8,85,2,,
2025-07-25T08:26:56.832+0200,319,230,2.231,4771.619,53.85,20.22,34.73,55.15,,-0.90,130.80,8.75,12.90,1145,97,26,,,55,,,,,,0,2025-07-25T08:26:56.000+0200,239,191,1.992,48.1128567,-2.1097017,47.80,18.68,36.32,54.39,64.2,85,2,,
2025-07-25T08:26:56.853+0200,319,230,2.231,4771.619,53.85,20.22,34.73,55.15,,-0.90,130.80,8.75,12.90,1145,97,26,,,55,,,,,,0,2025-07-25T08:26:56.000+0200,239,191,1.992,48.1128567,-2.1097017,47.80,18.68,36.32,54.39,64.2,85,2,,
2025-07-25T08:26:57.471+0200,320,231,2.240,4771.629,53.53,20.27,34.78,55.15,,0.60,130.80,11.07,16.40,1448,97,26,,,55,,,,,,0,2025-07-25T08:26:56.000+0200,239,191,1.992,48.1128567,-2.1097017,47.80,18.68,36.32,54.39,64.2,85,2,,
2025-07-25T08:26:57.494+0200,320,231,2.240,4771.629,53.53,20.27,34.78,55.15,,0.60,130.80,11.07,16.40,1448,97,26,,,55,,,,,,0,2025-07-25T08:26:56.000+0200,239,191,1.992,48.1128567,-2.1097017,47.80,18.68,36.32,54.39,64.2,85,2,,
2025-07-25T08:26:58.090+0200,320,231,2.249,4771.638,53.99,20.32,34.84,55.15,,1.08,130.59,13.05,19.19,1704,97,26,,,54,,,,,,0,2025-07-25T08:26:57.000+0200,240,192,2.007,48.1128667,-2.1095033,49.26,18.76,36.38,54.39,64.6,84,2,,
2025-07-25T08:26:58.110+0200,320,232,2.249,4771.638,53.99,20.32,34.84,55.15,,1.08,130.59,13.05,19.19,1704,97,26,,,54,,,,,,0,2025-07-25T08:26:57.000+0200,240,192,2.007,48.1128667,-2.1095033,49.26,18.76,36.38,54.39,64.6,84,2,,
2025-07-25T08:26:58.713+0200,321,232,2.259,4771.648,54.21,20.38,34.89,55.15,,-1.57,130.50,13.02,19.10,1699,97,26,,,54,,,,,,0,2025-07-25T08:26:58.000+0200,241,193,2.022,48.1128783,-2.1093083,53.25,18.86,36.47,54.39,65.0,84,2,,
2025-07-25T08:26:58.736+0200,321,232,2.259,4771.648,54.21,20.38,34.89,55.15,,-1.57,130.50,13.02,19.10,1699,97,26,,,54,,,,,,0,2025-07-25T08:26:58.000+0200,241,193,2.022,48.1128783,-2.1093083,53.25,18.86,36.47,54.39,65.0,84,2,,
2025-07-25T08:26:59.335+0200,321,233,2.268,4771.657,53.64,20.43,34.94,55.15,,-2.37,130.39,19.34,28.59,2522,97,26,,,55,,,,,,0,2025-07-25T08:26:58.000+0200,241,193,2.022,48.1128783,-2.1093083,53.25,18.86,36.47,54.39,65.0,84,2,,
2025-07-25T08:26:59.357+0200,321,233,2.268,4771.657,53.64,20.43,34.94,55.15,,-2.37,130.39,19.34,28.59,2522,97,26,,,55,,,,,,0,2025-07-25T08:26:58.000+0200,241,193,2.022,48.1128783,-2.1093083,53.25,18.86,36.47,54.39,65.0,84,2,,
2025-07-25T08:26:59.953+0200,322,233,2.278,4771.667,54.39,20.48,34.99,56.37,,-6.21,130.50,-21.47,-62.80,-2802,97,26,,,54,,,,,,0,2025-07-25T08:26:59.000+0200,242,194,2.037,48.1128917,-2.1091100,48.67,18.94,36.53,54.39,64.6,85,2,,
2025-07-25T08:26:59.973+0200,322,233,2.278,4771.667,54.39,20.48,34.99,56.37,,-6.21,130.50,-21.47,-62.80,-2802,97,26,,,54,,,,,,0,2025-07-25T08:26:59.000+0200,242,194,2.037,48.1128917,-2.1091100,48.67,18.94,36.53,54.39,64.6,85,2,,
2025-07-25T08:27:00.574+0200,323,234,2.287,4771.676,44.17,20.52,35.03,56.37,,-18.06,131.89,-28.18,-96.90,-3717,97,26,,,63,,,,,,0,2025-07-25T08:26:59.000+0200,243,195,2.037,48.1128917,-2.1091100,48.67,18.94,36.53,54.39,64.6,85,2,,
2025-07-25T08:27:00.598+0200,323,234,2.287,4771.676,44.17,20.52,35.03,56.37,,-18.06,131.89,-28.18,-96.90,-3717,97,26,,,63,,,,,,0,2025-07-25T08:26:59.000+0200,243,195,2.037,48.1128917,-2.1091100,48.67,18.94,36.53,54.39,64.6,85,2,,
2025-07-25T08:27:01.191+0200,323,235,2.296,4771.684,35.13,20.55,35.03,56.37,,-13.43,132.59,-8.59,-35.00,-1139,98,26,,,71,,,,,,0,2025-07-25T08:27:00.000+0200,243,195,2.049,48.1128967,-2.1089483,40.85,18.99,36.56,54.39,64.6,89,2,,
2025-07-25T08:27:01.215+0200,323,235,2.296,4771.684,35.13,20.55,35.03,56.37,,-13.43,132.59,-8.59,-35.00,-1139,98,26,,,71,,,,,,0,2025-07-25T08:27:00.000+0200,243,195,2.049,48.1128967,-2.1089483,40.85,18.99,36.56,54.39,64.6,89,2,,
2025-07-25T08:27:01.833+0200,324,235,2.303,4771.690,33.55,20.57,35.03,56.37,,0.22,132.59,2.42,5.10,321,98,27,,,72,,,,,,0,2025-07-25T08:27:01.000+0200,244,196,2.059,48.1128950,-2.1088100,35.35,19.04,36.55,54.39,64.8,93,2,,
2025-07-25T08:27:01.855+0200,324,235,2.303,4771.690,33.55,20.57,35.03,56.37,,0.22,132.59,2.42,5.10,321,98,27,,,72,,,,,,0,2025-07-25T08:27:01.000+0200,244,196,2.059,48.1128950,-2.1088100,35.35,19.04,36.55,54.39,64.8,93,2,,
2025-07-25T08:27:02.430+0200,325,236,2.309,4771.696,32.83,20.59,35.02,56.37,,-0.34,132.39,3.13,6.70,414,98,27,,,73,,,,,,0,2025-07-25T08:27:01.000+0200,244,196,2.059,48.1128950,-2.1088100,35.35,19.04,36.55,54.39,64.8,93,2,,
2025-07-25T08:27:02.453+0200,325,236,2.309,4771.696,32.83,20.59,35.02,56.37,,-0.34,132.39,3.13,6.70,414,98,27,,,73,,,,,,0,2025-07-25T08:27:01.000+0200,244,196,2.059,48.1128950,-2.1088100,35.35,19.04,36.55,54.39,64.8,93,2,,
2025-07-25T08:27:03.073+0200,325,236,2.314,4771.701,31.82,20.61,35.01,56.37,,-3.13,132.20,2.42,5.30,320,98,27,,,73,,,,,,0,2025-07-25T08:27:02.000+0200,245,197,2.068,48.1128917,-2.1086917,32.01,19.07,36.53,54.39,64.7,91,2,,
2025-07-25T08:27:03.093+0200,325,236,2.314,4771.701,31.82,20.61,35.01,56.37,,-3.13,132.20,2.42,5.30,320,98,27,,,73,,,,,,0,2025-07-25T08:27:02.000+0200,245,197,2.068,48.1128917,-2.1086917,32.01,19.07,36.53,54.39,64.7,91,2,,
2025-07-25T08:27:03.689+0200,326,237,2.320,4771.707,31.57,20.63,35.01,56.37,,-2.12,131.89,12.12,26.59,1599,98,27,,,74,,,,,,0,2025-07-25T08:27:03.000+0200,246,198,2.076,48.1128900,-2.1085833,29.03,19.10,36.49,54.39,64.6,93,2,,
2025-07-25T08:27:03.710+0200,326,237,2.320,4771.707,31.57,20.63,35.01,56.37,,-2.12,131.89,12.12,26.59,1599,98,27,,,74,,,,,,0,2025-07-25T08:27:03.000+0200,246,198,2.076,48.1128900,-2.1085833,29.03,19.10,36.49,54.39,64.6,93,2,,
2025-07-25T08:27:04.313+0200,326,238,2.326,4771.712,33.48,20.64,35.00,56.37,,6.39,131.30,21.22,44.70,2786,98,27,,,72,,,,,,0,2025-07-25T08:27:03.000+0200,246,198,2.076,48.1128900,-2.1085833,29.03,19.10,36.49,54.39,64.6,93,2,,
2025-07-25T08:27:04.334+0200,326,238,2.326,4771.712,33.48,20.64,35.00,56.37,,6.39,131.30,21.22,44.70,2786,98,27,,,72,,,,,,0,2025-07-25T08:27:03.000+0200,246,198,2.076,48.1128900,-2.1085833,29.03,19.10,36.49,54.39,64.6,93,2,,
2025-07-25T08:27:04.949+0200,327,238,2.331,4771.718,36.86,20.67,35.00,56.37,,5.01,130.59,27.72,54.50,3620,98,27,,,69,,,,,,0,2025-07-25T08:27:04.000+0200,247,199,2.084,48.1128883,-2.1084800,32.17,19.13,36.47,54.39,64.6,93,2,,
2025-07-25T08:27:04.973+0200,327,238,2.331,4771.718,36.86,20.67,35.00,56.37,,5.01,130.59,27.72,54.50,3620,98,27,,,69,,,,,,0,2025-07-25T08:27:04.000+0200,247,199,2.084,48.1128883,-2.1084800,32.17,19.13,36.47,54.39,64.6,93,2,,
2025-07-25T08:27:05.572+0200,328,239,2.338,4771.725,39.27,20.70,35.01,56.37,,3.16,130.09,24.98,46.90,3250,98,27,,,67,,,,,,0,2025-07-25T08:27:04.000+0200,248,200,2.084,48.1128883,-2.1084800,32.17,19.13,36.47,54.39,64.6,93,2,,
2025-07-25T08:27:05.598+0200,328,239,2.338,4771.725,39.27,20.70,35.01,56.37,,3.16,130.09,24.98,46.90,3250,98,27,,,67,,,,,,0,2025-07-25T08:27:04.000+0200,248,200,2.084,48.1128883,-2.1084800,32.17,19.13,36.47,54.39,64.6,93,2,,
2025-07-25T08:27:06.192+0200,328,240,2.344,4771.732,42.04,20.73,35.03,56.37,,5.30,129.59,34.86,62.19,4518,98,27,,,64,,,,,,0,2025-07-25T08:27:05.000+0200,248,200,2.092,48.1128867,-2.1083650,33.60,19.17,36.45,54.39,64.4,91,2,,
2025-07-25T08:27:06.215+0200,328,240,2.344,4771.732,42.04,20.73,35.03,56.37,,5.30,129.59,34.86,62.19,4518,98,27,,,64,,,,,,0,2025-07-25T08:27:05.000+0200,248,200,2.092,48.1128867,-2.1083650,33.60,19.17,36.45,54.39,64.4,91,2,,
2025-07-25T08:27:06.814+0200,329,240,2.351,4771.739,44.17,20.76,35.05,56.37,,3.71,129.30,25.53,43.90,3301,98,27,,,62,,,,,,0,2025-07-25T08:27:06.000+0200,249,201,2.102,48.1128800,-2.1082267,38.48,19.22,36.46,54.39,64.0,93,2,,
2025-07-25T08:27:06.841+0200,329,240,2.351,4771.739,44.17,20.76,35.05,56.37,,3.71,129.30,25.53,43.90,3301,98,27,,,62,,,,,,0,2025-07-25T08:27:06.000+0200,249,201,2.102,48.1128800,-2.1082267,38.48,19.22,36.46,54.39,64.0,93,2,,
2025-07-25T08:27:07.434+0200,330,241,2.359,4771.747,46.98,20.80,35.08,56.37,,5.63,129.00,17.19,28.20,2218,98,27,,,60,,,,,,0,2025-07-25T08:27:06.000+0200,249,201,2.102,48.1128800,-2.1082267,38.48,19.22,36.46,54.39,64.0,93,2,,
2025-07-25T08:27:07.458+0200,330,241,2.359,4771.747,46.98,20.80,35.08,56.37,,5.63,129.00,17.19,28.20,2218,98,27,,,60,,,,,,0,2025-07-25T08:27:06.000+0200,249,201,2.102,48.1128800,-2.1082267,38.48,19.22,36.46,54.39,64.0,93,2,,
2025-07-25T08:27:08.052+0200,330,241,2.367,4771.755,47.16,20.84,35.11,56.37,,2.02,129.20,18.22,29.80,2354,97,27,,,60,,,,,,0,2025-07-25T08:27:07.000+0200,250,202,2.114,48.1128650,-2.1080783,41.51,19.28,36.49,54.39,63.7,98,2,,
2025-07-25T08:27:08.076+0200,330,241,2.367,4771.755,47.16,20.84,35.11,56.37,,2.02,129.20,18.22,29.80,2354,97,27,,,60,,,,,,0,2025-07-25T08:27:07.000+0200,250,202,2.114,48.1128650,-2.1080783,41.51,19.28,36.49,54.39,63.7,98,2,,
2025-07-25T08:27:08.668+0200,331,242,2.375,4771.763,47.98,20.88,35.14,56.37,,-0.45,129.20,18.84,30.40,2434,97,27,,,59,,,,,,0,2025-07-25T08:27:08.000+0200,251,203,2.125,48.1128467,-2.1079217,41.98,19.33,36.51,54.39,63.6,98,2,,
2025-07-25T08:27:08.685+0200,331,242,2.375,4771.763,47.98,20.88,35.14,56.37,,-0.45,129.20,18.84,30.40,2434,97,27,,,59,,,,,,0,2025-07-25T08:27:08.000+0200,251,203,2.125,48.1128467,-2.1079217,41.98,19.33,36.51,54.39,63.6,98,2,,
2025-07-25T08:27:09.314+0200,331,243,2.383,4771.771,49.32,20.92,35.18,56.37,,0.96,129.09,20.57,32.50,2655,97,27,,,58,,,,,,0,2025-07-25T08:27:08.000+0200,251,203,2.125,48.1128467,-2.1079217,41.98,19.33,36.51,54.39,63.6,98,2,,
2025-07-25T08:27:09.338+0200,331,243,2.383,4771.771,49.32,20.92,35.18,56.37,,0.96,129.09,20.57,32.50,2655,97,27,,,58,,,,,,0,2025-07-25T08:27:08.000+0200,251,203,2.125,48.1128467,-2.1079217,41.98,19.33,36.51,54.39,63.6,98,2,,
2025-07-25T08:27:09.934+0200,332,243,2.391,4771.780,49.78,20.97,35.22,56.37,,-0.22,129.20,17.09,26.80,2208,97,27,,,58,,,,,,0,2025-07-25T08:27:09.000+0200,252,204,2.138,48.1128283,-2.1077583,43.17,19.40,36.55,54.39,63.5,98,2,,
2025-07-25T08:27:09.959+0200,332,243,2.391,4771.780,49.78,20.97,35.22,56.37,,-0.22,129.20,17.09,26.80,2208,97,27,,,58,,,,,,0,2025-07-25T08:27:09.000+0200,252,204,2.138,48.1128283,-2.1077583,43.17,19.40,36.55,54.39,63.5,98,2,,
2025-07-25T08:27:10.552+0200,333,244,2.400,4771.788,50.36,21.01,35.25,56.37,,1.79,129.30,22.65,35.20,2929,97,27,,,57,,,,,,0,2025-07-25T08:27:09.000+0200,253,205,2.138,48.1128283,-2.1077583,43.17,19.40,36.55,54.39,63.5,98,2,,
2025-07-25T08:27:10.576+0200,333,244,2.400,4771.788,50.36,21.01,35.25,56.37,,1.79,129.30,22.65,35.20,2929,97,27,,,57,,,,,,0,2025-07-25T08:27:09.000+0200,253,205,2.138,48.1128283,-2.1077583,43.17,19.40,36.55,54.39,63.5,98,2,,
2025-07-25T08:27:11.176+0200,333,245,2.409,4771.797,51.26,21.06,35.29,56.37,,-1.35,129.30,17.16,26.30,2219,97,27,,,56,,,,,,0,2025-07-25T08:27:10.000+0200,253,205,2.150,48.1128083,-2.1075933,44.31,19.46,36.58,54.39,63.3,100,2,,
2025-07-25T08:27:11.198+0200,333,245,2.409,4771.797,51.26,21.06,35.29,56.37,,-1.35,129.30,17.16,26.30,2219,97,27,,,56,,,,,,0,2025-07-25T08:27:10.000+0200,253,205,2.150,48.1128083,-2.1075933,44.31,19.46,36.58,54.39,63.3,100,2,,
2025-07-25T08:27:11.791+0200,334,245,2.418,4771.806,50.18,21.10,35.33,56.37,,-3.48,129.59,11.10,17.29,1438,97,27,,,57,,,,,,0,2025-07-25T08:27:11.000+0200,254,206,2.162,48.1127883,-2.1074350,42.26,19.52,36.61,54.39,62.9,99,2,,
2025-07-25T08:27:11.814+0200,334,245,2.418,4771.806,50.18,21.10,35.33,56.37,,-3.48,129.59,11.10,17.29,1438,97,27,,,57,,,,,,0,2025-07-25T08:27:11.000+0200,254,206,2.162,48.1127883,-2.1074350,42.26,19.52,36.61,54.39,62.9,99,2,,
2025-07-25T08:27:12.414+0200,335,246,2.426,4771.815,51.30,21.15,35.37,56.37,,0.11,129.70,13.84,21.20,1795,97,27,,,56,,,,,,0,2025-07-25T08:27:11.000+0200,254,206,2.162,48.1127883,-2.1074350,42.26,19.52,36.61,54.39,62.9,99,2,,
2025-07-25T08:27:12.438+0200,335,246,2.426,4771.815,51.30,21.15,35.37,56.37,,0.11,129.70,13.84,21.20,1795,97,27,,,56,,,,,,0,2025-07-25T08:27:11.000+0200,254,206,2.162,48.1127883,-2.1074350,42.26,19.52,36.61,54.39,62.9,99,2,,
2025-07-25T08:27:13.037+0200,335,246,2.435,4771.824,51.30,21.19,35.41,56.37,,0.00,129.70,12.21,18.69,1584,97,27,,,56,,,,,,0,2025-07-25T08:27:12.000+0200,255,207,2.175,48.1127683,-2.1072667,44.26,19.58,36.65,54.39,62.5,102,2,,
2025-07-25T08:27:13.061+0200,335,246,2.435,4771.824,51.30,21.19,35.41,56.37,,0.00,129.70,12.21,18.69,1584,97,27,,,56,,,,,,0,2025-07-25T08:27:12.000+0200,255,207,2.175,48.1127683,-2.1072667,44.26,19.58,36.65,54.39,62.5,102,2,,
2025-07-25T08:27:13.671+0200,336,247,2.444,4771.833,51.30,21.24,35.46,56.37,,-3.12,129.89,5.48,8.39,712,97,27,,,56,,,,,,0,2025-07-25T08:27:13.000+0200,256,208,2.188,48.1127450,-2.1070967,44.87,19.65,36.69,54.39,62.1,101,2,,
2025-07-25T08:27:13.695+0200,336,247,2.444,4771.833,51.30,21.24,35.46,56.37,,-3.12,129.89,5.48,8.39,712,97,27,,,56,,,,,,0,2025-07-25T08:27:13.000+0200,256,208,2.188,48.1127450,-2.1070967,44.87,19.65,36.69,54.39,62.1,101,2,,
2025-07-25T08:27:14.293+0200,336,248,2.453,4771.842,49.89,21.28,35.49,56.37,,-1.80,130.20,8.11,12.70,1056,97,27,,,58,,,,,,0,2025-07-25T08:27:13.000+0200,256,208,2.188,48.1127450,-2.1070967,44.87,19.65,36.69,54.39,62.1,101,2,,
2025-07-25T08:27:14.315+0200,336,248,2.453,4771.842,49.89,21.28,35.49,56.37,,-1.80,130.20,8.11,12.70,1056,97,27,,,58,,,,,,0,2025-07-25T08:27:13.000+0200,256,208,2.188,48.1127450,-2.1070967,44.87,19.65,36.69,54.39,62.1,101,2,,
2025-07-25T08:27:14.912+0200,337,248,2.462,4771.850,50.72,21.33,35.53,56.37,,0.96,130.30,10.03,15.50,1307,97,27,,,57,,,,,,0,2025-07-25T08:27:14.000+0200,257,209,2.200,48.1127117,-2.1069350,45.67,19.71,36.73,54.39,62.2,106,2,,
2025-07-25T08:27:14.935+0200,337,248,2.462,4771.850,50.72,21.33,35.53,56.37,,0.96,130.30,10.03,15.50,1307,97,27,,,57,,,,,,0,2025-07-25T08:27:14.000+0200,257,209,2.200,48.1127117,-2.1069350,45.67,19.71,36.73,54.39,62.2,106,2,,
2025-07-25T08:27:15.533+0200,338,249,2.471,4771.859,50.68,21.37,35.57,56.37,,1.32,130.30,11.64,18.00,1517,97,27,,,57,,,,,,0,2025-07-25T08:27:14.000+0200,258,210,2.200,48.1127117,-2.1069350,45.67,19.71,36.73,54.39,62.2,106,2,,
2025-07-25T08:27:15.555+0200,338,249,2.471,4771.859,50.68,21.37,35.57,56.37,,1.32,130.30,11.64,18.00,1517,97,27,,,57,,,,,,0,2025-07-25T08:27:14.000+0200,258,210,2.200,48.1127117,-2.1069350,45.67,19.71,36.73,54.39,62.2,106,2,,
2025-07-25T08:27:16.172+0200,338,250,2.480,4771.868,50.61,21.41,35.60,56.37,,1.67,130.39,11.24,17.40,1466,97,27,,,57,,,,,,0,2025-07-25T08:27:15.000+0200,258,210,2.214,48.1126700,-2.1067600,44.94,19.78,36.77,54.39,62.2,112,2,,
2025-07-25T08:27:16.192+0200,338,250,2.480,4771.868,50.61,21.41,35.60,56.37,,1.67,130.39,11.24,17.40,1466,97,27,,,57,,,,,,0,2025-07-25T08:27:15.000+0200,258,210,2.214,48.1126700,-2.1067600,44.94,19.78,36.77,54.39,62.2,112,2,,
2025-07-25T08:27:16.793+0200,339,250,2.488,4771.877,49.93,21.46,35.64,56.37,,-2.87,130.50,8.69,13.60,1134,97,27,,,58,,,,,,0,2025-07-25T08:27:16.000+0200,259,211,2.227,48.1126200,-2.1066050,46.39,19.84,36.82,54.39,62.4,118,2,,
2025-07-25T08:27:16.816+0200,339,250,2.488,4771.877,49.93,21.46,35.64,56.37,,-2.87,130.50,8.69,13.60,1134,97,27,,,58,,,,,,0,2025-07-25T08:27:16.000+0200,259,211,2.227,48.1126200,-2.1066050,46.39,19.84,36.82,54.39,62.4,118,2,,
2025-07-25T08:27:17.411+0200,340,251,2.497,4771.886,49.49,21.50,35.68,56.37,,-1.31,130.59,8.95,14.10,1169,97,27,,,58,,,,,,0,2025-07-25T08:27:16.000+0200,259,211,2.227,48.1126200,-2.1066050,46.39,19.84,36.82,54.39,62.4,118,2,,
2025-07-25T08:27:17.435+0200,340,251,2.497,4771.886,49.49,21.50,35.68,56.37,,-1.31,130.59,8.95,14.10,1169,97,27,,,58,,,,,,0,2025-07-25T08:27:16.000+0200,259,211,2.227,48.1126200,-2.1066050,46.39,19.84,36.82,54.39,62.4,118,2,,
2025-07-25T08:27:18.045+0200,340,251,2.506,4771.894,49.96,21.54,35.71,56.37,,-0.45,130.59,6.26,9.80,817,97,27,,,58,,,,,,0,2025-07-25T08:27:17.000+0200,260,212,2.240,48.1125550,-2.1064600,46.27,19.91,36.86,54.39,62.7,126,2,,
2025-07-25T08:27:18.067+0200,340,251,2.506,4771.894,49.96,21.54,35.71,56.37,,-0.45,130.59,6.26,9.80,817,97,27,,,58,,,,,,0,2025-07-25T08:27:17.000+0200,260,212,2.240,48.1125550,-2.1064600,46.27,19.91,36.86,54.39,62.7,126,2,,
2025-07-25T08:27:18.655+0200,341,252,2.515,4771.903,50.54,21.59,35.75,56.37,,1.35,130.50,8.06,12.50,1052,97,27,,,57,,,,,,0,2025-07-25T08:27:18.000+0200,261,213,2.253,48.1124733,-2.1063383,45.77,19.98,36.90,54.39,62.9,136,2,,
2025-07-25T08:27:18.674+0200,341,252,2.515,4771.903,50.54,21.59,35.75,56.37,,1.35,130.50,8.06,12.50,1052,97,27,,,57,,,,,,0,2025-07-25T08:27:18.000+0200,261,213,2.253,48.1124733,-2.1063383,45.77,19.98,36.90,54.39,62.9,136,2,,
2025-07-25T08:27:19.273+0200,341,253,2.523,4771.912,48.16,21.63,35.78,56.37,,-7.87,130.89,-5.84,-18.79,-764,97,27,,,59,,,,,,0,2025-07-25T08:27:18.000+0200,261,213,2.253,48.1124733,-2.1063383,45.77,19.98,36.90,54.39,62.9,136,2,,
2025-07-25T08:27:19.297+0200,341,253,2.523,4771.912,48.16,21.63,35.78,56.37,,-7.87,130.89,-5.84,-18.79,-764,97,27,,,59,,,,,,0,2025-07-25T08:27:18.000+0200,261,213,2.253,48.1124733,-2.1063383,45.77,19.98,36.90,54.39,62.9,136,2,,
2025-07-25T08:27:19.894+0200,342,253,2.532,4771.920,46.00,21.66,35.81,56.37,,-3.82,131.30,-3.15,-10.50,-414,97,27,,,61,,,,,,0,2025-07-25T08:27:19.000+0200,262,214,2.265,48.1123900,-2.1062283,43.30,20.03,36.93,54.39,63.0,138,2,,
2025-07-25T08:27:19.917+0200,342,253,2.532,4771.920,46.00,21.66,35.81,56.37,,-3.82,131.30,-3.15,-10.50,-414,97,27,,,61,,,,,,0,2025-07-25T08:27:19.000+0200,262,214,2.265,48.1123900,-2.1062283,43.30,20.03,36.93,54.39,63.0,138,2,,
2025-07-25T08:27:20.529+0200,343,254,2.540,4771.928,45.35,21.70,35.83,56.37,,-2.39,131.39,5.81,9.80,763,97,27,,,62,,,,,,0,2025-07-25T08:27:19.000+0200,263,215,2.265,48.1123900,-2.1062283,43.30,20.03,36.93,54.39,63.0,138,2,,
2025-07-25T08:27:20.552+0200,343,254,2.540,4771.928,45.35,21.70,35.83,56.37,,-2.39,131.39,5.81,9.80,763,97,27,,,62,,,,,,0,2025-07-25T08:27:19.000+0200,263,215,2.265,48.1123900,-2.1062283,43.30,20.03,36.93,54.39,63.0,138,2,,
2025-07-25T08:27:21.134+0200,343,255,2.548,4771.936,47.16,21.74,35.86,56.37,,3.59,131.00,19.63,32.09,2572,97,27,,,60,,,,,,0,2025-07-25T08:27:20.000+0200,263,215,2.277,48.1123167,-2.1061167,42.05,20.09,36.95,54.39,63.3,133,2,,
2025-07-25T08:27:21.156+0200,343,255,2.548,4771.936,47.16,21.74,35.86,56.37,,3.59,131.00,19.63,32.09,2572,97,27,,,60,,,,,,0,2025-07-25T08:27:20.000+0200,263,215,2.277,48.1123167,-2.1061167,42.05,20.09,36.95,54.39,63.3,133,2,,
2025-07-25T08:27:21.775+0200,344,255,2.556,4771.945,47.84,21.77,35.89,56.37,,-0.24,130.70,23.87,38.59,3120,97,27,,,60,,,,,,0,2025-07-25T08:27:21.000+0200,264,216,2.289,48.1122600,-2.1059833,43.55,20.15,36.99,54.39,63.3,122,2,,
2025-07-25T08:27:21.798+0200,344,255,2.556,4771.945,47.84,21.77,35.89,56.37,,-0.24,130.70,23.87,38.59,3120,97,27,,,60,,,,,,0,2025-07-25T08:27:21.000+0200,264,216,2.289,48.1122600,-2.1059833,43.55,20.15,36.99,54.39,63.3,122,2,,
2025-07-25T08:27:22.392+0200,345,256,2.565,4771.953,49.85,21.82,35.92,56.37,,2.13,130.20,20.37,31.90,2652,97,27,,,58,,,,,,0,2025-07-25T08:27:21.000+0200,264,216,2.289,48.1122600,-2.1059833,43.55,20.15,36.99,54.39,63.3,122,2,,
2025-07-25T08:27:22.415+0200,345,256,2.565,4771.953,49.85,21.82,35.92,56.37,,2.13,130.20,20.37,31.90,2652,97,27,,,58,,,,,,0,2025-07-25T08:27:21.000+0200,264,216,2.289,48.1122600,-2.1059833,43.55,20.15,36.99,54.39,63.3,122,2,,
2025-07-25T08:27:23.014+0200,345,256,2.573,4771.962,52.45,21.86,35.96,56.37,,4.08,129.80,20.13,30.30,2613,97,27,,,55,,,,,,0,2025-07-25T08:27:22.000+0200,265,217,2.301,48.1122133,-2.1058317,45.40,20.21,37.02,54.39,63.5,112,2,,
2025-07-25T08:27:23.036+0200,345,256,2.573,4771.962,52.45,21.86,35.96,56.37,,4.08,129.80,20.13,30.30,2613,97,27,,,55,,,,,,0,2025-07-25T08:27:22.000+0200,265,217,2.301,48.1122133,-2.1058317,45.40,20.21,37.02,54.39,63.5,112,2,,
2025-07-25T08:27:23.639+0200,346,257,2.582,4771.971,53.31,21.91,36.00,56.37,,2.65,129.50,18.71,27.80,2423,97,27,,,55,,,,,,0,2025-07-25T08:27:22.000+0200,266,218,2.301,48.1122133,-2.1058317,45.40,20.21,37.02,54.39,63.5,112,2,,
2025-07-25T08:27:23.662+0200,346,257,2.582,4771.971,53.31,21.91,36.00,56.37,,2.65,129.50,18.71,27.80,2423,97,27,,,55,,,,,,0,2025-07-25T08:27:23.000+0200,266,218,2.314,48.1121783,-2.1056700,47.21,20.28,37.07,54.39,63.7,105,2,,
2025-07-25T08:27:24.255+0200,346,258,2.591,4771.980,52.70,21.95,36.04,56.37,,-1.58,129.50,20.81,31.20,2695,97,27,,,55,,,,,,0,2025-07-25T08:27:23.000+0200,266,218,2.314,48.1121783,-2.1056700,47.21,20.28,37.07,54.39,63.7,105,2,,
2025-07-25T08:27:24.273+0200,346,258,2.591,4771.980,52.70,21.95,36.04,56.37,,-1.58,129.50,20.81,31.20,2695,97,27,,,55,,,,,,0,2025-07-25T08:27:23.000+0200,266,218,2.314,48.1121783,-2.1056700,47.21,20.28,37.07,54.39,63.7,105,2,,
2025-07-25T08:27:24.876+0200,347,258,2.601,4771.989,52.66,22.00,36.08,56.37,,0.85,129.59,16.00,24.00,2073,97,27,,,55,,,,,,0,2025-07-25T08:27:24.000+0200,267,219,2.327,48.1121633,-2.1054917,48.67,20.35,37.12,54.39,63.1,101,2,,
2025-07-25T08:27:24.896+0200,347,258,2.601,4771.989,52.66,22.00,36.08,56.37,,0.85,129.59,16.00,24.00,2073,97,27,,,55,,,,,,0,2025-07-25T08:27:24.000+0200,267,219,2.327,48.1121633,-2.1054917,48.67,20.35,37.12,54.39,63.1,101,2,,
2025-07-25T08:27:25.490+0200,348,259,2.610,4771.998,51.58,22.04,36.12,56.37,,-2.11,129.59,18.29,27.90,2370,97,27,,,56,,,,,,0,2025-07-25T08:27:24.000+0200,267,219,2.327,48.1121633,-2.1054917,48.67,20.35,37.12,54.39,63.1,101,2,,
2025-07-25T08:27:25.514+0200,348,259,2.610,4771.998,51.58,22.04,36.12,56.37,,-2.11,129.59,18.29,27.90,2370,97,27,,,56,,,,,,0,2025-07-25T08:27:24.000+0200,267,219,2.327,48.1121633,-2.1054917,48.67,20.35,37.12,54.39,63.1,101,2,,
2025-07-25T08:27:26.133+0200,348,260,2.619,4772.007,55.26,22.09,36.16,56.37,,8.97,129.09,29.29,42.30,3781,97,27,,,53,,,,,,0,2025-07-25T08:27:25.000+0200,268,220,2.340,48.1121433,-2.1053167,49.42,20.42,37.18,54.39,63.1,100,2,,
2025-07-25T08:27:26.157+0200,348,260,2.619,4772.007,55.26,22.09,36.16,56.37,,8.97,129.09,29.29,42.30,3781,97,27,,,53,,,,,,0,2025-07-25T08:27:25.000+0200,268,220,2.340,48.1121433,-2.1053167,49.42,20.42,37.18,54.39,63.1,100,2,,
2025-07-25T08:27:26.755+0200,349,260,2.628,4772.017,56.44,22.14,36.21,56.44,,0.91,129.09,6.76,9.59,873,97,27,,,52,,,,,,0,2025-07-25T08:27:26.000+0200,269,221,2.355,48.1121133,-2.1051317,49.44,20.49,37.23,54.39,63.1,101,2,,
2025-07-25T08:27:26.775+0200,349,260,2.628,4772.017,56.44,22.14,36.21,56.44,,0.91,129.09,6.76,9.59,873,97,27,,,52,,,,,,0,2025-07-25T08:27:26.000+0200,269,221,2.355,48.1121133,-2.1051317,49.44,20.49,37.23,54.39,63.1,101,2,,
2025-07-25T08:27:27.368+0200,350,261,2.638,4772.027,54.03,22.18,36.25,56.44,,-3.04,129.50,11.22,16.50,1453,97,27,,,54,,,,,,0,2025-07-25T08:27:26.000+0200,269,221,2.355,48.1121133,-2.1051317,49.44,20.49,37.23,54.39,63.1,101,2,,
2025-07-25T08:27:27.389+0200,350,261,2.638,4772.027,54.03,22.18,36.25,56.44,,-3.04,129.50,11.22,16.50,1453,97,27,,,54,,,,,,0,2025-07-25T08:27:26.000+0200,269,221,2.355,48.1121133,-2.1051317,49.44,20.49,37.23,54.39,63.1,101,2,,
2025-07-25T08:27:27.993+0200,350,261,2.647,4772.036,54.68,22.23,36.29,56.44,,1.13,129.70,11.12,16.19,1442,97,27,,,54,,,,,,0,2025-07-25T08:27:27.000+0200,270,222,2.368,48.1120817,-2.1049517,46.41,20.56,37.28,54.39,63.2,106,2,,
2025-07-25T08:27:28.016+0200,350,261,2.647,4772.036,54.68,22.23,36.29,56.44,,1.13,129.70,11.12,16.19,1442,97,27,,,54,,,,,,0,2025-07-25T08:27:27.000+0200,270,222,2.368,48.1120817,-2.1049517,46.41,20.56,37.28,54.39,63.2,106,2,,
2025-07-25T08:27:28.614+0200,351,262,2.657,4772.045,53.64,22.28,36.34,56.44,,-2.26,129.80,15.42,22.80,2002,97,27,,,54,,,,,,0,2025-07-25T08:27:27.000+0200,271,223,2.368,48.1120817,-2.1049517,46.41,20.56,37.28,54.39,63.2,106,2,,
2025-07-25T08:27:28.637+0200,351,262,2.657,4772.045,53.64,22.28,36.34,56.44,,-2.26,129.80,15.42,22.80,2002,97,27,,,54,,,,,,0,2025-07-25T08:27:27.000+0200,271,223,2.368,48.1120817,-2.1049517,46.41,20.56,37.28,54.39,63.2,106,2,,
2025-07-25T08:27:29.236+0200,351,263,2.666,4772.055,53.85,22.32,36.38,56.44,,-3.24,129.80,16.21,23.90,2104,97,27,,,54,,,,,,0,2025-07-25T08:27:28.000+0200,271,223,2.382,48.1120383,-2.1047800,48.71,20.63,37.33,54.39,63.3,114,2,,
2025-07-25T08:27:29.259+0200,351,263,2.666,4772.055,53.85,22.32,36.38,56.44,,-3.24,129.80,16.21,23.90,2104,97,27,,,54,,,,,,0,2025-07-25T08:27:28.000+0200,271,223,2.382,48.1120383,-2.1047800,48.71,20.63,37.33,54.39,63.3,114,2,,
2025-07-25T08:27:29.874+0200,352,263,2.676,4772.064,53.85,22.37,36.42,56.44,,-2.28,129.89,10.04,14.79,1304,97,27,,,54,,,,,,0,2025-07-25T08:27:29.000+0200,272,224,2.396,48.1119750,-2.1046167,48.42,20.69,37.38,54.39,63.5,123,2,,
2025-07-25T08:27:29.897+0200,352,263,2.676,4772.064,53.85,22.37,36.42,56.44,,-2.28,129.89,10.04,14.79,1304,97,27,,,54,,,,,,0,2025-07-25T08:27:29.000+0200,272,224,2.396,48.1119750,-2.1046167,48.42,20.69,37.38,54.39,63.5,123,2,,
2025-07-25T08:27:30.486+0200,353,264,2.685,4772.074,52.19,22.41,36.46,56.44,,0.00,130.09,14.69,22.20,1911,97,27,,,56,,,,,,0,2025-07-25T08:27:29.000+0200,272,224,2.396,48.1119750,-2.1046167,48.42,20.69,37.38,54.39,63.5,123,2,,
2025-07-25T08:27:30.508+0200,353,264,2.685,4772.074,52.19,22.41,36.46,56.44,,0.00,130.09,14.69,22.20,1911,97,27,,,56,,,,,,0,2025-07-25T08:27:29.000+0200,272,224,2.396,48.1119750,-2.1046167,48.42,20.69,37.38,54.39,63.5,123,2,,
2025-07-25T08:27:31.112+0200,353,265,2.694,4772.083,55.15,22.46,36.50,56.44,,6.10,129.70,33.53,48.50,4349,97,27,,,53,,,,,,0,2025-07-25T08:27:30.000+0200,273,225,2.410,48.1119017,-2.1044633,49.07,20.76,37.43,54.39,63.1,128,2,,
2025-07-25T08:27:31.135+0200,353,265,2.694,4772.083,55.15,22.46,36.50,56.44,,6.10,129.70,33.53,48.50,4349,97,27,,,53,,,,,,0,2025-07-25T08:27:30.000+0200,273,225,2.410,48.1119017,-2.1044633,49.07,20.76,37.43,54.39,63.1,128,2,,
2025-07-25T08:27:31.733+0200,354,265,2.704,4772.092,57.42,22.51,36.55,57.42,,2.02,129.09,35.63,49.90,4599,97,27,,,51,,,,,,0,2025-07-25T08:27:31.000+0200,274,226,2.424,48.1118200,-2.1043150,51.59,20.84,37.49,54.39,62.7,129,2,,
2025-07-25T08:27:31.753+0200,354,265,2.704,4772.092,57.42,22.51,36.55,57.42,,2.02,129.09,35.63,49.90,4599,97,27,,,51,,,,,,0,2025-07-25T08:27:31.000+0200,274,226,2.424,48.1118200,-2.1043150,51.59,20.84,37.49,54.39,62.7,129,2,,
2025-07-25T08:27:32.354+0200,354,266,2.713,4772.102,57.52,22.56,36.60,58.64,,-3.49,129.20,0.42,0.59,54,97,27,,,51,,,,,,0,2025-07-25T08:27:31.000+0200,274,226,2.424,48.1118200,-2.1043150,51.59,20.84,37.49,54.39,62.7,129,2,,
2025-07-25T08:27:32.378+0200,354,266,2.713,4772.102,57.52,22.56,36.60,58.64,,-3.49,129.20,0.42,0.59,54,97,27,,,51,,,,,,0,2025-07-25T08:27:31.000+0200,274,226,2.424,48.1118200,-2.1043150,51.59,20.84,37.49,54.39,62.7,129,2,,
2025-07-25T08:27:32.974+0200,355,266,2.724,4772.112,56.01,22.61,36.64,58.64,,0.79,129.80,1.61,2.30,209,97,27,,,52,,,,,,0,2025-07-25T08:27:32.000+0200,275,227,2.439,48.1117433,-2.1041650,49.61,20.91,37.54,54.39,62.3,124,2,,
2025-07-25T08:27:32.998+0200,355,266,2.724,4772.112,56.01,22.61,36.64,58.64,,0.79,129.80,1.61,2.30,209,97,27,,,52,,,,,,0,2025-07-25T08:27:32.000+0200,275,227,2.439,48.1117433,-2.1041650,49.61,20.91,37.54,54.39,62.3,124,2,,
2025-07-25T08:27:33.597+0200,356,267,2.733,4772.122,54.61,22.65,36.69,58.64,,-1.92,130.20,-0.96,-2.80,-125,97,27,,,54,,,,,,0,2025-07-25T08:27:32.000+0200,276,228,2.439,48.1117433,-2.1041650,49.61,20.91,37.54,54.39,62.3,124,2,,
2025-07-25T08:27:33.618+0200,356,267,2.733,4772.122,54.61,22.65,36.69,58.64,,-1.92,130.20,-0.96,-2.80,-125,97,27,,,54,,,,,,0,2025-07-25T08:27:32.000+0200,276,228,2.439,48.1117433,-2.1041650,49.61,20.91,37.54,54.39,62.3,124,2,,
2025-07-25T08:27:34.210+0200,356,268,2.743,4772.132,53.35,22.70,36.73,58.64,,-1.46,130.50,7.61,11.30,993,97,27,,,55,,,,,,0,2025-07-25T08:27:33.000+0200,276,228,2.452,48.1116567,-2.1040350,48.84,20.98,37.59,54.39,62.3,136,2,,
2025-07-25T08:27:34.232+0200,356,268,2.743,4772.132,53.35,22.70,36.73,58.64,,-1.46,130.50,7.61,11.30,993,97,27,,,55,,,,,,0,2025-07-25T08:27:33.000+0200,276,228,2.452,48.1116567,-2.1040350,48.84,20.98,37.59,54.39,62.3,136,2,,
2025-07-25T08:27:34.833+0200,357,268,2.752,4772.141,53.31,22.74,36.76,58.64,,-0.11,130.70,-0.10,-0.29,-13,97,27,,,55,,,,,,0,2025-07-25T08:27:34.000+0200,277,229,2.465,48.1115750,-2.1039050,49.48,21.04,37.64,54.39,62.0,132,2,,
2025-07-25T08:27:34.856+0200,357,268,2.752,4772.141,53.31,22.74,36.76,58.64,,-0.11,130.70,-0.10,-0.29,-13,97,27,,,55,,,,,,0,2025-07-25T08:27:34.000+0200,277,229,2.465,48.1115750,-2.1039050,49.48,21.04,37.64,54.39,62.0,132,2,,
2025-07-25T08:27:35.451+0200,358,269,2.761,4772.150,52.45,22.78,36.80,58.64,,-2.47,130.80,4.12,6.20,539,97,27,,,56,,,,,,0,2025-07-25T08:27:34.000+0200,277,229,2.465,48.1115750,-2.1039050,49.48,21.04,37.64,54.39,62.0,132,2,,
2025-07-25T08:27:35.474+0200,358,269,2.761,4772.150,52.45,22.78,36.80,58.64,,-2.47,130.80,4.12,6.20,539,97,27,,,56,,,,,,0,2025-07-25T08:27:34.000+0200,277,229,2.465,48.1115750,-2.1039050,49.48,21.04,37.64,54.39,62.0,132,2,,
2025-07-25T08:27:36.095+0200,358,269,2.771,4772.159,52.16,22.83,36.84,58.64,,-1.80,130.89,10.58,16.00,1385,97,27,,,56,,,,,,0,2025-07-25T08:27:35.000+0200,278,230,2.479,48.1114917,-2.1037700,46.35,21.11,37.68,54.39,61.7,130,2,,
2025-07-25T08:27:36.119+0200,358,270,2.771,4772.159,52.16,22.83,36.84,58.64,,-1.80,130.89,10.58,16.00,1385,97,27,,,56,,,,,,0,2025-07-25T08:27:35.000+0200,278,230,2.479,48.1114917,-2.1037700,46.35,21.11,37.68,54.39,61.7,130,2,,
2025-07-25T08:27:36.715+0200,359,270,2.780,4772.168,52.56,22.87,36.87,58.64,,2.27,130.80,6.05,9.09,791,97,26,,,56,,,,,,0,2025-07-25T08:27:36.000+0200,279,231,2.492,48.1114117,-2.1036417,50.27,21.18,37.74,54.39,61.5,135,2,,
2025-07-25T08:27:36.738+0200,359,270,2.780,4772.168,52.56,22.87,36.87,58.64,,2.27,130.80,6.05,9.09,791,97,26,,,56,,,,,,0,2025-07-25T08:27:36.000+0200,279,231,2.492,48.1114117,-2.1036417,50.27,21.18,37.74,54.39,61.5,135,2,,
2025-07-25T08:27:37.335+0200,359,271,2.789,4772.177,52.41,22.91,36.91,58.64,,-1.08,130.80,5.24,7.89,685,97,26,,,56,,,,,,0,2025-07-25T08:27:36.000+0200,279,231,2.492,48.1114117,-2.1036417,50.27,21.18,37.74,54.39,61.5,135,2,,
2025-07-25T08:27:37.358+0200,359,271,2.789,4772.177,52.41,22.91,36.91,58.64,,-1.08,130.80,5.24,7.89,685,97,26,,,56,,,,,,0,2025-07-25T08:27:36.000+0200,279,231,2.492,48.1114117,-2.1036417,50.27,21.18,37.74,54.39,61.5,135,2,,
2025-07-25T08:27:37.954+0200,360,271,2.798,4772.187,53.28,22.95,36.95,58.64,,1.68,130.80,5.71,8.50,747,97,26,,,55,,,,,,0,2025-07-25T08:27:37.000+0200,280,232,2.506,48.1113267,-2.1035100,46.82,21.24,37.77,54.39,61.3,131,2,,
2025-07-25T08:27:37.979+0200,360,271,2.798,4772.187,53.28,22.95,36.95,58.64,,1.68,130.80,5.71,8.50,747,97,26,,,55,,,,,,0,2025-07-25T08:27:37.000+0200,280,232,2.506,48.1113267,-2.1035100,46.82,21.24,37.77,54.39,61.3,131,2,,
2025-07-25T08:27:38.584+0200,361,272,2.807,4772.196,53.31,23.00,36.98,58.64,,0.24,130.80,7.67,11.40,1003,97,26,,,55,,,,,,0,2025-07-25T08:27:37.000+0200,281,233,2.506,48.1113267,-2.1035100,46.82,21.24,37.77,54.39,61.3,131,2,,
2025-07-25T08:27:38.606+0200,361,272,2.807,4772.196,53.31,23.00,36.98,58.64,,0.24,130.80,7.67,11.40,1003,97,26,,,55,,,,,,0,2025-07-25T08:27:37.000+0200,281,233,2.506,48.1113267,-2.1035100,46.82,21.24,37.77,54.39,61.3,131,2,,
2025-07-25T08:27:39.193+0200,361,273,2.816,4772.205,53.17,23.04,37.02,58.64,,-0.23,130.89,5.84,8.70,764,97,26,,,55,,,,,,0,2025-07-25T08:27:38.000+0200,281,233,2.519,48.1112500,-2.1033783,47.78,21.30,37.82,54.39,60.8,134,2,,
2025-07-25T08:27:39.215+0200,361,273,2.816,4772.205,53.17,23.04,37.02,58.64,,-0.23,130.89,5.84,8.70,764,97,26,,,55,,,,,,0,2025-07-25T08:27:38.000+0200,281,233,2.519,48.1112500,-2.1033783,47.78,21.30,37.82,54.39,60.8,134,2,,
2025-07-25T08:27:39.826+0200,362,273,2.826,4772.214,53.67,23.08,37.06,58.64,,1.44,130.70,17.59,26.00,2299,97,26,,,55,,,,,,0,2025-07-25T08:27:39.000+0200,282,234,2.532,48.1111667,-2.1032433,47.75,21.36,37.86,54.39,60.6,132,2,,
2025-07-25T08:27:39.846+0200,362,273,2.826,4772.214,53.67,23.08,37.06,58.64,,1.44,130.70,17.59,26.00,2299,97,26,,,55,,,,,,0,2025-07-25T08:27:39.000+0200,282,234,2.532,48.1111667,-2.1032433,47.75,21.36,37.86,54.39,60.6,132,2,,
2025-07-25T08:27:40.456+0200,363,274,2.835,4772.224,54.03,23.13,37.10,58.64,,-1.92,130.70,3.12,4.60,408,97,26,,,54,,,,,,0,2025-07-25T08:27:39.000+0200,282,234,2.532,48.1111667,-2.1032433,47.75,21.36,37.86,54.39,60.6,132,2,,
2025-07-25T08:27:40.478+0200,363,274,2.835,4772.224,54.03,23.13,37.10,58.64,,-1.92,130.70,3.12,4.60,408,97,26,,,54,,,,,,0,2025-07-25T08:27:39.000+0200,282,234,2.532,48.1111667,-2.1032433,47.75,21.36,37.86,54.39,60.6,132,2,,
2025-07-25T08:27:41.088+0200,363,274,2.844,4772.233,54.43,23.17,37.13,58.64,,2.26,130.70,8.82,12.90,1153,97,26,,,54,,,,,,0,2025-07-25T08:27:40.000+0200,283,235,2.546,48.1110833,-2.1031067,50.74,21.43,37.91,54.39,60.4,133,2,,
2025-07-25T08:27:41.107+0200,363,274,2.844,4772.233,54.43,23.17,37.13,58.64,,2.26,130.70,8.82,12.90,1153,97,26,,,54,,,,,,0,2025-07-25T08:27:40.000+0200,283,235,2.546,48.1110833,-2.1031067,50.74,21.43,37.91,54.39,60.4,133,2,,
2025-07-25T08:27:41.688+0200,364,275,2.854,4772.243,55.40,23.22,37.17,58.64,,3.84,130.39,6.73,9.70,878,97,26,,,53,,,,,,0,2025-07-25T08:27:41.000+0200,284,236,2.560,48.1109967,-2.1029683,50.62,21.50,37.97,54.39,60.5,132,2,,
2025-07-25T08:27:41.710+0200,364,275,2.854,4772.243,55.40,23.22,37.17,58.64,,3.84,130.39,6.73,9.70,878,97,26,,,53,,,,,,0,2025-07-25T08:27:41.000+0200,284,236,2.560,48.1109967,-2.1029683,50.62,21.50,37.97,54.39,60.5,132,2,,
2025-07-25T08:27:42.313+0200,364,276,2.863,4772.252,55.40,23.26,37.22,58.64,,-0.79,130.50,-0.72,-2.09,-94,97,26,,,53,,,,,,0,2025-07-25T08:27:41.000+0200,284,236,2.560,48.1109967,-2.1029683,50.62,21.50,37.97,54.39,60.5,132,2,,
2025-07-25T08:27:42.337+0200,364,276,2.863,4772.252,55.40,23.26,37.22,58.64,,-0.79,130.50,-0.72,-2.09,-94,97,26,,,53,,,,,,0,2025-07-25T08:27:41.000+0200,284,236,2.560,48.1109967,-2.1029683,50.62,21.50,37.97,54.39,60.5,132,2,,
2025-07-25T08:27:42.933+0200,365,276,2.873,4772.262,54.57,23.31,37.26,58.64,,-2.59,130.89,-4.32,-12.60,-565,97,26,,,54,,,,,,0,2025-07-25T08:27:42.000+0200,285,237,2.574,48.1109117,-2.1028300,49.34,21.57,38.02,54.39,60.7,131,2,,
2025-07-25T08:27:42.961+0200,365,276,2.873,4772.262,54.57,23.31,37.26,58.64,,-2.59,130.89,-4.32,-12.60,-565,97,26,,,54,,,,,,0,2025-07-25T08:27:42.000+0200,285,237,2.574,48.1109117,-2.1028300,49.34,21.57,38.02,54.39,60.7,131,2,,
2025-07-25T08:27:43.552+0200,366,277,2.883,4772.271,53.35,23.35,37.29,58.64,,-0.79,131.09,1.41,2.09,185,97,26,,,55,,,,,,0,2025-07-25T08:27:42.000+0200,286,238,2.574,48.1109117,-2.1028300,49.34,21.57,38.02,54.39,60.7,131,2,,
2025-07-25T08:27:43.574+0200,366,277,2.883,4772.271,53.35,23.35,37.29,58.64,,-0.79,131.09,1.41,2.09,185,97,26,,,55,,,,,,0,2025-07-25T08:27:42.000+0200,286,238,2.574,48.1109117,-2.1028300,49.34,21.57,38.02,54.39,60.7,131,2,,
2025-07-25T08:27:44.195+0200,366,278,2.892,4772.281,53.31,23.39,37.33,58.64,,0.00,131.09,10.43,15.50,1367,97,26,,,55,,,,,,0,2025-07-25T08:27:43.000+0200,286,238,2.588,48.1108300,-2.1026900,49.00,21.64,38.06,54.39,60.6,130,2,,
2025-07-25T08:27:44.219+0200,366,278,2.892,4772.281,53.31,23.39,37.33,58.64,,0.00,131.09,10.43,15.50,1367,97,26,,,55,,,,,,0,2025-07-25T08:27:43.000+0200,286,238,2.588,48.1108300,-2.1026900,49.00,21.64,38.06,54.39,60.6,130,2,,
2025-07-25T08:27:44.814+0200,367,278,2.901,4772.290,53.10,23.43,37.36,58.64,,-0.68,131.00,10.93,16.29,1432,97,26,,,55,,,,,,0,2025-07-25T08:27:44.000+0200,287,239,2.602,48.1107600,-2.1025433,48.94,21.70,38.11,54.39,60.3,126,2,,
2025-07-25T08:27:44.839+0200,367,278,2.901,4772.290,53.10,23.43,37.36,58.64,,-0.68,131.00,10.93,16.29,1432,97,26,,,55,,,,,,0,2025-07-25T08:27:44.000+0200,287,239,2.602,48.1107600,-2.1025433,48.94,21.70,38.11,54.39,60.3,126,2,,
2025-07-25T08:27:45.436+0200,368,279,2.910,4772.299,52.74,23.47,37.40,58.64,,1.08,130.70,9.67,14.50,1264,97,26,,,56,,,,,,0,2025-07-25T08:27:44.000+0200,287,239,2.602,48.1107600,-2.1025433,48.94,21.70,38.11,54.39,60.3,126,2,,
2025-07-25T08:27:45.461+0200,368,279,2.910,4772.299,52.74,23.47,37.40,58.64,,1.08,130.70,9.67,14.50,1264,97,26,,,56,,,,,,0,2025-07-25T08:27:44.000+0200,287,239,2.602,48.1107600,-2.1025433,48.94,21.70,38.11,54.39,60.3,126,2,,
2025-07-25T08:27:46.054+0200,368,279,2.920,4772.308,53.92,23.51,37.43,58.64,,1.67,130.30,20.03,29.50,2610,97,26,,,54,,,,,,0,2025-07-25T08:27:45.000+0200,288,240,2.615,48.1107033,-2.1023783,49.76,21.77,38.16,54.39,60.7,117,2,,
2025-07-25T08:27:46.073+0200,368,279,2.920,4772.308,53.92,23.51,37.43,58.64,,1.67,130.30,20.03,29.50,2610,97,26,,,54,,,,,,0,2025-07-25T08:27:45.000+0200,288,240,2.615,48.1107033,-2.1023783,49.76,21.77,38.16,54.39,60.7,117,2,,
2025-07-25T08:27:46.666+0200,369,280,2.929,4772.318,54.75,23.56,37.47,58.64,,-0.96,129.89,14.37,20.90,1867,97,26,,,54,,,,,,0,2025-07-25T08:27:46.000+0200,289,241,2.629,48.1106567,-2.1022050,49.64,21.83,38.20,54.39,61.4,108,2,,
2025-07-25T08:27:46.684+0200,369,280,2.929,4772.318,54.75,23.56,37.47,58.64,,-0.96,129.89,14.37,20.90,1867,97,26,,,54,,,,,,0,2025-07-25T08:27:46.000+0200,289,241,2.629,48.1106567,-2.1022050,49.64,21.83,38.20,54.39,61.4,108,2,,
2025-07-25T08:27:47.290+0200,369,281,2.938,4772.327,53.85,23.60,37.51,58.64,,-1.23,129.89,17.57,25.90,2282,97,26,,,54,,,,,,0,2025-07-25T08:27:46.000+0200,289,241,2.629,48.1106567,-2.1022050,49.64,21.83,38.20,54.39,61.4,108,2,,
2025-07-25T08:27:47.312+0200,369,281,2.938,4772.327,53.85,23.60,37.51,58.64,,-1.23,129.89,17.57,25.90,2282,97,26,,,54,,,,,,0,2025-07-25T08:27:46.000+0200,289,241,2.629,48.1106567,-2.1022050,49.64,21.83,38.20,54.39,61.4,108,2,,
2025-07-25T08:27:47.916+0200,370,281,2.948,4772.337,53.53,23.64,37.54,58.64,,0.34,129.59,27.28,40.39,3535,97,26,,,54,,,,,,0,2025-07-25T08:27:47.000+0200,290,242,2.643,48.1106250,-2.1020317,48.06,21.89,38.24,54.39,61.9,102,2,,
2025-07-25T08:27:47.938+0200,370,281,2.948,4772.337,53.53,23.64,37.54,58.64,,0.34,129.59,27.28,40.39,3535,97,26,,,54,,,,,,0,2025-07-25T08:27:47.000+0200,290,242,2.643,48.1106250,-2.1020317,48.06,21.89,38.24,54.39,61.9,102,2,,
2025-07-25T08:27:48.551+0200,371,282,2.957,4772.346,53.38,23.68,37.58,58.64,,-2.58,129.39,22.91,34.00,2964,97,26,,,55,,,,,,0,2025-07-25T08:27:47.000+0200,291,243,2.643,48.1106250,-2.1020317,48.06,21.89,38.24,54.39,61.9,102,2,,
2025-07-25T08:27:48.574+0200,371,282,2.957,4772.346,53.38,23.68,37.58,58.64,,-2.58,129.39,22.91,34.00,2964,97,26,,,55,,,,,,0,2025-07-25T08:27:47.000+0200,291,243,2.643,48.1106250,-2.1020317,48.06,21.89,38.24,54.39,61.9,102,2,,
2025-07-25T08:27:49.175+0200,371,283,2.967,4772.355,54.03,23.73,37.62,58.64,,1.24,129.20,23.94,35.20,3093,97,26,,,54,,,,,,0,2025-07-25T08:27:48.000+0200,291,243,2.656,48.1106033,-2.1018617,50.21,21.96,38.29,54.39,62.3,101,2,,
2025-07-25T08:27:49.198+0200,371,283,2.967,4772.355,54.03,23.73,37.62,58.64,,1.24,129.20,23.94,35.20,3093,97,26,,,54,,,,,,0,2025-07-25T08:27:48.000+0200,291,243,2.656,48.1106033,-2.1018617,50.21,21.96,38.29,54.39,62.3,101,2,,
2025-07-25T08:27:49.805+0200,372,283,2.976,4772.365,54.71,23.77,37.65,58.64,,1.51,129.09,17.59,25.59,2271,97,26,,,53,,,,,,0,2025-07-25T08:27:49.000+0200,292,244,2.669,48.1105883,-2.1016767,47.63,22.02,38.33,54.39,62.3,95,2,,
2025-07-25T08:27:49.829+0200,372,283,2.976,4772.365,54.71,23.77,37.65,58.64,,1.51,129.09,17.59,25.59,2271,97,26,,,53,,,,,,0,2025-07-25T08:27:49.000+0200,292,244,2.669,48.1105883,-2.1016767,47.63,22.02,38.33,54.39,62.3,95,2,,
2025-07-25T08:27:50.411+0200,373,284,2.985,4772.374,53.53,23.81,37.69,58.64,,-2.57,129.30,13.97,20.70,1806,97,26,,,54,,,,,,0,2025-07-25T08:27:49.000+0200,292,244,2.669,48.1105883,-2.1016767,47.63,22.02,38.33,54.39,62.3,95,2,,
2025-07-25T08:27:50.430+0200,373,284,2.985,4772.374,53.53,23.81,37.69,58.64,,-2.57,129.30,13.97,20.70,1806,97,26,,,54,,,,,,0,2025-07-25T08:27:49.000+0200,292,244,2.669,48.1105883,-2.1016767,47.63,22.02,38.33,54.39,62.3,95,2,,
2025-07-25T08:27:51.042+0200,373,284,2.995,4772.384,53.35,23.85,37.72,58.64,,0.00,129.30,15.62,23.20,2020,97,26,,,55,,,,,,0,2025-07-25T08:27:50.000+0200,293,245,2.683,48.1105750,-2.1014983,47.66,22.08,38.37,54.39,62.4,99,2,,
2025-07-25T08:27:51.063+0200,373,284,2.995,4772.384,53.35,23.85,37.72,58.64,,0.00,129.30,15.62,23.20,2020,97,26,,,55,,,,,,0,2025-07-25T08:27:50.000+0200,293,245,2.683,48.1105750,-2.1014983,47.66,22.08,38.37,54.39,62.4,99,2,,
2025-07-25T08:27:51.672+0200,374,285,3.004,4772.393,52.45,23.89,37.76,58.64,,-2.59,129.50,10.76,16.19,1393,97,26,,,55,,,,,,0,2025-07-25T08:27:51.000+0200,294,246,2.696,48.1105533,-2.1013233,46.53,22.14,38.40,54.39,62.6,102,2,,
2025-07-25T08:27:51.694+0200,374,285,3.004,4772.393,52.45,23.89,37.76,58.64,,-2.59,129.50,10.76,16.19,1393,97,26,,,55,,,,,,0,2025-07-25T08:27:51.000+0200,294,246,2.696,48.1105533,-2.1013233,46.53,22.14,38.40,54.39,62.6,102,2,,
2025-07-25T08:27:52.295+0200,374,286,3.014,4772.402,51.62,23.93,37.79,58.64,,-3.48,129.59,13.84,21.10,1794,97,26,,,56,,,,,,0,2025-07-25T08:27:51.000+0200,294,246,2.696,48.1105533,-2.1013233,46.53,22.14,38.40,54.39,62.6,102,2,,
2025-07-25T08:27:52.320+0200,374,286,3.014,4772.402,51.62,23.93,37.79,58.64,,-3.48,129.59,13.84,21.10,1794,97,26,,,56,,,,,,0,2025-07-25T08:27:51.000+0200,294,246,2.696,48.1105533,-2.1013233,46.53,22.14,38.40,54.39,62.6,102,2,,
2025-07-25T08:27:52.912+0200,375,286,3.023,4772.411,51.30,23.97,37.82,58.64,,0.00,129.59,13.38,20.50,1734,97,26,,,56,,,,,,0,2025-07-25T08:27:52.000+0200,295,247,2.709,48.1105333,-2.1011517,46.12,22.19,38.43,54.39,63.3,99,2,,
2025-07-25T08:27:52.933+0200,375,286,3.023,4772.411,51.30,23.97,37.82,58.64,,0.00,129.59,13.38,20.50,1734,97,26,,,56,,,,,,0,2025-07-25T08:27:52.000+0200,295,247,2.709,48.1105333,-2.1011517,46.12,22.19,38.43,54.39,63.3,99,2,,
2025-07-25T08:27:53.549+0200,376,287,3.032,4772.420,50.40,24.00,37.84,58.64,,-2.63,129.59,12.36,19.19,1602,97,26,,,57,,,,,,0,2025-07-25T08:27:52.000+0200,296,248,2.709,48.1105333,-2.1011517,46.12,22.19,38.43,54.39,63.3,99,2,,
2025-07-25T08:27:53.572+0200,376,287,3.032,4772.420,50.40,24.00,37.84,58.64,,-2.63,129.59,12.36,19.19,1602,97,26,,,57,,,,,,0,2025-07-25T08:27:52.000+0200,296,248,2.709,48.1105333,-2.1011517,46.12,22.19,38.43,54.39,63.3,99,2,,
2025-07-25T08:27:54.153+0200,376,288,3.040,4772.429,50.00,24.04,37.87,58.64,,0.79,129.70,15.36,24.00,1992,97,26,,,58,,,,,,0,2025-07-25T08:27:53.000+0200,296,248,2.722,48.1105200,-2.1009833,43.04,22.24,38.45,54.39,63.4,97,2,,
2025-07-25T08:27:54.174+0200,376,288,3.040,4772.429,50.00,24.04,37.87,58.64,,0.79,129.70,15.36,24.00,1992,97,26,,,58,,,,,,0,2025-07-25T08:27:53.000+0200,296,248,2.722,48.1105200,-2.1009833,43.04,22.24,38.45,54.39,63.4,97,2,,
2025-07-25T08:27:54.793+0200,377,288,3.049,4772.437,48.34,24.07,37.89,58.64,,-3.60,129.80,12.90,20.70,1674,97,26,,,59,,,,,,0,2025-07-25T08:27:54.000+0200,297,249,2.734,48.1105033,-2.1008200,43.88,22.29,38.47,54.39,63.7,100,2,,
2025-07-25T08:27:54.818+0200,377,288,3.049,4772.437,48.34,24.07,37.89,58.64,,-3.60,129.80,12.90,20.70,1674,97,26,,,59,,,,,,0,2025-07-25T08:27:54.000+0200,297,249,2.734,48.1105033,-2.1008200,43.88,22.29,38.47,54.39,63.7,100,2,,
2025-07-25T08:27:55.392+0200,378,289,3.058,4772.446,48.24,24.11,37.92,58.64,,-1.35,129.80,16.24,26.09,2108,97,26,,,59,,,,,,0,2025-07-25T08:27:54.000+0200,297,249,2.734,48.1105033,-2.1008200,43.88,22.29,38.47,54.39,63.7,100,2,,
2025-07-25T08:27:55.407+0200,378,289,3.058,4772.446,48.24,24.11,37.92,58.64,,-1.35,129.80,16.24,26.09,2108,97,26,,,59,,,,,,0,2025-07-25T08:27:54.000+0200,297,249,2.734,48.1105033,-2.1008200,43.88,22.29,38.47,54.39,63.7,100,2,,
2025-07-25T08:27:56.035+0200,378,289,3.066,4772.454,48.38,24.14,37.94,58.64,,-0.57,129.80,13.84,22.20,1796,97,26,,,59,,,,,,0,2025-07-25T08:27:55.000+0200,298,250,2.746,48.1104900,-2.1006533,44.71,22.34,38.50,54.39,64.1,97,2,,
2025-07-25T08:27:56.058+0200,378,289,3.066,4772.454,48.38,24.14,37.94,58.64,,-0.57,129.80,13.84,22.20,1796,97,26,,,59,,,,,,0,2025-07-25T08:27:55.000+0200,298,250,2.746,48.1104900,-2.1006533,44.71,22.34,38.50,54.39,64.1,97,2,,
2025-07-25T08:27:56.656+0200,379,290,3.074,4772.463,46.47,24.17,37.96,58.64,,-6.11,129.89,5.01,8.30,651,97,26,,,61,,,,,,0,2025-07-25T08:27:56.000+0200,299,251,2.759,48.1104767,-2.1004900,39.90,22.38,38.50,54.39,64.0,96,2,,
2025-07-25T08:27:56.671+0200,379,290,3.074,4772.463,46.47,24.17,37.96,58.64,,-6.11,129.89,5.01,8.30,651,97,26,,,61,,,,,,0,2025-07-25T08:27:56.000+0200,299,251,2.759,48.1104767,-2.1004900,39.90,22.38,38.50,54.39,64.0,96,2,,
2025-07-25T08:27:57.277+0200,379,291,3.083,4772.471,44.42,24.20,37.97,58.64,,-3.84,130.20,6.30,10.80,820,97,26,,,62,,,,,,0,2025-07-25T08:27:56.000+0200,299,251,2.759,48.1104767,-2.1004900,39.90,22.38,38.50,54.39,64.0,96,2,,
2025-07-25T08:27:57.301+0200,379,291,3.083,4772.471,44.42,24.20,37.97,58.64,,-3.84,130.20,6.30,10.80,820,97,26,,,62,,,,,,0,2025-07-25T08:27:56.000+0200,299,251,2.759,48.1104767,-2.1004900,39.90,22.38,38.50,54.39,64.0,96,2,,
2025-07-25T08:27:57.892+0200,380,291,3.091,4772.479,44.10,24.23,37.99,58.64,,-2.58,130.30,13.53,23.30,1763,97,26,,,63,,,,,,0,2025-07-25T08:27:57.000+0200,300,252,2.770,48.1104583,-2.1003467,41.90,22.43,38.52,54.39,63.9,102,2,,
2025-07-25T08:27:57.916+0200,380,291,3.091,4772.479,44.10,24.23,37.99,58.64,,-2.58,130.30,13.53,23.30,1763,97,26,,,63,,,,,,0,2025-07-25T08:27:57.000+0200,300,252,2.770,48.1104583,-2.1003467,41.90,22.43,38.52,54.39,63.9,102,2,,
2025-07-25T08:27:58.512+0200,381,292,3.098,4772.486,44.17,24.26,38.00,58.64,,-0.90,130.20,14.95,25.70,1946,97,26,,,63,,,,,,0,2025-07-25T08:27:57.000+0200,300,252,2.770,48.1104583,-2.1003467,41.90,22.43,38.52,54.39,63.9,102,2,,
2025-07-25T08:27:58.533+0200,381,292,3.098,4772.486,44.17,24.26,38.00,58.64,,-0.90,130.20,14.95,25.70,1946,97,26,,,63,,,,,,0,2025-07-25T08:27:57.000+0200,300,252,2.770,48.1104583,-2.1003467,41.90,22.43,38.52,54.39,63.9,102,2,,
2025-07-25T08:27:59.132+0200,381,293,3.106,4772.494,44.99,24.28,38.02,58.64,,-0.11,130.20,11.68,19.79,1521,97,26,,,62,,,,,,0,2025-07-25T08:27:58.000+0200,301,253,2.781,48.1104250,-2.1002033,40.43,22.47,38.52,54.39,64.5,115,2,,
2025-07-25T08:27:59.153+0200,381,293,3.106,4772.494,44.99,24.28,38.02,58.64,,-0.11,130.20,11.68,19.79,1521,97,26,,,62,,,,,,0,2025-07-25T08:27:58.000+0200,301,253,2.781,48.1104250,-2.1002033,40.43,22.47,38.52,54.39,64.5,115,2,,
2025-07-25T08:27:59.757+0200,382,293,3.114,4772.502,44.24,24.31,38.03,58.64,,-2.15,130.20,14.85,25.50,1933,97,26,,,63,,,,,,0,2025-07-25T08:27:59.000+0200,302,254,2.792,48.1103717,-2.1000733,37.07,22.50,38.52,54.39,64.3,126,2,,
2025-07-25T08:27:59.780+0200,382,293,3.114,4772.502,44.24,24.31,38.03,58.64,,-2.15,130.20,14.85,25.50,1933,97,26,,,63,,,,,,0,2025-07-25T08:27:59.000+0200,302,254,2.792,48.1103717,-2.1000733,37.07,22.50,38.52,54.39,64.3,126,2,,
2025-07-25T08:28:00.396+0200,383,294,3.122,4772.510,45.82,24.34,38.05,58.64,,2.39,130.00,16.21,27.09,2107,97,26,,,61,,,,,,0,2025-07-25T08:27:59.000+0200,302,254,2.792,48.1103717,-2.1000733,37.07,22.50,38.52,54.39,64.3,126,2,,
2025-07-25T08:28:00.420+0200,383,294,3.122,4772.510,45.82,24.34,38.05,58.64,,2.39,130.00,16.21,27.09,2107,97,26,,,61,,,,,,0,2025-07-25T08:27:59.000+0200,302,254,2.792,48.1103717,-2.1000733,37.07,22.50,38.52,54.39,64.3,126,2,,
2025-07-25T08:28:01.013+0200,383,294,3.129,4772.517,45.43,24.37,38.06,58.64,,0.48,129.70,16.40,27.59,2127,97,26,,,61,,,,,,0,2025-07-25T08:28:00.000+0200,303,255,2.803,48.1102967,-2.0999800,37.85,22.54,38.52,54.39,64.4,150,2,,
2025-07-25T08:28:01.036+0200,383,294,3.129,4772.517,45.43,24.37,38.06,58.64,,0.48,129.70,16.40,27.59,2127,97,26,,,61,,,,,,0,2025-07-25T08:28:00.000+0200,303,255,2.803,48.1102967,-2.0999800,37.85,22.54,38.52,54.39,64.4,150,2,,
2025-07-25T08:28:01.635+0200,384,295,3.137,4772.525,46.26,24.40,38.08,58.64,,-0.72,129.59,13.01,21.60,1686,97,26,,,61,,,,,,0,2025-07-25T08:28:00.000+0200,304,256,2.803,48.1102967,-2.0999800,37.85,22.54,38.52,54.39,64.4,150,2,,
2025-07-25T08:28:01.662+0200,384,295,3.137,4772.525,46.26,24.40,38.08,58.64,,-0.72,129.59,13.01,21.60,1686,97,26,,,61,,,,,,0,2025-07-25T08:28:01.000+0200,304,256,2.815,48.1101967,-2.0999183,40.37,22.58,38.52,54.39,64.5,163,2,,
2025-07-25T08:28:02.274+0200,384,296,3.145,4772.534,45.86,24.43,38.10,58.64,,0.00,129.59,23.40,39.09,3032,97,26,,,61,,,,,,0,2025-07-25T08:28:01.000+0200,304,256,2.815,48.1101967,-2.0999183,40.37,22.58,38.52,54.39,64.5,163,2,,
2025-07-25T08:28:02.298+0200,384,296,3.145,4772.534,45.86,24.43,38.10,58.64,,0.00,129.59,23.40,39.09,3032,97,26,,,61,,,,,,0,2025-07-25T08:28:01.000+0200,304,256,2.815,48.1101967,-2.0999183,40.37,22.58,38.52,54.39,64.5,163,2,,
2025-07-25T08:28:02.890+0200,385,296,3.154,4772.542,48.67,24.46,38.12,58.64,,3.93,129.09,34.34,54.80,4433,96,26,,,58,,,,,,0,2025-07-25T08:28:02.000+0200,305,257,2.828,48.1100867,-2.0998817,43.79,22.63,38.54,54.39,65.2,170,2,,
2025-07-25T08:28:02.914+0200,385,296,3.154,4772.542,48.67,24.46,38.12,58.64,,3.93,129.09,34.34,54.80,4433,96,26,,,58,,,,,,0,2025-07-25T08:28:02.000+0200,305,257,2.828,48.1100867,-2.0998817,43.79,22.63,38.54,54.39,65.2,170,2,,
2025-07-25T08:28:03.516+0200,386,297,3.162,4772.550,51.44,24.49,38.14,58.64,,5.06,128.59,39.72,60.69,5108,96,26,,,56,,,,,,0,2025-07-25T08:28:02.000+0200,305,257,2.828,48.1100867,-2.0998817,43.79,22.63,38.54,54.39,65.2,170,2,,
2025-07-25T08:28:03.537+0200,386,297,3.162,4772.550,51.44,24.49,38.14,58.64,,5.06,128.59,39.72,60.69,5108,96,26,,,56,,,,,,0,2025-07-25T08:28:02.000+0200,305,257,2.828,48.1100867,-2.0998817,43.79,22.63,38.54,54.39,65.2,170,2,,
2025-07-25T08:28:04.131+0200,386,298,3.171,4772.559,52.84,24.53,38.17,58.64,,-1.46,128.59,2.00,3.00,257,96,26,,,55,,,,,,0,2025-07-25T08:28:03.000+0200,306,258,2.841,48.1099717,-2.0998567,46.89,22.68,38.58,54.39,65.8,171,2,,
2025-07-25T08:28:04.153+0200,386,298,3.171,4772.559,52.84,24.53,38.17,58.64,,-1.46,128.59,2.00,3.00,257,96,26,,,55,,,,,,0,2025-07-25T08:28:03.000+0200,306,258,2.841,48.1099717,-2.0998567,46.89,22.68,38.58,54.39,65.8,171,2,,
2025-07-25T08:28:04.751+0200,387,298,3.180,4772.569,50.65,24.57,38.20,58.64,,-4.05,129.39,-3.74,-11.60,-484,96,26,,,57,,,,,,0,2025-07-25T08:28:04.000+0200,307,259,2.854,48.1098533,-2.0998333,45.19,22.73,38.60,54.39,66.1,173,2,,
2025-07-25T08:28:04.772+0200,387,298,3.180,4772.569,50.65,24.57,38.20,58.64,,-4.05,129.39,-3.74,-11.60,-484,96,26,,,57,,,,,,0,2025-07-25T08:28:04.000+0200,307,259,2.854,48.1098533,-2.0998333,45.19,22.73,38.60,54.39,66.1,173,2,,
2025-07-25T08:28:05.390+0200,388,299,3.189,4772.577,47.19,24.60,38.22,58.64,,-6.36,130.20,-7.52,-24.60,-979,96,26,,,60,,,,,,0,2025-07-25T08:28:04.000+0200,307,259,2.854,48.1098533,-2.0998333,45.19,22.73,38.60,54.39,66.1,173,2,,
2025-07-25T08:28:05.414+0200,388,299,3.189,4772.577,47.19,24.60,38.22,58.64,,-6.36,130.20,-7.52,-24.60,-979,96,26,,,60,,,,,,0,2025-07-25T08:28:04.000+0200,307,259,2.854,48.1098533,-2.0998333,45.19,22.73,38.60,54.39,66.1,173,2,,
2025-07-25T08:28:05.996+0200,388,299,3.197,4772.585,43.66,24.63,38.24,58.64,,-7.42,130.80,-4.81,-16.69,-629,96,26,,,63,,,,,,0,2025-07-25T08:28:05.000+0200,308,260,2.865,48.1097533,-2.0998067,40.80,22.77,38.61,54.39,66.1,166,2,,
2025-07-25T08:28:06.020+0200,388,299,3.197,4772.585,43.66,24.63,38.24,58.64,,-7.42,130.80,-4.81,-16.69,-629,96,26,,,63,,,,,,0,2025-07-25T08:28:05.000+0200,308,260,2.865,48.1097533,-2.0998067,40.80,22.77,38.61,54.39,66.1,166,2,,
2025-07-25T08:28:06.643+0200,389,300,3.205,4772.593,43.09,24.65,38.25,58.64,,-0.84,131.00,3.48,6.10,456,96,26,,,64,,,,,,0,2025-07-25T08:28:05.000+0200,309,261,2.865,48.1097533,-2.0998067,40.80,22.77,38.61,54.39,66.1,166,2,,
2025-07-25T08:28:06.665+0200,389,300,3.205,4772.593,43.09,24.65,38.25,58.64,,-0.84,131.00,3.48,6.10,456,96,26,,,64,,,,,,0,2025-07-25T08:28:06.000+0200,309,261,2.876,48.1096650,-2.0997500,38.55,22.81,38.61,54.39,66.4,145,2,,
2025-07-25T08:28:07.260+0200,389,301,3.213,4772.600,43.05,24.68,38.26,58.64,,0.24,130.80,17.68,31.00,2313,96,26,,,64,,,,,,0,2025-07-25T08:28:06.000+0200,309,261,2.876,48.1096650,-2.0997500,38.55,22.81,38.61,54.39,66.4,145,2,,
2025-07-25T08:28:07.282+0200,389,301,3.213,4772.600,43.05,24.68,38.26,58.64,,0.24,130.80,17.68,31.00,2313,96,26,,,64,,,,,,0,2025-07-25T08:28:06.000+0200,309,261,2.876,48.1096650,-2.0997500,38.55,22.81,38.61,54.39,66.4,145,2,,
2025-07-25T08:28:07.880+0200,390,301,3.220,4772.608,45.03,24.70,38.27,58.64,,2.86,130.30,30.22,51.19,3938,96,26,,,62,,,,,,0,2025-07-25T08:28:07.000+0200,310,262,2.886,48.1095967,-2.0996533,39.41,22.84,38.61,54.39,66.9,127,2,,
2025-07-25T08:28:07.908+0200,390,301,3.220,4772.608,45.03,24.70,38.27,58.64,,2.86,130.30,30.22,51.19,3938,96,26,,,62,,,,,,0,2025-07-25T08:28:07.000+0200,310,262,2.886,48.1095967,-2.0996533,39.41,22.84,38.61,54.39,66.9,127,2,,
2025-07-25T08:28:08.502+0200,391,302,3.228,4772.616,46.51,24.73,38.29,58.64,,2.27,129.70,31.58,52.19,4096,96,26,,,60,,,,,,0,2025-07-25T08:28:07.000+0200,310,262,2.886,48.1095967,-2.0996533,39.41,22.84,38.61,54.39,66.9,127,2,,
2025-07-25T08:28:08.524+0200,391,302,3.228,4772.616,46.51,24.73,38.29,58.64,,2.27,129.70,31.58,52.19,4096,96,26,,,60,,,,,,0,2025-07-25T08:28:07.000+0200,310,262,2.886,48.1095967,-2.0996533,39.41,22.84,38.61,54.39,66.9,127,2,,
2025-07-25T08:28:09.113+0200,391,302,3.236,4772.624,47.87,24.76,38.30,58.64,,2.24,129.09,29.76,48.10,3842,96,27,,,59,,,,,,0,2025-07-25T08:28:08.000+0200,311,263,2.897,48.1095583,-2.0995150,42.26,22.89,38.63,54.39,66.8,106,2,,
2025-07-25T08:28:09.135+0200,391,303,3.236,4772.624,47.87,24.76,38.30,58.64,,2.24,129.09,29.76,48.10,3842,96,27,,,59,,,,,,0,2025-07-25T08:28:08.000+0200,311,263,2.897,48.1095583,-2.0995150,42.26,22.89,38.63,54.39,66.8,106,2,,
2025-07-25T08:28:09.735+0200,392,303,3.244,4772.632,49.21,24.79,38.33,58.64,,0.11,128.80,25.28,40.00,3256,96,26,,,58,,,,,,0,2025-07-25T08:28:09.000+0200,312,264,2.910,48.1095450,-2.0993517,45.28,22.94,38.65,54.39,66.9,97,2,,
2025-07-25T08:28:09.758+0200,392,303,3.244,4772.632,49.21,24.79,38.33,58.64,,0.11,128.80,25.28,40.00,3256,96,26,,,58,,,,,,0,2025-07-25T08:28:09.000+0200,312,264,2.910,48.1095450,-2.0993517,45.28,22.94,38.65,54.39,66.9,97,2,,
2025-07-25T08:28:10.354+0200,392,304,3.252,4772.641,50.36,24.83,38.35,58.64,,1.47,128.59,23.23,36.09,2987,96,27,,,57,,,,,,0,2025-07-25T08:28:09.000+0200,312,264,2.910,48.1095450,-2.0993517,45.28,22.94,38.65,54.39,66.9,97,2,,
2025-07-25T08:28:10.376+0200,392,304,3.252,4772.641,50.36,24.83,38.35,58.64,,1.47,128.59,23.23,36.09,2987,96,27,,,57,,,,,,0,2025-07-25T08:28:09.000+0200,312,264,2.910,48.1095450,-2.0993517,45.28,22.94,38.65,54.39,66.9,97,2,,
2025-07-25T08:28:10.976+0200,393,304,3.261,4772.649,51.01,24.86,38.38,58.64,,2.02,128.59,23.66,36.39,3042,96,27,,,56,,,,,,0,2025-07-25T08:28:10.000+0200,313,265,2.922,48.1095333,-2.0991850,45.14,22.99,38.68,54.39,67.4,92,2,,
2025-07-25T08:28:10.994+0200,393,304,3.261,4772.649,51.01,24.86,38.38,58.64,,2.02,128.59,23.66,36.39,3042,96,27,,,56,,,,,,0,2025-07-25T08:28:10.000+0200,313,265,2.922,48.1095333,-2.0991850,45.14,22.99,38.68,54.39,67.4,92,2,,
2025-07-25T08:28:11.602+0200,394,305,3.270,4772.658,52.23,24.90,38.40,58.64,,4.71,128.39,24.04,36.30,3086,96,27,,,55,,,,,,0,2025-07-25T08:28:10.000+0200,314,266,2.922,48.1095333,-2.0991850,45.14,22.99,38.68,54.39,67.4,92,2,,
2025-07-25T08:28:11.625+0200,394,305,3.270,4772.658,52.23,24.90,38.40,58.64,,4.71,128.39,24.04,36.30,3086,96,27,,,55,,,,,,0,2025-07-25T08:28:10.000+0200,314,266,2.922,48.1095333,-2.0991850,45.14,22.99,38.68,54.39,67.4,92,2,,
2025-07-25T08:28:12.235+0200,394,306,3.279,4772.667,52.99,24.93,38.43,58.64,,4.05,128.20,34.29,51.19,4396,96,27,,,54,,,,,,0,2025-07-25T08:28:11.000+0200,314,266,2.935,48.1095317,-2.0990133,46.88,23.04,38.71,54.39,67.7,91,2,,
2025-07-25T08:28:12.250+0200,394,306,3.279,4772.667,52.99,24.93,38.43,58.64,,4.05,128.20,34.29,51.19,4396,96,27,,,54,,,,,,0,2025-07-25T08:28:11.000+0200,314,266,2.935,48.1095317,-2.0990133,46.88,23.04,38.71,54.39,67.7,91,2,,
2025-07-25T08:28:12.853+0200,395,306,3.288,4772.676,55.80,24.97,38.46,58.64,,6.35,127.89,32.94,47.20,4213,96,27,,,52,,,,,,0,2025-07-25T08:28:12.000+0200,315,267,2.948,48.1095383,-2.0988383,50.06,23.10,38.75,54.39,67.2,87,2,,
2025-07-25T08:28:12.873+0200,395,306,3.288,4772.676,55.80,24.97,38.46,58.64,,6.35,127.89,32.94,47.20,4213,96,27,,,52,,,,,,0,2025-07-25T08:28:12.000+0200,315,267,2.948,48.1095383,-2.0988383,50.06,23.10,38.75,54.39,67.2,87,2,,
2025-07-25T08:28:13.473+0200,396,307,3.297,4772.686,57.42,25.01,38.50,58.64,,2.91,127.60,32.49,45.50,4146,96,27,,,50,,,,,,0,2025-07-25T08:28:12.000+0200,315,267,2.948,48.1095383,-2.0988383,50.06,23.10,38.75,54.39,67.2,87,2,,
2025-07-25T08:28:13.496+0200,396,307,3.297,4772.686,57.42,25.01,38.50,58.64,,2.91,127.60,32.49,45.50,4146,96,27,,,50,,,,,,0,2025-07-25T08:28:12.000+0200,315,267,2.948,48.1095383,-2.0988383,50.06,23.10,38.75,54.39,67.2,87,2,,
2025-07-25T08:28:14.114+0200,396,307,3.307,4772.696,58.49,25.06,38.54,59.21,,-2.38,127.80,2.53,3.50,323,96,27,,,50,,,,,,0,2025-07-25T08:28:13.000+0200,316,268,2.962,48.1095517,-2.0986500,50.87,23.16,38.79,54.39,66.9,82,2,,
2025-07-25T08:28:14.137+0200,396,308,3.307,4772.696,58.49,25.06,38.54,59.21,,-2.38,127.80,2.53,3.50,323,96,27,,,50,,,,,,0,2025-07-25T08:28:13.000+0200,316,268,2.962,48.1095517,-2.0986500,50.87,23.16,38.79,54.39,66.9,82,2,,
2025-07-25T08:28:14.736+0200,397,308,3.317,4772.706,55.40,25.10,38.58,59.21,,-4.29,128.70,0.06,0.09,8,95,27,,,53,,,,,,0,2025-07-25T08:28:14.000+0200,317,269,2.976,48.1095700,-2.0984600,50.04,23.22,38.84,54.39,67.8,81,2,,
2025-07-25T08:28:14.757+0200,397,308,3.317,4772.706,55.40,25.10,38.58,59.21,,-4.29,128.70,0.06,0.09,8,95,27,,,53,,,,,,0,2025-07-25T08:28:14.000+0200,317,269,2.976,48.1095700,-2.0984600,50.04,23.22,38.84,54.39,67.8,81,2,,
2025-07-25T08:28:15.356+0200,397,309,3.327,4772.716,53.78,25.14,38.61,59.21,,-2.88,129.20,1.35,2.00,174,95,27,,,54,,,,,,0,2025-07-25T08:28:14.000+0200,317,269,2.976,48.1095700,-2.0984600,50.04,23.22,38.84,54.39,67.8,81,2,,
2025-07-25T08:28:15.379+0200,397,309,3.327,4772.716,53.78,25.14,38.61,59.21,,-2.88,129.20,1.35,2.00,174,95,27,,,54,,,,,,0,2025-07-25T08:28:14.000+0200,317,269,2.976,48.1095700,-2.0984600,50.04,23.22,38.84,54.39,67.8,81,2,,
2025-07-25T08:28:15.973+0200,398,309,3.337,4772.725,51.91,25.17,38.64,59.21,,-2.03,129.59,11.53,17.50,1494,95,27,,,56,,,,,,0,2025-07-25T08:28:15.000+0200,318,270,2.991,48.1095917,-2.0982717,46.65,23.27,38.86,54.39,69.2,78,2,,
2025-07-25T08:28:15.995+0200,398,309,3.337,4772.725,51.91,25.17,38.64,59.21,,-2.03,129.59,11.53,17.50,1494,95,27,,,56,,,,,,0,2025-07-25T08:28:15.000+0200,318,270,2.991,48.1095917,-2.0982717,46.65,23.27,38.86,54.39,69.2,78,2,,
2025-07-25T08:28:16.597+0200,399,310,3.346,4772.734,52.41,25.21,38.66,59.21,,0.79,129.70,8.56,12.90,1110,95,27,,,55,,,,,,0,2025-07-25T08:28:15.000+0200,319,271,2.991,48.1095917,-2.0982717,46.65,23.27,38.86,54.39,69.2,78,2,,
2025-07-25T08:28:16.620+0200,399,310,3.346,4772.734,52.41,25.21,38.66,59.21,,0.79,129.70,8.56,12.90,1110,95,27,,,55,,,,,,0,2025-07-25T08:28:15.000+0200,319,271,2.991,48.1095917,-2.0982717,46.65,23.27,38.86,54.39,69.2,78,2,,
2025-07-25T08:28:17.216+0200,399,311,3.355,4772.743,50.90,25.24,38.69,59.21,,-1.32,129.89,6.81,10.50,885,95,27,,,57,,,,,,0,2025-07-25T08:28:16.000+0200,319,271,3.004,48.1096167,-2.0980967,46.17,23.32,38.89,54.39,69.3,79,2,,
2025-07-25T08:28:17.238+0200,399,311,3.355,4772.743,50.90,25.24,38.69,59.21,,-1.32,129.89,6.81,10.50,885,95,27,,,57,,,,,,0,2025-07-25T08:28:16.000+0200,319,271,3.004,48.1096167,-2.0980967,46.17,23.32,38.89,54.39,69.3,79,2,,
2025-07-25T08:28:17.835+0200,400,311,3.364,4772.752,49.78,25.27,38.71,59.21,,-2.04,129.89,13.20,20.70,1715,95,27,,,58,,,,,,0,2025-07-25T08:28:17.000+0200,320,272,3.016,48.1096433,-2.0979333,47.39,23.38,38.92,54.39,69.5,80,2,,
2025-07-25T08:28:17.859+0200,400,311,3.364,4772.752,49.78,25.27,38.71,59.21,,-2.04,129.89,13.20,20.70,1715,95,27,,,58,,,,,,0,2025-07-25T08:28:17.000+0200,320,272,3.016,48.1096433,-2.0979333,47.39,23.38,38.92,54.39,69.5,80,2,,
2025-07-25T08:28:18.452+0200,401,312,3.372,4772.761,49.35,25.31,38.73,59.21,,-2.12,129.89,14.63,23.10,1900,95,27,,,58,,,,,,0,2025-07-25T08:28:17.000+0200,320,272,3.016,48.1096433,-2.0979333,47.39,23.38,38.92,54.39,69.5,80,2,,
2025-07-25T08:28:18.478+0200,401,312,3.372,4772.761,49.35,25.31,38.73,59.21,,-2.12,129.89,14.63,23.10,1900,95,27,,,58,,,,,,0,2025-07-25T08:28:17.000+0200,320,272,3.016,48.1096433,-2.0979333,47.39,23.38,38.92,54.39,69.5,80,2,,
2025-07-25T08:28:19.072+0200,401,312,3.381,4772.769,49.28,25.34,38.75,59.21,,-0.11,129.80,17.84,28.20,2316,95,27,,,58,,,,,,0,2025-07-25T08:28:18.000+0200,321,273,3.030,48.1096667,-2.0977617,43.90,23.42,38.94,54.39,69.9,78,2,,
2025-07-25T08:28:19.094+0200,401,312,3.381,4772.769,49.28,25.34,38.75,59.21,,-0.11,129.80,17.84,28.20,2316,95,27,,,58,,,,,,0,2025-07-25T08:28:18.000+0200,321,273,3.030,48.1096667,-2.0977617,43.90,23.42,38.94,54.39,69.9,78,2,,
2025-07-25T08:28:19.693+0200,402,313,3.390,4772.778,49.64,25.37,38.78,59.21,,-1.13,129.70,14.25,22.40,1848,95,27,,,58,,,,,,0,2025-07-25T08:28:19.000+0200,322,274,3.042,48.1096950,-2.0976017,44.65,23.47,38.96,54.39,69.8,76,2,,
2025-07-25T08:28:19.715+0200,402,313,3.390,4772.778,49.64,25.37,38.78,59.21,,-1.13,129.70,14.25,22.40,1848,95,27,,,58,,,,,,0,2025-07-25T08:28:19.000+0200,322,274,3.042,48.1096950,-2.0976017,44.65,23.47,38.96,54.39,69.8,76,2,,
2025-07-25T08:28:20.335+0200,402,314,3.398,4772.787,49.71,25.40,38.80,59.21,,-1.24,129.59,21.47,33.70,2782,95,27,,,58,,,,,,0,2025-07-25T08:28:19.000+0200,322,274,3.042,48.1096950,-2.0976017,44.65,23.47,38.96,54.39,69.8,76,2,,
2025-07-25T08:28:20.353+0200,402,314,3.398,4772.787,49.71,25.40,38.80,59.21,,-1.24,129.59,21.47,33.70,2782,95,27,,,58,,,,,,0,2025-07-25T08:28:19.000+0200,322,274,3.042,48.1096950,-2.0976017,44.65,23.47,38.96,54.39,69.8,76,2,,
2025-07-25T08:28:20.930+0200,403,314,3.407,4772.795,49.42,25.43,38.82,59.21,,-2.25,129.50,12.24,19.29,1585,95,27,,,58,,,,,,0,2025-07-25T08:28:20.000+0200,323,275,3.054,48.1097167,-2.0974383,46.18,23.52,38.99,54.39,69.9,79,2,,
2025-07-25T08:28:20.953+0200,403,314,3.407,4772.795,49.42,25.43,38.82,59.21,,-2.25,129.50,12.24,19.29,1585,95,27,,,58,,,,,,0,2025-07-25T08:28:20.000+0200,323,275,3.054,48.1097167,-2.0974383,46.18,23.52,38.99,54.39,69.9,79,2,,
2025-07-25T08:28:21.574+0200,404,315,3.416,4772.804,49.78,25.46,38.84,59.21,,-1.44,129.39,19.71,30.90,2550,95,27,,,58,,,,,,0,2025-07-25T08:28:20.000+0200,324,276,3.054,48.1097167,-2.0974383,46.18,23.52,38.99,54.39,69.9,79,2,,
2025-07-25T08:28:21.599+0200,404,315,3.416,4772.804,49.78,25.46,38.84,59.21,,-1.44,129.39,19.71,30.90,2550,95,27,,,58,,,,,,0,2025-07-25T08:28:20.000+0200,324,276,3.054,48.1097167,-2.0974383,46.18,23.52,38.99,54.39,69.9,79,2,,
2025-07-25T08:28:22.190+0200,404,316,3.424,4772.813,49.85,25.50,38.86,59.21,,-0.24,129.30,19.15,30.00,2476,95,27,,,58,,,,,,0,2025-07-25T08:28:21.000+0200,324,276,3.067,48.1097433,-2.0972717,46.06,23.57,39.01,54.39,69.6,78,2,,
2025-07-25T08:28:22.212+0200,404,316,3.424,4772.813,49.85,25.50,38.86,59.21,,-0.24,129.30,19.15,30.00,2476,95,27,,,58,,,,,,0,2025-07-25T08:28:21.000+0200,324,276,3.067,48.1097433,-2.0972717,46.06,23.57,39.01,54.39,69.6,78,2,,
2025-07-25T08:28:22.812+0200,405,316,3.433,4772.821,50.61,25.53,38.89,59.21,,0.60,129.20,21.32,33.00,2755,95,27,,,57,,,,,,0,2025-07-25T08:28:22.000+0200,325,277,3.080,48.1097667,-2.0971033,44.06,23.61,39.03,54.39,69.6,76,2,,
2025-07-25T08:28:22.833+0200,405,316,3.433,4772.821,50.61,25.53,38.89,59.21,,0.60,129.20,21.32,33.00,2755,95,27,,,57,,,,,,0,2025-07-25T08:28:22.000+0200,325,277,3.080,48.1097667,-2.0971033,44.06,23.61,39.03,54.39,69.6,76,2,,
2025-07-25T08:28:23.432+0200,406,317,3.442,4772.830,51.04,25.56,38.91,59.21,,2.87,129.09,21.66,33.30,2796,95,27,,,56,,,,,,0,2025-07-25T08:28:22.000+0200,325,277,3.080,48.1097667,-2.0971033,44.06,23.61,39.03,54.39,69.6,76,2,,
2025-07-25T08:28:23.454+0200,406,317,3.442,4772.830,51.04,25.56,38.91,59.21,,2.87,129.09,21.66,33.30,2796,95,27,,,56,,,,,,0,2025-07-25T08:28:22.000+0200,325,277,3.080,48.1097667,-2.0971033,44.06,23.61,39.03,54.39,69.6,76,2,,
2025-07-25T08:28:24.073+0200,406,317,3.451,4772.839,51.91,25.59,38.94,59.21,,-0.60,128.80,25.70,39.00,3310,95,27,,,56,,,,,,0,2025-07-25T08:28:23.000+0200,326,278,3.092,48.1097950,-2.0969383,46.89,23.66,39.06,54.39,69.7,78,2,,
2025-07-25T08:28:24.093+0200,406,317,3.451,4772.839,51.91,25.59,38.94,59.21,,-0.60,128.80,25.70,39.00,3310,95,27,,,56,,,,,,0,2025-07-25T08:28:23.000+0200,326,278,3.092,48.1097950,-2.0969383,46.89,23.66,39.06,54.39,69.7,78,2,,
2025-07-25T08:28:24.695+0200,407,318,3.460,4772.848,53.35,25.63,38.96,59.21,,0.84,128.59,20.87,31.00,2684,95,27,,,54,,,,,,0,2025-07-25T08:28:24.000+0200,327,279,3.106,48.1098183,-2.0967633,47.38,23.71,39.09,54.39,69.9,77,2,,
2025-07-25T08:28:24.716+0200,407,318,3.460,4772.848,53.35,25.63,38.96,59.21,,0.84,128.59,20.87,31.00,2684,95,27,,,54,,,,,,0,2025-07-25T08:28:24.000+0200,327,279,3.106,48.1098183,-2.0967633,47.38,23.71,39.09,54.39,69.9,77,2,,
2025-07-25T08:28:25.314+0200,407,319,3.469,4772.858,53.53,25.66,38.99,59.21,,-0.48,128.59,19.11,28.30,2457,95,27,,,54,,,,,,0,2025-07-25T08:28:24.000+0200,327,279,3.106,48.1098183,-2.0967633,47.38,23.71,39.09,54.39,69.9,77,2,,
2025-07-25T08:28:25.338+0200,407,319,3.469,4772.858,53.53,25.66,38.99,59.21,,-0.48,128.59,19.11,28.30,2457,95,27,,,54,,,,,,0,2025-07-25T08:28:24.000+0200,327,279,3.106,48.1098183,-2.0967633,47.38,23.71,39.09,54.39,69.9,77,2,,
2025-07-25T08:28:25.934+0200,408,319,3.478,4772.867,55.22,25.70,39.02,59.21,,3.61,128.39,29.97,43.30,3848,95,27,,,53,,,,,,0,2025-07-25T08:28:25.000+0200,328,280,3.119,48.1098417,-2.0965867,48.16,23.76,39.12,54.39,70.3,77,2,,
2025-07-25T08:28:25.954+0200,408,319,3.478,4772.867,55.22,25.70,39.02,59.21,,3.61,128.39,29.97,43.30,3848,95,27,,,53,,,,,,0,2025-07-25T08:28:25.000+0200,328,280,3.119,48.1098417,-2.0965867,48.16,23.76,39.12,54.39,70.3,77,2,,
2025-07-25T08:28:26.575+0200,409,320,3.488,4772.877,56.30,25.74,39.06,59.21,,1.81,128.30,21.30,30.30,2733,95,27,,,52,,,,,,0,2025-07-25T08:28:25.000+0200,329,281,3.119,48.1098417,-2.0965867,48.16,23.76,39.12,54.39,70.3,77,2,,
2025-07-25T08:28:26.592+0200,409,320,3.488,4772.877,56.30,25.74,39.06,59.21,,1.81,128.30,21.30,30.30,2733,95,27,,,52,,,,,,0,2025-07-25T08:28:25.000+0200,329,281,3.119,48.1098417,-2.0965867,48.16,23.76,39.12,54.39,70.3,77,2,,
2025-07-25T08:28:27.188+0200,409,321,3.498,4772.887,56.19,25.78,39.09,59.21,,0.36,128.30,22.53,32.09,2891,95,27,,,52,,,,,,0,2025-07-25T08:28:26.000+0200,329,281,3.133,48.1098633,-2.0964017,50.23,23.82,39.16,54.39,70.8,76,2,,
2025-07-25T08:28:27.211+0200,409,321,3.498,4772.887,56.19,25.78,39.09,59.21,,0.36,128.30,22.53,32.09,2891,95,27,,,52,,,,,,0,2025-07-25T08:28:26.000+0200,329,281,3.133,48.1098633,-2.0964017,50.23,23.82,39.16,54.39,70.8,76,2,,
2025-07-25T08:28:27.813+0200,410,321,3.507,4772.896,54.97,25.82,39.12,59.21,,-4.49,128.59,8.89,12.90,1143,95,27,,,53,,,,,,0,2025-07-25T08:28:27.000+0200,330,282,3.147,48.1098933,-2.0962150,51.09,23.88,39.20,54.39,71.6,76,2,,
2025-07-25T08:28:27.836+0200,410,321,3.507,4772.896,54.97,25.82,39.12,59.21,,-4.49,128.59,8.89,12.90,1143,95,27,,,53,,,,,,0,2025-07-25T08:28:27.000+0200,330,282,3.147,48.1098933,-2.0962150,51.09,23.88,39.20,54.39,71.6,76,2,,
2025-07-25T08:28:28.438+0200,411,322,3.517,4772.906,53.31,25.85,39.15,59.21,,-2.93,129.20,6.46,9.59,835,95,27,,,55,,,,,,0,2025-07-25T08:28:27.000+0200,330,282,3.147,48.1098933,-2.0962150,51.09,23.88,39.20,54.39,71.6,76,2,,
2025-07-25T08:28:28.459+0200,411,322,3.517,4772.906,53.31,25.85,39.15,59.21,,-2.93,129.20,6.46,9.59,835,95,27,,,55,,,,,,0,2025-07-25T08:28:27.000+0200,330,282,3.147,48.1098933,-2.0962150,51.09,23.88,39.20,54.39,71.6,76,2,,
2025-07-25T08:28:29.052+0200,411,322,3.527,4772.915,51.30,25.89,39.17,59.21,,-2.57,129.59,1.11,1.70,144,95,27,,,56,,,,,,0,2025-07-25T08:28:28.000+0200,331,283,3.161,48.1099233,-2.0960350,46.95,23.93,39.23,54.39,72.3,75,2,,
2025-07-25T08:28:29.078+0200,411,322,3.527,4772.915,51.30,25.89,39.17,59.21,,-2.57,129.59,1.11,1.70,144,95,27,,,56,,,,,,0,2025-07-25T08:28:28.000+0200,331,283,3.161,48.1099233,-2.0960350,46.95,23.93,39.23,54.39,72.3,75,2,,
2025-07-25T08:28:29.695+0200,412,323,3.536,4772.924,50.54,25.92,39.19,59.21,,0.84,129.89,2.64,4.10,343,95,27,,,57,,,,,,0,2025-07-25T08:28:29.000+0200,332,284,3.174,48.1099550,-2.0958667,47.43,23.98,39.26,54.39,72.9,74,2,,
2025-07-25T08:28:29.718+0200,412,323,3.536,4772.924,50.54,25.92,39.19,59.21,,0.84,129.89,2.64,4.10,343,95,27,,,57,,,,,,0,2025-07-25T08:28:29.000+0200,332,284,3.174,48.1099550,-2.0958667,47.43,23.98,39.26,54.39,72.9,74,2,,
2025-07-25T08:28:30.297+0200,412,324,3.544,4772.933,49.24,25.95,39.21,59.21,,-1.47,130.09,2.21,3.50,287,95,27,,,58,,,,,,0,2025-07-25T08:28:29.000+0200,332,284,3.174,48.1099550,-2.0958667,47.43,23.98,39.26,54.39,72.9,74,2,,
2025-07-25T08:28:30.320+0200,412,324,3.544,4772.933,49.24,25.95,39.21,59.21,,-1.47,130.09,2.21,3.50,287,95,27,,,58,,,,,,0,2025-07-25T08:28:29.000+0200,332,284,3.174,48.1099550,-2.0958667,47.43,23.98,39.26,54.39,72.9,74,2,,
2025-07-25T08:28:30.936+0200,413,324,3.553,4772.941,47.98,25.98,39.23,59.21,,-0.48,130.30,2.97,4.79,387,95,27,,,59,,,,,,0,2025-07-25T08:28:30.000+0200,333,285,3.187,48.1099900,-2.0957067,44.69,24.02,39.28,54.39,73.2,70,2,,
2025-07-25T08:28:30.958+0200,413,324,3.553,4772.941,47.98,25.98,39.23,59.21,,-0.48,130.30,2.97,4.79,387,95,27,,,59,,,,,,0,2025-07-25T08:28:30.000+0200,333,285,3.187,48.1099900,-2.0957067,44.69,24.02,39.28,54.39,73.2,70,2,,
2025-07-25T08:28:31.555+0200,414,325,3.561,4772.950,45.86,26.00,39.25,59.21,,-4.44,130.59,-1.73,-5.80,-226,95,27,,,61,,,,,,0,2025-07-25T08:28:30.000+0200,334,286,3.187,48.1099900,-2.0957067,44.69,24.02,39.28,54.39,73.2,70,2,,
2025-07-25T08:28:31.572+0200,414,325,3.561,4772.950,45.86,26.00,39.25,59.21,,-4.44,130.59,-1.73,-5.80,-226,95,27,,,61,,,,,,0,2025-07-25T08:28:30.000+0200,334,286,3.187,48.1099900,-2.0957067,44.69,24.02,39.28,54.39,73.2,70,2,,
2025-07-25T08:28:32.171+0200,414,326,3.570,4772.958,43.88,26.03,39.26,59.21,,-4.19,130.89,-6.07,-21.00,-795,95,27,,,63,,,,,,0,2025-07-25T08:28:31.000+0200,334,286,3.199,48.1100283,-2.0955550,44.65,24.07,39.30,54.39,73.5,72,2,,
2025-07-25T08:28:32.189+0200,414,326,3.570,4772.958,43.88,26.03,39.26,59.21,,-4.19,130.89,-6.07,-21.00,-795,95,27,,,63,,,,,,0,2025-07-25T08:28:31.000+0200,334,286,3.199,48.1100283,-2.0955550,44.65,24.07,39.30,54.39,73.5,72,2,,
2025-07-25T08:28:32.796+0200,415,326,3.578,4772.965,40.28,26.04,39.26,59.21,,-5.54,131.39,-9.22,-34.00,-1211,95,27,,,66,,,,,,0,2025-07-25T08:28:32.000+0200,335,287,3.211,48.1100617,-2.0954050,36.85,24.09,39.29,54.39,73.8,68,2,,
2025-07-25T08:28:32.813+0200,415,326,3.578,4772.965,40.28,26.04,39.26,59.21,,-5.54,131.39,-9.22,-34.00,-1211,95,27,,,66,,,,,,0,2025-07-25T08:28:32.000+0200,335,287,3.211,48.1100617,-2.0954050,36.85,24.09,39.29,54.39,73.8,68,2,,
2025-07-25T08:28:33.415+0200,416,327,3.585,4772.972,35.96,26.06,39.25,59.21,,-6.12,131.80,-8.06,-32.30,-1062,95,27,,,70,,,,,,0,2025-07-25T08:28:32.000+0200,335,287,3.211,48.1100617,-2.0954050,36.85,24.09,39.29,54.39,73.8,68,2,,
2025-07-25T08:28:33.432+0200,416,327,3.585,4772.972,35.96,26.06,39.25,59.21,,-6.12,131.80,-8.06,-32.30,-1062,95,27,,,70,,,,,,0,2025-07-25T08:28:32.000+0200,335,287,3.211,48.1100617,-2.0954050,36.85,24.09,39.29,54.39,73.8,68,2,,
2025-07-25T08:28:34.035+0200,416,327,3.591,4772.978,32.07,26.07,39.24,59.21,,-8.12,132.09,-10.27,-44.60,-1357,95,27,,,73,,,,,,0,2025-07-25T08:28:33.000+0200,336,288,3.222,48.1100933,-2.0952633,31.52,24.11,39.26,54.39,74.3,69,2,,
2025-07-25T08:28:34.055+0200,416,327,3.591,4772.978,32.07,26.07,39.24,59.21,,-8.12,132.09,-10.27,-44.60,-1357,95,27,,,73,,,,,,0,2025-07-25T08:28:33.000+0200,336,288,3.222,48.1100933,-2.0952633,31.52,24.11,39.26,54.39,74.3,69,2,,
2025-07-25T08:28:34.658+0200,417,328,3.597,4772.984,28.40,26.07,39.22,59.21,,-5.16,132.20,-5.08,-24.00,-672,95,27,,,76,,,,,,0,2025-07-25T08:28:34.000+0200,337,289,3.234,48.1101400,-2.0951083,27.03,24.12,39.22,54.39,73.9,69,2,,
2025-07-25T08:28:34.679+0200,417,328,3.597,4772.984,28.40,26.07,39.22,59.21,,-5.16,132.20,-5.08,-24.00,-672,95,27,,,76,,,,,,0,2025-07-25T08:28:34.000+0200,337,289,3.234,48.1101400,-2.0951083,27.03,24.12,39.22,54.39,73.9,69,2,,
2025-07-25T08:28:35.296+0200,417,329,3.602,4772.989,25.48,26.07,39.20,59.21,,-4.32,132.20,-3.11,-15.79,-411,95,27,,,79,,,,,,0,2025-07-25T08:28:34.000+0200,337,289,3.234,48.1101400,-2.0951083,27.03,24.12,39.22,54.39,73.9,69,2,,
2025-07-25T08:28:35.316+0200,417,329,3.602,4772.989,25.48,26.07,39.20,59.21,,-4.32,132.20,-3.11,-15.79,-411,95,27,,,79,,,,,,0,2025-07-25T08:28:34.000+0200,337,289,3.234,48.1101400,-2.0951083,27.03,24.12,39.22,54.39,73.9,69,2,,
2025-07-25T08:28:35.914+0200,418,329,3.607,4772.993,24.62,26.07,39.17,59.21,,-0.12,132.09,-1.62,-8.39,-214,95,27,,,79,,,,,,0,2025-07-25T08:28:35.000+0200,338,290,3.243,48.1101667,-2.0949983,23.10,24.11,39.16,54.39,73.4,71,2,,
2025-07-25T08:28:35.938+0200,418,329,3.607,4772.993,24.62,26.07,39.17,59.21,,-0.12,132.09,-1.62,-8.39,-214,95,27,,,79,,,,,,0,2025-07-25T08:28:35.000+0200,338,290,3.243,48.1101667,-2.0949983,23.10,24.11,39.16,54.39,73.4,71,2,,
2025-07-25T08:28:36.537+0200,419,330,3.611,4772.998,23.22,26.07,39.14,59.21,,0.48,132.09,-1.45,-7.80,-192,95,27,,,81,,,,,,0,2025-07-25T08:28:35.000+0200,338,290,3.243,48.1101667,-2.0949983,23.10,24.11,39.16,54.39,73.4,71,2,,
2025-07-25T08:28:36.562+0200,419,330,3.611,4772.998,23.22,26.07,39.14,59.21,,0.48,132.09,-1.45,-7.80,-192,95,27,,,81,,,,,,0,2025-07-25T08:28:35.000+0200,339,291,3.243,48.1101667,-2.0949983,23.10,24.11,39.16,54.39,73.4,71,2,,
2025-07-25T08:28:37.156+0200,419,331,3.616,4773.002,21.63,26.06,39.11,59.21,,-1.12,132.00,-2.24,-12.60,-296,95,27,,,82,,,,,,0,2025-07-25T08:28:36.000+0200,339,291,3.250,48.1101933,-2.0949183,19.98,24.11,39.10,54.39,72.5,69,2,,
2025-07-25T08:28:37.178+0200,419,331,3.616,4773.002,21.63,26.06,39.11,59.21,,-1.12,132.00,-2.24,-12.60,-296,95,27,,,82,,,,,,0,2025-07-25T08:28:36.000+0200,339,291,3.250,48.1101933,-2.0949183,19.98,24.11,39.10,54.39,72.5,69,2,,
2025-07-25T08:28:37.774+0200,420,331,3.619,4773.005,20.26,26.05,39.07,59.21,,-0.79,132.00,-3.20,-18.69,-422,95,27,,,83,,,,,,0,2025-07-25T08:28:37.000+0200,340,292,3.255,48.1102033,-2.0948450,22.76,24.10,39.04,54.39,72.7,76,2,,
2025-07-25T08:28:37.796+0200,420,331,3.619,4773.005,20.26,26.05,39.07,59.21,,-0.79,132.00,-3.20,-18.69,-422,95,27,,,83,,,,,,0,2025-07-25T08:28:37.000+0200,340,292,3.255,48.1102033,-2.0948450,22.76,24.10,39.04,54.39,72.7,76,2,,
2025-07-25T08:28:38.403+0200,421,332,3.623,4773.009,18.17,26.04,39.03,59.21,,-0.90,132.00,-1.65,-10.30,-218,96,27,,,85,,,,,,0,2025-07-25T08:28:37.000+0200,340,292,3.255,48.1102033,-2.0948450,22.76,24.10,39.04,54.39,72.7,76,2,,
2025-07-25T08:28:38.424+0200,421,332,3.623,4773.009,18.17,26.04,39.03,59.21,,-0.90,132.00,-1.65,-10.30,-218,96,27,,,85,,,,,,0,2025-07-25T08:28:37.000+0200,340,292,3.255,48.1102033,-2.0948450,22.76,24.10,39.04,54.39,72.7,76,2,,
2025-07-25T08:28:39.039+0200,421,332,3.626,4773.012,16.41,26.03,38.99,59.21,,-1.45,131.89,-1.35,-8.89,-178,96,27,,,86,,,,,,0,2025-07-25T08:28:38.000+0200,341,293,3.261,48.1102217,-2.0947683,25.51,24.11,39.00,54.39,73.2,71,2,,
2025-07-25T08:28:39.061+0200,421,332,3.626,4773.012,16.41,26.03,38.99,59.21,,-1.45,131.89,-1.35,-8.89,-178,96,27,,,86,,,,,,0,2025-07-25T08:28:38.000+0200,341,293,3.261,48.1102217,-2.0947683,25.51,24.11,39.00,54.39,73.2,71,2,,
2025-07-25T08:28:39.643+0200,422,333,3.629,4773.015,14.36,26.02,38.95,59.21,,-2.82,131.89,-0.87,-6.20,-115,96,27,,,88,,,,,,0,2025-07-25T08:28:38.000+0200,342,294,3.261,48.1102217,-2.0947683,25.51,24.11,39.00,54.39,73.2,71,2,,
2025-07-25T08:28:39.663+0200,422,333,3.629,4773.015,14.36,26.02,38.95,59.21,,-2.82,131.89,-0.87,-6.20,-115,96,27,,,88,,,,,,0,2025-07-25T08:28:39.000+0200,342,294,3.268,48.1102417,-2.0946900,26.33,24.11,38.95,54.39,72.6,75,3,,
2025-07-25T08:28:40.276+0200,422,334,3.632,4773.017,10.87,26.00,38.90,59.21,,-4.90,131.89,0.00,0.00,0,96,27,,,91,,,,,,0,2025-07-25T08:28:39.000+0200,342,294,3.268,48.1102417,-2.0946900,26.33,24.11,38.95,54.39,72.6,75,3,,
2025-07-25T08:28:40.300+0200,422,334,3.632,4773.017,10.87,26.00,38.90,59.21,,-4.90,131.89,0.00,0.00,0,96,27,,,91,,,,,,0,2025-07-25T08:28:39.000+0200,342,294,3.268,48.1102417,-2.0946900,26.33,24.11,38.95,54.39,72.6,75,3,,
2025-07-25T08:28:40.894+0200,423,334,3.634,4773.019,12.27,25.98,38.85,59.21,,4.20,131.70,12.37,47.10,1629,96,26,,,90,,,,,,0,2025-07-25T08:28:40.000+0200,343,295,3.270,48.1102550,-2.0946633,19.77,24.10,38.89,54.39,72.1,75,2,,
2025-07-25T08:28:40.918+0200,423,334,3.634,4773.019,12.27,25.98,38.85,59.21,,4.20,131.70,12.37,47.10,1629,96,26,,,90,,,,,,0,2025-07-25T08:28:40.000+0200,343,295,3.270,48.1102550,-2.0946633,19.77,24.10,38.89,54.39,72.1,75,2,,
2025-07-25T08:28:41.516+0200,424,335,3.636,4773.021,17.45,25.97,38.80,59.21,,9.00,131.20,16.70,53.10,2191,96,27,,,85,,,,,,0,2025-07-25T08:28:40.000+0200,343,295,3.270,48.1102550,-2.0946633,19.77,24.10,38.89,54.39,72.1,75,2,,
2025-07-25T08:28:41.541+0200,424,335,3.636,4773.021,17.45,25.97,38.80,59.21,,9.00,131.20,16.70,53.10,2191,96,27,,,85,,,,,,0,2025-07-25T08:28:40.000+0200,343,295,3.270,48.1102550,-2.0946633,19.77,24.10,38.89,54.39,72.1,75,2,,
2025-07-25T08:28:42.134+0200,424,335,3.639,4773.024,19.47,25.96,38.77,59.21,,4.89,130.89,19.28,57.60,2524,96,27,,,84,,,,,,0,2025-07-25T08:28:41.000+0200,344,296,3.273,48.1102667,-2.0946300,20.26,24.09,38.83,54.39,71.7,71,2,,
2025-07-25T08:28:42.152+0200,424,336,3.639,4773.024,19.47,25.96,38.77,59.21,,4.89,130.89,19.28,57.60,2524,96,27,,,84,,,,,,0,2025-07-25T08:28:41.000+0200,344,296,3.273,48.1102667,-2.0946300,20.26,24.09,38.83,54.39,71.7,71,2,,
2025-07-25T08:28:42.757+0200,425,336,3.642,4773.028,23.97,25.96,38.74,59.21,,4.50,130.50,20.16,53.10,2631,96,27,,,80,,,,,,0,2025-07-25T08:28:42.000+0200,345,297,3.274,48.1102700,-2.0946117,19.60,24.08,38.76,54.39,71.8,66,2,,
2025-07-25T08:28:42.779+0200,425,336,3.642,4773.028,23.97,25.96,38.74,59.21,,4.50,130.50,20.16,53.10,2631,96,27,,,80,,,,,,0,2025-07-25T08:28:42.000+0200,345,297,3.274,48.1102700,-2.0946117,19.60,24.08,38.76,54.39,71.8,66,2,,
2025-07-25T08:28:43.379+0200,426,337,3.646,4773.032,27.97,25.96,38.72,59.21,,5.40,130.09,24.17,57.60,3144,96,27,,,76,,,,,,0,2025-07-25T08:28:42.000+0200,345,297,3.274,48.1102700,-2.0946117,19.60,24.08,38.76,54.39,71.8,66,2,,
2025-07-25T08:28:43.403+0200,426,337,3.646,4773.032,27.97,25.96,38.72,59.21,,5.40,130.09,24.17,57.60,3144,96,27,,,76,,,,,,0,2025-07-25T08:28:42.000+0200,345,297,3.274,48.1102700,-2.0946117,19.60,24.08,38.76,54.39,71.8,66,2,,
2025-07-25T08:28:44.003+0200,426,337,3.650,4773.037,32.11,25.96,38.70,59.21,,9.56,129.70,24.39,52.90,3163,96,27,,,73,,,,,,0,2025-07-25T08:28:43.000+0200,346,298,3.277,48.1102800,-2.0945867,21.70,24.08,38.70,54.39,72.4,65,2,,
2025-07-25T08:28:44.030+0200,426,337,3.650,4773.037,32.11,25.96,38.70,59.21,,9.56,129.70,24.39,52.90,3163,96,27,,,73,,,,,,0,2025-07-25T08:28:43.000+0200,346,298,3.277,48.1102800,-2.0945867,21.70,24.08,38.70,54.39,72.4,65,2,,
2025-07-25T08:28:44.638+0200,427,338,3.656,4773.042,35.09,25.98,38.69,59.21,,2.63,129.39,23.91,48.70,3094,96,27,,,70,,,,,,0,2025-07-25T08:28:43.000+0200,347,299,3.277,48.1102800,-2.0945867,21.70,24.08,38.70,54.39,72.4,65,2,,
2025-07-25T08:28:44.662+0200,427,338,3.656,4773.042,35.09,25.98,38.69,59.21,,2.63,129.39,23.91,48.70,3094,96,27,,,70,,,,,,0,2025-07-25T08:28:44.000+0200,347,299,3.282,48.1102983,-2.0945233,26.70,24.08,38.66,54.39,72.4,67,2,,
2025-07-25T08:28:45.253+0200,427,339,3.661,4773.049,37.18,25.99,38.69,59.21,,1.19,129.30,21.95,42.90,2838,96,27,,,68,,,,,,0,2025-07-25T08:28:44.000+0200,347,299,3.282,48.1102983,-2.0945233,26.70,24.08,38.66,54.39,72.4,67,2,,
2025-07-25T08:28:45.275+0200,427,339,3.661,4773.049,37.18,25.99,38.69,59.21,,1.19,129.30,21.95,42.90,2838,96,27,,,68,,,,,,0,2025-07-25T08:28:44.000+0200,347,299,3.282,48.1102983,-2.0945233,26.70,24.08,38.66,54.39,72.4,67,2,,
2025-07-25T08:28:45.852+0200,428,339,3.668,4773.055,40.71,26.01,38.69,59.21,,5.53,129.00,29.43,53.80,3796,96,27,,,65,,,,,,0,2025-07-25T08:28:45.000+0200,348,300,3.288,48.1103067,-2.0944417,29.52,24.10,38.63,54.39,71.7,69,2,,
2025-07-25T08:28:45.875+0200,428,339,3.668,4773.055,40.71,26.01,38.69,59.21,,5.53,129.00,29.43,53.80,3796,96,27,,,65,,,,,,0,2025-07-25T08:28:45.000+0200,348,300,3.288,48.1103067,-2.0944417,29.52,24.10,38.63,54.39,71.7,69,2,,
2025-07-25T08:28:46.475+0200,429,340,3.675,4773.062,43.05,26.03,38.70,59.21,,4.15,128.80,25.67,45.00,3306,96,28,,,63,,,,,,0,2025-07-25T08:28:45.000+0200,348,300,3.288,48.1103067,-2.0944417,29.52,24.10,38.63,54.39,71.7,69,2,,
2025-07-25T08:28:46.506+0200,429,340,3.675,4773.062,43.05,26.03,38.70,59.21,,4.15,128.80,25.67,45.00,3306,96,28,,,63,,,,,,0,2025-07-25T08:28:45.000+0200,348,300,3.288,48.1103067,-2.0944417,29.52,24.10,38.63,54.39,71.7,69,2,,
2025-07-25T08:28:47.097+0200,429,340,3.682,4773.070,45.90,26.05,38.71,59.21,,6.71,128.70,20.96,35.00,2698,96,28,,,61,,,,,,0,2025-07-25T08:28:46.000+0200,349,301,3.297,48.1103300,-2.0943300,34.42,24.12,38.62,54.39,71.4,72,2,,
2025-07-25T08:28:47.121+0200,429,340,3.682,4773.070,45.90,26.05,38.71,59.21,,6.71,128.70,20.96,35.00,2698,96,28,,,61,,,,,,0,2025-07-25T08:28:46.000+0200,349,301,3.297,48.1103300,-2.0943300,34.42,24.12,38.62,54.39,71.4,72,2,,
2025-07-25T08:28:47.735+0200,430,341,3.690,4773.078,46.47,26.07,38.73,59.21,,-0.12,128.80,18.62,30.80,2398,96,28,,,60,,,,,,0,2025-07-25T08:28:47.000+0200,350,302,3.307,48.1103567,-2.0942017,38.20,24.15,38.62,54.39,71.1,72,2,,
2025-07-25T08:28:47.760+0200,430,341,3.690,4773.078,46.47,26.07,38.73,59.21,,-0.12,128.80,18.62,30.80,2398,96,28,,,60,,,,,,0,2025-07-25T08:28:47.000+0200,350,302,3.307,48.1103567,-2.0942017,38.20,24.15,38.62,54.39,71.1,72,2,,
2025-07-25T08:28:48.373+0200,430,342,3.698,4773.086,48.06,26.10,38.74,59.21,,3.12,128.89,13.46,21.70,1735,96,28,,,59,,,,,,0,2025-07-25T08:28:47.000+0200,350,302,3.307,48.1103567,-2.0942017,38.20,24.15,38.62,54.39,71.1,72,2,,
2025-07-25T08:28:48.396+0200,430,342,3.698,4773.086,48.06,26.10,38.74,59.21,,3.12,128.89,13.46,21.70,1735,96,28,,,59,,,,,,0,2025-07-25T08:28:47.000+0200,350,302,3.307,48.1103567,-2.0942017,38.20,24.15,38.62,54.39,71.1,72,2,,
2025-07-25T08:28:48.995+0200,431,342,3.706,4773.094,47.51,26.13,38.76,59.21,,-1.02,129.09,14.39,23.40,1858,95,28,,,59,,,,,,0,2025-07-25T08:28:48.000+0200,351,303,3.318,48.1103883,-2.0940517,42.85,24.18,38.63,54.39,70.6,74,2,,
2025-07-25T08:28:49.019+0200,431,342,3.706,4773.094,47.51,26.13,38.76,59.21,,-1.02,129.09,14.39,23.40,1858,95,28,,,59,,,,,,0,2025-07-25T08:28:48.000+0200,351,303,3.318,48.1103883,-2.0940517,42.85,24.18,38.63,54.39,70.6,74,2,,
2025-07-25T08:28:49.614+0200,432,343,3.714,4773.102,49.10,26.15,38.78,59.21,,2.76,129.09,17.35,27.50,2240,95,28,,,58,,,,,,0,2025-07-25T08:28:48.000+0200,352,304,3.318,48.1103883,-2.0940517,42.85,24.18,38.63,54.39,70.6,74,2,,
2025-07-25T08:28:49.635+0200,432,343,3.714,4773.102,49.10,26.15,38.78,59.21,,2.76,129.09,17.35,27.50,2240,95,28,,,58,,,,,,0,2025-07-25T08:28:48.000+0200,352,304,3.318,48.1103883,-2.0940517,42.85,24.18,38.63,54.39,70.6,74,2,,
2025-07-25T08:28:50.211+0200,432,344,3.723,4773.111,49.17,26.18,38.79,59.21,,1.11,129.30,14.90,23.60,1927,95,28,,,58,,,,,,0,2025-07-25T08:28:49.000+0200,352,304,3.331,48.1104133,-2.0938783,46.70,24.23,38.66,54.39,70.5,77,2,,
2025-07-25T08:28:50.234+0200,432,344,3.723,4773.111,49.17,26.18,38.79,59.21,,1.11,129.30,14.90,23.60,1927,95,28,,,58,,,,,,0,2025-07-25T08:28:49.000+0200,352,304,3.331,48.1104133,-2.0938783,46.70,24.23,38.66,54.39,70.5,77,2,,
2025-07-25T08:28:50.852+0200,433,344,3.731,4773.119,49.21,26.21,38.81,59.21,,0.48,129.30,16.49,26.09,2132,95,28,,,58,,,,,,0,2025-07-25T08:28:50.000+0200,353,305,3.344,48.1104383,-2.0937083,46.58,24.28,38.68,54.39,70.6,77,2,,
2025-07-25T08:28:50.875+0200,433,344,3.731,4773.119,49.21,26.21,38.81,59.21,,0.48,129.30,16.49,26.09,2132,95,28,,,58,,,,,,0,2025-07-25T08:28:50.000+0200,353,305,3.344,48.1104383,-2.0937083,46.58,24.28,38.68,54.39,70.6,77,2,,
2025-07-25T08:28:51.475+0200,434,345,3.740,4773.128,50.47,26.24,38.83,59.21,,2.69,129.09,31.91,49.50,4119,95,28,,,57,,,,,,0,2025-07-25T08:28:50.000+0200,353,305,3.344,48.1104383,-2.0937083,46.58,24.28,38.68,54.39,70.6,77,2,,
2025-07-25T08:28:51.498+0200,434,345,3.740,4773.128,50.47,26.24,38.83,59.21,,2.69,129.09,31.91,49.50,4119,95,28,,,57,,,,,,0,2025-07-25T08:28:50.000+0200,353,305,3.344,48.1104383,-2.0937083,46.58,24.28,38.68,54.39,70.6,77,2,,
2025-07-25T08:28:52.093+0200,434,345,3.748,4773.137,52.37,26.27,38.86,59.21,,0.12,128.89,11.01,16.60,1419,95,28,,,55,,,,,,0,2025-07-25T08:28:51.000+0200,354,306,3.358,48.1104633,-2.0935367,43.50,24.32,38.70,54.39,70.7,77,2,,
2025-07-25T08:28:52.118+0200,434,345,3.748,4773.137,52.37,26.27,38.86,59.21,,0.12,128.89,11.01,16.60,1419,95,28,,,55,,,,,,0,2025-07-25T08:28:51.000+0200,354,306,3.358,48.1104633,-2.0935367,43.50,24.32,38.70,54.39,70.7,77,2,,
2025-07-25T08:28:52.710+0200,435,346,3.757,4773.146,51.26,26.30,38.88,59.21,,-0.60,129.09,17.22,26.40,2223,95,28,,,56,,,,,,0,2025-07-25T08:28:52.000+0200,355,307,3.370,48.1104867,-2.0933667,46.38,24.36,38.73,54.39,70.6,78,2,,
2025-07-25T08:28:52.730+0200,435,346,3.757,4773.146,51.26,26.30,38.88,59.21,,-0.60,129.09,17.22,26.40,2223,95,28,,,56,,,,,,0,2025-07-25T08:28:52.000+0200,355,307,3.370,48.1104867,-2.0933667,46.38,24.36,38.73,54.39,70.6,78,2,,
2025-07-25T08:28:53.337+0200,435,347,3.766,4773.155,50.97,26.33,38.90,59.21,,-1.01,129.30,11.56,17.79,1495,95,28,,,57,,,,,,0,2025-07-25T08:28:52.000+0200,355,307,3.370,48.1104867,-2.0933667,46.38,24.36,38.73,54.39,70.6,78,2,,
2025-07-25T08:28:53.357+0200,435,347,3.766,4773.155,50.97,26.33,38.90,59.21,,-1.01,129.30,11.56,17.79,1495,95,28,,,57,,,,,,0,2025-07-25T08:28:52.000+0200,355,307,3.370,48.1104867,-2.0933667,46.38,24.36,38.73,54.39,70.6,78,2,,
2025-07-25T08:28:53.954+0200,436,347,3.775,4773.163,50.54,26.36,38.92,59.21,,-1.81,129.30,13.81,21.40,1786,95,28,,,57,,,,,,0,2025-07-25T08:28:53.000+0200,356,308,3.384,48.1105100,-2.0931917,49.69,24.41,38.76,54.39,70.4,81,2,,
2025-07-25T08:28:53.976+0200,436,347,3.775,4773.163,50.54,26.36,38.92,59.21,,-1.81,129.30,13.81,21.40,1786,95,28,,,57,,,,,,0,2025-07-25T08:28:53.000+0200,356,308,3.384,48.1105100,-2.0931917,49.69,24.41,38.76,54.39,70.4,81,2,,
2025-07-25T08:28:54.596+0200,437,348,3.784,4773.172,50.40,26.39,38.94,59.21,,-2.88,129.39,12.04,18.69,1558,95,28,,,57,,,,,,0,2025-07-25T08:28:53.000+0200,357,309,3.384,48.1105100,-2.0931917,49.69,24.41,38.76,54.39,70.4,81,2,,
2025-07-25T08:28:54.617+0200,437,348,3.784,4773.172,50.40,26.39,38.94,59.21,,-2.88,129.39,12.04,18.69,1558,95,28,,,57,,,,,,0,2025-07-25T08:28:53.000+0200,357,309,3.384,48.1105100,-2.0931917,49.69,24.41,38.76,54.39,70.4,81,2,,
2025-07-25T08:28:55.222+0200,437,349,3.793,4773.181,50.29,26.42,38.96,59.21,,1.20,129.39,16.45,25.59,2128,95,28,,,57,,,,,,0,2025-07-25T08:28:54.000+0200,357,309,3.397,48.1105317,-2.0930150,44.20,24.45,38.78,54.39,70.2,78,2,,
2025-07-25T08:28:55.238+0200,437,349,3.793,4773.181,50.29,26.42,38.96,59.21,,1.20,129.39,16.45,25.59,2128,95,28,,,57,,,,,,0,2025-07-25T08:28:54.000+0200,357,309,3.397,48.1105317,-2.0930150,44.20,24.45,38.78,54.39,70.2,78,2,,
2025-07-25T08:28:55.838+0200,438,349,3.801,4773.190,50.40,26.45,38.99,59.21,,-3.95,129.30,13.71,21.30,1773,95,28,,,57,,,,,,0,2025-07-25T08:28:55.000+0200,358,310,3.410,48.1105550,-2.0928483,46.93,24.50,38.80,54.39,70.1,79,2,,
2025-07-25T08:28:55.903+0200,438,349,3.801,4773.190,50.40,26.45,38.99,59.21,,-3.95,129.30,13.71,21.30,1773,95,28,,,57,,,,,,0,2025-07-25T08:28:55.000+0200,358,310,3.410,48.1105550,-2.0928483,46.93,24.50,38.80,54.39,70.1,79,2,,
2025-07-25T08:28:56.457+0200,439,350,3.810,4773.199,51.26,26.48,39.01,59.21,,4.12,129.30,17.62,27.00,2278,95,28,,,56,,,,,,0,2025-07-25T08:28:55.000+0200,358,310,3.410,48.1105550,-2.0928483,46.93,24.50,38.80,54.39,70.1,79,2,,
2025-07-25T08:28:56.482+0200,439,350,3.810,4773.199,51.26,26.48,39.01,59.21,,4.12,129.30,17.62,27.00,2278,95,28,,,56,,,,,,0,2025-07-25T08:28:55.000+0200,358,310,3.410,48.1105550,-2.0928483,46.93,24.50,38.80,54.39,70.1,79,2,,
2025-07-25T08:28:57.076+0200,439,350,3.819,4773.208,52.09,26.51,39.03,59.21,,2.64,129.20,17.71,26.80,2288,95,28,,,56,,,,,,0,2025-07-25T08:28:56.000+0200,359,311,3.423,48.1105800,-2.0926750,44.35,24.54,38.82,54.39,70.1,77,2,,
2025-07-25T08:28:57.097+0200,439,350,3.819,4773.208,52.09,26.51,39.03,59.21,,2.64,129.20,17.71,26.80,2288,95,28,,,56,,,,,,0,2025-07-25T08:28:56.000+0200,359,311,3.423,48.1105800,-2.0926750,44.35,24.54,38.82,54.39,70.1,77,2,,
2025-07-25T08:28:57.691+0200,440,351,3.828,4773.217,52.37,26.54,39.05,59.21,,2.80,129.09,22.76,34.30,2938,95,28,,,55,,,,,,0,2025-07-25T08:28:57.000+0200,360,312,3.436,48.1106050,-2.0925033,47.89,24.58,38.85,54.39,70.3,78,2,,
2025-07-25T08:28:57.709+0200,440,351,3.828,4773.217,52.37,26.54,39.05,59.21,,2.80,129.09,22.76,34.30,2938,95,28,,,55,,,,,,0,2025-07-25T08:28:57.000+0200,360,312,3.436,48.1106050,-2.0925033,47.89,24.58,38.85,54.39,70.3,78,2,,
2025-07-25T08:28:58.313+0200,440,352,3.837,4773.226,51.94,26.57,39.07,59.21,,0.36,129.09,17.93,27.20,2315,95,28,,,56,,,,,,0,2025-07-25T08:28:57.000+0200,360,312,3.436,48.1106050,-2.0925033,47.89,24.58,38.85,54.39,70.3,78,2,,
2025-07-25T08:28:58.335+0200,440,352,3.837,4773.226,51.94,26.57,39.07,59.21,,0.36,129.09,17.93,27.20,2315,95,28,,,56,,,,,,0,2025-07-25T08:28:57.000+0200,360,312,3.436,48.1106050,-2.0925033,47.89,24.58,38.85,54.39,70.3,78,2,,
2025-07-25T08:28:58.933+0200,441,352,3.846,4773.235,51.80,26.60,39.10,59.21,,-0.12,129.09,16.64,25.30,2148,95,27,,,56,,,,,,0,2025-07-25T08:28:58.000+0200,361,313,3.450,48.1106283,-2.0923217,46.27,24.63,38.87,54.39,70.3,78,2,,
2025-07-25T08:28:58.958+0200,441,352,3.846,4773.235,51.80,26.60,39.10,59.21,,-0.12,129.09,16.64,25.30,2148,95,27,,,56,,,,,,0,2025-07-25T08:28:58.000+0200,361,313,3.450,48.1106283,-2.0923217,46.27,24.63,38.87,54.39,70.3,78,2,,
2025-07-25T08:28:59.551+0200,442,353,3.855,4773.244,52.19,26.63,39.12,59.21,,1.02,129.20,10.72,16.19,1385,95,27,,,55,,,,,,0,2025-07-25T08:28:58.000+0200,361,313,3.450,48.1106283,-2.0923217,46.27,24.63,38.87,54.39,70.3,78,2,,
2025-07-25T08:28:59.576+0200,442,353,3.855,4773.244,52.19,26.63,39.12,59.21,,1.02,129.20,10.72,16.19,1385,95,27,,,55,,,,,,0,2025-07-25T08:28:58.000+0200,362,314,3.450,48.1106283,-2.0923217,46.27,24.63,38.87,54.39,70.3,78,2,,
2025-07-25T08:29:00.175+0200,442,354,3.864,4773.253,50.18,26.66,39.14,59.21,,0.22,129.30,9.17,14.29,1186,95,27,,,57,,,,,,0,2025-07-25T08:28:59.000+0200,362,314,3.463,48.1106533,-2.0921433,45.47,24.67,38.90,54.39,70.3,79,2,,
2025-07-25T08:29:00.198+0200,442,354,3.864,4773.253,50.18,26.66,39.14,59.21,,0.22,129.30,9.17,14.29,1186,95,27,,,57,,,,,,0,2025-07-25T08:28:59.000+0200,362,314,3.463,48.1106533,-2.0921433,45.47,24.67,38.90,54.39,70.3,79,2,,
2025-07-25T08:29:00.796+0200,443,354,3.873,4773.262,50.90,26.69,39.16,59.21,,-0.53,129.39,10.12,15.60,1309,95,27,,,57,,,,,,0,2025-07-25T08:29:00.000+0200,363,315,3.476,48.1106750,-2.0919717,46.33,24.71,38.92,54.39,70.4,79,2,,
2025-07-25T08:29:00.819+0200,443,354,3.873,4773.262,50.90,26.69,39.16,59.21,,-0.53,129.39,10.12,15.60,1309,95,27,,,57,,,,,,0,2025-07-25T08:29:00.000+0200,363,315,3.476,48.1106750,-2.0919717,46.33,24.71,38.92,54.39,70.4,79,2,,
2025-07-25T08:29:01.412+0200,444,355,3.882,4773.270,49.75,26.72,39.18,59.21,,-0.42,129.59,7.84,12.30,1016,95,27,,,58,,,,,,0,2025-07-25T08:29:00.000+0200,363,315,3.476,48.1106750,-2.0919717,46.33,24.71,38.92,54.39,70.4,79,2,,
2025-07-25T08:29:01.435+0200,444,355,3.882,4773.270,49.75,26.72,39.18,59.21,,-0.42,129.59,7.84,12.30,1016,95,27,,,58,,,,,,0,2025-07-25T08:29:00.000+0200,363,315,3.476,48.1106750,-2.0919717,46.33,24.71,38.92,54.39,70.4,79,2,,
2025-07-25T08:29:02.054+0200,444,355,3.891,4773.279,49.57,26.74,39.20,59.21,,-2.58,129.59,12.58,19.79,1630,95,27,,,58,,,,,,0,2025-07-25T08:29:01.000+0200,364,316,3.489,48.1106950,-2.0918033,45.58,24.76,38.94,54.39,70.6,80,2,,
2025-07-25T08:29:02.076+0200,444,355,3.891,4773.279,49.57,26.74,39.20,59.21,,-2.58,129.59,12.58,19.79,1630,95,27,,,58,,,,,,0,2025-07-25T08:29:01.000+0200,364,316,3.489,48.1106950,-2.0918033,45.58,24.76,38.94,54.39,70.6,80,2,,
2025-07-25T08:29:02.673+0200,445,356,3.899,4773.288,49.24,26.77,39.21,59.21,,0.00,129.59,9.99,15.79,1295,95,27,,,58,,,,,,0,2025-07-25T08:29:02.000+0200,365,317,3.501,48.1107183,-2.0916450,44.39,24.79,38.96,54.39,70.3,78,2,,
2025-07-25T08:29:02.695+0200,445,356,3.899,4773.288,49.24,26.77,39.21,59.21,,0.00,129.59,9.99,15.79,1295,95,27,,,58,,,,,,0,2025-07-25T08:29:02.000+0200,365,317,3.501,48.1107183,-2.0916450,44.39,24.79,38.96,54.39,70.3,78,2,,
2025-07-25T08:29:03.292+0200,445,357,3.908,4773.296,49.24,26.80,39.23,59.21,,0.00,129.50,16.76,26.50,2170,95,27,,,58,,,,,,0,2025-07-25T08:29:02.000+0200,365,317,3.501,48.1107183,-2.0916450,44.39,24.79,38.96,54.39,70.3,78,2,,
2025-07-25T08:29:03.307+0200,445,357,3.908,4773.296,49.24,26.80,39.23,59.21,,0.00,129.50,16.76,26.50,2170,95,27,,,58,,,,,,0,2025-07-25T08:29:02.000+0200,365,317,3.501,48.1107183,-2.0916450,44.39,24.79,38.96,54.39,70.3,78,2,,
2025-07-25T08:29:03.915+0200,446,357,3.917,4773.305,49.24,26.82,39.25,59.21,,-4.04,129.50,13.53,21.40,1752,95,27,,,58,,,,,,0,2025-07-25T08:29:03.000+0200,366,318,3.514,48.1107450,-2.0914783,43.36,24.83,38.97,54.39,70.5,76,2,,
2025-07-25T08:29:03.938+0200,446,357,3.917,4773.305,49.24,26.82,39.25,59.21,,-4.04,129.50,13.53,21.40,1752,95,27,,,58,,,,,,0,2025-07-25T08:29:03.000+0200,366,318,3.514,48.1107450,-2.0914783,43.36,24.83,38.97,54.39,70.5,76,2,,
2025-07-25T08:29:04.553+0200,447,358,3.925,4773.314,49.21,26.85,39.27,59.21,,-0.12,129.50,10.74,17.00,1391,95,27,,,58,,,,,,0,2025-07-25T08:29:03.000+0200,366,318,3.514,48.1107450,-2.0914783,43.36,24.83,38.97,54.39,70.5,76,2,,
2025-07-25T08:29:04.577+0200,447,358,3.925,4773.314,49.21,26.85,39.27,59.21,,-0.12,129.50,10.74,17.00,1391,95,27,,,58,,,,,,0,2025-07-25T08:29:03.000+0200,367,319,3.514,48.1107450,-2.0914783,43.36,24.83,38.97,54.39,70.5,76,2,,
2025-07-25T08:29:05.175+0200,447,359,3.934,4773.322,48.20,26.88,39.28,59.21,,-3.22,129.59,8.64,13.90,1120,95,27,,,59,,,,,,0,2025-07-25T08:29:04.000+0200,367,319,3.526,48.1107700,-2.0913217,43.47,24.87,38.99,54.39,70.6,79,2,,
2025-07-25T08:29:05.198+0200,447,359,3.934,4773.322,48.20,26.88,39.28,59.21,,-3.22,129.59,8.64,13.90,1120,95,27,,,59,,,,,,0,2025-07-25T08:29:04.000+0200,367,319,3.526,48.1107700,-2.0913217,43.47,24.87,38.99,54.39,70.6,79,2,,
2025-07-25T08:29:05.797+0200,448,359,3.942,4773.330,48.45,26.90,39.30,59.21,,-2.03,129.70,9.18,14.70,1191,95,27,,,59,,,,,,0,2025-07-25T08:29:05.000+0200,368,320,3.538,48.1107917,-2.0911617,41.50,24.90,38.99,54.39,70.9,77,2,,
2025-07-25T08:29:05.819+0200,448,359,3.942,4773.330,48.45,26.90,39.30,59.21,,-2.03,129.70,9.18,14.70,1191,95,27,,,59,,,,,,0,2025-07-25T08:29:05.000+0200,368,320,3.538,48.1107917,-2.0911617,41.50,24.90,38.99,54.39,70.9,77,2,,
2025-07-25T08:29:06.418+0200,449,360,3.951,4773.339,47.41,26.93,39.32,59.21,,-3.60,129.70,10.80,17.60,1401,95,27,,,60,,,,,,0,2025-07-25T08:29:05.000+0200,368,320,3.538,48.1107917,-2.0911617,41.50,24.90,38.99,54.39,70.9,77,2,,
2025-07-25T08:29:06.440+0200,449,360,3.951,4773.339,47.41,26.93,39.32,59.21,,-3.60,129.70,10.80,17.60,1401,95,27,,,60,,,,,,0,2025-07-25T08:29:05.000+0200,368,320,3.538,48.1107917,-2.0911617,41.50,24.90,38.99,54.39,70.9,77,2,,
2025-07-25T08:29:07.039+0200,449,360,3.959,4773.347,47.41,26.95,39.33,59.21,,0.23,129.70,18.23,29.70,2364,95,27,,,60,,,,,,0,2025-07-25T08:29:06.000+0200,369,321,3.550,48.1108133,-2.0910033,42.96,24.94,39.01,54.39,71.2,78,2,,
2025-07-25T08:29:07.062+0200,449,360,3.959,4773.347,47.41,26.95,39.33,59.21,,0.23,129.70,18.23,29.70,2364,95,27,,,60,,,,,,0,2025-07-25T08:29:06.000+0200,369,321,3.550,48.1108133,-2.0910033,42.96,24.94,39.01,54.39,71.2,78,2,,
2025-07-25T08:29:07.661+0200,450,361,3.967,4773.355,47.87,26.98,39.34,59.21,,-1.68,129.59,21.10,34.09,2734,95,27,,,59,,,,,,0,2025-07-25T08:29:07.000+0200,370,322,3.562,48.1108350,-2.0908417,43.90,24.97,39.02,54.39,71.5,78,2,,
2025-07-25T08:29:07.682+0200,450,361,3.967,4773.355,47.87,26.98,39.34,59.21,,-1.68,129.59,21.10,34.09,2734,95,27,,,59,,,,,,0,2025-07-25T08:29:07.000+0200,370,322,3.562,48.1108350,-2.0908417,43.90,24.97,39.02,54.39,71.5,78,2,,
2025-07-25T08:29:08.275+0200,450,362,3.976,4773.364,49.14,27.00,39.36,59.21,,4.63,129.39,20.14,31.90,2606,95,27,,,58,,,,,,0,2025-07-25T08:29:07.000+0200,370,322,3.562,48.1108350,-2.0908417,43.90,24.97,39.02,54.39,71.5,78,2,,
2025-07-25T08:29:08.298+0200,450,362,3.976,4773.364,49.14,27.00,39.36,59.21,,4.63,129.39,20.14,31.90,2606,95,27,,,58,,,,,,0,2025-07-25T08:29:07.000+0200,370,322,3.562,48.1108350,-2.0908417,43.90,24.97,39.02,54.39,71.5,78,2,,
2025-07-25T08:29:08.896+0200,451,362,3.984,4773.372,48.09,27.03,39.38,59.21,,-1.91,129.39,14.21,22.90,1839,95,27,,,59,,,,,,0,2025-07-25T08:29:08.000+0200,371,323,3.575,48.1108567,-2.0906767,45.78,25.02,39.04,54.39,72.2,80,2,,
2025-07-25T08:29:08.919+0200,451,362,3.984,4773.372,48.09,27.03,39.38,59.21,,-1.91,129.39,14.21,22.90,1839,95,27,,,59,,,,,,0,2025-07-25T08:29:08.000+0200,371,323,3.575,48.1108567,-2.0906767,45.78,25.02,39.04,54.39,72.2,80,2,,
2025-07-25T08:29:09.516+0200,452,363,3.992,4773.381,47.98,27.05,39.39,59.21,,0.90,129.50,11.65,18.79,1509,95,27,,,59,,,,,,0,2025-07-25T08:29:08.000+0200,371,323,3.575,48.1108567,-2.0906767,45.78,25.02,39.04,54.39,72.2,80,2,,
2025-07-25T08:29:09.541+0200,452,363,3.992,4773.381,47.98,27.05,39.39,59.21,,0.90,129.50,11.65,18.79,1509,95,27,,,59,,,,,,0,2025-07-25T08:29:08.000+0200,371,323,3.575,48.1108567,-2.0906767,45.78,25.02,39.04,54.39,72.2,80,2,,
2025-07-25T08:29:10.159+0200,452,363,4.001,4773.389,48.06,27.08,39.41,59.21,,1.08,129.50,20.60,33.20,2668,95,27,,,59,,,,,,0,2025-07-25T08:29:09.000+0200,372,324,3.587,48.1108783,-2.0905150,44.43,25.05,39.06,54.39,72.7,79,2,,
2025-07-25T08:29:10.183+0200,452,364,4.001,4773.389,48.06,27.08,39.41,59.21,,1.08,129.50,20.60,33.20,2668,95,27,,,59,,,,,,0,2025-07-25T08:29:09.000+0200,372,324,3.587,48.1108783,-2.0905150,44.43,25.05,39.06,54.39,72.7,79,2,,
2025-07-25T08:29:10.776+0200,453,364,4.009,4773.397,48.27,27.10,39.42,59.21,,-0.84,129.50,11.95,19.19,1548,95,27,,,59,,,,,,0,2025-07-25T08:29:10.000+0200,373,325,3.599,48.1108983,-2.0903550,44.51,25.09,39.07,54.39,73.3,80,2,,
2025-07-25T08:29:10.798+0200,453,364,4.009,4773.397,48.27,27.10,39.42,59.21,,-0.84,129.50,11.95,19.19,1548,95,27,,,59,,,,,,0,2025-07-25T08:29:10.000+0200,373,325,3.599,48.1108983,-2.0903550,44.51,25.09,39.07,54.39,73.3,80,2,,
2025-07-25T08:29:11.396+0200,454,365,4.017,4773.405,47.84,27.13,39.43,59.21,,-0.12,129.59,8.78,14.20,1138,95,27,,,59,,,,,,0,2025-07-25T08:29:10.000+0200,373,325,3.599,48.1108983,-2.0903550,44.51,25.09,39.07,54.39,73.3,80,2,,
2025-07-25T08:29:11.419+0200,454,365,4.017,4773.405,47.84,27.13,39.43,59.21,,-0.12,129.59,8.78,14.20,1138,95,27,,,59,,,,,,0,2025-07-25T08:29:10.000+0200,373,325,3.599,48.1108983,-2.0903550,44.51,25.09,39.07,54.39,73.3,80,2,,
2025-07-25T08:29:12.017+0200,454,365,4.026,4773.414,48.31,27.15,39.45,59.21,,1.56,129.70,9.34,15.00,1211,95,27,,,59,,,,,,0,2025-07-25T08:29:11.000+0200,374,326,3.612,48.1109183,-2.0901883,41.43,25.12,39.08,54.39,74.4,78,2,,
2025-07-25T08:29:12.041+0200,454,365,4.026,4773.414,48.31,27.15,39.45,59.21,,1.56,129.70,9.34,15.00,1211,95,27,,,59,,,,,,0,2025-07-25T08:29:11.000+0200,374,326,3.612,48.1109183,-2.0901883,41.43,25.12,39.08,54.39,74.4,78,2,,
2025-07-25T08:29:12.633+0200,455,366,4.034,4773.422,48.45,27.17,39.46,59.21,,1.57,129.70,9.55,15.29,1239,95,27,,,59,,,,,,0,2025-07-25T08:29:11.000+0200,375,327,3.612,48.1109183,-2.0901883,41.43,25.12,39.08,54.39,74.4,78,2,,
2025-07-25T08:29:12.653+0200,455,366,4.034,4773.422,48.45,27.17,39.46,59.21,,1.57,129.70,9.55,15.29,1239,95,27,,,59,,,,,,0,2025-07-25T08:29:11.000+0200,375,327,3.612,48.1109183,-2.0901883,41.43,25.12,39.08,54.39,74.4,78,2,,
2025-07-25T08:29:13.256+0200,455,367,4.042,4773.431,47.98,27.20,39.48,59.21,,-3.49,129.70,6.94,11.20,900,95,27,,,59,,,,,,0,2025-07-25T08:29:12.000+0200,375,327,3.624,48.1109383,-2.0900300,41.48,25.16,39.09,54.39,75.0,78,2,,
2025-07-25T08:29:13.274+0200,455,367,4.042,4773.431,47.98,27.20,39.48,59.21,,-3.49,129.70,6.94,11.20,900,95,27,,,59,,,,,,0,2025-07-25T08:29:12.000+0200,375,327,3.624,48.1109383,-2.0900300,41.48,25.16,39.09,54.39,75.0,78,2,,
2025-07-25T08:29:13.897+0200,456,367,4.051,4773.439,48.13,27.22,39.50,59.21,,-2.76,129.80,10.68,17.19,1386,95,27,,,59,,,,,,0,2025-07-25T08:29:13.000+0200,376,328,3.636,48.1109600,-2.0898717,47.12,25.20,39.11,54.39,75.4,77,2,,
2025-07-25T08:29:13.920+0200,456,367,4.051,4773.439,48.13,27.22,39.50,59.21,,-2.76,129.80,10.68,17.19,1386,95,27,,,59,,,,,,0,2025-07-25T08:29:13.000+0200,376,328,3.636,48.1109600,-2.0898717,47.12,25.20,39.11,54.39,75.4,77,2,,
2025-07-25T08:29:14.516+0200,457,368,4.059,4773.448,49.42,27.25,39.51,59.21,,0.36,129.70,9.26,14.60,1201,95,27,,,58,,,,,,0,2025-07-25T08:29:13.000+0200,376,328,3.636,48.1109600,-2.0898717,47.12,25.20,39.11,54.39,75.4,77,2,,
2025-07-25T08:29:14.539+0200,457,368,4.059,4773.448,49.42,27.25,39.51,59.21,,0.36,129.70,9.26,14.60,1201,95,27,,,58,,,,,,0,2025-07-25T08:29:13.000+0200,376,328,3.636,48.1109600,-2.0898717,47.12,25.20,39.11,54.39,75.4,77,2,,
2025-07-25T08:29:15.130+0200,457,368,4.068,4773.456,50.11,27.28,39.53,59.21,,1.32,129.59,12.82,20.00,1661,95,27,,,57,,,,,,0,2025-07-25T08:29:14.000+0200,377,329,3.649,48.1109850,-2.0897000,46.14,25.24,39.14,54.39,75.5,78,2,,
2025-07-25T08:29:15.151+0200,457,368,4.068,4773.456,50.11,27.28,39.53,59.21,,1.32,129.59,12.82,20.00,1661,95,27,,,57,,,,,,0,2025-07-25T08:29:14.000+0200,377,329,3.649,48.1109850,-2.0897000,46.14,25.24,39.14,54.39,75.5,78,2,,
2025-07-25T08:29:15.748+0200,458,369,4.077,4773.465,50.03,27.30,39.55,59.21,,-1.44,129.70,7.94,12.40,1030,95,27,,,57,,,,,,0,2025-07-25T08:29:15.000+0200,378,330,3.662,48.1110067,-2.0895350,47.03,25.28,39.16,54.39,75.5,79,2,,
2025-07-25T08:29:15.770+0200,458,369,4.077,4773.465,50.03,27.30,39.55,59.21,,-1.44,129.70,7.94,12.40,1030,95,27,,,57,,,,,,0,2025-07-25T08:29:15.000+0200,378,330,3.662,48.1110067,-2.0895350,47.03,25.28,39.16,54.39,75.5,79,2,,
2025-07-25T08:29:16.375+0200,459,370,4.085,4773.474,50.36,27.33,39.57,59.21,,-0.67,129.80,8.49,13.20,1102,95,27,,,57,,,,,,0,2025-07-25T08:29:15.000+0200,378,330,3.662,48.1110067,-2.0895350,47.03,25.28,39.16,54.39,75.5,79,2,,
2025-07-25T08:29:16.396+0200,459,370,4.085,4773.474,50.36,27.33,39.57,59.21,,-0.67,129.80,8.49,13.20,1102,95,27,,,57,,,,,,0,2025-07-25T08:29:15.000+0200,378,330,3.662,48.1110067,-2.0895350,47.03,25.28,39.16,54.39,75.5,79,2,,
2025-07-25T08:29:16.993+0200,459,370,4.094,4773.483,50.11,27.36,39.58,59.21,,-1.01,129.80,13.33,20.80,1730,95,27,,,57,,,,,,0,2025-07-25T08:29:16.000+0200,379,331,3.675,48.1110300,-2.0893633,45.25,25.32,39.18,54.39,75.5,79,2,,
2025-07-25T08:29:17.016+0200,459,370,4.094,4773.483,50.11,27.36,39.58,59.21,,-1.01,129.80,13.33,20.80,1730,95,27,,,57,,,,,,0,2025-07-25T08:29:16.000+0200,379,331,3.675,48.1110300,-2.0893633,45.25,25.32,39.18,54.39,75.5,79,2,,
2025-07-25T08:29:17.637+0200,460,371,4.103,4773.491,50.94,27.38,39.60,59.21,,3.59,129.80,12.27,18.90,1593,95,27,,,57,,,,,,0,2025-07-25T08:29:16.000+0200,380,332,3.675,48.1110300,-2.0893633,45.25,25.32,39.18,54.39,75.5,79,2,,
2025-07-25T08:29:17.663+0200,460,371,4.103,4773.491,50.94,27.38,39.60,59.21,,3.59,129.80,12.27,18.90,1593,95,27,,,57,,,,,,0,2025-07-25T08:29:16.000+0200,380,332,3.675,48.1110300,-2.0893633,45.25,25.32,39.18,54.39,75.5,79,2,,
2025-07-25T08:29:18.255+0200,460,372,4.112,4773.500,51.01,27.41,39.62,59.21,,0.48,129.80,4.35,6.70,565,95,27,,,57,,,,,,0,2025-07-25T08:29:17.000+0200,380,332,3.687,48.1110533,-2.0891967,45.34,25.36,39.20,54.39,75.4,79,2,,
2025-07-25T08:29:18.275+0200,460,372,4.112,4773.500,51.01,27.41,39.62,59.21,,0.48,129.80,4.35,6.70,565,95,27,,,57,,,,,,0,2025-07-25T08:29:17.000+0200,380,332,3.687,48.1110533,-2.0891967,45.34,25.36,39.20,54.39,75.4,79,2,,
2025-07-25T08:29:18.879+0200,461,372,4.120,4773.509,50.11,27.44,39.64,59.21,,-2.05,129.89,9.55,14.90,1240,95,27,,,58,,,,,,0,2025-07-25T08:29:18.000+0200,381,333,3.700,48.1110767,-2.0890333,43.07,25.39,39.21,54.39,75.0,78,2,,
2025-07-25T08:29:18.903+0200,461,372,4.120,4773.509,50.11,27.44,39.64,59.21,,-2.05,129.89,9.55,14.90,1240,95,27,,,58,,,,,,0,2025-07-25T08:29:18.000+0200,381,333,3.700,48.1110767,-2.0890333,43.07,25.39,39.21,54.39,75.0,78,2,,
2025-07-25T08:29:19.494+0200,462,373,4.129,4773.517,50.50,27.46,39.66,59.21,,-0.24,129.89,12.32,19.10,1600,95,27,,,57,,,,,,0,2025-07-25T08:29:18.000+0200,381,333,3.700,48.1110767,-2.0890333,43.07,25.39,39.21,54.39,75.0,78,2,,
2025-07-25T08:29:19.513+0200,462,373,4.129,4773.517,50.50,27.46,39.66,59.21,,-0.24,129.89,12.32,19.10,1600,95,27,,,57,,,,,,0,2025-07-25T08:29:18.000+0200,381,333,3.700,48.1110767,-2.0890333,43.07,25.39,39.21,54.39,75.0,78,2,,
2025-07-25T08:29:20.118+0200,462,373,4.138,4773.526,51.15,27.49,39.67,59.21,,4.28,129.89,12.90,19.79,1676,95,27,,,57,,,,,,0,2025-07-25T08:29:19.000+0200,382,334,3.712,48.1111017,-2.0888800,41.93,25.43,39.22,54.39,74.8,75,2,,
2025-07-25T08:29:20.139+0200,462,373,4.138,4773.526,51.15,27.49,39.67,59.21,,4.28,129.89,12.90,19.79,1676,95,27,,,57,,,,,,0,2025-07-25T08:29:19.000+0200,382,334,3.712,48.1111017,-2.0888800,41.93,25.43,39.22,54.39,74.8,75,2,,
2025-07-25T08:29:20.758+0200,463,374,4.147,4773.535,50.97,27.52,39.69,59.21,,0.12,129.89,10.85,16.69,1409,95,27,,,57,,,,,,0,2025-07-25T08:29:20.000+0200,383,335,3.724,48.1111267,-2.0887183,45.78,25.47,39.24,54.39,74.7,79,2,,
2025-07-25T08:29:20.781+0200,463,374,4.147,4773.535,50.97,27.52,39.69,59.21,,0.12,129.89,10.85,16.69,1409,95,27,,,57,,,,,,0,2025-07-25T08:29:20.000+0200,383,335,3.724,48.1111267,-2.0887183,45.78,25.47,39.24,54.39,74.7,79,2,,
2025-07-25T08:29:21.377+0200,463,375,4.155,4773.544,51.22,27.54,39.71,59.21,,-0.12,129.89,13.82,21.20,1795,95,27,,,57,,,,,,0,2025-07-25T08:29:20.000+0200,383,335,3.724,48.1111267,-2.0887183,45.78,25.47,39.24,54.39,74.7,79,2,,
2025-07-25T08:29:21.399+0200,463,375,4.155,4773.544,51.22,27.54,39.71,59.21,,-0.12,129.89,13.82,21.20,1795,95,27,,,57,,,,,,0,2025-07-25T08:29:20.000+0200,383,335,3.724,48.1111267,-2.0887183,45.78,25.47,39.24,54.39,74.7,79,2,,
2025-07-25T08:29:21.977+0200,464,375,4.164,4773.553,50.40,27.57,39.73,59.21,,-2.59,129.89,11.84,18.40,1538,95,27,,,57,,,,,,0,2025-07-25T08:29:21.000+0200,384,336,3.737,48.1111483,-2.0885500,45.68,25.50,39.25,54.39,74.7,80,2,,
2025-07-25T08:29:22.000+0200,464,375,4.164,4773.553,50.40,27.57,39.73,59.21,,-2.59,129.89,11.84,18.40,1538,95,27,,,57,,,,,,0,2025-07-25T08:29:21.000+0200,384,336,3.737,48.1111483,-2.0885500,45.68,25.50,39.25,54.39,74.7,80,2,,
2025-07-25T08:29:22.614+0200,465,376,4.173,4773.562,51.26,27.60,39.75,59.21,,0.00,129.89,15.20,23.30,1974,95,27,,,57,,,,,,0,2025-07-25T08:29:21.000+0200,385,337,3.737,48.1111483,-2.0885500,45.68,25.50,39.25,54.39,74.7,80,2,,
2025-07-25T08:29:22.638+0200,465,376,4.173,4773.562,51.26,27.60,39.75,59.21,,0.00,129.89,15.20,23.30,1974,95,27,,,57,,,,,,0,2025-07-25T08:29:21.000+0200,385,337,3.737,48.1111483,-2.0885500,45.68,25.50,39.25,54.39,74.7,80,2,,
2025-07-25T08:29:23.237+0200,465,377,4.182,4773.570,51.26,27.63,39.77,59.21,,0.00,129.89,10.50,16.10,1364,95,26,,,57,,,,,,0,2025-07-25T08:29:22.000+0200,385,337,3.750,48.1111717,-2.0883767,45.35,25.54,39.27,54.39,74.5,78,2,,
2025-07-25T08:29:23.261+0200,465,377,4.182,4773.570,51.26,27.63,39.77,59.21,,0.00,129.89,10.50,16.10,1364,95,26,,,57,,,,,,0,2025-07-25T08:29:22.000+0200,385,337,3.750,48.1111717,-2.0883767,45.35,25.54,39.27,54.39,74.5,78,2,,
2025-07-25T08:29:23.857+0200,466,377,4.191,4773.579,51.15,27.65,39.79,59.21,,3.84,130.00,6.32,9.70,822,95,26,,,57,,,,,,0,2025-07-25T08:29:23.000+0200,386,338,3.763,48.1111933,-2.0882033,45.86,25.58,39.29,54.39,74.3,78,2,,
2025-07-25T08:29:23.879+0200,466,377,4.191,4773.579,51.15,27.65,39.79,59.21,,3.84,130.00,6.32,9.70,822,95,26,,,57,,,,,,0,2025-07-25T08:29:23.000+0200,386,338,3.763,48.1111933,-2.0882033,45.86,25.58,39.29,54.39,74.3,78,2,,
2025-07-25T08:29:24.476+0200,467,378,4.200,4773.588,50.03,27.68,39.80,59.21,,-2.27,130.09,10.56,16.50,1374,95,26,,,58,,,,,,0,2025-07-25T08:29:23.000+0200,386,338,3.763,48.1111933,-2.0882033,45.86,25.58,39.29,54.39,74.3,78,2,,
2025-07-25T08:29:24.499+0200,467,378,4.200,4773.588,50.03,27.68,39.80,59.21,,-2.27,130.09,10.56,16.50,1374,95,26,,,58,,,,,,0,2025-07-25T08:29:23.000+0200,386,338,3.763,48.1111933,-2.0882033,45.86,25.58,39.29,54.39,74.3,78,2,,
2025-07-25T08:29:25.096+0200,467,378,4.208,4773.597,50.36,27.70,39.82,59.21,,-1.12,130.09,2.05,3.19,267,95,26,,,57,,,,,,0,2025-07-25T08:29:24.000+0200,387,339,3.776,48.1112117,-2.0880317,48.23,25.62,39.32,54.39,74.2,84,2,,
2025-07-25T08:29:25.119+0200,467,378,4.208,4773.597,50.36,27.70,39.82,59.21,,-1.12,130.09,2.05,3.19,267,95,26,,,57,,,,,,0,2025-07-25T08:29:24.000+0200,387,339,3.776,48.1112117,-2.0880317,48.23,25.62,39.32,54.39,74.2,84,2,,
2025-07-25T08:29:25.716+0200,468,379,4.217,4773.606,48.52,27.73,39.84,59.21,,-6.48,130.30,6.56,10.50,855,95,26,,,59,,,,,,0,2025-07-25T08:29:25.000+0200,388,340,3.789,48.1112250,-2.0878550,45.25,25.66,39.34,54.39,74.2,83,2,,
2025-07-25T08:29:25.738+0200,468,379,4.217,4773.606,48.52,27.73,39.84,59.21,,-6.48,130.30,6.56,10.50,855,95,26,,,59,,,,,,0,2025-07-25T08:29:25.000+0200,388,340,3.789,48.1112250,-2.0878550,45.25,25.66,39.34,54.39,74.2,83,2,,
2025-07-25T08:29:26.339+0200,468,380,4.226,4773.614,48.38,27.75,39.85,59.21,,-0.90,130.39,8.42,13.50,1098,95,26,,,59,,,,,,0,2025-07-25T08:29:25.000+0200,388,340,3.789,48.1112250,-2.0878550,45.25,25.66,39.34,54.39,74.2,83,2,,
2025-07-25T08:29:26.362+0200,468,380,4.226,4773.614,48.38,27.75,39.85,59.21,,-0.90,130.39,8.42,13.50,1098,95,26,,,59,,,,,,0,2025-07-25T08:29:25.000+0200,388,340,3.789,48.1112250,-2.0878550,45.25,25.66,39.34,54.39,74.2,83,2,,
2025-07-25T08:29:26.959+0200,469,380,4.234,4773.623,48.24,27.78,39.87,59.21,,-0.90,130.39,2.61,4.19,340,95,26,,,59,,,,,,0,2025-07-25T08:29:26.000+0200,389,341,3.802,48.1112500,-2.0876917,46.02,25.70,39.35,54.39,73.9,77,2,,
2025-07-25T08:29:26.983+0200,469,380,4.234,4773.623,48.24,27.78,39.87,59.21,,-0.90,130.39,2.61,4.19,340,95,26,,,59,,,,,,0,2025-07-25T08:29:26.000+0200,389,341,3.802,48.1112500,-2.0876917,46.02,25.70,39.35,54.39,73.9,77,2,,
2025-07-25T08:29:27.571+0200,470,381,4.243,4773.631,47.55,27.80,39.88,59.21,,1.02,130.59,-0.24,-0.79,-31,95,26,,,60,,,,,,0,2025-07-25T08:29:26.000+0200,389,341,3.802,48.1112500,-2.0876917,46.02,25.70,39.35,54.39,73.9,77,2,,
2025-07-25T08:29:27.594+0200,470,381,4.243,4773.631,47.55,27.80,39.88,59.21,,1.02,130.59,-0.24,-0.79,-31,95,26,,,60,,,,,,0,2025-07-25T08:29:26.000+0200,390,342,3.802,48.1112500,-2.0876917,46.02,25.70,39.35,54.39,73.9,77,2,,
2025-07-25T08:29:28.218+0200,470,382,4.251,4773.639,45.14,27.82,39.89,59.21,,-2.52,130.89,-6.53,-22.10,-855,95,26,,,62,,,,,,0,2025-07-25T08:29:27.000+0200,390,342,3.814,48.1112900,-2.0875367,44.21,25.74,39.37,54.39,73.7,72,2,,
2025-07-25T08:29:28.244+0200,470,382,4.251,4773.639,45.14,27.82,39.89,59.21,,-2.52,130.89,-6.53,-22.10,-855,95,26,,,62,,,,,,0,2025-07-25T08:29:27.000+0200,390,342,3.814,48.1112900,-2.0875367,44.21,25.74,39.37,54.39,73.7,72,2,,
2025-07-25T08:29:28.835+0200,471,382,4.259,4773.647,41.29,27.83,39.89,59.21,,-6.44,131.30,-5.33,-19.29,-700,95,26,,,65,,,,,,0,2025-07-25T08:29:28.000+0200,391,343,3.825,48.1113100,-2.0873933,37.81,25.76,39.36,54.39,73.8,83,2,,
2025-07-25T08:29:28.853+0200,471,382,4.259,4773.647,41.29,27.83,39.89,59.21,,-6.44,131.30,-5.33,-19.29,-700,95,26,,,65,,,,,,0,2025-07-25T08:29:28.000+0200,391,343,3.825,48.1113100,-2.0873933,37.81,25.76,39.36,54.39,73.8,83,2,,
2025-07-25T08:29:29.458+0200,472,383,4.267,4773.654,39.67,27.85,39.89,59.21,,-4.04,131.59,-4.45,-16.60,-586,95,26,,,67,,,,,,0,2025-07-25T08:29:28.000+0200,391,343,3.825,48.1113100,-2.0873933,37.81,25.76,39.36,54.39,73.8,83,2,,
2025-07-25T08:29:29.480+0200,472,383,4.267,4773.654,39.67,27.85,39.89,59.21,,-4.04,131.59,-4.45,-16.60,-586,95,26,,,67,,,,,,0,2025-07-25T08:29:28.000+0200,391,343,3.825,48.1113100,-2.0873933,37.81,25.76,39.36,54.39,73.8,83,2,,
2025-07-25T08:29:30.075+0200,472,383,4.274,4773.661,37.00,27.86,39.89,59.21,,-4.74,131.70,-1.30,-5.10,-171,95,26,,,69,,,,,,0,2025-07-25T08:29:29.000+0200,392,344,3.834,48.1113200,-2.0872683,34.96,25.78,39.35,54.39,72.9,79,2,,
2025-07-25T08:29:30.098+0200,472,383,4.274,4773.661,37.00,27.86,39.89,59.21,,-4.74,131.70,-1.30,-5.10,-171,95,26,,,69,,,,,,0,2025-07-25T08:29:29.000+0200,392,344,3.834,48.1113200,-2.0872683,34.96,25.78,39.35,54.39,72.9,79,2,,
2025-07-25T08:29:30.695+0200,473,384,4.280,4773.667,35.89,27.87,39.88,59.21,,-3.27,131.70,-0.87,-3.50,-115,95,26,,,70,,,,,,0,2025-07-25T08:29:30.000+0200,393,345,3.844,48.1113500,-2.0871483,35.57,25.79,39.34,54.39,72.8,69,2,,
2025-07-25T08:29:30.719+0200,473,384,4.280,4773.667,35.89,27.87,39.88,59.21,,-3.27,131.70,-0.87,-3.50,-115,95,26,,,70,,,,,,0,2025-07-25T08:29:30.000+0200,393,345,3.844,48.1113500,-2.0871483,35.57,25.79,39.34,54.39,72.8,69,2,,
2025-07-25T08:29:31.317+0200,473,385,4.287,4773.674,36.86,27.88,39.88,59.21,,0.45,131.59,-1.70,-6.70,-224,95,26,,,69,,,,,,0,2025-07-25T08:29:30.000+0200,393,345,3.844,48.1113500,-2.0871483,35.57,25.79,39.34,54.39,72.8,69,2,,
2025-07-25T08:29:31.341+0200,473,385,4.287,4773.674,36.86,27.88,39.88,59.21,,0.45,131.59,-1.70,-6.70,-224,95,26,,,69,,,,,,0,2025-07-25T08:29:30.000+0200,393,345,3.844,48.1113500,-2.0871483,35.57,25.79,39.34,54.39,72.8,69,2,,
2025-07-25T08:29:31.936+0200,474,385,4.293,4773.680,34.09,27.89,39.87,59.21,,-2.58,131.70,-3.60,-15.00,-474,95,26,,,71,,,,,,0,2025-07-25T08:29:31.000+0200,394,346,3.852,48.1113950,-2.0870567,31.85,25.81,39.32,54.39,72.1,52,2,,
2025-07-25T08:29:31.958+0200,474,385,4.293,4773.680,34.09,27.89,39.87,59.21,,-2.58,131.70,-3.60,-15.00,-474,95,26,,,71,,,,,,0,2025-07-25T08:29:31.000+0200,394,346,3.852,48.1113950,-2.0870567,31.85,25.81,39.32,54.39,72.1,52,2,,
2025-07-25T08:29:32.574+0200,475,386,4.299,4773.686,30.09,27.89,39.86,59.21,,-9.21,132.00,-9.19,-41.70,-1213,96,26,,,75,,,,,,0,2025-07-25T08:29:31.000+0200,394,346,3.852,48.1113950,-2.0870567,31.85,25.81,39.32,54.39,72.1,52,2,,
2025-07-25T08:29:32.600+0200,475,386,4.299,4773.686,30.09,27.89,39.86,59.21,,-9.21,132.00,-9.19,-41.70,-1213,96,26,,,75,,,,,,0,2025-07-25T08:29:31.000+0200,395,347,3.852,48.1113950,-2.0870567,31.85,25.81,39.32,54.39,72.1,52,2,,
2025-07-25T08:29:33.176+0200,475,387,4.305,4773.691,26.71,27.89,39.84,59.21,,-1.45,132.00,3.74,9.20,494,96,26,,,78,,,,,,0,2025-07-25T08:29:32.000+0200,395,347,3.861,48.1114483,-2.0869750,28.25,25.81,39.29,54.39,71.9,48,2,,
2025-07-25T08:29:33.199+0200,475,387,4.305,4773.691,26.71,27.89,39.84,59.21,,-1.45,132.00,3.74,9.20,494,96,26,,,78,,,,,,0,2025-07-25T08:29:32.000+0200,395,347,3.861,48.1114483,-2.0869750,28.25,25.81,39.29,54.39,71.9,48,2,,
2025-07-25T08:29:33.818+0200,476,387,4.309,4773.696,28.43,27.89,39.82,59.21,,-0.23,131.59,6.91,16.29,909,96,26,,,76,,,,,,0,2025-07-25T08:29:33.000+0200,396,348,3.868,48.1115100,-2.0869383,23.66,25.81,39.24,54.39,71.6,31,2,,
2025-07-25T08:29:33.846+0200,476,387,4.309,4773.696,28.43,27.89,39.82,59.21,,-0.23,131.59,6.91,16.29,909,96,26,,,76,,,,,,0,2025-07-25T08:29:33.000+0200,396,348,3.868,48.1115100,-2.0869383,23.66,25.81,39.24,54.39,71.6,31,2,,
2025-07-25T08:29:34.436+0200,477,388,4.314,4773.701,29.51,27.89,39.80,59.21,,2.50,131.39,7.52,17.29,988,96,26,,,75,,,,,,0,2025-07-25T08:29:33.000+0200,396,348,3.868,48.1115100,-2.0869383,23.66,25.81,39.24,54.39,71.6,31,2,,
2025-07-25T08:29:34.460+0200,477,388,4.314,4773.701,29.51,27.89,39.80,59.21,,2.50,131.39,7.52,17.29,988,96,26,,,75,,,,,,0,2025-07-25T08:29:33.000+0200,396,348,3.868,48.1115100,-2.0869383,23.66,25.81,39.24,54.39,71.6,31,2,,
2025-07-25T08:29:35.055+0200,477,388,4.319,4773.706,31.64,27.90,39.79,59.21,,2.99,131.09,13.96,30.59,1830,96,26,,,73,,,,,,0,2025-07-25T08:29:34.000+0200,397,349,3.876,48.1115817,-2.0869433,26.15,25.81,39.21,54.39,71.4,11,2,,
2025-07-25T08:29:35.078+0200,477,388,4.319,4773.706,31.64,27.90,39.79,59.21,,2.99,131.09,13.96,30.59,1830,96,26,,,73,,,,,,0,2025-07-25T08:29:34.000+0200,397,349,3.876,48.1115817,-2.0869433,26.15,25.81,39.21,54.39,71.4,11,2,,
2025-07-25T08:29:35.672+0200,478,389,4.325,4773.711,33.76,27.90,39.78,59.21,,-0.90,130.80,4.49,9.39,587,96,26,,,72,,,,,,0,2025-07-25T08:29:35.000+0200,398,350,3.884,48.1116567,-2.0869433,28.88,25.81,39.18,54.39,71.1,12,2,,
2025-07-25T08:29:35.694+0200,478,389,4.325,4773.711,33.76,27.90,39.78,59.21,,-0.90,130.80,4.49,9.39,587,96,26,,,72,,,,,,0,2025-07-25T08:29:35.000+0200,398,350,3.884,48.1116567,-2.0869433,28.88,25.81,39.18,54.39,71.1,12,2,,
2025-07-25T08:29:36.316+0200,478,390,4.330,4773.717,34.81,27.91,39.77,59.21,,2.38,130.80,7.51,15.40,982,96,26,,,71,,,,,,0,2025-07-25T08:29:35.000+0200,398,350,3.884,48.1116567,-2.0869433,28.88,25.81,39.18,54.39,71.1,12,2,,
2025-07-25T08:29:36.340+0200,478,390,4.330,4773.717,34.81,27.91,39.77,59.21,,2.38,130.80,7.51,15.40,982,96,26,,,71,,,,,,0,2025-07-25T08:29:35.000+0200,398,350,3.884,48.1116567,-2.0869433,28.88,25.81,39.18,54.39,71.1,12,2,,
2025-07-25T08:29:36.938+0200,479,390,4.336,4773.723,36.86,27.92,39.76,59.21,,6.60,130.50,18.00,35.39,2349,96,26,,,69,,,,,,0,2025-07-25T08:29:36.000+0200,399,351,3.893,48.1117350,-2.0869400,32.14,25.82,39.16,54.39,71.0,9,2,,
2025-07-25T08:29:36.962+0200,479,390,4.336,4773.723,36.86,27.92,39.76,59.21,,6.60,130.50,18.00,35.39,2349,96,26,,,69,,,,,,0,2025-07-25T08:29:36.000+0200,399,351,3.893,48.1117350,-2.0869400,32.14,25.82,39.16,54.39,71.0,9,2,,
2025-07-25T08:29:37.566+0200,480,391,4.342,4773.730,38.62,27.93,39.76,59.21,,1.44,130.20,10.26,19.50,1336,96,26,,,67,,,,,,0,2025-07-25T08:29:36.000+0200,399,351,3.893,48.1117350,-2.0869400,32.14,25.82,39.16,54.39,71.0,9,2,,
2025-07-25T08:29:37.592+0200,480,391,4.342,4773.730,38.62,27.93,39.76,59.21,,1.44,130.20,10.26,19.50,1336,96,26,,,67,,,,,,0,2025-07-25T08:29:36.000+0200,400,352,3.893,48.1117350,-2.0869400,32.14,25.82,39.16,54.39,71.0,9,2,,
2025-07-25T08:29:38.172+0200,480,391,4.349,4773.736,40.46,27.94,39.76,59.21,,4.19,130.09,11.27,20.70,1466,96,26,,,66,,,,,,0,2025-07-25T08:29:37.000+0200,400,352,3.903,48.1118217,-2.0869283,33.67,25.84,39.14,54.39,71.0,8,2,,
2025-07-25T08:29:38.198+0200,480,392,4.349,4773.736,40.46,27.94,39.76,59.21,,4.19,130.09,11.27,20.70,1466,96,26,,,66,,,,,,0,2025-07-25T08:29:37.000+0200,400,352,3.903,48.1118217,-2.0869283,33.67,25.84,39.14,54.39,71.0,8,2,,
2025-07-25T08:29:38.798+0200,481,392,4.356,4773.743,41.40,27.96,39.76,59.21,,1.32,130.09,12.52,22.60,1629,96,26,,,65,,,,,,0,2025-07-25T08:29:38.000+0200,401,353,3.912,48.1119083,-2.0869150,37.90,25.86,39.14,54.39,70.6,4,2,,
2025-07-25T08:29:38.819+0200,481,392,4.356,4773.743,41.40,27.96,39.76,59.21,,1.32,130.09,12.52,22.60,1629,96,26,,,65,,,,,,0,2025-07-25T08:29:38.000+0200,401,353,3.912,48.1119083,-2.0869150,37.90,25.86,39.14,54.39,70.6,4,2,,
2025-07-25T08:29:39.437+0200,482,393,4.363,4773.751,42.98,27.97,39.77,59.21,,2.63,130.00,15.44,27.09,2007,96,26,,,64,,,,,,0,2025-07-25T08:29:38.000+0200,401,353,3.912,48.1119083,-2.0869150,37.90,25.86,39.14,54.39,70.6,4,2,,
2025-07-25T08:29:39.455+0200,482,393,4.363,4773.751,42.98,27.97,39.77,59.21,,2.63,130.00,15.44,27.09,2007,96,26,,,64,,,,,,0,2025-07-25T08:29:38.000+0200,401,353,3.912,48.1119083,-2.0869150,37.90,25.86,39.14,54.39,70.6,4,2,,
2025-07-25T08:29:40.035+0200,482,393,4.370,4773.758,43.88,27.99,39.77,59.21,,1.36,129.89,7.98,13.79,1037,96,26,,,63,,,,,,0,2025-07-25T08:29:39.000+0200,402,354,3.924,48.1120083,-2.0869050,38.28,25.88,39.13,54.39,70.3,3,2,,
2025-07-25T08:29:40.059+0200,482,393,4.370,4773.758,43.88,27.99,39.77,59.21,,1.36,129.89,7.98,13.79,1037,96,26,,,63,,,,,,0,2025-07-25T08:29:39.000+0200,402,354,3.924,48.1120083,-2.0869050,38.28,25.88,39.13,54.39,70.3,3,2,,
2025-07-25T08:29:40.677+0200,483,394,4.378,4773.766,44.53,28.01,39.78,59.21,,1.67,129.89,17.09,29.20,2220,96,26,,,62,,,,,,0,2025-07-25T08:29:40.000+0200,403,355,3.935,48.1121100,-2.0869033,39.21,25.91,39.13,54.39,69.9,0,2,,
2025-07-25T08:29:40.703+0200,483,394,4.378,4773.766,44.53,28.01,39.78,59.21,,1.67,129.89,17.09,29.20,2220,96,26,,,62,,,,,,0,2025-07-25T08:29:40.000+0200,403,355,3.935,48.1121100,-2.0869033,39.21,25.91,39.13,54.39,69.9,0,2,,
2025-07-25T08:29:41.294+0200,483,395,4.386,4773.774,45.14,28.03,39.79,59.21,,0.12,129.89,14.25,24.10,1851,96,26,,,62,,,,,,0,2025-07-25T08:29:40.000+0200,403,355,3.935,48.1121100,-2.0869033,39.21,25.91,39.13,54.39,69.9,0,2,,
2025-07-25T08:29:41.316+0200,483,395,4.386,4773.774,45.14,28.03,39.79,59.21,,0.12,129.89,14.25,24.10,1851,96,26,,,62,,,,,,0,2025-07-25T08:29:40.000+0200,403,355,3.935,48.1121100,-2.0869033,39.21,25.91,39.13,54.39,69.9,0,2,,
2025-07-25T08:29:41.915+0200,484,395,4.394,4773.782,45.79,28.05,39.80,59.21,,-1.67,130.00,6.45,10.80,839,96,26,,,61,,,,,,0,2025-07-25T08:29:41.000+0200,404,356,3.946,48.1122083,-2.0869117,41.08,25.94,39.14,54.39,69.6,0,2,,
2025-07-25T08:29:41.939+0200,484,395,4.394,4773.782,45.79,28.05,39.80,59.21,,-1.67,130.00,6.45,10.80,839,96,26,,,61,,,,,,0,2025-07-25T08:29:41.000+0200,404,356,3.946,48.1122083,-2.0869117,41.08,25.94,39.14,54.39,69.6,0,2,,
2025-07-25T08:29:42.534+0200,485,396,4.402,4773.790,45.82,28.07,39.81,59.21,,-0.48,130.00,12.50,20.90,1625,96,26,,,61,,,,,,0,2025-07-25T08:29:41.000+0200,404,356,3.946,48.1122083,-2.0869117,41.08,25.94,39.14,54.39,69.6,0,2,,
2025-07-25T08:29:42.559+0200,485,396,4.402,4773.790,45.82,28.07,39.81,59.21,,-0.48,130.00,12.50,20.90,1625,96,26,,,61,,,,,,0,2025-07-25T08:29:41.000+0200,404,356,3.946,48.1122083,-2.0869117,41.08,25.94,39.14,54.39,69.6,0,2,,
2025-07-25T08:29:43.162+0200,485,396,4.410,4773.798,47.19,28.09,39.82,59.21,,1.32,129.89,12.36,20.19,1605,96,26,,,60,,,,,,0,2025-07-25T08:29:42.000+0200,405,357,3.958,48.1123150,-2.0869167,43.25,25.97,39.15,54.39,69.1,1,2,,
2025-07-25T08:29:43.185+0200,485,397,4.410,4773.798,47.19,28.09,39.82,59.21,,1.32,129.89,12.36,20.19,1605,96,26,,,60,,,,,,0,2025-07-25T08:29:42.000+0200,405,357,3.958,48.1123150,-2.0869167,43.25,25.97,39.15,54.39,69.1,1,2,,
2025-07-25T08:29:43.777+0200,486,397,4.418,4773.806,47.26,28.11,39.83,59.21,,0.00,129.89,10.23,16.69,1329,96,26,,,60,,,,,,0,2025-07-25T08:29:43.000+0200,406,358,3.969,48.1124200,-2.0869250,43.31,26.00,39.16,54.39,68.8,2,2,,
2025-07-25T08:29:43.801+0200,486,397,4.418,4773.806,47.26,28.11,39.83,59.21,,0.00,129.89,10.23,16.69,1329,96,26,,,60,,,,,,0,2025-07-25T08:29:43.000+0200,406,358,3.969,48.1124200,-2.0869250,43.31,26.00,39.16,54.39,68.8,2,2,,
2025-07-25T08:29:44.397+0200,487,398,4.426,4773.814,48.42,28.13,39.84,59.21,,2.58,130.00,9.55,15.29,1242,96,26,,,59,,,,,,0,2025-07-25T08:29:43.000+0200,406,358,3.969,48.1124200,-2.0869250,43.31,26.00,39.16,54.39,68.8,2,2,,
2025-07-25T08:29:44.415+0200,487,398,4.426,4773.814,48.42,28.13,39.84,59.21,,2.58,130.00,9.55,15.29,1242,96,26,,,59,,,,,,0,2025-07-25T08:29:43.000+0200,406,358,3.969,48.1124200,-2.0869250,43.31,26.00,39.16,54.39,68.8,2,2,,
2025-07-25T08:29:45.015+0200,487,398,4.434,4773.822,47.91,28.16,39.86,59.21,,-1.81,130.09,12.44,20.10,1618,96,26,,,59,,,,,,0,2025-07-25T08:29:44.000+0200,407,359,3.982,48.1125283,-2.0869233,42.75,26.03,39.17,54.39,68.2,2,2,,
2025-07-25T08:29:45.035+0200,487,398,4.434,4773.822,47.91,28.16,39.86,59.21,,-1.81,130.09,12.44,20.10,1618,96,26,,,59,,,,,,0,2025-07-25T08:29:44.000+0200,407,359,3.982,48.1125283,-2.0869233,42.75,26.03,39.17,54.39,68.2,2,2,,
2025-07-25T08:29:45.644+0200,488,399,4.443,4773.831,48.16,28.18,39.87,59.21,,0.56,130.00,12.12,19.50,1576,96,26,,,59,,,,,,0,2025-07-25T08:29:44.000+0200,408,360,3.982,48.1125283,-2.0869233,42.75,26.03,39.17,54.39,68.2,2,2,,
2025-07-25T08:29:45.666+0200,488,399,4.443,4773.831,48.16,28.18,39.87,59.21,,0.56,130.00,12.12,19.50,1576,96,26,,,59,,,,,,0,2025-07-25T08:29:45.000+0200,408,360,3.994,48.1126367,-2.0869267,44.48,26.07,39.19,54.39,67.4,1,2,,
2025-07-25T08:29:46.276+0200,488,400,4.451,4773.839,49.21,28.20,39.88,59.21,,1.91,130.00,13.84,21.90,1799,96,26,,,58,,,,,,0,2025-07-25T08:29:45.000+0200,408,360,3.994,48.1126367,-2.0869267,44.48,26.07,39.19,54.39,67.4,1,2,,
2025-07-25T08:29:46.301+0200,488,400,4.451,4773.839,49.21,28.20,39.88,59.21,,1.91,130.00,13.84,21.90,1799,96,26,,,58,,,,,,0,2025-07-25T08:29:45.000+0200,408,360,3.994,48.1126367,-2.0869267,44.48,26.07,39.19,54.39,67.4,1,2,,
2025-07-25T08:29:46.901+0200,489,400,4.459,4773.848,48.96,28.22,39.90,59.21,,-0.85,130.09,3.84,6.10,500,96,26,,,59,,,,,,0,2025-07-25T08:29:46.000+0200,409,361,4.006,48.1127483,-2.0869350,46.11,26.10,39.21,54.39,66.7,1,2,,
2025-07-25T08:29:46.923+0200,489,400,4.459,4773.848,48.96,28.22,39.90,59.21,,-0.85,130.09,3.84,6.10,500,96,26,,,59,,,,,,0,2025-07-25T08:29:46.000+0200,409,361,4.006,48.1127483,-2.0869350,46.11,26.10,39.21,54.39,66.7,1,2,,
2025-07-25T08:29:47.518+0200,490,401,4.468,4773.856,48.34,28.25,39.91,59.21,,-2.24,130.20,6.23,10.00,811,96,26,,,59,,,,,,0,2025-07-25T08:29:46.000+0200,409,361,4.006,48.1127483,-2.0869350,46.11,26.10,39.21,54.39,66.7,1,2,,
2025-07-25T08:29:47.540+0200,490,401,4.468,4773.856,48.34,28.25,39.91,59.21,,-2.24,130.20,6.23,10.00,811,96,26,,,59,,,,,,0,2025-07-25T08:29:46.000+0200,409,361,4.006,48.1127483,-2.0869350,46.11,26.10,39.21,54.39,66.7,1,2,,
2025-07-25T08:29:48.137+0200,490,401,4.476,4773.865,49.17,28.27,39.93,59.21,,1.23,130.20,10.36,16.40,1349,96,26,,,58,,,,,,0,2025-07-25T08:29:47.000+0200,410,362,4.018,48.1128600,-2.0869367,43.23,26.13,39.22,54.39,66.5,360,2,,
2025-07-25T08:29:48.160+0200,490,401,4.476,4773.865,49.17,28.27,39.93,59.21,,1.23,130.20,10.36,16.40,1349,96,26,,,58,,,,,,0,2025-07-25T08:29:47.000+0200,410,362,4.018,48.1128600,-2.0869367,43.23,26.13,39.22,54.39,66.5,360,2,,
2025-07-25T08:29:48.754+0200,491,402,4.485,4773.873,48.88,28.29,39.94,59.21,,3.14,130.30,5.09,8.09,663,96,26,,,59,,,,,,0,2025-07-25T08:29:48.000+0200,411,363,4.031,48.1129733,-2.0869400,46.10,26.17,39.24,54.39,66.8,3,2,,
2025-07-25T08:29:48.778+0200,491,402,4.485,4773.873,48.88,28.29,39.94,59.21,,3.14,130.30,5.09,8.09,663,96,26,,,59,,,,,,0,2025-07-25T08:29:48.000+0200,411,363,4.031,48.1129733,-2.0869400,46.10,26.17,39.24,54.39,66.8,3,2,,
2025-07-25T08:29:49.383+0200,492,403,4.493,4773.882,48.09,28.31,39.95,59.21,,-3.04,130.30,7.14,11.50,930,96,26,,,59,,,,,,0,2025-07-25T08:29:48.000+0200,411,363,4.031,48.1129733,-2.0869400,46.10,26.17,39.24,54.39,66.8,3,2,,
2025-07-25T08:29:49.407+0200,492,403,4.493,4773.882,48.09,28.31,39.95,59.21,,-3.04,130.30,7.14,11.50,930,96,26,,,59,,,,,,0,2025-07-25T08:29:48.000+0200,411,363,4.031,48.1129733,-2.0869400,46.10,26.17,39.24,54.39,66.8,3,2,,
2025-07-25T08:29:49.998+0200,492,403,4.502,4773.890,48.16,28.33,39.96,59.21,,-1.47,130.39,9.32,15.00,1215,96,26,,,59,,,,,,0,2025-07-25T08:29:49.000+0200,412,364,4.044,48.1130883,-2.0869367,44.64,26.20,39.25,54.39,66.5,2,2,,
2025-07-25T08:29:50.022+0200,492,403,4.502,4773.890,48.16,28.33,39.96,59.21,,-1.47,130.39,9.32,15.00,1215,96,26,,,59,,,,,,0,2025-07-25T08:29:49.000+0200,412,364,4.044,48.1130883,-2.0869367,44.64,26.20,39.25,54.39,66.5,2,2,,
2025-07-25T08:29:50.618+0200,493,404,4.510,4773.898,48.38,28.36,39.98,59.21,,-0.11,130.39,9.29,14.90,1211,96,26,,,59,,,,,,0,2025-07-25T08:29:49.000+0200,413,365,4.044,48.1130883,-2.0869367,44.64,26.20,39.25,54.39,66.5,2,2,,
2025-07-25T08:29:50.643+0200,493,404,4.510,4773.898,48.38,28.36,39.98,59.21,,-0.11,130.39,9.29,14.90,1211,96,26,,,59,,,,,,0,2025-07-25T08:29:49.000+0200,413,365,4.044,48.1130883,-2.0869367,44.64,26.20,39.25,54.39,66.5,2,2,,
2025-07-25T08:29:51.236+0200,493,405,4.518,4773.907,48.88,28.38,39.99,59.21,,1.13,130.30,11.13,17.69,1450,96,26,,,59,,,,,,0,2025-07-25T08:29:50.000+0200,413,365,4.057,48.1132033,-2.0869317,44.13,26.24,39.27,54.39,66.1,1,2,,
2025-07-25T08:29:51.259+0200,493,405,4.518,4773.907,48.88,28.38,39.99,59.21,,1.13,130.30,11.13,17.69,1450,96,26,,,59,,,,,,0,2025-07-25T08:29:50.000+0200,413,365,4.057,48.1132033,-2.0869317,44.13,26.24,39.27,54.39,66.1,1,2,,
2025-07-25T08:29:51.881+0200,494,405,4.527,4773.915,49.10,28.40,40.00,59.21,,1.13,130.30,9.71,15.40,1265,96,26,,,58,,,,,,0,2025-07-25T08:29:51.000+0200,414,366,4.069,48.1133183,-2.0869283,46.77,26.27,39.29,54.39,66.1,2,2,,
2025-07-25T08:29:51.906+0200,494,405,4.527,4773.915,49.10,28.40,40.00,59.21,,1.13,130.30,9.71,15.40,1265,96,26,,,58,,,,,,0,2025-07-25T08:29:51.000+0200,414,366,4.069,48.1133183,-2.0869283,46.77,26.27,39.29,54.39,66.1,2,2,,
2025-07-25T08:29:52.505+0200,495,406,4.535,4773.924,48.74,28.42,40.02,59.21,,-0.12,130.20,11.35,18.10,1478,96,26,,,59,,,,,,0,2025-07-25T08:29:51.000+0200,414,366,4.069,48.1133183,-2.0869283,46.77,26.27,39.29,54.39,66.1,2,2,,
2025-07-25T08:29:52.529+0200,495,406,4.535,4773.924,48.74,28.42,40.02,59.21,,-0.12,130.20,11.35,18.10,1478,96,26,,,59,,,,,,0,2025-07-25T08:29:51.000+0200,414,366,4.069,48.1133183,-2.0869283,46.77,26.27,39.29,54.39,66.1,2,2,,
2025-07-25T08:29:53.118+0200,495,406,4.544,4773.932,49.17,28.44,40.03,59.21,,3.72,130.20,10.61,16.79,1381,96,26,,,58,,,,,,0,2025-07-25T08:29:52.000+0200,415,367,4.082,48.1134317,-2.0869250,46.64,26.31,39.31,54.39,65.9,2,2,,
2025-07-25T08:29:53.139+0200,495,406,4.544,4773.932,49.17,28.44,40.03,59.21,,3.72,130.20,10.61,16.79,1381,96,26,,,58,,,,,,0,2025-07-25T08:29:52.000+0200,415,367,4.082,48.1134317,-2.0869250,46.64,26.31,39.31,54.39,65.9,2,2,,
2025-07-25T08:29:53.731+0200,496,407,4.552,4773.941,48.63,28.47,40.04,59.21,,-0.68,130.20,6.63,10.60,863,96,26,,,59,,,,,,0,2025-07-25T08:29:53.000+0200,416,368,4.094,48.1135417,-2.0869217,43.00,26.34,39.32,54.39,65.6,360,2,,
2025-07-25T08:29:53.751+0200,496,407,4.552,4773.941,48.63,28.47,40.04,59.21,,-0.68,130.20,6.63,10.60,863,96,26,,,59,,,,,,0,2025-07-25T08:29:53.000+0200,416,368,4.094,48.1135417,-2.0869217,43.00,26.34,39.32,54.39,65.6,360,2,,
2025-07-25T08:29:54.358+0200,496,408,4.561,4773.949,48.56,28.49,40.06,59.21,,-1.58,130.20,17.14,27.40,2232,96,26,,,59,,,,,,0,2025-07-25T08:29:53.000+0200,416,368,4.094,48.1135417,-2.0869217,43.00,26.34,39.32,54.39,65.6,360,2,,
2025-07-25T08:29:54.381+0200,496,408,4.561,4773.949,48.56,28.49,40.06,59.21,,-1.58,130.20,17.14,27.40,2232,96,26,,,59,,,,,,0,2025-07-25T08:29:53.000+0200,416,368,4.094,48.1135417,-2.0869217,43.00,26.34,39.32,54.39,65.6,360,2,,
2025-07-25T08:29:54.979+0200,497,408,4.569,4773.957,49.21,28.51,40.07,59.21,,0.45,130.09,17.44,27.59,2269,96,26,,,58,,,,,,0,2025-07-25T08:29:54.000+0200,417,369,4.106,48.1136517,-2.0869233,43.72,26.37,39.33,54.39,65.0,0,2,,
2025-07-25T08:29:55.002+0200,497,408,4.569,4773.957,49.21,28.51,40.07,59.21,,0.45,130.09,17.44,27.59,2269,96,26,,,58,,,,,,0,2025-07-25T08:29:54.000+0200,417,369,4.106,48.1136517,-2.0869233,43.72,26.37,39.33,54.39,65.0,0,2,,
2025-07-25T08:29:55.595+0200,498,409,4.578,4773.966,49.24,28.53,40.09,59.21,,0.11,130.09,9.92,15.70,1290,96,26,,,58,,,,,,0,2025-07-25T08:29:54.000+0200,417,369,4.106,48.1136517,-2.0869233,43.72,26.37,39.33,54.39,65.0,0,2,,
2025-07-25T08:29:55.616+0200,498,409,4.578,4773.966,49.24,28.53,40.09,59.21,,0.11,130.09,9.92,15.70,1290,96,26,,,58,,,,,,0,2025-07-25T08:29:54.000+0200,418,370,4.106,48.1136517,-2.0869233,43.72,26.37,39.33,54.39,65.0,0,2,,
2025-07-25T08:29:56.234+0200,498,410,4.586,4773.975,49.10,28.56,40.10,59.21,,-0.48,130.09,4.54,7.20,591,96,26,,,58,,,,,,0,2025-07-25T08:29:55.000+0200,418,370,4.119,48.1137633,-2.0869183,45.32,26.41,39.34,54.39,64.6,1,2,,
2025-07-25T08:29:56.257+0200,498,410,4.586,4773.975,49.10,28.56,40.10,59.21,,-0.48,130.09,4.54,7.20,591,96,26,,,58,,,,,,0,2025-07-25T08:29:55.000+0200,418,370,4.119,48.1137633,-2.0869183,45.32,26.41,39.34,54.39,64.6,1,2,,
2025-07-25T08:29:56.859+0200,499,410,4.595,4773.983,49.21,28.58,40.11,59.21,,-0.12,130.20,7.71,12.20,1004,96,26,,,58,,,,,,0,2025-07-25T08:29:56.000+0200,419,371,4.131,48.1138750,-2.0869200,44.63,26.44,39.36,54.39,64.2,359,2,,
2025-07-25T08:29:56.882+0200,499,410,4.595,4773.983,49.21,28.58,40.11,59.21,,-0.12,130.20,7.71,12.20,1004,96,26,,,58,,,,,,0,2025-07-25T08:29:56.000+0200,419,371,4.131,48.1138750,-2.0869200,44.63,26.44,39.36,54.39,64.2,359,2,,
2025-07-25T08:29:57.475+0200,500,411,4.603,4773.992,48.20,28.60,40.13,59.21,,-3.15,130.20,8.45,13.60,1100,96,26,,,59,,,,,,0,2025-07-25T08:29:56.000+0200,419,371,4.131,48.1138750,-2.0869200,44.63,26.44,39.36,54.39,64.2,359,2,,
2025-07-25T08:29:57.498+0200,500,411,4.603,4773.992,48.20,28.60,40.13,59.21,,-3.15,130.20,8.45,13.60,1100,96,26,,,59,,,,,,0,2025-07-25T08:29:56.000+0200,419,371,4.131,48.1138750,-2.0869200,44.63,26.44,39.36,54.39,64.2,359,2,,
2025-07-25T08:29:58.095+0200,500,411,4.612,4774.000,48.38,28.62,40.14,59.21,,-2.47,130.30,3.05,4.90,397,96,26,,,59,,,,,,0,2025-07-25T08:29:57.000+0200,420,372,4.144,48.1139850,-2.0869200,43.89,26.47,39.37,54.39,63.8,359,2,,
2025-07-25T08:29:58.117+0200,500,411,4.612,4774.000,48.38,28.62,40.14,59.21,,-2.47,130.30,3.05,4.90,397,96,26,,,59,,,,,,0,2025-07-25T08:29:57.000+0200,420,372,4.144,48.1139850,-2.0869200,43.89,26.47,39.37,54.39,63.8,359,2,,
2025-07-25T08:29:58.715+0200,501,412,4.620,4774.009,48.13,28.64,40.15,59.21,,-1.68,130.30,6.08,9.80,792,96,26,,,59,,,,,,0,2025-07-25T08:29:58.000+0200,421,373,4.156,48.1140933,-2.0869133,43.94,26.50,39.38,54.39,63.3,0,2,,
2025-07-25T08:29:58.735+0200,501,412,4.620,4774.009,48.13,28.64,40.15,59.21,,-1.68,130.30,6.08,9.80,792,96,26,,,59,,,,,,0,2025-07-25T08:29:58.000+0200,421,373,4.156,48.1140933,-2.0869133,43.94,26.50,39.38,54.39,63.3,0,2,,
2025-07-25T08:29:59.334+0200,501,413,4.629,4774.017,47.48,28.66,40.16,59.21,,-3.71,130.30,9.22,15.00,1201,96,26,,,60,,,,,,0,2025-07-25T08:29:58.000+0200,421,373,4.156,48.1140933,-2.0869133,43.94,26.50,39.38,54.39,63.3,0,2,,
2025-07-25T08:29:59.357+0200,501,413,4.629,4774.017,47.48,28.66,40.16,59.21,,-3.71,130.30,9.22,15.00,1201,96,26,,,60,,,,,,0,2025-07-25T08:29:58.000+0200,421,373,4.156,48.1140933,-2.0869133,43.94,26.50,39.38,54.39,63.3,0,2,,
2025-07-25T08:29:59.958+0200,502,413,4.637,4774.025,48.13,28.68,40.18,59.21,,-1.01,130.30,10.25,16.50,1336,96,26,,,59,,,,,,0,2025-07-25T08:29:59.000+0200,422,374,4.168,48.1142050,-2.0869067,40.91,26.53,39.39,54.39,63.3,359,2,,
2025-07-25T08:29:59.976+0200,502,413,4.637,4774.025,48.13,28.68,40.18,59.21,,-1.01,130.30,10.25,16.50,1336,96,26,,,59,,,,,,0,2025-07-25T08:29:59.000+0200,422,374,4.168,48.1142050,-2.0869067,40.91,26.53,39.39,54.39,63.3,359,2,,
2025-07-25T08:30:00.578+0200,503,414,4.645,4774.034,48.16,28.71,40.19,59.21,,-0.79,130.09,9.69,15.60,1261,96,26,,,59,,,,,,0,2025-07-25T08:29:59.000+0200,422,374,4.168,48.1142050,-2.0869067,40.91,26.53,39.39,54.39,63.3,359,2,,
2025-07-25T08:30:00.599+0200,503,414,4.645,4774.034,48.16,28.71,40.19,59.21,,-0.79,130.09,9.69,15.60,1261,96,26,,,59,,,,,,0,2025-07-25T08:29:59.000+0200,423,375,4.168,48.1142050,-2.0869067,40.91,26.53,39.39,54.39,63.3,359,2,,
2025-07-25T08:30:01.192+0200,503,415,4.654,4774.042,48.42,28.73,40.20,59.21,,3.03,130.00,13.60,21.80,1768,96,26,,,59,,,,,,0,2025-07-25T08:30:00.000+0200,423,375,4.180,48.1143083,-2.0869217,43.26,26.56,39.40,54.39,63.3,358,2,,
2025-07-25T08:30:01.212+0200,503,415,4.654,4774.042,48.42,28.73,40.20,59.21,,3.03,130.00,13.60,21.80,1768,96,26,,,59,,,,,,0,2025-07-25T08:30:00.000+0200,423,375,4.180,48.1143083,-2.0869217,43.26,26.56,39.40,54.39,63.3,358,2,,
2025-07-25T08:30:01.825+0200,504,415,4.662,4774.050,47.26,28.75,40.21,59.21,,-0.24,130.00,11.08,18.10,1440,96,26,,,60,,,,,,0,2025-07-25T08:30:01.000+0200,424,376,4.192,48.1144183,-2.0869267,43.69,26.59,39.41,54.39,63.0,1,2,,
2025-07-25T08:30:01.845+0200,504,415,4.662,4774.050,47.26,28.75,40.21,59.21,,-0.24,130.00,11.08,18.10,1440,96,26,,,60,,,,,,0,2025-07-25T08:30:01.000+0200,424,376,4.192,48.1144183,-2.0869267,43.69,26.59,39.41,54.39,63.0,1,2,,
2025-07-25T08:30:02.456+0200,505,416,4.670,4774.059,47.84,28.77,40.22,59.21,,0.45,130.00,16.14,26.09,2098,96,26,,,59,,,,,,0,2025-07-25T08:30:01.000+0200,424,376,4.192,48.1144183,-2.0869267,43.69,26.59,39.41,54.39,63.0,1,2,,
2025-07-25T08:30:02.479+0200,505,416,4.670,4774.059,47.84,28.77,40.22,59.21,,0.45,130.00,16.14,26.09,2098,96,26,,,59,,,,,,0,2025-07-25T08:30:01.000+0200,424,376,4.192,48.1144183,-2.0869267,43.69,26.59,39.41,54.39,63.0,1,2,,
2025-07-25T08:30:03.075+0200,505,416,4.679,4774.067,47.98,28.79,40.23,59.21,,2.15,129.80,17.91,28.90,2325,96,26,,,59,,,,,,0,2025-07-25T08:30:02.000+0200,425,377,4.204,48.1145317,-2.0869200,40.97,26.62,39.41,54.39,62.9,358,2,,
2025-07-25T08:30:03.096+0200,505,416,4.679,4774.067,47.98,28.79,40.23,59.21,,2.15,129.80,17.91,28.90,2325,96,26,,,59,,,,,,0,2025-07-25T08:30:02.000+0200,425,377,4.204,48.1145317,-2.0869200,40.97,26.62,39.41,54.39,62.9,358,2,,
2025-07-25T08:30:03.712+0200,506,417,4.687,4774.075,47.98,28.81,40.24,59.21,,2.15,129.70,16.48,26.59,2137,96,26,,,59,,,,,,0,2025-07-25T08:30:03.000+0200,426,378,4.217,48.1146417,-2.0869200,41.31,26.64,39.42,54.39,63.1,2,2,,
2025-07-25T08:30:03.733+0200,506,417,4.687,4774.075,47.98,28.81,40.24,59.21,,2.15,129.70,16.48,26.59,2137,96,26,,,59,,,,,,0,2025-07-25T08:30:03.000+0200,426,378,4.217,48.1146417,-2.0869200,41.31,26.64,39.42,54.39,63.1,2,2,,
2025-07-25T08:30:04.338+0200,506,418,4.696,4774.084,49.14,28.83,40.26,59.21,,3.96,129.70,10.60,16.79,1375,96,26,,,58,,,,,,0,2025-07-25T08:30:03.000+0200,426,378,4.217,48.1146417,-2.0869200,41.31,26.64,39.42,54.39,63.1,2,2,,
2025-07-25T08:30:04.361+0200,506,418,4.696,4774.084,49.14,28.83,40.26,59.21,,3.96,129.70,10.60,16.79,1375,96,26,,,58,,,,,,0,2025-07-25T08:30:03.000+0200,426,378,4.217,48.1146417,-2.0869200,41.31,26.64,39.42,54.39,63.1,2,2,,
2025-07-25T08:30:04.958+0200,507,418,4.704,4774.092,49.03,28.85,40.27,59.21,,0.72,129.59,13.55,21.50,1756,96,26,,,58,,,,,,0,2025-07-25T08:30:04.000+0200,427,379,4.229,48.1147550,-2.0869167,43.09,26.67,39.43,54.39,63.2,360,2,,
2025-07-25T08:30:04.982+0200,507,418,4.704,4774.092,49.03,28.85,40.27,59.21,,0.72,129.59,13.55,21.50,1756,96,26,,,58,,,,,,0,2025-07-25T08:30:04.000+0200,427,379,4.229,48.1147550,-2.0869167,43.09,26.67,39.43,54.39,63.2,360,2,,
2025-07-25T08:30:05.575+0200,508,419,4.713,4774.101,49.14,28.87,40.28,59.21,,3.13,129.59,14.26,22.60,1848,96,26,,,58,,,,,,0,2025-07-25T08:30:04.000+0200,427,379,4.229,48.1147550,-2.0869167,43.09,26.67,39.43,54.39,63.2,360,2,,
2025-07-25T08:30:05.599+0200,508,419,4.713,4774.101,49.14,28.87,40.28,59.21,,3.13,129.59,14.26,22.60,1848,96,26,,,58,,,,,,0,2025-07-25T08:30:04.000+0200,428,380,4.229,48.1147550,-2.0869167,43.09,26.67,39.43,54.39,63.2,360,2,,
2025-07-25T08:30:06.198+0200,508,420,4.721,4774.109,48.74,28.89,40.29,59.21,,1.24,129.59,18.88,30.09,2447,96,26,,,59,,,,,,0,2025-07-25T08:30:05.000+0200,428,380,4.242,48.1148683,-2.0869267,44.85,26.70,39.44,54.39,63.2,1,2,,
2025-07-25T08:30:06.219+0200,508,420,4.721,4774.109,48.74,28.89,40.29,59.21,,1.24,129.59,18.88,30.09,2447,96,26,,,59,,,,,,0,2025-07-25T08:30:05.000+0200,428,380,4.242,48.1148683,-2.0869267,44.85,26.70,39.44,54.39,63.2,1,2,,
2025-07-25T08:30:06.816+0200,509,420,4.729,4774.118,48.74,28.91,40.31,59.21,,-0.79,129.59,14.93,23.80,1935,96,26,,,59,,,,,,0,2025-07-25T08:30:06.000+0200,429,381,4.254,48.1149817,-2.0869150,45.51,26.74,39.46,54.39,62.9,2,2,,
2025-07-25T08:30:06.837+0200,509,420,4.729,4774.118,48.74,28.91,40.31,59.21,,-0.79,129.59,14.93,23.80,1935,96,26,,,59,,,,,,0,2025-07-25T08:30:06.000+0200,429,381,4.254,48.1149817,-2.0869150,45.51,26.74,39.46,54.39,62.9,2,2,,
2025-07-25T08:30:07.454+0200,510,421,4.738,4774.126,47.69,28.93,40.32,59.21,,-1.92,129.50,15.23,24.70,1972,96,26,,,59,,,,,,0,2025-07-25T08:30:06.000+0200,429,381,4.254,48.1149817,-2.0869150,45.51,26.74,39.46,54.39,62.9,2,2,,
2025-07-25T08:30:07.478+0200,510,421,4.738,4774.126,47.69,28.93,40.32,59.21,,-1.92,129.50,15.23,24.70,1972,96,26,,,59,,,,,,0,2025-07-25T08:30:06.000+0200,429,381,4.254,48.1149817,-2.0869150,45.51,26.74,39.46,54.39,62.9,2,2,,
2025-07-25T08:30:08.075+0200,510,421,4.746,4774.134,47.73,28.95,40.33,59.21,,-1.56,129.30,15.12,24.50,1955,96,26,,,59,,,,,,0,2025-07-25T08:30:07.000+0200,430,382,4.267,48.1150900,-2.0869133,42.18,26.76,39.46,54.39,62.6,0,2,,
2025-07-25T08:30:08.097+0200,510,421,4.746,4774.134,47.73,28.95,40.33,59.21,,-1.56,129.30,15.12,24.50,1955,96,26,,,59,,,,,,0,2025-07-25T08:30:07.000+0200,430,382,4.267,48.1150900,-2.0869133,42.18,26.76,39.46,54.39,62.6,0,2,,
2025-07-25T08:30:08.698+0200,511,422,4.755,4774.143,48.74,28.97,40.34,59.21,,1.44,129.09,24.53,39.09,3167,96,26,,,58,,,,,,0,2025-07-25T08:30:08.000+0200,431,383,4.278,48.1151933,-2.0869033,41.23,26.79,39.47,54.39,62.8,2,2,,
2025-07-25T08:30:08.719+0200,511,422,4.755,4774.143,48.74,28.97,40.34,59.21,,1.44,129.09,24.53,39.09,3167,96,26,,,58,,,,,,0,2025-07-25T08:30:08.000+0200,431,383,4.278,48.1151933,-2.0869033,41.23,26.79,39.47,54.39,62.8,2,2,,
2025-07-25T08:30:09.315+0200,511,423,4.763,4774.151,47.91,28.99,40.35,59.21,,-1.79,128.89,25.75,41.60,3319,96,26,,,59,,,,,,0,2025-07-25T08:30:08.000+0200,431,383,4.278,48.1151933,-2.0869033,41.23,26.79,39.47,54.39,62.8,2,2,,
2025-07-25T08:30:09.336+0200,511,423,4.763,4774.151,47.91,28.99,40.35,59.21,,-1.79,128.89,25.75,41.60,3319,96,26,,,59,,,,,,0,2025-07-25T08:30:08.000+0200,431,383,4.278,48.1151933,-2.0869033,41.23,26.79,39.47,54.39,62.8,2,2,,
2025-07-25T08:30:09.937+0200,512,423,4.771,4774.160,48.67,29.01,40.36,59.21,,0.90,128.80,17.10,27.30,2202,96,26,,,58,,,,,,0,2025-07-25T08:30:09.000+0200,432,384,4.290,48.1152983,-2.0868900,41.64,26.82,39.47,54.39,63.0,2,2,,
2025-07-25T08:30:09.958+0200,512,423,4.771,4774.160,48.67,29.01,40.36,59.21,,0.90,128.80,17.10,27.30,2202,96,26,,,58,,,,,,0,2025-07-25T08:30:09.000+0200,432,384,4.290,48.1152983,-2.0868900,41.64,26.82,39.47,54.39,63.0,2,2,,
2025-07-25T08:30:10.560+0200,513,424,4.780,4774.168,47.69,29.03,40.38,59.21,,-1.20,128.80,20.66,33.50,2661,96,26,,,59,,,,,,0,2025-07-25T08:30:09.000+0200,432,384,4.290,48.1152983,-2.0868900,41.64,26.82,39.47,54.39,63.0,2,2,,
2025-07-25T08:30:10.583+0200,513,424,4.780,4774.168,47.69,29.03,40.38,59.21,,-1.20,128.80,20.66,33.50,2661,96,26,,,59,,,,,,0,2025-07-25T08:30:09.000+0200,432,384,4.290,48.1152983,-2.0868900,41.64,26.82,39.47,54.39,63.0,2,2,,
2025-07-25T08:30:11.193+0200,513,425,4.788,4774.176,48.56,29.05,40.39,59.21,,3.58,128.70,29.40,47.00,3784,96,26,,,58,,,,,,0,2025-07-25T08:30:10.000+0200,433,385,4.301,48.1154033,-2.0868767,43.74,26.84,39.49,54.39,63.1,5,2,,
2025-07-25T08:30:11.215+0200,513,425,4.788,4774.176,48.56,29.05,40.39,59.21,,3.58,128.70,29.40,47.00,3784,96,26,,,58,,,,,,0,2025-07-25T08:30:10.000+0200,433,385,4.301,48.1154033,-2.0868767,43.74,26.84,39.49,54.39,63.1,5,2,,
2025-07-25T08:30:11.795+0200,514,425,4.796,4774.185,47.33,29.07,40.40,59.21,,-2.47,128.59,24.84,40.50,3194,96,26,,,59,,,,,,0,2025-07-25T08:30:11.000+0200,434,386,4.313,48.1155083,-2.0868717,44.09,26.88,39.50,54.39,62.9,2,2,,
2025-07-25T08:30:11.817+0200,514,425,4.796,4774.185,47.33,29.07,40.40,59.21,,-2.47,128.59,24.84,40.50,3194,96,26,,,59,,,,,,0,2025-07-25T08:30:11.000+0200,434,386,4.313,48.1155083,-2.0868717,44.09,26.88,39.50,54.39,62.9,2,2,,
2025-07-25T08:30:12.418+0200,515,426,4.805,4774.193,47.19,29.09,40.41,59.21,,-2.65,128.59,20.74,33.89,2667,96,26,,,60,,,,,,0,2025-07-25T08:30:11.000+0200,434,386,4.313,48.1155083,-2.0868717,44.09,26.88,39.50,54.39,62.9,2,2,,
2025-07-25T08:30:12.442+0200,515,426,4.805,4774.193,47.19,29.09,40.41,59.21,,-2.65,128.59,20.74,33.89,2667,96,26,,,60,,,,,,0,2025-07-25T08:30:11.000+0200,434,386,4.313,48.1155083,-2.0868717,44.09,26.88,39.50,54.39,62.9,2,2,,
2025-07-25T08:30:13.059+0200,515,426,4.813,4774.201,47.69,29.11,40.42,59.21,,-1.01,128.50,28.19,45.70,3622,95,26,,,59,,,,,,0,2025-07-25T08:30:12.000+0200,435,387,4.325,48.1156183,-2.0868717,43.28,26.90,39.51,54.39,63.0,3,2,,
2025-07-25T08:30:13.082+0200,515,426,4.813,4774.201,47.69,29.11,40.42,59.21,,-1.01,128.50,28.19,45.70,3622,95,26,,,59,,,,,,0,2025-07-25T08:30:12.000+0200,435,387,4.325,48.1156183,-2.0868717,43.28,26.90,39.51,54.39,63.0,3,2,,
2025-07-25T08:30:13.672+0200,516,427,4.821,4774.209,47.95,29.13,40.43,59.21,,-1.35,128.20,22.05,35.59,2827,95,26,,,59,,,,,,0,2025-07-25T08:30:13.000+0200,436,388,4.338,48.1157317,-2.0868667,45.75,26.94,39.52,54.39,62.9,2,2,,
2025-07-25T08:30:13.694+0200,516,427,4.821,4774.209,47.95,29.13,40.43,59.21,,-1.35,128.20,22.05,35.59,2827,95,26,,,59,,,,,,0,2025-07-25T08:30:13.000+0200,436,388,4.338,48.1157317,-2.0868667,45.75,26.94,39.52,54.39,62.9,2,2,,
2025-07-25T08:30:14.300+0200,516,428,4.830,4774.218,49.93,29.15,40.44,59.21,,2.15,128.00,36.05,56.40,4614,95,26,,,57,,,,,,0,2025-07-25T08:30:13.000+0200,436,388,4.338,48.1157317,-2.0868667,45.75,26.94,39.52,54.39,62.9,2,2,,
2025-07-25T08:30:14.322+0200,516,428,4.830,4774.218,49.93,29.15,40.44,59.21,,2.15,128.00,36.05,56.40,4614,95,26,,,57,,,,,,0,2025-07-25T08:30:13.000+0200,436,388,4.338,48.1157317,-2.0868667,45.75,26.94,39.52,54.39,62.9,2,2,,
2025-07-25T08:30:14.910+0200,517,428,4.838,4774.227,50.36,29.18,40.46,59.21,,-0.56,127.80,19.43,30.20,2483,95,26,,,57,,,,,,0,2025-07-25T08:30:14.000+0200,437,389,4.350,48.1158383,-2.0868717,44.59,26.97,39.54,54.39,63.3,1,2,,
2025-07-25T08:30:14.928+0200,517,428,4.838,4774.227,50.36,29.18,40.46,59.21,,-0.56,127.80,19.43,30.20,2483,95,26,,,57,,,,,,0,2025-07-25T08:30:14.000+0200,437,389,4.350,48.1158383,-2.0868717,44.59,26.97,39.54,54.39,63.3,1,2,,
2025-07-25T08:30:15.554+0200,518,429,4.847,4774.236,50.90,29.20,40.47,59.21,,0.95,127.80,27.45,42.30,3508,95,26,,,56,,,,,,0,2025-07-25T08:30:14.000+0200,437,389,4.350,48.1158383,-2.0868717,44.59,26.97,39.54,54.39,63.3,1,2,,
2025-07-25T08:30:15.571+0200,518,429,4.847,4774.236,50.90,29.20,40.47,59.21,,0.95,127.80,27.45,42.30,3508,95,26,,,56,,,,,,0,2025-07-25T08:30:14.000+0200,437,389,4.350,48.1158383,-2.0868717,44.59,26.97,39.54,54.39,63.3,1,2,,
2025-07-25T08:30:16.173+0200,518,429,4.856,4774.244,51.26,29.22,40.49,59.21,,0.60,127.80,18.92,29.00,2418,95,26,,,56,,,,,,0,2025-07-25T08:30:15.000+0200,438,390,4.362,48.1159517,-2.0868750,44.66,27.00,39.55,54.39,63.9,0,2,,
2025-07-25T08:30:16.192+0200,518,429,4.856,4774.244,51.26,29.22,40.49,59.21,,0.60,127.80,18.92,29.00,2418,95,26,,,56,,,,,,0,2025-07-25T08:30:15.000+0200,438,390,4.362,48.1159517,-2.0868750,44.66,27.00,39.55,54.39,63.9,0,2,,
2025-07-25T08:30:16.794+0200,519,430,4.865,4774.253,51.22,29.25,40.50,59.21,,0.48,127.80,22.04,33.80,2817,95,26,,,56,,,,,,0,2025-07-25T08:30:16.000+0200,439,391,4.375,48.1160667,-2.0868800,44.70,27.03,39.56,54.39,64.6,0,2,,
2025-07-25T08:30:16.812+0200,519,430,4.865,4774.253,51.22,29.25,40.50,59.21,,0.48,127.80,22.04,33.80,2817,95,26,,,56,,,,,,0,2025-07-25T08:30:16.000+0200,439,391,4.375,48.1160667,-2.0868800,44.70,27.03,39.56,54.39,64.6,0,2,,
2025-07-25T08:30:17.415+0200,520,431,4.874,4774.262,50.50,29.27,40.52,59.21,,-2.36,127.80,27.93,43.30,3569,95,27,,,56,,,,,,0,2025-07-25T08:30:16.000+0200,439,391,4.375,48.1160667,-2.0868800,44.70,27.03,39.56,54.39,64.6,0,2,,
2025-07-25T08:30:17.435+0200,520,431,4.874,4774.262,50.50,29.27,40.52,59.21,,-2.36,127.80,27.93,43.30,3569,95,27,,,56,,,,,,0,2025-07-25T08:30:16.000+0200,439,391,4.375,48.1160667,-2.0868800,44.70,27.03,39.56,54.39,64.6,0,2,,
2025-07-25T08:30:18.039+0200,520,431,4.883,4774.271,52.27,29.29,40.53,59.21,,3.49,127.70,22.46,33.89,2868,95,27,,,55,,,,,,0,2025-07-25T08:30:17.000+0200,440,392,4.388,48.1161850,-2.0868800,47.88,27.07,39.58,54.39,65.2,0,2,,
2025-07-25T08:30:18.059+0200,520,431,4.883,4774.271,52.27,29.29,40.53,59.21,,3.49,127.70,22.46,33.89,2868,95,27,,,55,,,,,,0,2025-07-25T08:30:17.000+0200,440,392,4.388,48.1161850,-2.0868800,47.88,27.07,39.58,54.39,65.2,0,2,,
2025-07-25T08:30:18.659+0200,521,432,4.892,4774.280,52.74,29.32,40.55,59.21,,-1.01,127.50,26.29,39.39,3352,95,27,,,54,,,,,,0,2025-07-25T08:30:18.000+0200,441,393,4.402,48.1163100,-2.0868783,47.48,27.10,39.60,54.39,66.6,358,2,,
2025-07-25T08:30:18.679+0200,521,432,4.892,4774.280,52.74,29.32,40.55,59.21,,-1.01,127.50,26.29,39.39,3352,95,27,,,54,,,,,,0,2025-07-25T08:30:18.000+0200,441,393,4.402,48.1163100,-2.0868783,47.48,27.10,39.60,54.39,66.6,358,2,,
2025-07-25T08:30:19.270+0200,521,433,4.901,4774.289,52.95,29.34,40.57,59.21,,-1.12,127.60,18.01,26.90,2298,94,27,,,54,,,,,,0,2025-07-25T08:30:18.000+0200,441,393,4.402,48.1163100,-2.0868783,47.48,27.10,39.60,54.39,66.6,358,2,,
2025-07-25T08:30:19.291+0200,521,433,4.901,4774.289,52.95,29.34,40.57,59.21,,-1.12,127.60,18.01,26.90,2298,94,27,,,54,,,,,,0,2025-07-25T08:30:18.000+0200,441,393,4.402,48.1163100,-2.0868783,47.48,27.10,39.60,54.39,66.6,358,2,,
2025-07-25T08:30:19.895+0200,522,433,4.910,4774.298,51.65,29.36,40.59,59.21,,0.45,127.70,19.89,30.30,2540,94,27,,,55,,,,,,0,2025-07-25T08:30:19.000+0200,442,394,4.415,48.1164283,-2.0868800,44.69,27.13,39.62,54.39,67.2,357,2,,
2025-07-25T08:30:19.918+0200,522,433,4.910,4774.298,51.65,29.36,40.59,59.21,,0.45,127.70,19.89,30.30,2540,94,27,,,55,,,,,,0,2025-07-25T08:30:19.000+0200,442,394,4.415,48.1164283,-2.0868800,44.69,27.13,39.62,54.39,67.2,357,2,,
2025-07-25T08:30:20.516+0200,523,434,4.919,4774.307,53.20,29.39,40.60,59.21,,1.68,127.60,23.65,35.20,3018,94,27,,,54,,,,,,0,2025-07-25T08:30:19.000+0200,442,394,4.415,48.1164283,-2.0868800,44.69,27.13,39.62,54.39,67.2,357,2,,
2025-07-25T08:30:20.539+0200,523,434,4.919,4774.307,53.20,29.39,40.60,59.21,,1.68,127.60,23.65,35.20,3018,94,27,,,54,,,,,,0,2025-07-25T08:30:19.000+0200,442,394,4.415,48.1164283,-2.0868800,44.69,27.13,39.62,54.39,67.2,357,2,,
2025-07-25T08:30:21.160+0200,523,434,4.928,4774.317,54.14,29.41,40.62,59.21,,4.70,127.50,24.39,35.80,3110,94,27,,,53,,,,,,0,2025-07-25T08:30:20.000+0200,443,395,4.428,48.1165450,-2.0868883,47.70,27.17,39.64,54.39,67.8,356,2,,
2025-07-25T08:30:21.183+0200,523,434,4.928,4774.317,54.14,29.41,40.62,59.21,,4.70,127.50,24.39,35.80,3110,94,27,,,53,,,,,,0,2025-07-25T08:30:20.000+0200,443,395,4.428,48.1165450,-2.0868883,47.70,27.17,39.64,54.39,67.8,356,2,,
2025-07-25T08:30:21.778+0200,524,435,4.937,4774.326,54.07,29.44,40.64,59.21,,2.26,127.39,36.75,54.00,4682,94,27,,,53,,,,,,0,2025-07-25T08:30:21.000+0200,444,396,4.442,48.1166650,-2.0869033,49.23,27.20,39.66,54.39,68.9,354,2,,
2025-07-25T08:30:21.795+0200,524,435,4.937,4774.326,54.07,29.44,40.64,59.21,,2.26,127.39,36.75,54.00,4682,94,27,,,53,,,,,,0,2025-07-25T08:30:21.000+0200,444,396,4.442,48.1166650,-2.0869033,49.23,27.20,39.66,54.39,68.9,354,2,,
2025-07-25T08:30:22.403+0200,525,436,4.947,4774.335,54.35,29.46,40.66,59.21,,-2.94,127.39,23.24,34.00,2961,94,27,,,53,,,,,,0,2025-07-25T08:30:21.000+0200,444,396,4.442,48.1166650,-2.0869033,49.23,27.20,39.66,54.39,68.9,354,2,,
2025-07-25T08:30:22.422+0200,525,436,4.947,4774.335,54.35,29.46,40.66,59.21,,-2.94,127.39,23.24,34.00,2961,94,27,,,53,,,,,,0,2025-07-25T08:30:21.000+0200,444,396,4.442,48.1166650,-2.0869033,49.23,27.20,39.66,54.39,68.9,354,2,,
2025-07-25T08:30:23.015+0200,525,436,4.956,4774.345,54.35,29.49,40.68,59.21,,-0.90,127.50,27.61,40.39,3520,94,27,,,53,,,,,,0,2025-07-25T08:30:22.000+0200,445,397,4.455,48.1167850,-2.0869233,48.88,27.24,39.68,54.39,69.4,353,2,,
2025-07-25T08:30:23.036+0200,525,436,4.956,4774.345,54.35,29.49,40.68,59.21,,-0.90,127.50,27.61,40.39,3520,94,27,,,53,,,,,,0,2025-07-25T08:30:22.000+0200,445,397,4.455,48.1167850,-2.0869233,48.88,27.24,39.68,54.39,69.4,353,2,,
2025-07-25T08:30:23.640+0200,526,437,4.966,4774.354,54.53,29.52,40.70,59.21,,-0.34,127.50,18.91,27.59,2411,94,27,,,53,,,,,,0,2025-07-25T08:30:22.000+0200,446,398,4.455,48.1167850,-2.0869233,48.88,27.24,39.68,54.39,69.4,353,2,,
2025-07-25T08:30:23.663+0200,526,437,4.966,4774.354,54.53,29.52,40.70,59.21,,-0.34,127.50,18.91,27.59,2411,94,27,,,53,,,,,,0,2025-07-25T08:30:22.000+0200,446,398,4.455,48.1167850,-2.0869233,48.88,27.24,39.68,54.39,69.4,353,2,,
2025-07-25T08:30:24.276+0200,526,438,4.975,4774.364,53.71,29.54,40.72,59.21,,0.48,127.60,20.85,30.80,2660,94,27,,,54,,,,,,0,2025-07-25T08:30:23.000+0200,446,398,4.469,48.1169083,-2.0869467,50.16,27.28,39.71,54.39,70.6,353,2,,
2025-07-25T08:30:24.298+0200,526,438,4.975,4774.364,53.71,29.54,40.72,59.21,,0.48,127.60,20.85,30.80,2660,94,27,,,54,,,,,,0,2025-07-25T08:30:23.000+0200,446,398,4.469,48.1169083,-2.0869467,50.16,27.28,39.71,54.39,70.6,353,2,,
2025-07-25T08:30:24.897+0200,527,438,4.984,4774.373,53.28,29.57,40.74,59.21,,-2.52,127.70,19.57,29.09,2499,93,27,,,54,,,,,,0,2025-07-25T08:30:24.000+0200,447,399,4.483,48.1170300,-2.0869733,47.87,27.32,39.73,54.39,71.8,353,2,,
2025-07-25T08:30:24.918+0200,527,438,4.984,4774.373,53.28,29.57,40.74,59.21,,-2.52,127.70,19.57,29.09,2499,93,27,,,54,,,,,,0,2025-07-25T08:30:24.000+0200,447,399,4.483,48.1170300,-2.0869733,47.87,27.32,39.73,54.39,71.8,353,2,,
2025-07-25T08:30:25.518+0200,528,439,4.994,4774.382,53.35,29.59,40.76,59.21,,-2.39,127.70,28.28,42.00,3611,93,27,,,54,,,,,,0,2025-07-25T08:30:24.000+0200,447,399,4.483,48.1170300,-2.0869733,47.87,27.32,39.73,54.39,71.8,353,2,,
2025-07-25T08:30:25.539+0200,528,439,4.994,4774.382,53.35,29.59,40.76,59.21,,-2.39,127.70,28.28,42.00,3611,93,27,,,54,,,,,,0,2025-07-25T08:30:24.000+0200,447,399,4.483,48.1170300,-2.0869733,47.87,27.32,39.73,54.39,71.8,353,2,,
2025-07-25T08:30:26.136+0200,528,439,5.003,4774.392,53.35,29.62,40.77,59.21,,0.00,127.60,26.94,40.00,3438,93,27,,,54,,,,,,0,2025-07-25T08:30:25.000+0200,448,400,4.496,48.1171483,-2.0869967,47.94,27.35,39.75,54.39,72.4,352,2,,
2025-07-25T08:30:26.161+0200,528,439,5.003,4774.392,53.35,29.62,40.77,59.21,,0.00,127.60,26.94,40.00,3438,93,27,,,54,,,,,,0,2025-07-25T08:30:25.000+0200,448,400,4.496,48.1171483,-2.0869967,47.94,27.35,39.75,54.39,72.4,352,2,,
2025-07-25T08:30:26.779+0200,529,440,5.012,4774.401,54.35,29.64,40.79,59.21,,3.48,127.50,19.68,28.80,2509,93,27,,,53,,,,,,0,2025-07-25T08:30:26.000+0200,449,401,4.510,48.1172700,-2.0870217,48.50,27.39,39.77,54.39,73.9,352,2,,
2025-07-25T08:30:26.802+0200,529,440,5.012,4774.401,54.35,29.64,40.79,59.21,,3.48,127.50,19.68,28.80,2509,93,27,,,53,,,,,,0,2025-07-25T08:30:26.000+0200,449,401,4.510,48.1172700,-2.0870217,48.50,27.39,39.77,54.39,73.9,352,2,,
2025-07-25T08:30:27.392+0200,530,441,5.022,4774.410,52.27,29.66,40.81,59.21,,-3.46,127.50,19.15,28.90,2442,93,27,,,55,,,,,,0,2025-07-25T08:30:26.000+0200,449,401,4.510,48.1172700,-2.0870217,48.50,27.39,39.77,54.39,73.9,352,2,,
2025-07-25T08:30:27.413+0200,530,441,5.022,4774.410,52.27,29.66,40.81,59.21,,-3.46,127.50,19.15,28.90,2442,93,27,,,55,,,,,,0,2025-07-25T08:30:26.000+0200,449,401,4.510,48.1172700,-2.0870217,48.50,27.39,39.77,54.39,73.9,352,2,,
2025-07-25T08:30:28.015+0200,530,441,5.031,4774.420,53.24,29.69,40.83,59.21,,-0.36,127.50,31.26,46.50,3986,93,27,,,54,,,,,,0,2025-07-25T08:30:27.000+0200,450,402,4.523,48.1173933,-2.0870417,48.02,27.42,39.79,54.39,75.8,352,2,,
2025-07-25T08:30:28.037+0200,530,441,5.031,4774.420,53.24,29.69,40.83,59.21,,-0.36,127.50,31.26,46.50,3986,93,27,,,54,,,,,,0,2025-07-25T08:30:27.000+0200,450,402,4.523,48.1173933,-2.0870417,48.02,27.42,39.79,54.39,75.8,352,2,,
2025-07-25T08:30:28.642+0200,531,442,5.040,4774.429,53.35,29.71,40.84,59.21,,0.00,127.39,16.77,24.90,2136,93,27,,,54,,,,,,0,2025-07-25T08:30:27.000+0200,451,403,4.523,48.1173933,-2.0870417,48.02,27.42,39.79,54.39,75.8,352,2,,
2025-07-25T08:30:28.663+0200,531,442,5.040,4774.429,53.35,29.71,40.84,59.21,,0.00,127.39,16.77,24.90,2136,93,27,,,54,,,,,,0,2025-07-25T08:30:27.000+0200,451,403,4.523,48.1173933,-2.0870417,48.02,27.42,39.79,54.39,75.8,352,2,,
2025-07-25T08:30:29.258+0200,531,443,5.049,4774.438,53.89,29.74,40.86,59.21,,-0.56,127.39,25.45,37.50,3242,93,27,,,53,,,,,,0,2025-07-25T08:30:28.000+0200,451,403,4.537,48.1175133,-2.0870667,49.28,27.46,39.82,54.39,76.8,352,2,,
2025-07-25T08:30:29.281+0200,531,443,5.049,4774.438,53.89,29.74,40.86,59.21,,-0.56,127.39,25.45,37.50,3242,93,27,,,53,,,,,,0,2025-07-25T08:30:28.000+0200,451,403,4.537,48.1175133,-2.0870667,49.28,27.46,39.82,54.39,76.8,352,2,,
2025-07-25T08:30:29.879+0200,532,443,5.059,4774.448,54.50,29.76,40.88,59.21,,2.84,127.39,22.19,32.39,2827,93,27,,,53,,,,,,0,2025-07-25T08:30:29.000+0200,452,404,4.550,48.1176333,-2.0870917,49.38,27.50,39.84,54.39,77.7,352,2,,
2025-07-25T08:30:29.905+0200,532,443,5.059,4774.448,54.50,29.76,40.88,59.21,,2.84,127.39,22.19,32.39,2827,93,27,,,53,,,,,,0,2025-07-25T08:30:29.000+0200,452,404,4.550,48.1176333,-2.0870917,49.38,27.50,39.84,54.39,77.7,352,2,,
2025-07-25T08:30:30.496+0200,533,444,5.068,4774.457,54.39,29.79,40.90,59.21,,1.55,127.39,25.78,37.70,3284,93,27,,,53,,,,,,0,2025-07-25T08:30:29.000+0200,452,404,4.550,48.1176333,-2.0870917,49.38,27.50,39.84,54.39,77.7,352,2,,
2025-07-25T08:30:30.519+0200,533,444,5.068,4774.457,54.39,29.79,40.90,59.21,,1.55,127.39,25.78,37.70,3284,93,27,,,53,,,,,,0,2025-07-25T08:30:29.000+0200,452,404,4.550,48.1176333,-2.0870917,49.38,27.50,39.84,54.39,77.7,352,2,,
2025-07-25T08:30:31.117+0200,533,444,5.077,4774.466,53.38,29.81,40.92,59.21,,0.12,127.39,40.70,60.40,5185,92,27,,,54,,,,,,0,2025-07-25T08:30:30.000+0200,453,405,4.564,48.1177533,-2.0871183,48.57,27.53,39.86,54.39,78.6,351,2,,
2025-07-25T08:30:31.133+0200,533,444,5.077,4774.466,53.38,29.81,40.92,59.21,,0.12,127.39,40.70,60.40,5185,92,27,,,54,,,,,,0,2025-07-25T08:30:30.000+0200,453,405,4.564,48.1177533,-2.0871183,48.57,27.53,39.86,54.39,78.6,351,2,,
2025-07-25T08:30:31.737+0200,534,445,5.087,4774.475,53.35,29.83,40.93,59.21,,0.11,127.50,26.06,38.70,3323,92,27,,,54,,,,,,0,2025-07-25T08:30:31.000+0200,454,406,4.577,48.1178717,-2.0871467,50.13,27.57,39.89,54.39,79.1,353,2,,
2025-07-25T08:30:31.759+0200,534,445,5.087,4774.475,53.35,29.83,40.93,59.21,,0.11,127.50,26.06,38.70,3323,92,27,,,54,,,,,,0,2025-07-25T08:30:31.000+0200,454,406,4.577,48.1178717,-2.0871467,50.13,27.57,39.89,54.39,79.1,353,2,,
2025-07-25T08:30:32.356+0200,534,446,5.096,4774.485,53.06,29.86,40.95,59.21,,2.24,127.50,22.60,33.70,2882,92,27,,,54,,,,,,0,2025-07-25T08:30:31.000+0200,454,406,4.577,48.1178717,-2.0871467,50.13,27.57,39.89,54.39,79.1,353,2,,
2025-07-25T08:30:32.379+0200,534,446,5.096,4774.485,53.06,29.86,40.95,59.21,,2.24,127.50,22.60,33.70,2882,92,27,,,54,,,,,,0,2025-07-25T08:30:31.000+0200,454,406,4.577,48.1178717,-2.0871467,50.13,27.57,39.89,54.39,79.1,353,2,,
2025-07-25T08:30:32.996+0200,535,446,5.105,4774.494,53.24,29.88,40.97,59.21,,0.96,127.50,27.23,40.50,3472,92,28,,,54,,,,,,0,2025-07-25T08:30:32.000+0200,455,407,4.591,48.1179933,-2.0871650,47.54,27.61,39.91,54.39,79.4,354,2,,
2025-07-25T08:30:33.017+0200,535,446,5.105,4774.494,53.24,29.88,40.97,59.21,,0.96,127.50,27.23,40.50,3472,92,28,,,54,,,,,,0,2025-07-25T08:30:32.000+0200,455,407,4.591,48.1179933,-2.0871650,47.54,27.61,39.91,54.39,79.4,354,2,,
2025-07-25T08:30:33.617+0200,536,447,5.115,4774.503,52.56,29.90,40.98,59.21,,-1.91,127.39,34.47,51.80,4391,92,28,,,55,,,,,,0,2025-07-25T08:30:32.000+0200,456,408,4.591,48.1179933,-2.0871650,47.54,27.61,39.91,54.39,79.4,354,2,,
2025-07-25T08:30:33.637+0200,536,447,5.115,4774.503,52.56,29.90,40.98,59.21,,-1.91,127.39,34.47,51.80,4391,92,28,,,55,,,,,,0,2025-07-25T08:30:32.000+0200,456,408,4.591,48.1179933,-2.0871650,47.54,27.61,39.91,54.39,79.4,354,2,,
2025-07-25T08:30:34.245+0200,536,448,5.124,4774.512,53.28,29.93,41.00,59.21,,0.36,127.39,31.08,46.20,3959,92,28,,,54,,,,,,0,2025-07-25T08:30:33.000+0200,456,408,4.604,48.1181067,-2.0871883,47.99,27.64,39.93,54.39,79.7,352,2,,
2025-07-25T08:30:34.268+0200,536,448,5.124,4774.512,53.28,29.93,41.00,59.21,,0.36,127.39,31.08,46.20,3959,92,28,,,54,,,,,,0,2025-07-25T08:30:33.000+0200,456,408,4.604,48.1181067,-2.0871883,47.99,27.64,39.93,54.39,79.7,352,2,,
2025-07-25T08:30:34.858+0200,537,448,5.133,4774.521,52.59,29.95,41.02,59.21,,-2.14,127.39,18.84,28.30,2400,92,28,,,55,,,,,,0,2025-07-25T08:30:34.000+0200,457,409,4.617,48.1182233,-2.0872167,47.69,27.67,39.94,54.39,80.3,351,2,,
2025-07-25T08:30:34.880+0200,537,448,5.133,4774.521,52.59,29.95,41.02,59.21,,-2.14,127.39,18.84,28.30,2400,92,28,,,55,,,,,,0,2025-07-25T08:30:34.000+0200,457,409,4.617,48.1182233,-2.0872167,47.69,27.67,39.94,54.39,80.3,351,2,,
2025-07-25T08:30:35.478+0200,538,449,5.142,4774.531,53.31,29.98,41.04,59.21,,0.00,127.30,25.64,38.09,3264,92,28,,,54,,,,,,0,2025-07-25T08:30:34.000+0200,457,409,4.617,48.1182233,-2.0872167,47.69,27.67,39.94,54.39,80.3,351,2,,
2025-07-25T08:30:35.503+0200,538,449,5.142,4774.531,53.31,29.98,41.04,59.21,,0.00,127.30,25.64,38.09,3264,92,28,,,54,,,,,,0,2025-07-25T08:30:34.000+0200,457,409,4.617,48.1182233,-2.0872167,47.69,27.67,39.94,54.39,80.3,351,2,,
2025-07-25T08:30:36.095+0200,538,449,5.151,4774.540,53.02,30.00,41.05,59.21,,-0.11,127.39,21.04,31.40,2680,92,28,,,54,,,,,,0,2025-07-25T08:30:35.000+0200,458,410,4.630,48.1183400,-2.0872433,48.78,27.71,39.97,54.39,80.8,351,2,,
2025-07-25T08:30:36.118+0200,538,449,5.151,4774.540,53.02,30.00,41.05,59.21,,-0.11,127.39,21.04,31.40,2680,92,28,,,54,,,,,,0,2025-07-25T08:30:35.000+0200,458,410,4.630,48.1183400,-2.0872433,48.78,27.71,39.97,54.39,80.8,351,2,,
2025-07-25T08:30:36.718+0200,539,450,5.160,4774.549,52.16,30.02,41.07,59.21,,-2.12,127.39,26.66,40.30,3396,92,28,,,55,,,,,,0,2025-07-25T08:30:36.000+0200,459,411,4.643,48.1184600,-2.0872667,46.77,27.74,39.98,54.39,81.6,352,2,,
2025-07-25T08:30:36.739+0200,539,450,5.160,4774.549,52.16,30.02,41.07,59.21,,-2.12,127.39,26.66,40.30,3396,92,28,,,55,,,,,,0,2025-07-25T08:30:36.000+0200,459,411,4.643,48.1184600,-2.0872667,46.77,27.74,39.98,54.39,81.6,352,2,,
2025-07-25T08:30:37.357+0200,539,451,5.170,4774.558,52.41,30.04,41.08,59.21,,-2.15,127.39,20.45,30.80,2605,92,28,,,55,,,,,,0,2025-07-25T08:30:36.000+0200,459,411,4.643,48.1184600,-2.0872667,46.77,27.74,39.98,54.39,81.6,352,2,,
2025-07-25T08:30:37.378+0200,539,451,5.170,4774.558,52.41,30.04,41.08,59.21,,-2.15,127.39,20.45,30.80,2605,92,28,,,55,,,,,,0,2025-07-25T08:30:36.000+0200,459,411,4.643,48.1184600,-2.0872667,46.77,27.74,39.98,54.39,81.6,352,2,,
2025-07-25T08:30:37.957+0200,540,451,5.179,4774.567,52.66,30.07,41.10,59.21,,-0.84,127.39,24.06,36.09,3065,91,28,,,54,,,,,,0,2025-07-25T08:30:37.000+0200,460,412,4.656,48.1185767,-2.0872900,47.26,27.77,40.00,54.39,82.1,353,2,,
2025-07-25T08:30:37.982+0200,540,451,5.179,4774.567,52.66,30.07,41.10,59.21,,-0.84,127.39,24.06,36.09,3065,91,28,,,54,,,,,,0,2025-07-25T08:30:37.000+0200,460,412,4.656,48.1185767,-2.0872900,47.26,27.77,40.00,54.39,82.1,353,2,,
2025-07-25T08:30:38.596+0200,541,452,5.188,4774.576,52.05,30.09,41.12,59.21,,-3.60,127.50,21.27,32.20,2712,91,28,,,55,,,,,,0,2025-07-25T08:30:37.000+0200,460,412,4.656,48.1185767,-2.0872900,47.26,27.77,40.00,54.39,82.1,353,2,,
2025-07-25T08:30:38.625+0200,541,452,5.188,4774.576,52.05,30.09,41.12,59.21,,-3.60,127.50,21.27,32.20,2712,91,28,,,55,,,,,,0,2025-07-25T08:30:37.000+0200,461,413,4.656,48.1185767,-2.0872900,47.26,27.77,40.00,54.39,82.1,353,2,,
2025-07-25T08:30:39.215+0200,541,453,5.197,4774.586,52.84,30.11,41.13,59.21,,2.26,127.60,28.47,42.60,3633,91,28,,,54,,,,,,0,2025-07-25T08:30:38.000+0200,461,413,4.670,48.1186967,-2.0873067,47.57,27.81,40.02,54.39,82.7,354,2,,
2025-07-25T08:30:39.240+0200,541,453,5.197,4774.586,52.84,30.11,41.13,59.21,,2.26,127.60,28.47,42.60,3633,91,28,,,54,,,,,,0,2025-07-25T08:30:38.000+0200,461,413,4.670,48.1186967,-2.0873067,47.57,27.81,40.02,54.39,82.7,354,2,,
2025-07-25T08:30:39.838+0200,542,453,5.206,4774.595,51.98,30.13,41.15,59.21,,-0.68,127.50,20.58,31.20,2624,91,28,,,55,,,,,,0,2025-07-25T08:30:39.000+0200,462,414,4.683,48.1188133,-2.0873333,47.59,27.84,40.04,54.39,82.7,353,2,,
2025-07-25T08:30:39.862+0200,542,453,5.206,4774.595,51.98,30.13,41.15,59.21,,-0.68,127.50,20.58,31.20,2624,91,28,,,55,,,,,,0,2025-07-25T08:30:39.000+0200,462,414,4.683,48.1188133,-2.0873333,47.59,27.84,40.04,54.39,82.7,353,2,,
2025-07-25T08:30:40.456+0200,543,454,5.215,4774.604,51.51,30.16,41.16,59.21,,-5.50,127.60,32.75,50.00,4179,91,28,,,56,,,,,,0,2025-07-25T08:30:39.000+0200,462,414,4.683,48.1188133,-2.0873333,47.59,27.84,40.04,54.39,82.7,353,2,,
2025-07-25T08:30:40.480+0200,543,454,5.215,4774.604,51.51,30.16,41.16,59.21,,-5.50,127.60,32.75,50.00,4179,91,28,,,56,,,,,,0,2025-07-25T08:30:39.000+0200,462,414,4.683,48.1188133,-2.0873333,47.59,27.84,40.04,54.39,82.7,353,2,,
2025-07-25T08:30:41.086+0200,543,454,5.224,4774.613,51.51,30.18,41.18,59.21,,-1.35,127.70,26.00,39.70,3320,91,28,,,56,,,,,,0,2025-07-25T08:30:40.000+0200,463,415,4.696,48.1189300,-2.0873567,46.91,27.87,40.05,54.39,83.0,352,2,,
2025-07-25T08:30:41.112+0200,543,454,5.224,4774.613,51.51,30.18,41.18,59.21,,-1.35,127.70,26.00,39.70,3320,91,28,,,56,,,,,,0,2025-07-25T08:30:40.000+0200,463,415,4.696,48.1189300,-2.0873567,46.91,27.87,40.05,54.39,83.0,352,2,,
2025-07-25T08:30:41.720+0200,544,455,5.233,4774.622,51.91,30.20,41.19,59.21,,0.96,127.60,19.83,30.09,2530,91,28,,,55,,,,,,0,2025-07-25T08:30:41.000+0200,464,416,4.709,48.1190433,-2.0873833,46.90,27.90,40.07,54.39,83.4,353,2,,
2025-07-25T08:30:41.744+0200,544,455,5.233,4774.622,51.91,30.20,41.19,59.21,,0.96,127.60,19.83,30.09,2530,91,28,,,55,,,,,,0,2025-07-25T08:30:41.000+0200,464,416,4.709,48.1190433,-2.0873833,46.90,27.90,40.07,54.39,83.4,353,2,,
2025-07-25T08:30:42.343+0200,544,456,5.242,4774.631,52.01,30.22,41.21,59.21,,-2.16,127.50,17.69,26.80,2255,91,28,,,55,,,,,,0,2025-07-25T08:30:41.000+0200,464,416,4.709,48.1190433,-2.0873833,46.90,27.90,40.07,54.39,83.4,353,2,,
2025-07-25T08:30:42.367+0200,544,456,5.242,4774.631,52.01,30.22,41.21,59.21,,-2.16,127.50,17.69,26.80,2255,91,28,,,55,,,,,,0,2025-07-25T08:30:41.000+0200,464,416,4.709,48.1190433,-2.0873833,46.90,27.90,40.07,54.39,83.4,353,2,,
2025-07-25T08:30:42.958+0200,545,456,5.252,4774.640,51.98,30.24,41.22,59.21,,-1.20,127.60,15.37,23.30,1961,91,28,,,55,,,,,,0,2025-07-25T08:30:42.000+0200,465,417,4.721,48.1191567,-2.0874083,46.90,27.94,40.09,54.39,83.4,352,2,,
2025-07-25T08:30:42.979+0200,545,456,5.252,4774.640,51.98,30.24,41.22,59.21,,-1.20,127.60,15.37,23.30,1961,91,28,,,55,,,,,,0,2025-07-25T08:30:42.000+0200,465,417,4.721,48.1191567,-2.0874083,46.90,27.94,40.09,54.39,83.4,352,2,,
2025-07-25T08:30:43.578+0200,546,457,5.261,4774.649,52.95,30.27,41.24,59.21,,2.03,127.70,17.74,26.50,2265,91,28,,,54,,,,,,0,2025-07-25T08:30:42.000+0200,465,417,4.721,48.1191567,-2.0874083,46.90,27.94,40.09,54.39,83.4,352,2,,
2025-07-25T08:30:43.605+0200,546,457,5.261,4774.649,52.95,30.27,41.24,59.21,,2.03,127.70,17.74,26.50,2265,91,28,,,54,,,,,,0,2025-07-25T08:30:42.000+0200,465,417,4.721,48.1191567,-2.0874083,46.90,27.94,40.09,54.39,83.4,352,2,,
2025-07-25T08:30:44.192+0200,546,457,5.270,4774.658,52.48,30.29,41.25,59.21,,0.22,127.89,22.87,34.39,2925,91,28,,,55,,,,,,0,2025-07-25T08:30:43.000+0200,466,418,4.735,48.1192750,-2.0874333,46.83,27.97,40.10,54.39,83.6,352,2,,
2025-07-25T08:30:44.213+0200,546,458,5.270,4774.658,52.48,30.29,41.25,59.21,,0.22,127.89,22.87,34.39,2925,91,28,,,55,,,,,,0,2025-07-25T08:30:43.000+0200,466,418,4.735,48.1192750,-2.0874333,46.83,27.97,40.10,54.39,83.6,352,2,,
2025-07-25T08:30:44.838+0200,547,458,5.279,4774.667,51.26,30.31,41.27,59.21,,-0.12,128.00,9.00,13.79,1152,91,28,,,56,,,,,,0,2025-07-25T08:30:44.000+0200,467,419,4.747,48.1193867,-2.0874617,45.01,28.00,40.11,54.39,83.9,352,2,,
2025-07-25T08:30:44.858+0200,547,458,5.279,4774.667,51.26,30.31,41.27,59.21,,-0.12,128.00,9.00,13.79,1152,91,28,,,56,,,,,,0,2025-07-25T08:30:44.000+0200,467,419,4.747,48.1193867,-2.0874617,45.01,28.00,40.11,54.39,83.9,352,2,,
2025-07-25T08:30:45.459+0200,548,459,5.288,4774.676,49.57,30.33,41.28,59.21,,-1.80,128.20,10.42,16.40,1336,91,28,,,57,,,,,,0,2025-07-25T08:30:44.000+0200,467,419,4.747,48.1193867,-2.0874617,45.01,28.00,40.11,54.39,83.9,352,2,,
2025-07-25T08:30:45.481+0200,548,459,5.288,4774.676,49.57,30.33,41.28,59.21,,-1.80,128.20,10.42,16.40,1336,91,28,,,57,,,,,,0,2025-07-25T08:30:44.000+0200,467,419,4.747,48.1193867,-2.0874617,45.01,28.00,40.11,54.39,83.9,352,2,,
2025-07-25T08:30:46.074+0200,548,459,5.297,4774.685,50.43,30.35,41.29,59.21,,3.95,128.30,23.71,36.80,3042,91,28,,,57,,,,,,0,2025-07-25T08:30:45.000+0200,468,420,4.760,48.1194983,-2.0874850,43.68,28.02,40.12,54.39,84.7,352,2,,
2025-07-25T08:30:46.098+0200,548,459,5.297,4774.685,50.43,30.35,41.29,59.21,,3.95,128.30,23.71,36.80,3042,91,28,,,57,,,,,,0,2025-07-25T08:30:45.000+0200,468,420,4.760,48.1194983,-2.0874850,43.68,28.02,40.12,54.39,84.7,352,2,,
2025-07-25T08:30:46.693+0200,549,460,5.305,4774.693,47.80,30.37,41.30,59.21,,-3.72,128.39,9.45,15.29,1213,91,28,,,59,,,,,,0,2025-07-25T08:30:46.000+0200,469,421,4.772,48.1196067,-2.0875050,41.42,28.04,40.13,54.39,85.3,353,2,,
2025-07-25T08:30:46.708+0200,549,460,5.305,4774.693,47.80,30.37,41.30,59.21,,-3.72,128.39,9.45,15.29,1213,91,28,,,59,,,,,,0,2025-07-25T08:30:46.000+0200,469,421,4.772,48.1196067,-2.0875050,41.42,28.04,40.13,54.39,85.3,353,2,,
2025-07-25T08:30:47.336+0200,549,461,5.314,4774.702,47.41,30.38,41.31,59.21,,-3.23,128.59,7.79,12.70,1002,91,28,,,59,,,,,,0,2025-07-25T08:30:46.000+0200,469,421,4.772,48.1196067,-2.0875050,41.42,28.04,40.13,54.39,85.3,353,2,,
2025-07-25T08:30:47.361+0200,549,461,5.314,4774.702,47.41,30.38,41.31,59.21,,-3.23,128.59,7.79,12.70,1002,91,28,,,59,,,,,,0,2025-07-25T08:30:46.000+0200,469,421,4.772,48.1196067,-2.0875050,41.42,28.04,40.13,54.39,85.3,353,2,,
2025-07-25T08:30:47.955+0200,550,461,5.322,4774.710,45.79,30.40,41.31,59.21,,-1.68,128.70,18.47,30.90,2377,91,28,,,61,,,,,,0,2025-07-25T08:30:47.000+0200,470,422,4.784,48.1197150,-2.0875217,42.31,28.07,40.13,54.39,85.6,353,2,,
2025-07-25T08:30:47.978+0200,550,461,5.322,4774.710,45.79,30.40,41.31,59.21,,-1.68,128.70,18.47,30.90,2377,91,28,,,61,,,,,,0,2025-07-25T08:30:47.000+0200,470,422,4.784,48.1197150,-2.0875217,42.31,28.07,40.13,54.39,85.6,353,2,,
2025-07-25T08:30:48.574+0200,551,462,5.330,4774.718,46.51,30.41,41.32,59.21,,1.32,128.70,16.51,27.30,2125,91,28,,,60,,,,,,0,2025-07-25T08:30:47.000+0200,470,422,4.784,48.1197150,-2.0875217,42.31,28.07,40.13,54.39,85.6,353,2,,
2025-07-25T08:30:48.595+0200,551,462,5.330,4774.718,46.51,30.41,41.32,59.21,,1.32,128.70,16.51,27.30,2125,91,28,,,60,,,,,,0,2025-07-25T08:30:47.000+0200,470,422,4.784,48.1197150,-2.0875217,42.31,28.07,40.13,54.39,85.6,353,2,,
2025-07-25T08:30:49.194+0200,551,462,5.338,4774.726,46.44,30.43,41.33,59.21,,3.23,128.70,12.57,20.80,1618,91,28,,,60,,,,,,0,2025-07-25T08:30:48.000+0200,471,423,4.796,48.1198233,-2.0875400,41.54,28.09,40.13,54.39,86.2,352,2,,
2025-07-25T08:30:49.219+0200,551,463,5.338,4774.726,46.44,30.43,41.33,59.21,,3.23,128.70,12.57,20.80,1618,91,28,,,60,,,,,,0,2025-07-25T08:30:48.000+0200,471,423,4.796,48.1198233,-2.0875400,41.54,28.09,40.13,54.39,86.2,352,2,,
2025-07-25T08:30:49.819+0200,552,463,5.346,4774.734,45.90,30.45,41.33,59.21,,0.45,128.70,12.63,21.10,1625,91,28,,,61,,,,,,0,2025-07-25T08:30:49.000+0200,472,424,4.808,48.1199267,-2.0875583,41.42,28.11,40.14,54.39,86.6,352,2,,
2025-07-25T08:30:49.844+0200,552,463,5.346,4774.734,45.90,30.45,41.33,59.21,,0.45,128.70,12.63,21.10,1625,91,28,,,61,,,,,,0,2025-07-25T08:30:49.000+0200,472,424,4.808,48.1199267,-2.0875583,41.42,28.11,40.14,54.39,86.6,352,2,,
2025-07-25T08:30:50.437+0200,553,464,5.354,4774.742,45.14,30.46,41.34,59.21,,-0.56,128.89,11.00,18.60,1418,91,28,,,61,,,,,,0,2025-07-25T08:30:49.000+0200,472,424,4.808,48.1199267,-2.0875583,41.42,28.11,40.14,54.39,86.6,352,2,,
2025-07-25T08:30:50.463+0200,553,464,5.354,4774.742,45.14,30.46,41.34,59.21,,-0.56,128.89,11.00,18.60,1418,91,28,,,61,,,,,,0,2025-07-25T08:30:49.000+0200,472,424,4.808,48.1199267,-2.0875583,41.42,28.11,40.14,54.39,86.6,352,2,,
2025-07-25T08:30:51.053+0200,553,464,5.362,4774.750,44.99,30.47,41.34,59.21,,3.14,129.00,16.10,27.30,2077,91,27,,,62,,,,,,0,2025-07-25T08:30:50.000+0200,473,425,4.819,48.1200300,-2.0875800,41.39,28.13,40.14,54.39,86.9,353,2,,
2025-07-25T08:30:51.077+0200,553,464,5.362,4774.750,44.99,30.47,41.34,59.21,,3.14,129.00,16.10,27.30,2077,91,27,,,62,,,,,,0,2025-07-25T08:30:50.000+0200,473,425,4.819,48.1200300,-2.0875800,41.39,28.13,40.14,54.39,86.9,353,2,,
2025-07-25T08:30:51.698+0200,554,465,5.370,4774.758,45.82,30.49,41.35,59.21,,6.00,128.80,16.63,27.80,2142,91,27,,,61,,,,,,0,2025-07-25T08:30:51.000+0200,474,426,4.831,48.1201300,-2.0875983,40.70,28.15,40.14,54.39,87.3,356,2,,
2025-07-25T08:30:51.721+0200,554,465,5.370,4774.758,45.82,30.49,41.35,59.21,,6.00,128.80,16.63,27.80,2142,91,27,,,61,,,,,,0,2025-07-25T08:30:51.000+0200,474,426,4.831,48.1201300,-2.0875983,40.70,28.15,40.14,54.39,87.3,356,2,,
2025-07-25T08:30:52.316+0200,554,466,5.378,4774.766,45.14,30.50,41.35,59.21,,-3.71,128.89,7.39,12.50,952,91,27,,,61,,,,,,0,2025-07-25T08:30:51.000+0200,474,426,4.831,48.1201300,-2.0875983,40.70,28.15,40.14,54.39,87.3,356,2,,
2025-07-25T08:30:52.338+0200,554,466,5.378,4774.766,45.14,30.50,41.35,59.21,,-3.71,128.89,7.39,12.50,952,91,27,,,61,,,,,,0,2025-07-25T08:30:51.000+0200,474,426,4.831,48.1201300,-2.0875983,40.70,28.15,40.14,54.39,87.3,356,2,,
2025-07-25T08:30:52.943+0200,555,466,5.386,4774.774,44.28,30.52,41.36,59.21,,-2.27,129.00,11.24,19.29,1450,91,27,,,62,,,,,,0,2025-07-25T08:30:52.000+0200,475,427,4.842,48.1202317,-2.0876017,40.15,28.17,40.14,54.39,87.9,2,2,,
2025-07-25T08:30:52.964+0200,555,466,5.386,4774.774,44.28,30.52,41.36,59.21,,-2.27,129.00,11.24,19.29,1450,91,27,,,62,,,,,,0,2025-07-25T08:30:52.000+0200,475,427,4.842,48.1202317,-2.0876017,40.15,28.17,40.14,54.39,87.9,2,2,,
2025-07-25T08:30:53.554+0200,556,467,5.393,4774.781,44.31,30.53,41.36,59.21,,-1.08,129.09,11.31,19.40,1460,91,27,,,62,,,,,,0,2025-07-25T08:30:52.000+0200,475,427,4.842,48.1202317,-2.0876017,40.15,28.17,40.14,54.39,87.9,2,2,,
2025-07-25T08:30:53.574+0200,556,467,5.393,4774.781,44.31,30.53,41.36,59.21,,-1.08,129.09,11.31,19.40,1460,91,27,,,62,,,,,,0,2025-07-25T08:30:52.000+0200,475,427,4.842,48.1202317,-2.0876017,40.15,28.17,40.14,54.39,87.9,2,2,,
2025-07-25T08:30:54.176+0200,556,467,5.401,4774.789,44.82,30.54,41.37,59.21,,-0.45,129.09,15.88,27.00,2050,91,27,,,62,,,,,,0,2025-07-25T08:30:53.000+0200,476,428,4.853,48.1203317,-2.0875883,39.56,28.19,40.14,54.39,88.4,11,2,,
2025-07-25T08:30:54.198+0200,556,467,5.401,4774.789,44.82,30.54,41.37,59.21,,-0.45,129.09,15.88,27.00,2050,91,27,,,62,,,,,,0,2025-07-25T08:30:53.000+0200,476,428,4.853,48.1203317,-2.0875883,39.56,28.19,40.14,54.39,88.4,11,2,,
2025-07-25T08:30:54.799+0200,557,468,5.409,4774.797,45.10,30.56,41.37,59.21,,0.22,129.00,19.56,33.09,2523,91,27,,,61,,,,,,0,2025-07-25T08:30:54.000+0200,477,429,4.864,48.1204267,-2.0875500,39.57,28.21,40.14,54.39,88.6,19,2,,
2025-07-25T08:30:54.825+0200,557,468,5.409,4774.797,45.10,30.56,41.37,59.21,,0.22,129.00,19.56,33.09,2523,91,27,,,61,,,,,,0,2025-07-25T08:30:54.000+0200,477,429,4.864,48.1204267,-2.0875500,39.57,28.21,40.14,54.39,88.6,19,2,,
2025-07-25T08:30:55.417+0200,558,469,5.417,4774.805,46.11,30.57,41.38,59.21,,1.67,129.00,10.40,17.29,1342,91,27,,,61,,,,,,0,2025-07-25T08:30:54.000+0200,477,429,4.864,48.1204267,-2.0875500,39.57,28.21,40.14,54.39,88.6,19,2,,
2025-07-25T08:30:55.442+0200,558,469,5.417,4774.805,46.11,30.57,41.38,59.21,,1.67,129.00,10.40,17.29,1342,91,27,,,61,,,,,,0,2025-07-25T08:30:54.000+0200,477,429,4.864,48.1204267,-2.0875500,39.57,28.21,40.14,54.39,88.6,19,2,,
2025-07-25T08:30:56.056+0200,558,469,5.425,4774.813,46.00,30.59,41.38,59.21,,-1.44,129.09,4.02,6.70,519,91,27,,,61,,,,,,0,2025-07-25T08:30:55.000+0200,478,430,4.875,48.1205183,-2.0874883,41.21,28.23,40.14,54.39,88.9,28,2,,
2025-07-25T08:30:56.078+0200,558,469,5.425,4774.813,46.00,30.59,41.38,59.21,,-1.44,129.09,4.02,6.70,519,91,27,,,61,,,,,,0,2025-07-25T08:30:55.000+0200,478,430,4.875,48.1205183,-2.0874883,41.21,28.23,40.14,54.39,88.9,28,2,,
2025-07-25T08:30:56.658+0200,559,470,5.433,4774.821,46.18,30.60,41.39,59.21,,1.92,129.09,19.80,32.89,2556,91,27,,,61,,,,,,0,2025-07-25T08:30:56.000+0200,479,431,4.887,48.1206067,-2.0874133,41.71,28.25,40.14,54.39,88.8,34,2,,
2025-07-25T08:30:56.678+0200,559,470,5.433,4774.821,46.18,30.60,41.39,59.21,,1.92,129.09,19.80,32.89,2556,91,27,,,61,,,,,,0,2025-07-25T08:30:56.000+0200,479,431,4.887,48.1206067,-2.0874133,41.71,28.25,40.14,54.39,88.8,34,2,,
2025-07-25T08:30:57.280+0200,559,471,5.440,4774.828,46.26,30.62,41.39,59.21,,1.36,129.09,11.38,18.90,1469,91,27,,,61,,,,,,0,2025-07-25T08:30:56.000+0200,479,431,4.887,48.1206067,-2.0874133,41.71,28.25,40.14,54.39,88.8,34,2,,
2025-07-25T08:30:57.300+0200,559,471,5.440,4774.828,46.26,30.62,41.39,59.21,,1.36,129.09,11.38,18.90,1469,91,27,,,61,,,,,,0,2025-07-25T08:30:56.000+0200,479,431,4.887,48.1206067,-2.0874133,41.71,28.25,40.14,54.39,88.8,34,2,,
2025-07-25T08:30:57.917+0200,560,471,5.449,4774.837,47.48,30.64,41.40,59.21,,1.13,129.00,13.89,22.60,1792,91,27,,,59,,,,,,0,2025-07-25T08:30:57.000+0200,480,432,4.898,48.1206883,-2.0873183,41.19,28.27,40.15,54.39,88.6,39,2,,
2025-07-25T08:30:57.939+0200,560,471,5.449,4774.837,47.48,30.64,41.40,59.21,,1.13,129.00,13.89,22.60,1792,91,27,,,59,,,,,,0,2025-07-25T08:30:57.000+0200,480,432,4.898,48.1206883,-2.0873183,41.19,28.27,40.15,54.39,88.6,39,2,,
2025-07-25T08:30:58.538+0200,561,472,5.457,4774.845,48.16,30.65,41.41,59.21,,2.93,129.00,13.73,22.10,1771,91,27,,,59,,,,,,0,2025-07-25T08:30:57.000+0200,480,432,4.898,48.1206883,-2.0873183,41.19,28.27,40.15,54.39,88.6,39,2,,
2025-07-25T08:30:58.562+0200,561,472,5.457,4774.845,48.16,30.65,41.41,59.21,,2.93,129.00,13.73,22.10,1771,91,27,,,59,,,,,,0,2025-07-25T08:30:57.000+0200,480,432,4.898,48.1206883,-2.0873183,41.19,28.27,40.15,54.39,88.6,39,2,,
2025-07-25T08:30:59.157+0200,561,472,5.465,4774.853,49.21,30.67,41.42,59.21,,3.93,129.09,7.39,11.70,954,91,27,,,58,,,,,,0,2025-07-25T08:30:58.000+0200,481,433,4.910,48.1207633,-2.0872100,42.56,28.30,40.15,54.39,88.0,45,2,,
2025-07-25T08:30:59.180+0200,561,472,5.465,4774.853,49.21,30.67,41.42,59.21,,3.93,129.09,7.39,11.70,954,91,27,,,58,,,,,,0,2025-07-25T08:30:58.000+0200,481,433,4.910,48.1207633,-2.0872100,42.56,28.30,40.15,54.39,88.0,45,2,,
2025-07-25T08:30:59.773+0200,562,473,5.473,4774.862,48.20,30.69,41.43,59.21,,-1.35,129.39,-1.05,-3.40,-136,91,27,,,59,,,,,,0,2025-07-25T08:30:59.000+0200,482,434,4.922,48.1208267,-2.0870800,41.71,28.32,40.16,54.39,86.8,54,2,,
2025-07-25T08:30:59.794+0200,562,473,5.473,4774.862,48.20,30.69,41.43,59.21,,-1.35,129.39,-1.05,-3.40,-136,91,27,,,59,,,,,,0,2025-07-25T08:30:59.000+0200,482,434,4.922,48.1208267,-2.0870800,41.71,28.32,40.16,54.39,86.8,54,2,,
2025-07-25T08:31:00.398+0200,563,474,5.482,4774.870,48.24,30.70,41.44,59.21,,2.60,129.80,0.56,0.90,73,91,27,,,59,,,,,,0,2025-07-25T08:30:59.000+0200,482,434,4.922,48.1208267,-2.0870800,41.71,28.32,40.16,54.39,86.8,54,2,,
2025-07-25T08:31:00.427+0200,563,474,5.482,4774.870,48.24,30.70,41.44,59.21,,2.60,129.80,0.56,0.90,73,91,27,,,59,,,,,,0,2025-07-25T08:30:59.000+0200,482,434,4.922,48.1208267,-2.0870800,41.71,28.32,40.16,54.39,86.8,54,2,,
2025-07-25T08:31:01.020+0200,563,474,5.490,4774.878,48.06,30.72,41.45,59.21,,2.02,129.80,12.78,20.60,1659,91,27,,,59,,,,,,0,2025-07-25T08:31:00.000+0200,483,435,4.934,48.1208883,-2.0869400,43.46,28.34,40.16,54.39,86.0,56,2,,
2025-07-25T08:31:01.044+0200,563,474,5.490,4774.878,48.06,30.72,41.45,59.21,,2.02,129.80,12.78,20.60,1659,91,27,,,59,,,,,,0,2025-07-25T08:31:00.000+0200,483,435,4.934,48.1208883,-2.0869400,43.46,28.34,40.16,54.39,86.0,56,2,,
2025-07-25T08:31:01.652+0200,564,475,5.499,4774.887,49.24,30.74,41.46,59.21,,0.12,129.80,-0.53,-1.70,-69,91,27,,,58,,,,,,0,2025-07-25T08:31:01.000+0200,484,436,4.947,48.1209483,-2.0867850,43.42,28.37,40.17,54.39,84.9,59,2,,
2025-07-25T08:31:01.669+0200,564,475,5.499,4774.887,49.24,30.74,41.46,59.21,,0.12,129.80,-0.53,-1.70,-69,91,27,,,58,,,,,,0,2025-07-25T08:31:01.000+0200,484,436,4.947,48.1209483,-2.0867850,43.42,28.37,40.17,54.39,84.9,59,2,,
2025-07-25T08:31:02.279+0200,564,476,5.507,4774.895,49.03,30.76,41.47,59.21,,-0.67,130.09,0.12,0.19,16,91,27,,,58,,,,,,0,2025-07-25T08:31:01.000+0200,484,436,4.947,48.1209483,-2.0867850,43.42,28.37,40.17,54.39,84.9,59,2,,
2025-07-25T08:31:02.297+0200,564,476,5.507,4774.895,49.03,30.76,41.47,59.21,,-0.67,130.09,0.12,0.19,16,91,27,,,58,,,,,,0,2025-07-25T08:31:01.000+0200,484,436,4.947,48.1209483,-2.0867850,43.42,28.37,40.17,54.39,84.9,59,2,,
2025-07-25T08:31:02.896+0200,565,476,5.516,4774.904,48.74,30.77,41.48,59.21,,-0.56,130.20,0.94,1.50,122,91,27,,,59,,,,,,0,2025-07-25T08:31:02.000+0200,485,437,4.960,48.1210033,-2.0866450,46.19,28.40,40.18,54.39,83.8,59,2,,
2025-07-25T08:31:02.915+0200,565,476,5.516,4774.904,48.74,30.77,41.48,59.21,,-0.56,130.20,0.94,1.50,122,91,27,,,59,,,,,,0,2025-07-25T08:31:02.000+0200,485,437,4.960,48.1210033,-2.0866450,46.19,28.40,40.18,54.39,83.8,59,2,,
2025-07-25T08:31:03.537+0200,566,477,5.524,4774.912,49.21,30.79,41.49,59.21,,1.20,130.20,-2.11,-6.70,-275,91,27,,,58,,,,,,0,2025-07-25T08:31:02.000+0200,485,437,4.960,48.1210033,-2.0866450,46.19,28.40,40.18,54.39,83.8,59,2,,
2025-07-25T08:31:03.563+0200,566,477,5.524,4774.912,49.21,30.79,41.49,59.21,,1.20,130.20,-2.11,-6.70,-275,91,27,,,58,,,,,,0,2025-07-25T08:31:02.000+0200,485,437,4.960,48.1210033,-2.0866450,46.19,28.40,40.18,54.39,83.8,59,2,,
2025-07-25T08:31:04.140+0200,566,477,5.533,4774.921,47.16,30.81,41.49,59.21,,-2.60,130.50,4.40,7.20,574,91,27,,,60,,,,,,0,2025-07-25T08:31:03.000+0200,486,438,4.972,48.1210583,-2.0865033,43.29,28.42,40.19,54.39,82.9,60,2,,
2025-07-25T08:31:04.165+0200,566,477,5.533,4774.921,47.16,30.81,41.49,59.21,,-2.60,130.50,4.40,7.20,574,91,27,,,60,,,,,,0,2025-07-25T08:31:03.000+0200,486,438,4.972,48.1210583,-2.0865033,43.29,28.42,40.19,54.39,82.9,60,2,,
2025-07-25T08:31:04.777+0200,567,478,5.541,4774.929,46.65,30.82,41.50,59.21,,-2.89,130.59,0.48,0.79,63,91,27,,,61,,,,,,0,2025-07-25T08:31:04.000+0200,487,439,4.984,48.1211083,-2.0863617,40.70,28.44,40.19,54.39,82.2,58,2,,
2025-07-25T08:31:04.794+0200,567,478,5.541,4774.929,46.65,30.82,41.50,59.21,,-2.89,130.59,0.48,0.79,63,91,27,,,61,,,,,,0,2025-07-25T08:31:04.000+0200,487,439,4.984,48.1211083,-2.0863617,40.70,28.44,40.19,54.39,82.2,58,2,,
2025-07-25T08:31:05.375+0200,568,479,5.549,4774.937,45.86,30.84,41.51,59.21,,-1.01,130.70,-1.55,-5.20,-203,92,26,,,61,,,,,,0,2025-07-25T08:31:04.000+0200,487,439,4.984,48.1211083,-2.0863617,40.70,28.44,40.19,54.39,82.2,58,2,,
2025-07-25T08:31:05.397+0200,568,479,5.549,4774.937,45.86,30.84,41.51,59.21,,-1.01,130.70,-1.55,-5.20,-203,92,26,,,61,,,,,,0,2025-07-25T08:31:04.000+0200,487,439,4.984,48.1211083,-2.0863617,40.70,28.44,40.19,54.39,82.2,58,2,,
2025-07-25T08:31:06.014+0200,568,479,5.557,4774.945,45.28,30.85,41.51,59.21,,0.48,130.89,-3.94,-13.29,-516,92,26,,,62,,,,,,0,2025-07-25T08:31:05.000+0200,488,440,4.995,48.1211600,-2.0862267,42.16,28.46,40.20,54.39,81.8,62,2,,
2025-07-25T08:31:06.034+0200,568,479,5.557,4774.945,45.28,30.85,41.51,59.21,,0.48,130.89,-3.94,-13.29,-516,92,26,,,62,,,,,,0,2025-07-25T08:31:05.000+0200,488,440,4.995,48.1211600,-2.0862267,42.16,28.46,40.20,54.39,81.8,62,2,,
2025-07-25T08:31:06.636+0200,569,480,5.565,4774.953,44.46,30.86,41.52,59.21,,1.55,130.89,5.43,9.30,711,92,26,,,63,,,,,,0,2025-07-25T08:31:05.000+0200,489,441,4.995,48.1211600,-2.0862267,42.16,28.46,40.20,54.39,81.8,62,2,,
2025-07-25T08:31:06.655+0200,569,480,5.565,4774.953,44.46,30.86,41.52,59.21,,1.55,130.89,5.43,9.30,711,92,26,,,63,,,,,,0,2025-07-25T08:31:05.000+0200,489,441,4.995,48.1211600,-2.0862267,42.16,28.46,40.20,54.39,81.8,62,2,,
2025-07-25T08:31:07.259+0200,569,481,5.573,4774.961,45.14,30.88,41.52,59.21,,-1.13,130.80,-0.79,-2.70,-103,92,26,,,62,,,,,,0,2025-07-25T08:31:06.000+0200,489,441,5.007,48.1212083,-2.0860833,40.45,28.48,40.20,54.39,81.7,58,2,,
2025-07-25T08:31:07.283+0200,569,481,5.573,4774.961,45.14,30.88,41.52,59.21,,-1.13,130.80,-0.79,-2.70,-103,92,26,,,62,,,,,,0,2025-07-25T08:31:06.000+0200,489,441,5.007,48.1212083,-2.0860833,40.45,28.48,40.20,54.39,81.7,58,2,,
2025-07-25T08:31:07.875+0200,570,481,5.581,4774.969,45.07,30.89,41.52,59.21,,3.81,130.70,18.84,31.90,2462,92,26,,,62,,,,,,0,2025-07-25T08:31:07.000+0200,490,442,5.019,48.1212583,-2.0859483,41.99,28.50,40.20,54.39,81.2,60,2,,
2025-07-25T08:31:07.895+0200,570,481,5.581,4774.969,45.07,30.89,41.52,59.21,,3.81,130.70,18.84,31.90,2462,92,26,,,62,,,,,,0,2025-07-25T08:31:07.000+0200,490,442,5.019,48.1212583,-2.0859483,41.99,28.50,40.20,54.39,81.2,60,2,,
2025-07-25T08:31:08.497+0200,571,482,5.588,4774.976,48.38,30.91,41.53,59.21,,5.62,130.09,16.78,26.90,2183,92,26,,,59,,,,,,0,2025-07-25T08:31:07.000+0200,490,442,5.019,48.1212583,-2.0859483,41.99,28.50,40.20,54.39,81.2,60,2,,
2025-07-25T08:31:08.518+0200,571,482,5.588,4774.976,48.38,30.91,41.53,59.21,,5.62,130.09,16.78,26.90,2183,92,26,,,59,,,,,,0,2025-07-25T08:31:07.000+0200,490,442,5.019,48.1212583,-2.0859483,41.99,28.50,40.20,54.39,81.2,60,2,,
2025-07-25T08:31:09.120+0200,571,482,5.597,4774.985,48.56,30.92,41.54,59.21,,-0.67,130.09,-0.75,-2.39,-98,92,26,,,59,,,,,,0,2025-07-25T08:31:08.000+0200,491,443,5.030,48.1213117,-2.0858133,42.52,28.53,40.21,54.39,81.0,59,2,,
2025-07-25T08:31:09.142+0200,571,482,5.597,4774.985,48.56,30.92,41.54,59.21,,-0.67,130.09,-0.75,-2.39,-98,92,26,,,59,,,,,,0,2025-07-25T08:31:08.000+0200,491,443,5.030,48.1213117,-2.0858133,42.52,28.53,40.21,54.39,81.0,59,2,,
2025-07-25T08:31:09.763+0200,572,483,5.605,4774.993,47.16,30.94,41.55,59.21,,-1.32,130.30,0.97,1.59,126,92,26,,,60,,,,,,0,2025-07-25T08:31:09.000+0200,492,444,5.042,48.1213667,-2.0856767,43.37,28.55,40.21,54.39,80.7,59,2,,
2025-07-25T08:31:09.786+0200,572,483,5.605,4774.993,47.16,30.94,41.55,59.21,,-1.32,130.30,0.97,1.59,126,92,26,,,60,,,,,,0,2025-07-25T08:31:09.000+0200,492,444,5.042,48.1213667,-2.0856767,43.37,28.55,40.21,54.39,80.7,59,2,,
2025-07-25T08:31:10.380+0200,572,484,5.613,4775.001,47.08,30.96,41.56,59.21,,-0.24,130.50,1.28,2.09,167,92,26,,,60,,,,,,0,2025-07-25T08:31:09.000+0200,492,444,5.042,48.1213667,-2.0856767,43.37,28.55,40.21,54.39,80.7,59,2,,
2025-07-25T08:31:10.403+0200,572,484,5.613,4775.001,47.08,30.96,41.56,59.21,,-0.24,130.50,1.28,2.09,167,92,26,,,60,,,,,,0,2025-07-25T08:31:09.000+0200,492,444,5.042,48.1213667,-2.0856767,43.37,28.55,40.21,54.39,80.7,59,2,,
2025-07-25T08:31:10.997+0200,573,484,5.621,4775.009,46.87,30.97,41.56,59.21,,-0.48,130.59,-1.67,-5.50,-218,92,26,,,60,,,,,,0,2025-07-25T08:31:10.000+0200,493,445,5.054,48.1214233,-2.0855433,42.60,28.57,40.22,54.39,80.1,57,2,,
2025-07-25T08:31:11.021+0200,573,484,5.621,4775.009,46.87,30.97,41.56,59.21,,-0.48,130.59,-1.67,-5.50,-218,92,26,,,60,,,,,,0,2025-07-25T08:31:10.000+0200,493,445,5.054,48.1214233,-2.0855433,42.60,28.57,40.22,54.39,80.1,57,2,,
2025-07-25T08:31:11.624+0200,574,485,5.629,4775.017,46.44,30.99,41.57,59.21,,-0.60,130.80,0.60,1.00,78,92,26,,,61,,,,,,0,2025-07-25T08:31:10.000+0200,494,446,5.054,48.1214233,-2.0855433,42.60,28.57,40.22,54.39,80.1,57,2,,
2025-07-25T08:31:11.647+0200,574,485,5.629,4775.017,46.44,30.99,41.57,59.21,,-0.60,130.80,0.60,1.00,78,92,26,,,61,,,,,,0,2025-07-25T08:31:10.000+0200,494,446,5.054,48.1214233,-2.0855433,42.60,28.57,40.22,54.39,80.1,57,2,,
2025-07-25T08:31:12.235+0200,574,486,5.637,4775.025,45.35,31.00,41.57,59.21,,-0.36,130.89,-1.21,-4.10,-158,93,26,,,62,,,,,,0,2025-07-25T08:31:11.000+0200,494,446,5.066,48.1214850,-2.0854150,41.96,28.59,40.22,54.39,79.4,53,2,,
2025-07-25T08:31:12.261+0200,574,486,5.637,4775.025,45.35,31.00,41.57,59.21,,-0.36,130.89,-1.21,-4.10,-158,93,26,,,62,,,,,,0,2025-07-25T08:31:11.000+0200,494,446,5.066,48.1214850,-2.0854150,41.96,28.59,40.22,54.39,79.4,53,2,,
2025-07-25T08:31:12.878+0200,575,486,5.645,4775.033,46.44,31.01,41.58,59.21,,3.24,130.89,4.71,7.80,616,93,26,,,61,,,,,,0,2025-07-25T08:31:12.000+0200,495,447,5.077,48.1215600,-2.0853133,41.46,28.61,40.23,54.39,78.8,41,2,,
2025-07-25T08:31:12.900+0200,575,486,5.645,4775.033,46.44,31.01,41.58,59.21,,3.24,130.89,4.71,7.80,616,93,26,,,61,,,,,,0,2025-07-25T08:31:12.000+0200,495,447,5.077,48.1215600,-2.0853133,41.46,28.61,40.23,54.39,78.8,41,2,,
2025-07-25T08:31:13.478+0200,576,487,5.653,4775.041,45.64,31.03,41.58,59.21,,-0.11,130.89,2.80,4.69,366,93,26,,,62,,,,,,0,2025-07-25T08:31:12.000+0200,495,447,5.077,48.1215600,-2.0853133,41.46,28.61,40.23,54.39,78.8,41,2,,
2025-07-25T08:31:13.502+0200,576,487,5.653,4775.041,45.64,31.03,41.58,59.21,,-0.11,130.89,2.80,4.69,366,93,26,,,62,,,,,,0,2025-07-25T08:31:12.000+0200,495,447,5.077,48.1215600,-2.0853133,41.46,28.61,40.23,54.39,78.8,41,2,,
2025-07-25T08:31:14.115+0200,576,487,5.661,4775.049,46.36,31.04,41.59,59.21,,0.96,130.89,0.96,1.59,126,93,26,,,61,,,,,,0,2025-07-25T08:31:13.000+0200,496,448,5.088,48.1216467,-2.0852300,41.04,28.63,40.23,54.39,78.0,31,2,,
2025-07-25T08:31:14.137+0200,576,487,5.661,4775.049,46.36,31.04,41.59,59.21,,0.96,130.89,0.96,1.59,126,93,26,,,61,,,,,,0,2025-07-25T08:31:13.000+0200,496,448,5.088,48.1216467,-2.0852300,41.04,28.63,40.23,54.39,78.0,31,2,,
2025-07-25T08:31:14.737+0200,577,488,5.669,4775.057,45.14,31.06,41.60,59.21,,-0.96,130.80,2.36,4.00,309,93,26,,,62,,,,,,0,2025-07-25T08:31:14.000+0200,497,449,5.100,48.1217433,-2.0851800,39.93,28.65,40.23,54.39,77.2,17,2,,
2025-07-25T08:31:14.758+0200,577,488,5.669,4775.057,45.14,31.06,41.60,59.21,,-0.96,130.80,2.36,4.00,309,93,26,,,62,,,,,,0,2025-07-25T08:31:14.000+0200,497,449,5.100,48.1217433,-2.0851800,39.93,28.65,40.23,54.39,77.2,17,2,,
2025-07-25T08:31:15.360+0200,577,489,5.677,4775.065,45.14,31.07,41.60,59.21,,0.90,130.70,9.10,15.40,1189,93,26,,,62,,,,,,0,2025-07-25T08:31:14.000+0200,497,449,5.100,48.1217433,-2.0851800,39.93,28.65,40.23,54.39,77.2,17,2,,
2025-07-25T08:31:15.383+0200,577,489,5.677,4775.065,45.14,31.07,41.60,59.21,,0.90,130.70,9.10,15.40,1189,93,26,,,62,,,,,,0,2025-07-25T08:31:14.000+0200,497,449,5.100,48.1217433,-2.0851800,39.93,28.65,40.23,54.39,77.2,17,2,,
2025-07-25T08:31:15.987+0200,578,489,5.685,4775.073,45.14,31.08,41.60,59.21,,-2.89,130.50,7.09,12.00,925,93,26,,,62,,,,,,0,2025-07-25T08:31:15.000+0200,498,450,5.112,48.1218500,-2.0851683,42.06,28.67,40.23,54.39,76.4,3,2,,
2025-07-25T08:31:16.031+0200,578,489,5.685,4775.073,45.14,31.08,41.60,59.21,,-2.89,130.50,7.09,12.00,925,93,26,,,62,,,,,,0,2025-07-25T08:31:15.000+0200,498,450,5.112,48.1218500,-2.0851683,42.06,28.67,40.23,54.39,76.4,3,2,,
2025-07-25T08:31:16.600+0200,579,490,5.693,4775.081,46.29,31.10,41.61,59.21,,3.17,130.39,8.62,14.29,1124,93,26,,,61,,,,,,0,2025-07-25T08:31:15.000+0200,498,450,5.112,48.1218500,-2.0851683,42.06,28.67,40.23,54.39,76.4,3,2,,
2025-07-25T08:31:16.619+0200,579,490,5.693,4775.081,46.29,31.10,41.61,59.21,,3.17,130.39,8.62,14.29,1124,93,26,,,61,,,,,,0,2025-07-25T08:31:15.000+0200,498,450,5.112,48.1218500,-2.0851683,42.06,28.67,40.23,54.39,76.4,3,2,,
2025-07-25T08:31:17.211+0200,579,490,5.701,4775.089,45.28,31.11,41.61,59.21,,-0.34,130.39,6.58,11.10,858,93,26,,,62,,,,,,0,2025-07-25T08:31:16.000+0200,499,451,5.123,48.1219550,-2.0851883,41.04,28.69,40.23,54.39,75.5,350,2,,
2025-07-25T08:31:17.232+0200,579,491,5.701,4775.089,45.28,31.11,41.61,59.21,,-0.34,130.39,6.58,11.10,858,93,26,,,62,,,,,,0,2025-07-25T08:31:16.000+0200,499,451,5.123,48.1219550,-2.0851883,41.04,28.69,40.23,54.39,75.5,350,2,,
2025-07-25T08:31:17.855+0200,580,491,5.709,4775.097,45.10,31.12,41.62,59.21,,-0.90,130.30,10.46,17.69,1363,93,26,,,62,,,,,,0,2025-07-25T08:31:17.000+0200,500,452,5.135,48.1220600,-2.0852200,41.70,28.71,40.24,54.39,74.9,339,2,,
2025-07-25T08:31:17.884+0200,580,491,5.709,4775.097,45.10,31.12,41.62,59.21,,-0.90,130.30,10.46,17.69,1363,93,26,,,62,,,,,,0,2025-07-25T08:31:17.000+0200,500,452,5.135,48.1220600,-2.0852200,41.70,28.71,40.24,54.39,74.9,339,2,,
2025-07-25T08:31:18.471+0200,581,492,5.716,4775.104,45.10,31.14,41.62,59.21,,0.00,130.20,11.17,18.90,1454,93,26,,,62,,,,,,0,2025-07-25T08:31:17.000+0200,500,452,5.135,48.1220600,-2.0852200,41.70,28.71,40.24,54.39,74.9,339,2,,
2025-07-25T08:31:18.489+0200,581,492,5.716,4775.104,45.10,31.14,41.62,59.21,,0.00,130.20,11.17,18.90,1454,93,26,,,62,,,,,,0,2025-07-25T08:31:17.000+0200,500,452,5.135,48.1220600,-2.0852200,41.70,28.71,40.24,54.39,74.9,339,2,,
2025-07-25T08:31:19.098+0200,581,492,5.724,4775.112,45.32,31.15,41.63,59.21,,0.60,130.09,10.08,17.00,1311,93,26,,,62,,,,,,0,2025-07-25T08:31:18.000+0200,501,453,5.147,48.1221483,-2.0853017,41.27,28.73,40.24,54.39,74.6,326,2,,
2025-07-25T08:31:19.120+0200,581,492,5.724,4775.112,45.32,31.15,41.63,59.21,,0.60,130.09,10.08,17.00,1311,93,26,,,62,,,,,,0,2025-07-25T08:31:18.000+0200,501,453,5.147,48.1221483,-2.0853017,41.27,28.73,40.24,54.39,74.6,326,2,,
2025-07-25T08:31:19.717+0200,582,493,5.732,4775.120,45.17,31.16,41.63,59.21,,0.12,130.00,7.21,12.20,937,93,26,,,62,,,,,,0,2025-07-25T08:31:19.000+0200,502,454,5.159,48.1222267,-2.0854167,46.16,28.76,40.25,54.39,74.2,318,2,,
2025-07-25T08:31:19.739+0200,582,493,5.732,4775.120,45.17,31.16,41.63,59.21,,0.12,130.00,7.21,12.20,937,93,26,,,62,,,,,,0,2025-07-25T08:31:19.000+0200,502,454,5.159,48.1222267,-2.0854167,46.16,28.76,40.25,54.39,74.2,318,2,,
2025-07-25T08:31:20.335+0200,582,494,5.740,4775.128,44.92,31.18,41.64,59.21,,1.80,129.89,16.14,27.40,2096,93,26,,,62,,,,,,0,2025-07-25T08:31:19.000+0200,502,454,5.159,48.1222267,-2.0854167,46.16,28.76,40.25,54.39,74.2,318,2,,
2025-07-25T08:31:20.355+0200,582,494,5.740,4775.128,44.92,31.18,41.64,59.21,,1.80,129.89,16.14,27.40,2096,93,26,,,62,,,,,,0,2025-07-25T08:31:19.000+0200,502,454,5.159,48.1222267,-2.0854167,46.16,28.76,40.25,54.39,74.2,318,2,,
2025-07-25T08:31:20.954+0200,583,494,5.748,4775.136,47.16,31.19,41.64,59.21,,3.35,129.39,22.75,37.20,2944,93,26,,,60,,,,,,0,2025-07-25T08:31:20.000+0200,503,455,5.172,48.1223017,-2.0855400,43.81,28.78,40.26,54.39,74.0,312,2,,
2025-07-25T08:31:20.974+0200,583,494,5.748,4775.136,47.16,31.19,41.64,59.21,,3.35,129.39,22.75,37.20,2944,93,26,,,60,,,,,,0,2025-07-25T08:31:20.000+0200,503,455,5.172,48.1223017,-2.0855400,43.81,28.78,40.26,54.39,74.0,312,2,,
2025-07-25T08:31:21.580+0200,584,495,5.756,4775.144,49.17,31.21,41.65,59.21,,2.64,129.20,19.07,30.20,2464,93,26,,,58,,,,,,0,2025-07-25T08:31:20.000+0200,503,455,5.172,48.1223017,-2.0855400,43.81,28.78,40.26,54.39,74.0,312,2,,
2025-07-25T08:31:21.601+0200,584,495,5.756,4775.144,49.17,31.21,41.65,59.21,,2.64,129.20,19.07,30.20,2464,93,26,,,58,,,,,,0,2025-07-25T08:31:20.000+0200,503,455,5.172,48.1223017,-2.0855400,43.81,28.78,40.26,54.39,74.0,312,2,,
2025-07-25T08:31:22.197+0200,584,495,5.764,4775.152,47.95,31.22,41.66,59.21,,-3.91,129.09,14.62,23.60,1887,93,26,,,59,,,,,,0,2025-07-25T08:31:21.000+0200,504,456,5.184,48.1223667,-2.0856683,44.15,28.81,40.27,54.39,74.0,310,2,,
2025-07-25T08:31:22.221+0200,584,495,5.764,4775.152,47.95,31.22,41.66,59.21,,-3.91,129.09,14.62,23.60,1887,93,26,,,59,,,,,,0,2025-07-25T08:31:21.000+0200,504,456,5.184,48.1223667,-2.0856683,44.15,28.81,40.27,54.39,74.0,310,2,,
2025-07-25T08:31:22.819+0200,585,496,5.773,4775.161,47.95,31.24,41.67,59.21,,-3.72,129.30,3.53,5.70,456,93,26,,,59,,,,,,0,2025-07-25T08:31:22.000+0200,505,457,5.196,48.1224333,-2.0858000,42.83,28.83,40.27,54.39,74.0,305,2,,
2025-07-25T08:31:22.841+0200,585,496,5.773,4775.161,47.95,31.24,41.67,59.21,,-3.72,129.30,3.53,5.70,456,93,26,,,59,,,,,,0,2025-07-25T08:31:22.000+0200,505,457,5.196,48.1224333,-2.0858000,42.83,28.83,40.27,54.39,74.0,305,2,,
2025-07-25T08:31:23.459+0200,586,497,5.781,4775.170,47.77,31.26,41.68,59.21,,-1.57,129.50,5.99,9.70,776,93,26,,,59,,,,,,0,2025-07-25T08:31:22.000+0200,505,457,5.196,48.1224333,-2.0858000,42.83,28.83,40.27,54.39,74.0,305,2,,
2025-07-25T08:31:23.482+0200,586,497,5.781,4775.170,47.77,31.26,41.68,59.21,,-1.57,129.50,5.99,9.70,776,93,26,,,59,,,,,,0,2025-07-25T08:31:22.000+0200,505,457,5.196,48.1224333,-2.0858000,42.83,28.83,40.27,54.39,74.0,305,2,,
2025-07-25T08:31:24.077+0200,586,497,5.790,4775.178,47.19,31.27,41.68,59.21,,-3.46,129.70,4.46,7.30,578,93,26,,,60,,,,,,0,2025-07-25T08:31:23.000+0200,506,458,5.208,48.1224983,-2.0859250,42.75,28.85,40.28,54.39,73.7,308,2,,
2025-07-25T08:31:24.101+0200,586,497,5.790,4775.178,47.19,31.27,41.68,59.21,,-3.46,129.70,4.46,7.30,578,93,26,,,60,,,,,,0,2025-07-25T08:31:23.000+0200,506,458,5.208,48.1224983,-2.0859250,42.75,28.85,40.28,54.39,73.7,308,2,,
2025-07-25T08:31:24.720+0200,587,498,5.798,4775.186,46.87,31.29,41.69,59.21,,0.24,129.80,3.22,5.30,418,93,26,,,60,,,,,,0,2025-07-25T08:31:24.000+0200,507,459,5.219,48.1225617,-2.0860433,40.52,28.87,40.28,54.39,73.0,308,2,,
2025-07-25T08:31:24.742+0200,587,498,5.798,4775.186,46.87,31.29,41.69,59.21,,0.24,129.80,3.22,5.30,418,93,26,,,60,,,,,,0,2025-07-25T08:31:24.000+0200,507,459,5.219,48.1225617,-2.0860433,40.52,28.87,40.28,54.39,73.0,308,2,,
2025-07-25T08:31:25.339+0200,587,499,5.806,4775.194,45.79,31.30,41.70,59.21,,-2.40,130.00,1.19,2.00,155,93,26,,,61,,,,,,0,2025-07-25T08:31:24.000+0200,507,459,5.219,48.1225617,-2.0860433,40.52,28.87,40.28,54.39,73.0,308,2,,
2025-07-25T08:31:25.362+0200,587,499,5.806,4775.194,45.79,31.30,41.70,59.21,,-2.40,130.00,1.19,2.00,155,93,26,,,61,,,,,,0,2025-07-25T08:31:24.000+0200,507,459,5.219,48.1225617,-2.0860433,40.52,28.87,40.28,54.39,73.0,308,2,,
2025-07-25T08:31:25.961+0200,588,499,5.814,4775.202,45.14,31.31,41.70,59.21,,-0.11,130.20,0.35,0.59,46,93,26,,,62,,,,,,0,2025-07-25T08:31:25.000+0200,508,460,5.230,48.1226233,-2.0861633,42.46,28.89,40.28,54.39,72.3,310,2,,
2025-07-25T08:31:25.983+0200,588,499,5.814,4775.202,45.14,31.31,41.70,59.21,,-0.11,130.20,0.35,0.59,46,93,26,,,62,,,,,,0,2025-07-25T08:31:25.000+0200,508,460,5.230,48.1226233,-2.0861633,42.46,28.89,40.28,54.39,72.3,310,2,,
2025-07-25T08:31:26.574+0200,589,500,5.822,4775.210,44.28,31.33,41.70,59.21,,-2.87,130.39,-1.04,-3.60,-136,94,26,,,63,,,,,,0,2025-07-25T08:31:25.000+0200,508,460,5.230,48.1226233,-2.0861633,42.46,28.89,40.28,54.39,72.3,310,2,,
2025-07-25T08:31:26.604+0200,589,500,5.822,4775.210,44.28,31.33,41.70,59.21,,-2.87,130.39,-1.04,-3.60,-136,94,26,,,63,,,,,,0,2025-07-25T08:31:25.000+0200,508,460,5.230,48.1226233,-2.0861633,42.46,28.89,40.28,54.39,72.3,310,2,,
2025-07-25T08:31:27.224+0200,589,500,5.830,4775.218,44.06,31.34,41.71,59.21,,-1.57,130.50,-0.49,-1.70,-64,94,26,,,63,,,,,,0,2025-07-25T08:31:26.000+0200,509,461,5.241,48.1226833,-2.0862783,40.41,28.91,40.28,54.39,71.6,310,2,,
2025-07-25T08:31:27.247+0200,589,501,5.830,4775.218,44.06,31.34,41.71,59.21,,-1.57,130.50,-0.49,-1.70,-64,94,26,,,63,,,,,,0,2025-07-25T08:31:26.000+0200,509,461,5.241,48.1226833,-2.0862783,40.41,28.91,40.28,54.39,71.6,310,2,,
2025-07-25T08:31:27.815+0200,590,501,5.838,4775.225,43.30,31.35,41.71,59.21,,0.67,130.70,-0.68,-2.39,-89,94,25,,,63,,,,,,0,2025-07-25T08:31:27.000+0200,510,462,5.252,48.1227433,-2.0863933,39.94,28.92,40.28,54.39,70.8,310,2,,
2025-07-25T08:31:27.835+0200,590,501,5.838,4775.225,43.30,31.35,41.71,59.21,,0.67,130.70,-0.68,-2.39,-89,94,25,,,63,,,,,,0,2025-07-25T08:31:27.000+0200,510,462,5.252,48.1227433,-2.0863933,39.94,28.92,40.28,54.39,70.8,310,2,,
2025-07-25T08:31:28.438+0200,591,502,5.845,4775.233,43.05,31.36,41.71,59.21,,-0.11,130.70,0.34,0.59,44,94,25,,,64,,,,,,0,2025-07-25T08:31:27.000+0200,510,462,5.252,48.1227433,-2.0863933,39.94,28.92,40.28,54.39,70.8,310,2,,
2025-07-25T08:31:28.462+0200,591,502,5.845,4775.233,43.05,31.36,41.71,59.21,,-0.11,130.70,0.34,0.59,44,94,25,,,64,,,,,,0,2025-07-25T08:31:27.000+0200,510,462,5.252,48.1227433,-2.0863933,39.94,28.92,40.28,54.39,70.8,310,2,,
2025-07-25T08:31:29.055+0200,591,502,5.853,4775.240,42.19,31.37,41.71,59.21,,-2.68,130.80,-0.64,-2.30,-84,94,25,,,64,,,,,,0,2025-07-25T08:31:28.000+0200,511,463,5.263,48.1228067,-2.0865050,40.52,28.94,40.28,54.39,69.9,310,2,,
2025-07-25T08:31:29.078+0200,591,502,5.853,4775.240,42.19,31.37,41.71,59.21,,-2.68,130.80,-0.64,-2.30,-84,94,25,,,64,,,,,,0,2025-07-25T08:31:28.000+0200,511,463,5.263,48.1228067,-2.0865050,40.52,28.94,40.28,54.39,69.9,310,2,,
2025-07-25T08:31:29.675+0200,592,503,5.860,4775.248,42.37,31.38,41.71,59.21,,-0.56,130.89,1.97,3.50,258,94,25,,,64,,,,,,0,2025-07-25T08:31:29.000+0200,512,464,5.274,48.1228733,-2.0866183,37.98,28.96,40.28,54.39,69.5,312,2,,
2025-07-25T08:31:29.698+0200,592,503,5.860,4775.248,42.37,31.38,41.71,59.21,,-0.56,130.89,1.97,3.50,258,94,25,,,64,,,,,,0,2025-07-25T08:31:29.000+0200,512,464,5.274,48.1228733,-2.0866183,37.98,28.96,40.28,54.39,69.5,312,2,,
2025-07-25T08:31:30.301+0200,592,504,5.868,4775.255,42.76,31.39,41.71,59.21,,3.05,130.89,2.78,4.90,364,94,25,,,64,,,,,,0,2025-07-25T08:31:29.000+0200,512,464,5.274,48.1228733,-2.0866183,37.98,28.96,40.28,54.39,69.5,312,2,,
2025-07-25T08:31:30.326+0200,592,504,5.868,4775.255,42.76,31.39,41.71,59.21,,3.05,130.89,2.78,4.90,364,94,25,,,64,,,,,,0,2025-07-25T08:31:29.000+0200,512,464,5.274,48.1228733,-2.0866183,37.98,28.96,40.28,54.39,69.5,312,2,,
2025-07-25T08:31:30.937+0200,593,504,5.875,4775.263,43.05,31.40,41.71,59.21,,4.19,130.89,2.62,4.60,343,94,25,,,64,,,,,,0,2025-07-25T08:31:30.000+0200,513,465,5.284,48.1229400,-2.0867167,37.07,28.97,40.27,54.39,69.0,313,2,,
2025-07-25T08:31:30.958+0200,593,504,5.875,4775.263,43.05,31.40,41.71,59.21,,4.19,130.89,2.62,4.60,343,94,25,,,64,,,,,,0,2025-07-25T08:31:30.000+0200,513,465,5.284,48.1229400,-2.0867167,37.07,28.97,40.27,54.39,69.0,313,2,,
2025-07-25T08:31:31.565+0200,594,505,5.882,4775.270,43.09,31.41,41.72,59.21,,0.72,130.89,4.45,7.80,582,94,25,,,64,,,,,,0,2025-07-25T08:31:30.000+0200,513,465,5.284,48.1229400,-2.0867167,37.07,28.97,40.27,54.39,69.0,313,2,,
2025-07-25T08:31:31.589+0200,594,505,5.882,4775.270,43.09,31.41,41.72,59.21,,0.72,130.89,4.45,7.80,582,94,25,,,64,,,,,,0,2025-07-25T08:31:30.000+0200,513,465,5.284,48.1229400,-2.0867167,37.07,28.97,40.27,54.39,69.0,313,2,,
2025-07-25T08:31:32.178+0200,594,505,5.890,4775.278,43.09,31.42,41.72,59.21,,-1.32,130.89,-0.37,-1.30,-48,94,25,,,64,,,,,,0,2025-07-25T08:31:31.000+0200,514,466,5.295,48.1230217,-2.0867967,38.27,28.98,40.27,54.39,68.3,326,2,,
2025-07-25T08:31:32.199+0200,594,505,5.890,4775.278,43.09,31.42,41.72,59.21,,-1.32,130.89,-0.37,-1.30,-48,94,25,,,64,,,,,,0,2025-07-25T08:31:31.000+0200,514,466,5.295,48.1230217,-2.0867967,38.27,28.98,40.27,54.39,68.3,326,2,,
2025-07-25T08:31:32.794+0200,595,506,5.897,4775.285,43.34,31.43,41.72,59.21,,-0.79,130.89,2.58,4.50,338,94,25,,,64,,,,,,0,2025-07-25T08:31:32.000+0200,515,467,5.306,48.1231100,-2.0868617,37.67,29.00,40.26,54.39,68.2,339,2,,
2025-07-25T08:31:32.817+0200,595,506,5.897,4775.285,43.34,31.43,41.72,59.21,,-0.79,130.89,2.58,4.50,338,94,25,,,64,,,,,,0,2025-07-25T08:31:32.000+0200,515,467,5.306,48.1231100,-2.0868617,37.67,29.00,40.26,54.39,68.2,339,2,,
2025-07-25T08:31:33.440+0200,596,507,5.905,4775.293,43.30,31.44,41.72,59.21,,0.12,130.89,6.41,11.20,839,94,25,,,64,,,,,,0,2025-07-25T08:31:32.000+0200,515,467,5.306,48.1231100,-2.0868617,37.67,29.00,40.26,54.39,68.2,339,2,,
2025-07-25T08:31:33.459+0200,596,507,5.905,4775.293,43.30,31.44,41.72,59.21,,0.12,130.89,6.41,11.20,839,94,25,,,64,,,,,,0,2025-07-25T08:31:32.000+0200,515,467,5.306,48.1231100,-2.0868617,37.67,29.00,40.26,54.39,68.2,339,2,,
2025-07-25T08:31:34.059+0200,596,507,5.912,4775.300,43.77,31.46,41.72,59.21,,2.27,130.89,2.31,4.00,302,94,25,,,63,,,,,,0,2025-07-25T08:31:33.000+0200,516,468,5.318,48.1232067,-2.0869083,39.75,29.01,40.26,54.39,68.1,348,2,,
2025-07-25T08:31:34.083+0200,596,507,5.912,4775.300,43.77,31.46,41.72,59.21,,2.27,130.89,2.31,4.00,302,94,25,,,63,,,,,,0,2025-07-25T08:31:33.000+0200,516,468,5.318,48.1232067,-2.0869083,39.75,29.01,40.26,54.39,68.1,348,2,,
2025-07-25T08:31:34.681+0200,597,508,5.920,4775.308,44.35,31.47,41.73,59.21,,-0.36,130.80,5.83,10.00,763,94,25,,,63,,,,,,0,2025-07-25T08:31:34.000+0200,517,469,5.328,48.1233050,-2.0869233,39.10,29.03,40.26,54.39,68.1,2,2,,
2025-07-25T08:31:34.701+0200,597,508,5.920,4775.308,44.35,31.47,41.73,59.21,,-0.36,130.80,5.83,10.00,763,94,25,,,63,,,,,,0,2025-07-25T08:31:34.000+0200,517,469,5.328,48.1233050,-2.0869233,39.10,29.03,40.26,54.39,68.1,2,2,,
2025-07-25T08:31:35.300+0200,597,509,5.928,4775.316,45.71,31.48,41.73,59.21,,3.37,130.59,3.82,6.39,499,95,25,,,61,,,,,,0,2025-07-25T08:31:34.000+0200,517,469,5.328,48.1233050,-2.0869233,39.10,29.03,40.26,54.39,68.1,2,2,,
2025-07-25T08:31:35.324+0200,597,509,5.928,4775.316,45.71,31.48,41.73,59.21,,3.37,130.59,3.82,6.39,499,95,25,,,61,,,,,,0,2025-07-25T08:31:34.000+0200,517,469,5.328,48.1233050,-2.0869233,39.10,29.03,40.26,54.39,68.1,2,2,,
2025-07-25T08:31:35.915+0200,598,509,5.935,4775.324,46.44,31.49,41.74,59.21,,0.45,130.70,1.81,3.00,237,95,25,,,61,,,,,,0,2025-07-25T08:31:35.000+0200,518,470,5.340,48.1234083,-2.0869017,40.12,29.04,40.26,54.39,68.2,13,2,,
2025-07-25T08:31:35.940+0200,598,509,5.935,4775.324,46.44,31.49,41.74,59.21,,0.45,130.70,1.81,3.00,237,95,25,,,61,,,,,,0,2025-07-25T08:31:35.000+0200,518,470,5.340,48.1234083,-2.0869017,40.12,29.04,40.26,54.39,68.2,13,2,,
2025-07-25T08:31:36.558+0200,599,510,5.943,4775.331,46.58,31.51,41.74,59.21,,1.31,130.59,5.45,9.00,712,95,25,,,61,,,,,,0,2025-07-25T08:31:35.000+0200,518,470,5.340,48.1234083,-2.0869017,40.12,29.04,40.26,54.39,68.2,13,2,,
2025-07-25T08:31:36.582+0200,599,510,5.943,4775.331,46.58,31.51,41.74,59.21,,1.31,130.59,5.45,9.00,712,95,25,,,61,,,,,,0,2025-07-25T08:31:35.000+0200,518,470,5.340,48.1234083,-2.0869017,40.12,29.04,40.26,54.39,68.2,13,2,,
2025-07-25T08:31:37.181+0200,599,510,5.951,4775.339,45.90,31.52,41.75,59.21,,-1.32,130.59,2.39,4.00,312,95,25,,,61,,,,,,0,2025-07-25T08:31:36.000+0200,519,471,5.351,48.1235000,-2.0868400,40.66,29.06,40.26,54.39,67.9,31,2,,
2025-07-25T08:31:37.204+0200,599,510,5.951,4775.339,45.90,31.52,41.75,59.21,,-1.32,130.59,2.39,4.00,312,95,25,,,61,,,,,,0,2025-07-25T08:31:36.000+0200,519,471,5.351,48.1235000,-2.0868400,40.66,29.06,40.26,54.39,67.9,31,2,,
2025-07-25T08:31:37.803+0200,600,511,5.959,4775.348,45.75,31.53,41.75,59.21,,-1.57,130.50,9.85,16.50,1285,95,25,,,61,,,,,,0,2025-07-25T08:31:37.000+0200,520,472,5.363,48.1235750,-2.0867367,42.18,29.08,40.26,54.39,67.6,47,2,,
2025-07-25T08:31:37.826+0200,600,511,5.959,4775.348,45.75,31.53,41.75,59.21,,-1.57,130.50,9.85,16.50,1285,95,25,,,61,,,,,,0,2025-07-25T08:31:37.000+0200,520,472,5.363,48.1235750,-2.0867367,42.18,29.08,40.26,54.39,67.6,47,2,,
2025-07-25T08:31:38.424+0200,601,512,5.967,4775.356,47.08,31.55,41.76,59.21,,2.76,130.39,5.86,9.59,764,95,25,,,60,,,,,,0,2025-07-25T08:31:37.000+0200,520,472,5.363,48.1235750,-2.0867367,42.18,29.08,40.26,54.39,67.6,47,2,,
2025-07-25T08:31:38.451+0200,601,512,5.967,4775.356,47.08,31.55,41.76,59.21,,2.76,130.39,5.86,9.59,764,95,25,,,60,,,,,,0,2025-07-25T08:31:37.000+0200,520,472,5.363,48.1235750,-2.0867367,42.18,29.08,40.26,54.39,67.6,47,2,,
2025-07-25T08:31:39.039+0200,601,512,5.976,4775.364,47.19,31.56,41.77,59.21,,-0.36,130.39,3.18,5.20,415,95,25,,,60,,,,,,0,2025-07-25T08:31:38.000+0200,521,473,5.375,48.1236400,-2.0866067,42.93,29.10,40.27,54.39,67.3,53,2,,
2025-07-25T08:31:39.064+0200,601,512,5.976,4775.364,47.19,31.56,41.77,59.21,,-0.36,130.39,3.18,5.20,415,95,25,,,60,,,,,,0,2025-07-25T08:31:38.000+0200,521,473,5.375,48.1236400,-2.0866067,42.93,29.10,40.27,54.39,67.3,53,2,,
2025-07-25T08:31:39.667+0200,602,513,5.984,4775.372,47.19,31.58,41.77,59.21,,-0.22,130.50,-1.28,-4.19,-167,95,25,,,60,,,,,,0,2025-07-25T08:31:39.000+0200,522,474,5.387,48.1236967,-2.0864650,43.50,29.13,40.28,54.39,66.9,59,2,,
2025-07-25T08:31:39.692+0200,602,513,5.984,4775.372,47.19,31.58,41.77,59.21,,-0.22,130.50,-1.28,-4.19,-167,95,25,,,60,,,,,,0,2025-07-25T08:31:39.000+0200,522,474,5.387,48.1236967,-2.0864650,43.50,29.13,40.28,54.39,66.9,59,2,,
2025-07-25T08:31:40.278+0200,602,514,5.992,4775.380,46.98,31.59,41.78,59.21,,-0.56,130.59,4.93,8.09,644,95,25,,,60,,,,,,0,2025-07-25T08:31:39.000+0200,522,474,5.387,48.1236967,-2.0864650,43.50,29.13,40.28,54.39,66.9,59,2,,
2025-07-25T08:31:40.302+0200,602,514,5.992,4775.380,46.98,31.59,41.78,59.21,,-0.56,130.59,4.93,8.09,644,95,25,,,60,,,,,,0,2025-07-25T08:31:39.000+0200,522,474,5.387,48.1236967,-2.0864650,43.50,29.13,40.28,54.39,66.9,59,2,,
2025-07-25T08:31:40.901+0200,603,514,6.000,4775.388,47.16,31.61,41.79,59.21,,0.00,130.70,-0.42,-1.40,-55,95,25,,,60,,,,,,0,2025-07-25T08:31:40.000+0200,523,475,5.399,48.1237517,-2.0863183,43.44,29.15,40.28,54.39,66.6,59,2,,
2025-07-25T08:31:40.927+0200,603,514,6.000,4775.388,47.16,31.61,41.79,59.21,,0.00,130.70,-0.42,-1.40,-55,95,25,,,60,,,,,,0,2025-07-25T08:31:40.000+0200,523,475,5.399,48.1237517,-2.0863183,43.44,29.15,40.28,54.39,66.6,59,2,,
2025-07-25T08:31:41.520+0200,604,515,6.008,4775.396,47.08,31.62,41.79,59.21,,0.00,130.59,8.79,14.40,1148,95,25,,,60,,,,,,0,2025-07-25T08:31:40.000+0200,523,475,5.399,48.1237517,-2.0863183,43.44,29.15,40.28,54.39,66.6,59,2,,
2025-07-25T08:31:41.544+0200,604,515,6.008,4775.396,47.08,31.62,41.79,59.21,,0.00,130.59,8.79,14.40,1148,95,25,,,60,,,,,,0,2025-07-25T08:31:40.000+0200,523,475,5.399,48.1237517,-2.0863183,43.44,29.15,40.28,54.39,66.6,59,2,,
2025-07-25T08:31:42.160+0200,604,515,6.016,4775.405,47.23,31.63,41.80,59.21,,-0.84,130.50,1.40,2.30,183,95,25,,,60,,,,,,0,2025-07-25T08:31:41.000+0200,524,476,5.411,48.1238050,-2.0861867,42.31,29.17,40.29,54.39,66.5,59,2,,
2025-07-25T08:31:42.182+0200,604,515,6.016,4775.405,47.23,31.63,41.80,59.21,,-0.84,130.50,1.40,2.30,183,95,25,,,60,,,,,,0,2025-07-25T08:31:41.000+0200,524,476,5.411,48.1238050,-2.0861867,42.31,29.17,40.29,54.39,66.5,59,2,,
2025-07-25T08:31:42.778+0200,605,516,6.025,4775.413,48.34,31.65,41.81,59.21,,3.84,130.50,13.52,21.70,1764,95,25,,,59,,,,,,0,2025-07-25T08:31:42.000+0200,525,477,5.423,48.1238617,-2.0860533,46.67,29.19,40.30,54.39,66.4,58,2,,
2025-07-25T08:31:42.801+0200,605,516,6.025,4775.413,48.34,31.65,41.81,59.21,,3.84,130.50,13.52,21.70,1764,95,25,,,59,,,,,,0,2025-07-25T08:31:42.000+0200,525,477,5.423,48.1238617,-2.0860533,46.67,29.19,40.30,54.39,66.4,58,2,,
2025-07-25T08:31:43.399+0200,606,517,6.033,4775.421,47.69,31.66,41.81,59.21,,1.24,130.50,7.95,12.90,1037,95,25,,,60,,,,,,0,2025-07-25T08:31:42.000+0200,525,477,5.423,48.1238617,-2.0860533,46.67,29.19,40.30,54.39,66.4,58,2,,
2025-07-25T08:31:43.419+0200,606,517,6.033,4775.421,47.69,31.66,41.81,59.21,,1.24,130.50,7.95,12.90,1037,95,25,,,60,,,,,,0,2025-07-25T08:31:42.000+0200,525,477,5.423,48.1238617,-2.0860533,46.67,29.19,40.30,54.39,66.4,58,2,,
2025-07-25T08:31:44.020+0200,606,517,6.041,4775.429,47.66,31.68,41.82,59.21,,1.46,130.39,8.57,13.90,1117,95,25,,,60,,,,,,0,2025-07-25T08:31:43.000+0200,526,478,5.435,48.1239133,-2.0859067,41.74,29.21,40.30,54.39,66.6,59,2,,
2025-07-25T08:31:44.043+0200,606,517,6.041,4775.429,47.66,31.68,41.82,59.21,,1.46,130.39,8.57,13.90,1117,95,25,,,60,,,,,,0,2025-07-25T08:31:43.000+0200,526,478,5.435,48.1239133,-2.0859067,41.74,29.21,40.30,54.39,66.6,59,2,,
2025-07-25T08:31:44.643+0200,607,518,6.050,4775.438,49.03,31.69,41.83,59.21,,1.80,130.30,12.54,19.90,1634,95,25,,,59,,,,,,0,2025-07-25T08:31:44.000+0200,527,479,5.447,48.1239683,-2.0857700,43.86,29.23,40.31,54.39,66.6,58,2,,
2025-07-25T08:31:44.664+0200,607,518,6.050,4775.438,49.03,31.69,41.83,59.21,,1.80,130.30,12.54,19.90,1634,95,25,,,59,,,,,,0,2025-07-25T08:31:44.000+0200,527,479,5.447,48.1239683,-2.0857700,43.86,29.23,40.31,54.39,66.6,58,2,,
2025-07-25T08:31:45.256+0200,607,519,6.058,4775.446,47.41,31.71,41.84,59.21,,-3.35,130.30,3.93,6.39,512,95,25,,,60,,,,,,0,2025-07-25T08:31:44.000+0200,527,479,5.447,48.1239683,-2.0857700,43.86,29.23,40.31,54.39,66.6,58,2,,
2025-07-25T08:31:45.279+0200,607,519,6.058,4775.446,47.41,31.71,41.84,59.21,,-3.35,130.30,3.93,6.39,512,95,25,,,60,,,,,,0,2025-07-25T08:31:44.000+0200,527,479,5.447,48.1239683,-2.0857700,43.86,29.23,40.31,54.39,66.6,58,2,,
2025-07-25T08:31:45.877+0200,608,519,6.066,4775.455,49.03,31.72,41.84,59.21,,2.24,130.30,10.65,16.90,1388,95,25,,,59,,,,,,0,2025-07-25T08:31:45.000+0200,528,480,5.460,48.1240200,-2.0856183,42.79,29.26,40.32,54.39,66.0,59,2,,
2025-07-25T08:31:45.896+0200,608,519,6.066,4775.455,49.03,31.72,41.84,59.21,,2.24,130.30,10.65,16.90,1388,95,25,,,59,,,,,,0,2025-07-25T08:31:45.000+0200,528,480,5.460,48.1240200,-2.0856183,42.79,29.26,40.32,54.39,66.0,59,2,,
2025-07-25T08:31:46.503+0200,609,520,6.075,4775.463,48.52,31.74,41.85,59.21,,0.42,130.20,14.25,22.80,1855,95,25,,,59,,,,,,0,2025-07-25T08:31:45.000+0200,528,480,5.460,48.1240200,-2.0856183,42.79,29.26,40.32,54.39,66.0,59,2,,
2025-07-25T08:31:46.542+0200,609,520,6.075,4775.463,48.52,31.74,41.85,59.21,,0.42,130.20,14.25,22.80,1855,95,25,,,59,,,,,,0,2025-07-25T08:31:45.000+0200,528,480,5.460,48.1240200,-2.0856183,42.79,29.26,40.32,54.39,66.0,59,2,,
2025-07-25T08:31:47.138+0200,609,520,6.083,4775.472,49.21,31.75,41.86,59.21,,-3.60,130.20,8.15,12.90,1061,95,25,,,58,,,,,,0,2025-07-25T08:31:46.000+0200,529,481,5.472,48.1240850,-2.0854883,45.30,29.28,40.33,54.39,65.2,56,2,,
2025-07-25T08:31:47.162+0200,609,520,6.083,4775.472,49.21,31.75,41.86,59.21,,-3.60,130.20,8.15,12.90,1061,95,25,,,58,,,,,,0,2025-07-25T08:31:46.000+0200,529,481,5.472,48.1240850,-2.0854883,45.30,29.28,40.33,54.39,65.2,56,2,,
2025-07-25T08:31:47.759+0200,610,521,6.092,4775.480,49.17,31.77,41.87,59.21,,-0.11,130.39,4.16,6.60,542,95,25,,,58,,,,,,0,2025-07-25T08:31:47.000+0200,530,482,5.485,48.1241567,-2.0853500,45.01,29.30,40.34,54.39,64.3,51,2,,
2025-07-25T08:31:47.783+0200,610,521,6.092,4775.480,49.17,31.77,41.87,59.21,,-0.11,130.39,4.16,6.60,542,95,25,,,58,,,,,,0,2025-07-25T08:31:47.000+0200,530,482,5.485,48.1241567,-2.0853500,45.01,29.30,40.34,54.39,64.3,51,2,,
2025-07-25T08:31:48.376+0200,611,522,6.100,4775.489,48.06,31.78,41.88,59.21,,0.22,130.50,1.42,2.30,185,95,25,,,59,,,,,,0,2025-07-25T08:31:47.000+0200,530,482,5.485,48.1241567,-2.0853500,45.01,29.30,40.34,54.39,64.3,51,2,,
2025-07-25T08:31:48.399+0200,611,522,6.100,4775.489,48.06,31.78,41.88,59.21,,0.22,130.50,1.42,2.30,185,95,25,,,59,,,,,,0,2025-07-25T08:31:47.000+0200,530,482,5.485,48.1241567,-2.0853500,45.01,29.30,40.34,54.39,64.3,51,2,,
2025-07-25T08:31:49.001+0200,611,522,6.109,4775.497,47.98,31.80,41.88,59.21,,0.67,130.50,2.41,3.90,315,95,25,,,59,,,,,,0,2025-07-25T08:31:48.000+0200,531,483,5.497,48.1242350,-2.0852250,43.31,29.32,40.34,54.39,64.2,45,2,,
2025-07-25T08:31:49.020+0200,611,522,6.109,4775.497,47.98,31.80,41.88,59.21,,0.67,130.50,2.41,3.90,315,95,25,,,59,,,,,,0,2025-07-25T08:31:48.000+0200,531,483,5.497,48.1242350,-2.0852250,43.31,29.32,40.34,54.39,64.2,45,2,,
2025-07-25T08:31:49.638+0200,612,523,6.117,4775.505,47.41,31.81,41.89,59.21,,-1.08,130.59,2.45,4.00,320,95,24,,,60,,,,,,0,2025-07-25T08:31:48.000+0200,532,484,5.497,48.1242350,-2.0852250,43.31,29.32,40.34,54.39,64.2,45,2,,
2025-07-25T08:31:49.661+0200,612,523,6.117,4775.505,47.41,31.81,41.89,59.21,,-1.08,130.59,2.45,4.00,320,95,24,,,60,,,,,,0,2025-07-25T08:31:48.000+0200,532,484,5.497,48.1242350,-2.0852250,43.31,29.32,40.34,54.39,64.2,45,2,,
2025-07-25T08:31:50.261+0200,612,524,6.125,4775.513,46.11,31.83,41.90,59.21,,-3.59,130.80,0.48,0.79,63,95,24,,,61,,,,,,0,2025-07-25T08:31:49.000+0200,532,484,5.510,48.1243217,-2.0851217,43.66,29.35,40.35,54.39,63.7,37,2,,
2025-07-25T08:31:50.286+0200,612,524,6.125,4775.513,46.11,31.83,41.90,59.21,,-3.59,130.80,0.48,0.79,63,95,24,,,61,,,,,,0,2025-07-25T08:31:49.000+0200,532,484,5.510,48.1243217,-2.0851217,43.66,29.35,40.35,54.39,63.7,37,2,,
2025-07-25T08:31:50.881+0200,613,524,6.133,4775.521,46.22,31.84,41.90,59.21,,-0.96,130.70,10.11,16.79,1321,96,24,,,61,,,,,,0,2025-07-25T08:31:50.000+0200,533,485,5.522,48.1244117,-2.0850367,42.28,29.36,40.35,54.39,63.0,32,2,,
2025-07-25T08:31:50.904+0200,613,524,6.133,4775.521,46.22,31.84,41.90,59.21,,-0.96,130.70,10.11,16.79,1321,96,24,,,61,,,,,,0,2025-07-25T08:31:50.000+0200,533,485,5.522,48.1244117,-2.0850367,42.28,29.36,40.35,54.39,63.0,32,2,,
2025-07-25T08:31:51.504+0200,614,525,6.141,4775.529,46.15,31.85,41.91,59.21,,-1.24,130.70,4.63,7.70,605,96,24,,,61,,,,,,0,2025-07-25T08:31:50.000+0200,533,485,5.522,48.1244117,-2.0850367,42.28,29.36,40.35,54.39,63.0,32,2,,
2025-07-25T08:31:51.528+0200,614,525,6.141,4775.529,46.15,31.85,41.91,59.21,,-1.24,130.70,4.63,7.70,605,96,24,,,61,,,,,,0,2025-07-25T08:31:50.000+0200,533,485,5.522,48.1244117,-2.0850367,42.28,29.36,40.35,54.39,63.0,32,2,,
2025-07-25T08:31:52.115+0200,614,525,6.149,4775.537,45.43,31.87,41.91,59.21,,-3.34,130.70,3.03,5.10,396,96,24,,,62,,,,,,0,2025-07-25T08:31:51.000+0200,534,486,5.532,48.1244883,-2.0849550,43.12,29.39,40.36,54.39,61.6,30,2,,
2025-07-25T08:31:52.139+0200,614,525,6.149,4775.537,45.43,31.87,41.91,59.21,,-3.34,130.70,3.03,5.10,396,96,24,,,62,,,,,,0,2025-07-25T08:31:51.000+0200,534,486,5.532,48.1244883,-2.0849550,43.12,29.39,40.36,54.39,61.6,30,2,,
2025-07-25T08:31:52.740+0200,615,526,6.158,4775.545,46.26,31.88,41.92,59.21,,-0.45,130.59,11.44,19.00,1494,96,24,,,61,,,,,,0,2025-07-25T08:31:52.000+0200,535,487,5.543,48.1245767,-2.0848867,42.65,29.41,40.36,54.39,60.6,23,2,,
2025-07-25T08:31:52.764+0200,615,526,6.158,4775.545,46.26,31.88,41.92,59.21,,-0.45,130.59,11.44,19.00,1494,96,24,,,61,,,,,,0,2025-07-25T08:31:52.000+0200,535,487,5.543,48.1245767,-2.0848867,42.65,29.41,40.36,54.39,60.6,23,2,,
2025-07-25T08:31:53.359+0200,615,527,6.166,4775.554,46.87,31.89,41.92,59.21,,1.02,130.39,9.43,15.50,1230,96,24,,,60,,,,,,0,2025-07-25T08:31:52.000+0200,535,487,5.543,48.1245767,-2.0848867,42.65,29.41,40.36,54.39,60.6,23,2,,
2025-07-25T08:31:53.381+0200,615,527,6.166,4775.554,46.87,31.89,41.92,59.21,,1.02,130.39,9.43,15.50,1230,96,24,,,60,,,,,,0,2025-07-25T08:31:52.000+0200,535,487,5.543,48.1245767,-2.0848867,42.65,29.41,40.36,54.39,60.6,23,2,,
2025-07-25T08:31:53.979+0200,616,527,6.174,4775.562,47.19,31.91,41.93,59.21,,0.11,130.39,6.05,9.89,789,96,24,,,60,,,,,,0,2025-07-25T08:31:53.000+0200,536,488,5.555,48.1246750,-2.0848350,43.02,29.43,40.37,54.39,59.7,15,2,,
2025-07-25T08:31:54.001+0200,616,527,6.174,4775.562,47.19,31.91,41.93,59.21,,0.11,130.39,6.05,9.89,789,96,24,,,60,,,,,,0,2025-07-25T08:31:53.000+0200,536,488,5.555,48.1246750,-2.0848350,43.02,29.43,40.37,54.39,59.7,15,2,,
2025-07-25T08:31:54.647+0200,617,528,6.182,4775.570,48.02,31.92,41.94,59.21,,3.11,130.30,8.93,14.40,1164,96,24,,,59,,,,,,0,2025-07-25T08:31:54.000+0200,537,489,5.566,48.1247783,-2.0848067,45.69,29.45,40.38,54.39,58.8,12,2,,
2025-07-25T08:31:54.668+0200,617,528,6.182,4775.570,48.02,31.92,41.94,59.21,,3.11,130.30,8.93,14.40,1164,96,24,,,59,,,,,,0,2025-07-25T08:31:54.000+0200,537,489,5.566,48.1247783,-2.0848067,45.69,29.45,40.38,54.39,58.8,12,2,,
2025-07-25T08:31:55.240+0200,617,528,6.190,4775.578,48.16,31.93,41.94,59.21,,3.24,130.30,0.00,0.00,0,96,24,,,59,,,,,,0,2025-07-25T08:31:54.000+0200,537,489,5.566,48.1247783,-2.0848067,45.69,29.45,40.38,54.39,58.8,12,2,,
2025-07-25T08:31:55.265+0200,617,529,6.190,4775.578,48.16,31.93,41.94,59.21,,3.24,130.30,0.00,0.00,0,96,24,,,59,,,,,,0,2025-07-25T08:31:54.000+0200,537,489,5.566,48.1247783,-2.0848067,45.69,29.45,40.38,54.39,58.8,12,2,,
2025-07-25T08:31:55.877+0200,618,529,6.198,4775.586,48.13,31.95,41.95,59.21,,1.69,130.30,2.92,4.69,380,96,24,,,59,,,,,,0,2025-07-25T08:31:55.000+0200,538,490,5.579,48.1248867,-2.0847850,46.78,29.48,40.39,54.39,58.3,13,2,,
2025-07-25T08:31:55.903+0200,618,529,6.198,4775.586,48.13,31.95,41.95,59.21,,1.69,130.30,2.92,4.69,380,96,24,,,59,,,,,,0,2025-07-25T08:31:55.000+0200,538,490,5.579,48.1248867,-2.0847850,46.78,29.48,40.39,54.39,58.3,13,2,,
2025-07-25T08:31:56.480+0200,619,530,6.207,4775.595,48.27,31.96,41.96,59.21,,1.89,130.20,9.90,15.90,1289,96,24,,,59,,,,,,0,2025-07-25T08:31:55.000+0200,538,490,5.579,48.1248867,-2.0847850,46.78,29.48,40.39,54.39,58.3,13,2,,
2025-07-25T08:31:56.501+0200,619,530,6.207,4775.595,48.27,31.96,41.96,59.21,,1.89,130.20,9.90,15.90,1289,96,24,,,59,,,,,,0,2025-07-25T08:31:55.000+0200,538,490,5.579,48.1248867,-2.0847850,46.78,29.48,40.39,54.39,58.3,13,2,,
2025-07-25T08:31:57.115+0200,619,530,6.215,4775.603,49.17,31.98,41.96,59.21,,1.68,130.09,12.57,19.90,1635,96,24,,,58,,,,,,0,2025-07-25T08:31:56.000+0200,539,491,5.592,48.1250017,-2.0847550,44.61,29.50,40.40,54.39,57.5,7,2,,
2025-07-25T08:31:57.137+0200,619,530,6.215,4775.603,49.17,31.98,41.96,59.21,,1.68,130.09,12.57,19.90,1635,96,24,,,58,,,,,,0,2025-07-25T08:31:56.000+0200,539,491,5.592,48.1250017,-2.0847550,44.61,29.50,40.40,54.39,57.5,7,2,,
2025-07-25T08:31:57.739+0200,620,531,6.223,4775.612,49.21,31.99,41.97,59.21,,0.36,130.09,9.03,14.29,1175,96,24,,,58,,,,,,0,2025-07-25T08:31:57.000+0200,540,492,5.604,48.1251117,-2.0847433,45.68,29.52,40.41,54.39,57.2,8,2,,
2025-07-25T08:31:57.763+0200,620,531,6.223,4775.612,49.21,31.99,41.97,59.21,,0.36,130.09,9.03,14.29,1175,96,24,,,58,,,,,,0,2025-07-25T08:31:57.000+0200,540,492,5.604,48.1251117,-2.0847433,45.68,29.52,40.41,54.39,57.2,8,2,,
2025-07-25T08:31:58.359+0200,620,532,6.232,4775.620,48.31,32.01,41.98,59.21,,-1.56,130.20,1.86,3.00,242,96,24,,,59,,,,,,0,2025-07-25T08:31:57.000+0200,540,492,5.604,48.1251117,-2.0847433,45.68,29.52,40.41,54.39,57.2,8,2,,
2025-07-25T08:31:58.382+0200,620,532,6.232,4775.620,48.31,32.01,41.98,59.21,,-1.56,130.20,1.86,3.00,242,96,24,,,59,,,,,,0,2025-07-25T08:31:57.000+0200,540,492,5.604,48.1251117,-2.0847433,45.68,29.52,40.41,54.39,57.2,8,2,,
2025-07-25T08:31:58.981+0200,621,532,6.240,4775.629,47.87,32.02,41.99,59.21,,-0.45,130.00,17.75,28.70,2308,96,24,,,59,,,,,,0,2025-07-25T08:31:58.000+0200,541,493,5.615,48.1252167,-2.0847400,44.58,29.54,40.42,54.39,57.0,6,2,,
2025-07-25T08:31:59.004+0200,621,532,6.240,4775.629,47.87,32.02,41.99,59.21,,-0.45,130.00,17.75,28.70,2308,96,24,,,59,,,,,,0,2025-07-25T08:31:58.000+0200,541,493,5.615,48.1252167,-2.0847400,44.58,29.54,40.42,54.39,57.0,6,2,,
2025-07-25T08:31:59.604+0200,622,533,6.249,4775.637,49.57,32.04,42.00,59.21,,1.02,129.70,19.51,30.70,2530,96,24,,,58,,,,,,0,2025-07-25T08:31:58.000+0200,541,493,5.615,48.1252167,-2.0847400,44.58,29.54,40.42,54.39,57.0,6,2,,
2025-07-25T08:31:59.624+0200,622,533,6.249,4775.637,49.57,32.04,42.00,59.21,,1.02,129.70,19.51,30.70,2530,96,24,,,58,,,,,,0,2025-07-25T08:31:58.000+0200,541,493,5.615,48.1252167,-2.0847400,44.58,29.54,40.42,54.39,57.0,6,2,,
2025-07-25T08:32:00.216+0200,622,533,6.257,4775.646,51.22,32.05,42.01,59.21,,0.34,129.59,7.10,10.90,920,96,24,,,56,,,,,,0,2025-07-25T08:31:59.000+0200,542,494,5.628,48.1253317,-2.0847250,43.33,29.56,40.43,54.39,56.9,2,2,,
2025-07-25T08:32:00.238+0200,622,533,6.257,4775.646,51.22,32.05,42.01,59.21,,0.34,129.59,7.10,10.90,920,96,24,,,56,,,,,,0,2025-07-25T08:31:59.000+0200,542,494,5.628,48.1253317,-2.0847250,43.33,29.56,40.43,54.39,56.9,2,2,,
2025-07-25T08:32:00.847+0200,623,534,6.266,4775.655,49.49,32.07,42.02,59.21,,-3.71,129.89,1.77,2.80,230,96,24,,,58,,,,,,0,2025-07-25T08:32:00.000+0200,543,495,5.640,48.1254367,-2.0847117,44.26,29.59,40.43,54.39,56.1,5,2,,
2025-07-25T08:32:00.869+0200,623,534,6.266,4775.655,49.49,32.07,42.02,59.21,,-3.71,129.89,1.77,2.80,230,96,24,,,58,,,,,,0,2025-07-25T08:32:00.000+0200,543,495,5.640,48.1254367,-2.0847117,44.26,29.59,40.43,54.39,56.1,5,2,,
2025-07-25T08:32:01.477+0200,624,535,6.275,4775.663,49.85,32.09,42.03,59.21,,-1.42,130.09,0.44,0.70,57,96,24,,,58,,,,,,0,2025-07-25T08:32:00.000+0200,543,495,5.640,48.1254367,-2.0847117,44.26,29.59,40.43,54.39,56.1,5,2,,
2025-07-25T08:32:01.498+0200,624,535,6.275,4775.663,49.85,32.09,42.03,59.21,,-1.42,130.09,0.44,0.70,57,96,24,,,58,,,,,,0,2025-07-25T08:32:00.000+0200,543,495,5.640,48.1254367,-2.0847117,44.26,29.59,40.43,54.39,56.1,5,2,,
2025-07-25T08:32:02.085+0200,624,535,6.284,4775.672,49.24,32.10,42.03,59.21,,-0.90,130.30,2.46,3.90,321,96,24,,,58,,,,,,0,2025-07-25T08:32:01.000+0200,544,496,5.653,48.1255550,-2.0846967,44.31,29.61,40.44,54.39,55.2,4,2,,
2025-07-25T08:32:02.106+0200,624,535,6.284,4775.672,49.24,32.10,42.03,59.21,,-0.90,130.30,2.46,3.90,321,96,24,,,58,,,,,,0,2025-07-25T08:32:01.000+0200,544,496,5.653,48.1255550,-2.0846967,44.31,29.61,40.44,54.39,55.2,4,2,,
2025-07-25T08:32:02.722+0200,625,536,6.292,4775.680,49.24,32.12,42.04,59.21,,0.48,130.30,6.76,10.70,881,96,24,,,58,,,,,,0,2025-07-25T08:32:02.000+0200,545,497,5.665,48.1256617,-2.0846867,45.87,29.63,40.45,54.39,54.0,5,2,,
2025-07-25T08:32:02.746+0200,625,536,6.292,4775.680,49.24,32.12,42.04,59.21,,0.48,130.30,6.76,10.70,881,96,24,,,58,,,,,,0,2025-07-25T08:32:02.000+0200,545,497,5.665,48.1256617,-2.0846867,45.87,29.63,40.45,54.39,54.0,5,2,,
2025-07-25T08:32:03.339+0200,625,537,6.301,4775.689,49.24,32.13,42.05,59.21,,-1.55,130.39,1.01,1.59,132,96,24,,,58,,,,,,0,2025-07-25T08:32:02.000+0200,545,497,5.665,48.1256617,-2.0846867,45.87,29.63,40.45,54.39,54.0,5,2,,
2025-07-25T08:32:03.362+0200,625,537,6.301,4775.689,49.24,32.13,42.05,59.21,,-1.55,130.39,1.01,1.59,132,96,24,,,58,,,,,,0,2025-07-25T08:32:02.000+0200,545,497,5.665,48.1256617,-2.0846867,45.87,29.63,40.45,54.39,54.0,5,2,,
2025-07-25T08:32:03.958+0200,626,537,6.309,4775.698,49.24,32.15,42.06,59.21,,0.00,130.39,4.04,6.39,527,96,24,,,58,,,,,,0,2025-07-25T08:32:03.000+0200,546,498,5.678,48.1257733,-2.0846700,45.83,29.66,40.46,54.39,52.9,6,2,,
2025-07-25T08:32:03.980+0200,626,537,6.309,4775.698,49.24,32.15,42.06,59.21,,0.00,130.39,4.04,6.39,527,96,24,,,58,,,,,,0,2025-07-25T08:32:03.000+0200,546,498,5.678,48.1257733,-2.0846700,45.83,29.66,40.46,54.39,52.9,6,2,,
2025-07-25T08:32:04.577+0200,627,538,6.318,4775.706,49.32,32.16,42.07,59.21,,-0.96,130.50,8.16,12.90,1065,96,24,,,58,,,,,,0,2025-07-25T08:32:03.000+0200,546,498,5.678,48.1257733,-2.0846700,45.83,29.66,40.46,54.39,52.9,6,2,,
2025-07-25T08:32:04.594+0200,627,538,6.318,4775.706,49.32,32.16,42.07,59.21,,-0.96,130.50,8.16,12.90,1065,96,24,,,58,,,,,,0,2025-07-25T08:32:03.000+0200,546,498,5.678,48.1257733,-2.0846700,45.83,29.66,40.46,54.39,52.9,6,2,,
2025-07-25T08:32:05.199+0200,627,538,6.326,4775.715,49.24,32.18,42.08,59.21,,0.00,130.50,0.63,1.00,82,96,24,,,58,,,,,,0,2025-07-25T08:32:04.000+0200,547,499,5.690,48.1258850,-2.0846433,44.09,29.68,40.47,54.39,51.6,6,2,,
2025-07-25T08:32:05.222+0200,627,538,6.326,4775.715,49.24,32.18,42.08,59.21,,0.00,130.50,0.63,1.00,82,96,24,,,58,,,,,,0,2025-07-25T08:32:04.000+0200,547,499,5.690,48.1258850,-2.0846433,44.09,29.68,40.47,54.39,51.6,6,2,,
2025-07-25T08:32:05.836+0200,628,539,6.335,4775.723,49.93,32.19,42.09,59.21,,2.13,130.50,9.07,14.20,1184,96,24,,,58,,,,,,0,2025-07-25T08:32:05.000+0200,548,500,5.702,48.1259933,-2.0846283,45.49,29.70,40.48,54.39,50.7,5,2,,
2025-07-25T08:32:05.859+0200,628,539,6.335,4775.723,49.93,32.19,42.09,59.21,,2.13,130.50,9.07,14.20,1184,96,24,,,58,,,,,,0,2025-07-25T08:32:05.000+0200,548,500,5.702,48.1259933,-2.0846283,45.49,29.70,40.48,54.39,50.7,5,2,,
2025-07-25T08:32:06.443+0200,629,540,6.344,4775.732,50.29,32.21,42.09,59.21,,-0.56,130.30,15.94,24.80,2077,96,24,,,57,,,,,,0,2025-07-25T08:32:05.000+0200,548,500,5.702,48.1259933,-2.0846283,45.49,29.70,40.48,54.39,50.7,5,2,,
2025-07-25T08:32:06.467+0200,629,540,6.344,4775.732,50.29,32.21,42.09,59.21,,-0.56,130.30,15.94,24.80,2077,96,24,,,57,,,,,,0,2025-07-25T08:32:05.000+0200,548,500,5.702,48.1259933,-2.0846283,45.49,29.70,40.48,54.39,50.7,5,2,,
2025-07-25T08:32:07.061+0200,629,540,6.352,4775.741,49.57,32.22,42.10,59.21,,0.56,130.20,6.10,9.59,794,96,24,,,58,,,,,,0,2025-07-25T08:32:06.000+0200,549,501,5.715,48.1261033,-2.0846117,45.82,29.72,40.49,54.39,50.1,6,2,,
2025-07-25T08:32:07.085+0200,629,540,6.352,4775.741,49.57,32.22,42.10,59.21,,0.56,130.20,6.10,9.59,794,96,24,,,58,,,,,,0,2025-07-25T08:32:06.000+0200,549,501,5.715,48.1261033,-2.0846117,45.82,29.72,40.49,54.39,50.1,6,2,,
2025-07-25T08:32:07.696+0200,630,541,6.361,4775.749,50.43,32.24,42.11,59.21,,1.92,130.09,16.30,25.30,2120,96,24,,,57,,,,,,0,2025-07-25T08:32:07.000+0200,550,502,5.727,48.1262150,-2.0845967,46.94,29.75,40.50,54.39,49.4,7,2,,
2025-07-25T08:32:07.719+0200,630,541,6.361,4775.749,50.43,32.24,42.11,59.21,,1.92,130.09,16.30,25.30,2120,96,24,,,57,,,,,,0,2025-07-25T08:32:07.000+0200,550,502,5.727,48.1262150,-2.0845967,46.94,29.75,40.50,54.39,49.4,7,2,,
2025-07-25T08:32:08.299+0200,630,542,6.370,4775.758,50.43,32.26,42.12,59.21,,-0.63,129.89,10.50,16.29,1364,96,24,,,57,,,,,,0,2025-07-25T08:32:07.000+0200,550,502,5.727,48.1262150,-2.0845967,46.94,29.75,40.50,54.39,49.4,7,2,,
2025-07-25T08:32:08.322+0200,630,542,6.370,4775.758,50.43,32.26,42.12,59.21,,-0.63,129.89,10.50,16.29,1364,96,24,,,57,,,,,,0,2025-07-25T08:32:07.000+0200,550,502,5.727,48.1262150,-2.0845967,46.94,29.75,40.50,54.39,49.4,7,2,,
2025-07-25T08:32:08.942+0200,631,542,6.378,4775.767,50.68,32.27,42.13,59.21,,-0.11,129.80,17.14,26.50,2225,96,24,,,57,,,,,,0,2025-07-25T08:32:08.000+0200,551,503,5.740,48.1263333,-2.0845883,49.74,29.78,40.52,54.39,48.9,2,2,,
2025-07-25T08:32:08.964+0200,631,542,6.378,4775.767,50.68,32.27,42.13,59.21,,-0.11,129.80,17.14,26.50,2225,96,24,,,57,,,,,,0,2025-07-25T08:32:08.000+0200,551,503,5.740,48.1263333,-2.0845883,49.74,29.78,40.52,54.39,48.9,2,2,,
2025-07-25T08:32:09.560+0200,632,543,6.387,4775.776,51.26,32.29,42.14,59.21,,0.00,129.70,13.44,20.60,1743,96,24,,,56,,,,,,0,2025-07-25T08:32:08.000+0200,551,503,5.740,48.1263333,-2.0845883,49.74,29.78,40.52,54.39,48.9,2,2,,
2025-07-25T08:32:09.583+0200,632,543,6.387,4775.776,51.26,32.29,42.14,59.21,,0.00,129.70,13.44,20.60,1743,96,24,,,56,,,,,,0,2025-07-25T08:32:08.000+0200,551,503,5.740,48.1263333,-2.0845883,49.74,29.78,40.52,54.39,48.9,2,2,,
2025-07-25T08:32:10.198+0200,632,543,6.396,4775.785,51.69,32.31,42.15,59.21,,1.32,129.50,12.41,18.90,1607,96,24,,,56,,,,,,0,2025-07-25T08:32:09.000+0200,552,504,5.753,48.1264517,-2.0845750,45.95,29.80,40.53,54.39,48.4,4,2,,
2025-07-25T08:32:10.223+0200,632,543,6.396,4775.785,51.69,32.31,42.15,59.21,,1.32,129.50,12.41,18.90,1607,96,24,,,56,,,,,,0,2025-07-25T08:32:09.000+0200,552,504,5.753,48.1264517,-2.0845750,45.95,29.80,40.53,54.39,48.4,4,2,,
2025-07-25T08:32:10.822+0200,633,544,6.405,4775.794,51.80,32.32,42.16,59.21,,1.08,129.50,7.89,12.00,1022,96,24,,,56,,,,,,0,2025-07-25T08:32:10.000+0200,553,505,5.766,48.1265650,-2.0845617,44.66,29.82,40.54,54.39,47.9,2,2,,
2025-07-25T08:32:10.846+0200,633,544,6.405,4775.794,51.80,32.32,42.16,59.21,,1.08,129.50,7.89,12.00,1022,96,24,,,56,,,,,,0,2025-07-25T08:32:10.000+0200,553,505,5.766,48.1265650,-2.0845617,44.66,29.82,40.54,54.39,47.9,2,2,,
2025-07-25T08:32:11.441+0200,634,545,6.414,4775.803,51.73,32.34,42.17,59.21,,1.44,129.39,14.52,22.10,1879,96,24,,,56,,,,,,0,2025-07-25T08:32:10.000+0200,553,505,5.766,48.1265650,-2.0845617,44.66,29.82,40.54,54.39,47.9,2,2,,
2025-07-25T08:32:11.464+0200,634,545,6.414,4775.803,51.73,32.34,42.17,59.21,,1.44,129.39,14.52,22.10,1879,96,24,,,56,,,,,,0,2025-07-25T08:32:10.000+0200,553,505,5.766,48.1265650,-2.0845617,44.66,29.82,40.54,54.39,47.9,2,2,,
2025-07-25T08:32:12.055+0200,634,545,6.423,4775.812,51.87,32.36,42.19,59.21,,-0.89,129.30,9.15,13.90,1183,96,24,,,56,,,,,,0,2025-07-25T08:32:11.000+0200,554,506,5.779,48.1266800,-2.0845533,47.70,29.85,40.56,54.39,48.0,6,2,,
2025-07-25T08:32:12.079+0200,634,545,6.423,4775.812,51.87,32.36,42.19,59.21,,-0.89,129.30,9.15,13.90,1183,96,24,,,56,,,,,,0,2025-07-25T08:32:11.000+0200,554,506,5.779,48.1266800,-2.0845533,47.70,29.85,40.56,54.39,48.0,6,2,,
2025-07-25T08:32:12.680+0200,635,546,6.432,4775.821,51.65,32.37,42.20,59.21,,-1.69,129.30,10.76,16.40,1391,96,24,,,56,,,,,,0,2025-07-25T08:32:12.000+0200,555,507,5.792,48.1267967,-2.0845283,46.22,29.87,40.57,54.39,47.9,5,2,,
2025-07-25T08:32:12.701+0200,635,546,6.432,4775.821,51.65,32.37,42.20,59.21,,-1.69,129.30,10.76,16.40,1391,96,24,,,56,,,,,,0,2025-07-25T08:32:12.000+0200,555,507,5.792,48.1267967,-2.0845283,46.22,29.87,40.57,54.39,47.9,5,2,,
2025-07-25T08:32:13.301+0200,635,547,6.441,4775.830,52.66,32.39,42.21,59.21,,2.03,129.30,18.93,28.40,2448,96,24,,,55,,,,,,0,2025-07-25T08:32:12.000+0200,555,507,5.792,48.1267967,-2.0845283,46.22,29.87,40.57,54.39,47.9,5,2,,
2025-07-25T08:32:13.323+0200,635,547,6.441,4775.830,52.66,32.39,42.21,59.21,,2.03,129.30,18.93,28.40,2448,96,24,,,55,,,,,,0,2025-07-25T08:32:12.000+0200,555,507,5.792,48.1267967,-2.0845283,46.22,29.87,40.57,54.39,47.9,5,2,,
2025-07-25T08:32:13.920+0200,636,547,6.450,4775.839,52.81,32.41,42.22,59.21,,1.57,129.20,16.97,25.40,2193,96,24,,,55,,,,,,0,2025-07-25T08:32:13.000+0200,556,508,5.805,48.1269133,-2.0845050,46.17,29.90,40.58,54.39,47.7,8,2,,
2025-07-25T08:32:13.943+0200,636,547,6.450,4775.839,52.81,32.41,42.22,59.21,,1.57,129.20,16.97,25.40,2193,96,24,,,55,,,,,,0,2025-07-25T08:32:13.000+0200,556,508,5.805,48.1269133,-2.0845050,46.17,29.90,40.58,54.39,47.7,8,2,,
2025-07-25T08:32:14.560+0200,637,548,6.459,4775.848,51.15,32.43,42.23,59.21,,-7.22,129.39,-0.13,-0.39,-17,96,24,,,56,,,,,,0,2025-07-25T08:32:13.000+0200,556,508,5.805,48.1269133,-2.0845050,46.17,29.90,40.58,54.39,47.7,8,2,,
2025-07-25T08:32:14.583+0200,637,548,6.459,4775.848,51.15,32.43,42.23,59.21,,-7.22,129.39,-0.13,-0.39,-17,96,24,,,56,,,,,,0,2025-07-25T08:32:13.000+0200,556,508,5.805,48.1269133,-2.0845050,46.17,29.90,40.58,54.39,47.7,8,2,,
2025-07-25T08:32:15.163+0200,637,548,6.469,4775.857,50.00,32.44,42.24,59.21,,-0.90,129.50,16.70,26.09,2163,96,25,,,57,,,,,,0,2025-07-25T08:32:14.000+0200,557,509,5.818,48.1270250,-2.0844817,45.79,29.92,40.59,54.39,47.1,6,2,,
2025-07-25T08:32:15.186+0200,637,548,6.469,4775.857,50.00,32.44,42.24,59.21,,-0.90,129.50,16.70,26.09,2163,96,25,,,57,,,,,,0,2025-07-25T08:32:14.000+0200,557,509,5.818,48.1270250,-2.0844817,45.79,29.92,40.59,54.39,47.1,6,2,,
2025-07-25T08:32:15.801+0200,638,549,6.477,4775.866,51.73,32.46,42.25,59.21,,3.49,129.30,23.20,35.30,3000,96,24,,,56,,,,,,0,2025-07-25T08:32:15.000+0200,558,510,5.831,48.1271417,-2.0844600,45.44,29.94,40.60,54.39,47.2,5,2,,
2025-07-25T08:32:15.822+0200,638,549,6.477,4775.866,51.73,32.46,42.25,59.21,,3.49,129.30,23.20,35.30,3000,96,24,,,56,,,,,,0,2025-07-25T08:32:15.000+0200,558,510,5.831,48.1271417,-2.0844600,45.44,29.94,40.60,54.39,47.2,5,2,,
2025-07-25T08:32:16.419+0200,639,550,6.486,4775.875,53.13,32.48,42.26,59.21,,2.27,129.00,3.96,5.90,511,96,24,,,55,,,,,,0,2025-07-25T08:32:15.000+0200,558,510,5.831,48.1271417,-2.0844600,45.44,29.94,40.60,54.39,47.2,5,2,,
2025-07-25T08:32:16.443+0200,639,550,6.486,4775.875,53.13,32.48,42.26,59.21,,2.27,129.00,3.96,5.90,511,96,24,,,55,,,,,,0,2025-07-25T08:32:15.000+0200,558,510,5.831,48.1271417,-2.0844600,45.44,29.94,40.60,54.39,47.2,5,2,,
2025-07-25T08:32:17.041+0200,639,550,6.495,4775.884,51.30,32.49,42.27,59.21,,-3.82,129.30,9.27,14.20,1199,96,25,,,56,,,,,,0,2025-07-25T08:32:16.000+0200,559,511,5.844,48.1272583,-2.0844417,47.44,29.97,40.61,54.39,46.9,6,2,,
2025-07-25T08:32:17.064+0200,639,550,6.495,4775.884,51.30,32.49,42.27,59.21,,-3.82,129.30,9.27,14.20,1199,96,25,,,56,,,,,,0,2025-07-25T08:32:16.000+0200,559,511,5.844,48.1272583,-2.0844417,47.44,29.97,40.61,54.39,46.9,6,2,,
2025-07-25T08:32:17.666+0200,640,551,6.504,4775.893,51.26,32.51,42.28,59.21,,0.11,129.39,10.57,16.19,1368,96,25,,,56,,,,,,0,2025-07-25T08:32:17.000+0200,560,512,5.857,48.1273733,-2.0844233,45.84,29.99,40.62,54.39,46.1,6,2,,
2025-07-25T08:32:17.688+0200,640,551,6.504,4775.893,51.26,32.51,42.28,59.21,,0.11,129.39,10.57,16.19,1368,96,25,,,56,,,,,,0,2025-07-25T08:32:17.000+0200,560,512,5.857,48.1273733,-2.0844233,45.84,29.99,40.62,54.39,46.1,6,2,,
2025-07-25T08:32:18.278+0200,640,552,6.513,4775.902,51.12,32.52,42.29,59.21,,-0.11,129.39,13.15,20.19,1701,95,25,,,56,,,,,,0,2025-07-25T08:32:17.000+0200,560,512,5.857,48.1273733,-2.0844233,45.84,29.99,40.62,54.39,46.1,6,2,,
2025-07-25T08:32:18.303+0200,640,552,6.513,4775.902,51.12,32.52,42.29,59.21,,-0.11,129.39,13.15,20.19,1701,95,25,,,56,,,,,,0,2025-07-25T08:32:17.000+0200,560,512,5.857,48.1273733,-2.0844233,45.84,29.99,40.62,54.39,46.1,6,2,,
2025-07-25T08:32:18.899+0200,641,552,6.522,4775.910,50.79,32.54,42.30,59.21,,1.13,129.39,15.16,23.40,1962,95,25,,,57,,,,,,0,2025-07-25T08:32:18.000+0200,561,513,5.869,48.1274850,-2.0844117,44.81,30.01,40.63,54.39,45.2,5,2,,
2025-07-25T08:32:18.923+0200,641,552,6.522,4775.910,50.79,32.54,42.30,59.21,,1.13,129.39,15.16,23.40,1962,95,25,,,57,,,,,,0,2025-07-25T08:32:18.000+0200,561,513,5.869,48.1274850,-2.0844117,44.81,30.01,40.63,54.39,45.2,5,2,,
2025-07-25T08:32:19.538+0200,642,553,6.531,4775.919,49.75,32.56,42.31,59.21,,-1.68,129.50,8.67,13.60,1123,95,24,,,58,,,,,,0,2025-07-25T08:32:18.000+0200,561,513,5.869,48.1274850,-2.0844117,44.81,30.01,40.63,54.39,45.2,5,2,,
2025-07-25T08:32:19.568+0200,642,553,6.531,4775.919,49.75,32.56,42.31,59.21,,-1.68,129.50,8.67,13.60,1123,95,24,,,58,,,,,,0,2025-07-25T08:32:18.000+0200,561,513,5.869,48.1274850,-2.0844117,44.81,30.01,40.63,54.39,45.2,5,2,,
2025-07-25T08:32:20.160+0200,642,553,6.540,4775.928,50.61,32.57,42.32,59.21,,1.91,129.39,8.72,13.50,1128,95,25,,,57,,,,,,0,2025-07-25T08:32:19.000+0200,562,514,5.882,48.1275983,-2.0843983,46.31,30.03,40.64,54.39,44.8,7,2,,
2025-07-25T08:32:20.177+0200,642,553,6.540,4775.928,50.61,32.57,42.32,59.21,,1.91,129.39,8.72,13.50,1128,95,25,,,57,,,,,,0,2025-07-25T08:32:19.000+0200,562,514,5.882,48.1275983,-2.0843983,46.31,30.03,40.64,54.39,44.8,7,2,,
2025-07-25T08:32:20.778+0200,643,554,6.548,4775.937,50.72,32.59,42.33,59.21,,3.71,129.30,21.03,32.50,2719,95,25,,,57,,,,,,0,2025-07-25T08:32:20.000+0200,563,515,5.894,48.1277133,-2.0843833,45.75,30.06,40.65,54.39,44.6,5,2,,
2025-07-25T08:32:20.801+0200,643,554,6.548,4775.937,50.72,32.59,42.33,59.21,,3.71,129.30,21.03,32.50,2719,95,25,,,57,,,,,,0,2025-07-25T08:32:20.000+0200,563,515,5.894,48.1277133,-2.0843833,45.75,30.06,40.65,54.39,44.6,5,2,,
2025-07-25T08:32:21.423+0200,644,555,6.557,4775.946,51.19,32.60,42.34,59.21,,3.00,129.20,18.90,29.00,2442,95,25,,,56,,,,,,0,2025-07-25T08:32:20.000+0200,563,515,5.894,48.1277133,-2.0843833,45.75,30.06,40.65,54.39,44.6,5,2,,
2025-07-25T08:32:21.446+0200,644,555,6.557,4775.946,51.19,32.60,42.34,59.21,,3.00,129.20,18.90,29.00,2442,95,25,,,56,,,,,,0,2025-07-25T08:32:20.000+0200,563,515,5.894,48.1277133,-2.0843833,45.75,30.06,40.65,54.39,44.6,5,2,,
2025-07-25T08:32:22.041+0200,644,555,6.566,4775.954,50.54,32.62,42.35,59.21,,1.13,129.09,20.97,32.50,2707,95,25,,,57,,,,,,0,2025-07-25T08:32:21.000+0200,564,516,5.907,48.1278267,-2.0843583,45.10,30.08,40.66,54.39,45.1,6,2,,
2025-07-25T08:32:22.062+0200,644,555,6.566,4775.954,50.54,32.62,42.35,59.21,,1.13,129.09,20.97,32.50,2707,95,25,,,57,,,,,,0,2025-07-25T08:32:21.000+0200,564,516,5.907,48.1278267,-2.0843583,45.10,30.08,40.66,54.39,45.1,6,2,,
2025-07-25T08:32:22.659+0200,645,556,6.575,4775.963,49.93,32.63,42.36,59.21,,-0.45,129.00,24.67,38.59,3182,95,25,,,57,,,,,,0,2025-07-25T08:32:22.000+0200,565,517,5.920,48.1279433,-2.0843333,46.50,30.10,40.67,54.39,45.8,7,2,,
2025-07-25T08:32:22.680+0200,645,556,6.575,4775.963,49.93,32.63,42.36,59.21,,-0.45,129.00,24.67,38.59,3182,95,25,,,57,,,,,,0,2025-07-25T08:32:22.000+0200,565,517,5.920,48.1279433,-2.0843333,46.50,30.10,40.67,54.39,45.8,7,2,,
2025-07-25T08:32:23.282+0200,645,557,6.584,4775.972,49.46,32.65,42.36,59.21,,-1.01,128.89,20.81,32.80,2682,95,25,,,58,,,,,,0,2025-07-25T08:32:22.000+0200,565,517,5.920,48.1279433,-2.0843333,46.50,30.10,40.67,54.39,45.8,7,2,,
2025-07-25T08:32:23.303+0200,645,557,6.584,4775.972,49.46,32.65,42.36,59.21,,-1.01,128.89,20.81,32.80,2682,95,25,,,58,,,,,,0,2025-07-25T08:32:22.000+0200,565,517,5.920,48.1279433,-2.0843333,46.50,30.10,40.67,54.39,45.8,7,2,,
2025-07-25T08:32:23.918+0200,646,557,6.592,4775.980,49.28,32.66,42.37,59.21,,0.12,128.70,25.94,41.00,3338,95,25,,,58,,,,,,0,2025-07-25T08:32:23.000+0200,566,518,5.933,48.1280550,-2.0843167,45.82,30.12,40.68,54.39,45.8,6,2,,
2025-07-25T08:32:23.942+0200,646,557,6.592,4775.980,49.28,32.66,42.37,59.21,,0.12,128.70,25.94,41.00,3338,95,25,,,58,,,,,,0,2025-07-25T08:32:23.000+0200,566,518,5.933,48.1280550,-2.0843167,45.82,30.12,40.68,54.39,45.8,6,2,,
2025-07-25T08:32:24.517+0200,647,558,6.601,4775.989,50.21,32.68,42.38,59.21,,2.92,128.50,20.16,31.40,2591,95,25,,,57,,,,,,0,2025-07-25T08:32:23.000+0200,566,518,5.933,48.1280550,-2.0843167,45.82,30.12,40.68,54.39,45.8,6,2,,
2025-07-25T08:32:24.537+0200,647,558,6.601,4775.989,50.21,32.68,42.38,59.21,,2.92,128.50,20.16,31.40,2591,95,25,,,57,,,,,,0,2025-07-25T08:32:23.000+0200,566,518,5.933,48.1280550,-2.0843167,45.82,30.12,40.68,54.39,45.8,6,2,,
2025-07-25T08:32:25.159+0200,647,558,6.609,4775.998,50.00,32.69,42.39,59.21,,-0.84,128.39,14.33,22.40,1840,95,25,,,57,,,,,,0,2025-07-25T08:32:24.000+0200,567,519,5.946,48.1281700,-2.0842983,44.88,30.14,40.69,54.39,46.0,6,2,,
2025-07-25T08:32:25.180+0200,647,558,6.609,4775.998,50.00,32.69,42.39,59.21,,-0.84,128.39,14.33,22.40,1840,95,25,,,57,,,,,,0,2025-07-25T08:32:24.000+0200,567,519,5.946,48.1281700,-2.0842983,44.88,30.14,40.69,54.39,46.0,6,2,,
2025-07-25T08:32:25.776+0200,648,559,6.618,4776.006,49.24,32.71,42.40,59.21,,-1.20,128.39,15.62,24.70,2005,95,25,,,58,,,,,,0,2025-07-25T08:32:25.000+0200,568,520,5.959,48.1282917,-2.0842800,43.99,30.16,40.69,54.39,46.8,4,2,,
2025-07-25T08:32:25.796+0200,648,559,6.618,4776.006,49.24,32.71,42.40,59.21,,-1.20,128.39,15.62,24.70,2005,95,25,,,58,,,,,,0,2025-07-25T08:32:25.000+0200,568,520,5.959,48.1282917,-2.0842800,43.99,30.16,40.69,54.39,46.8,4,2,,
2025-07-25T08:32:26.408+0200,649,560,6.627,4776.015,48.92,32.72,42.40,59.21,,-0.72,128.39,17.55,27.90,2253,95,25,,,58,,,,,,0,2025-07-25T08:32:25.000+0200,568,520,5.959,48.1282917,-2.0842800,43.99,30.16,40.69,54.39,46.8,4,2,,
2025-07-25T08:32:26.430+0200,649,560,6.627,4776.015,48.92,32.72,42.40,59.21,,-0.72,128.39,17.55,27.90,2253,95,25,,,58,,,,,,0,2025-07-25T08:32:25.000+0200,568,520,5.959,48.1282917,-2.0842800,43.99,30.16,40.69,54.39,46.8,4,2,,
2025-07-25T08:32:27.026+0200,649,560,6.635,4776.023,48.92,32.73,42.41,59.21,,-0.95,128.39,19.63,31.20,2520,95,25,,,58,,,,,,0,2025-07-25T08:32:26.000+0200,569,521,5.972,48.1284067,-2.0842733,43.85,30.18,40.70,54.39,47.3,3,2,,
2025-07-25T08:32:27.050+0200,649,560,6.635,4776.023,48.92,32.73,42.41,59.21,,-0.95,128.39,19.63,31.20,2520,95,25,,,58,,,,,,0,2025-07-25T08:32:26.000+0200,569,521,5.972,48.1284067,-2.0842733,43.85,30.18,40.70,54.39,47.3,3,2,,
2025-07-25T08:32:27.639+0200,650,561,6.644,4776.032,48.38,32.75,42.42,59.21,,-2.02,128.50,16.34,26.20,2100,95,25,,,59,,,,,,0,2025-07-25T08:32:26.000+0200,569,521,5.972,48.1284067,-2.0842733,43.85,30.18,40.70,54.39,47.3,3,2,,
2025-07-25T08:32:27.663+0200,650,561,6.644,4776.032,48.38,32.75,42.42,59.21,,-2.02,128.50,16.34,26.20,2100,95,25,,,59,,,,,,0,2025-07-25T08:32:26.000+0200,570,522,5.972,48.1284067,-2.0842733,43.85,30.18,40.70,54.39,47.3,3,2,,
2025-07-25T08:32:28.264+0200,650,562,6.652,4776.040,48.13,32.76,42.42,59.21,,0.56,128.50,16.83,27.09,2163,95,25,,,59,,,,,,0,2025-07-25T08:32:27.000+0200,570,522,5.984,48.1285183,-2.0842633,42.79,30.20,40.70,54.39,48.0,3,2,,
2025-07-25T08:32:28.288+0200,650,562,6.652,4776.040,48.13,32.76,42.42,59.21,,0.56,128.50,16.83,27.09,2163,95,25,,,59,,,,,,0,2025-07-25T08:32:27.000+0200,570,522,5.984,48.1285183,-2.0842633,42.79,30.20,40.70,54.39,48.0,3,2,,
2025-07-25T08:32:28.883+0200,651,562,6.660,4776.049,47.48,32.77,42.43,59.21,,-0.56,128.50,15.73,25.59,2021,95,25,,,59,,,,,,0,2025-07-25T08:32:28.000+0200,571,523,5.997,48.1286283,-2.0842483,42.82,30.22,40.71,54.39,48.3,5,2,,
2025-07-25T08:32:28.906+0200,651,562,6.660,4776.049,47.48,32.77,42.43,59.21,,-0.56,128.50,15.73,25.59,2021,95,25,,,59,,,,,,0,2025-07-25T08:32:28.000+0200,571,523,5.997,48.1286283,-2.0842483,42.82,30.22,40.71,54.39,48.3,5,2,,
2025-07-25T08:32:29.502+0200,652,563,6.669,4776.057,47.05,32.78,42.44,59.21,,-0.45,128.70,12.39,20.29,1595,95,25,,,60,,,,,,0,2025-07-25T08:32:28.000+0200,571,523,5.997,48.1286283,-2.0842483,42.82,30.22,40.71,54.39,48.3,5,2,,
2025-07-25T08:32:29.526+0200,652,563,6.669,4776.057,47.05,32.78,42.44,59.21,,-0.45,128.70,12.39,20.29,1595,95,25,,,60,,,,,,0,2025-07-25T08:32:28.000+0200,571,523,5.997,48.1286283,-2.0842483,42.82,30.22,40.71,54.39,48.3,5,2,,
2025-07-25T08:32:30.116+0200,652,563,6.677,4776.065,46.80,32.80,42.44,59.21,,0.56,128.70,18.66,30.70,2402,94,25,,,60,,,,,,0,2025-07-25T08:32:29.000+0200,572,524,6.009,48.1287350,-2.0842367,42.36,30.24,40.71,54.39,48.9,3,2,,
2025-07-25T08:32:30.141+0200,652,563,6.677,4776.065,46.80,32.80,42.44,59.21,,0.56,128.70,18.66,30.70,2402,94,25,,,60,,,,,,0,2025-07-25T08:32:29.000+0200,572,524,6.009,48.1287350,-2.0842367,42.36,30.24,40.71,54.39,48.9,3,2,,
2025-07-25T08:32:30.760+0200,653,564,6.685,4776.073,47.16,32.81,42.45,59.21,,1.68,128.50,24.58,40.20,3159,94,25,,,60,,,,,,0,2025-07-25T08:32:30.000+0200,573,525,6.021,48.1288450,-2.0842233,42.26,30.25,40.71,54.39,50.2,4,2,,
2025-07-25T08:32:30.783+0200,653,564,6.685,4776.073,47.16,32.81,42.45,59.21,,1.68,128.50,24.58,40.20,3159,94,25,,,60,,,,,,0,2025-07-25T08:32:30.000+0200,573,525,6.021,48.1288450,-2.0842233,42.26,30.25,40.71,54.39,50.2,4,2,,
2025-07-25T08:32:31.359+0200,654,565,6.693,4776.081,47.55,32.82,42.45,59.21,,1.06,128.39,19.82,32.20,2545,94,25,,,59,,,,,,0,2025-07-25T08:32:30.000+0200,573,525,6.021,48.1288450,-2.0842233,42.26,30.25,40.71,54.39,50.2,4,2,,
2025-07-25T08:32:31.381+0200,654,565,6.693,4776.081,47.55,32.82,42.45,59.21,,1.06,128.39,19.82,32.20,2545,94,25,,,59,,,,,,0,2025-07-25T08:32:30.000+0200,573,525,6.021,48.1288450,-2.0842233,42.26,30.25,40.71,54.39,50.2,4,2,,
2025-07-25T08:32:31.985+0200,654,565,6.701,4776.089,47.19,32.83,42.46,59.21,,-0.11,128.39,15.78,25.80,2026,94,25,,,60,,,,,,0,2025-07-25T08:32:31.000+0200,574,526,6.033,48.1289533,-2.0842100,43.39,30.27,40.72,54.39,50.8,5,2,,
2025-07-25T08:32:32.010+0200,654,565,6.701,4776.089,47.19,32.83,42.46,59.21,,-0.11,128.39,15.78,25.80,2026,94,25,,,60,,,,,,0,2025-07-25T08:32:31.000+0200,574,526,6.033,48.1289533,-2.0842100,43.39,30.27,40.72,54.39,50.8,5,2,,
2025-07-25T08:32:32.602+0200,655,566,6.710,4776.098,47.16,32.85,42.46,59.21,,-0.11,128.39,22.99,37.59,2952,94,25,,,60,,,,,,0,2025-07-25T08:32:31.000+0200,574,526,6.033,48.1289533,-2.0842100,43.39,30.27,40.72,54.39,50.8,5,2,,
2025-07-25T08:32:32.625+0200,655,566,6.710,4776.098,47.16,32.85,42.46,59.21,,-0.11,128.39,22.99,37.59,2952,94,25,,,60,,,,,,0,2025-07-25T08:32:31.000+0200,574,526,6.033,48.1289533,-2.0842100,43.39,30.27,40.72,54.39,50.8,5,2,,
2025-07-25T08:32:33.221+0200,655,566,6.718,4776.106,47.84,32.86,42.47,59.21,,2.02,128.50,16.75,27.09,2152,94,25,,,59,,,,,,0,2025-07-25T08:32:32.000+0200,575,527,6.045,48.1290617,-2.0841933,43.52,30.29,40.73,54.39,51.4,6,2,,
2025-07-25T08:32:33.243+0200,655,566,6.718,4776.106,47.84,32.86,42.47,59.21,,2.02,128.50,16.75,27.09,2152,94,25,,,59,,,,,,0,2025-07-25T08:32:32.000+0200,575,527,6.045,48.1290617,-2.0841933,43.52,30.29,40.73,54.39,51.4,6,2,,
2025-07-25T08:32:33.863+0200,656,567,6.726,4776.114,45.86,32.87,42.47,59.21,,-3.50,128.59,13.05,21.80,1678,94,25,,,61,,,,,,0,2025-07-25T08:32:33.000+0200,576,528,6.058,48.1291733,-2.0841783,43.20,30.31,40.73,54.39,52.2,5,2,,
2025-07-25T08:32:33.885+0200,656,567,6.726,4776.114,45.86,32.87,42.47,59.21,,-3.50,128.59,13.05,21.80,1678,94,25,,,61,,,,,,0,2025-07-25T08:32:33.000+0200,576,528,6.058,48.1291733,-2.0841783,43.20,30.31,40.73,54.39,52.2,5,2,,
2025-07-25T08:32:34.483+0200,657,568,6.734,4776.122,45.97,32.88,42.47,59.21,,0.79,128.59,25.18,42.00,3238,94,25,,,61,,,,,,0,2025-07-25T08:32:33.000+0200,576,528,6.058,48.1291733,-2.0841783,43.20,30.31,40.73,54.39,52.2,5,2,,
2025-07-25T08:32:34.507+0200,657,568,6.734,4776.122,45.97,32.88,42.47,59.21,,0.79,128.59,25.18,42.00,3238,94,25,,,61,,,,,,0,2025-07-25T08:32:33.000+0200,576,528,6.058,48.1291733,-2.0841783,43.20,30.31,40.73,54.39,52.2,5,2,,
2025-07-25T08:32:35.100+0200,657,568,6.742,4776.130,46.72,32.89,42.48,59.21,,-0.79,128.50,19.12,31.50,2457,94,25,,,60,,,,,,0,2025-07-25T08:32:34.000+0200,577,529,6.070,48.1292850,-2.0841600,41.51,30.32,40.73,54.39,53.2,4,2,,
2025-07-25T08:32:35.123+0200,657,568,6.742,4776.130,46.72,32.89,42.48,59.21,,-0.79,128.50,19.12,31.50,2457,94,25,,,60,,,,,,0,2025-07-25T08:32:34.000+0200,577,529,6.070,48.1292850,-2.0841600,41.51,30.32,40.73,54.39,53.2,4,2,,
2025-07-25T08:32:35.720+0200,658,569,6.750,4776.138,46.04,32.90,42.48,59.21,,-1.46,128.50,22.39,37.30,2877,94,25,,,61,,,,,,0,2025-07-25T08:32:35.000+0200,578,530,6.082,48.1293883,-2.0841450,39.97,30.34,40.73,54.39,54.3,5,2,,
2025-07-25T08:32:35.738+0200,658,569,6.750,4776.138,46.04,32.90,42.48,59.21,,-1.46,128.50,22.39,37.30,2877,94,25,,,61,,,,,,0,2025-07-25T08:32:35.000+0200,578,530,6.082,48.1293883,-2.0841450,39.97,30.34,40.73,54.39,54.3,5,2,,
2025-07-25T08:32:36.361+0200,658,570,6.758,4776.146,46.29,32.92,42.49,59.21,,-2.63,128.39,22.91,38.00,2941,94,25,,,60,,,,,,0,2025-07-25T08:32:35.000+0200,578,530,6.082,48.1293883,-2.0841450,39.97,30.34,40.73,54.39,54.3,5,2,,
2025-07-25T08:32:36.387+0200,658,570,6.758,4776.146,46.29,32.92,42.49,59.21,,-2.63,128.39,22.91,38.00,2941,94,25,,,60,,,,,,0,2025-07-25T08:32:35.000+0200,578,530,6.082,48.1293883,-2.0841450,39.97,30.34,40.73,54.39,54.3,5,2,,
2025-07-25T08:32:36.980+0200,659,570,6.766,4776.154,46.29,32.93,42.49,59.21,,-3.07,128.39,17.36,28.80,2229,94,26,,,60,,,,,,0,2025-07-25T08:32:36.000+0200,579,531,6.093,48.1294900,-2.0841267,41.93,30.35,40.73,54.39,55.1,12,2,,
2025-07-25T08:32:37.004+0200,659,570,6.766,4776.154,46.29,32.93,42.49,59.21,,-3.07,128.39,17.36,28.80,2229,94,26,,,60,,,,,,0,2025-07-25T08:32:36.000+0200,579,531,6.093,48.1294900,-2.0841267,41.93,30.35,40.73,54.39,55.1,12,2,,
2025-07-25T08:32:37.589+0200,660,571,6.775,4776.163,45.14,32.94,42.50,59.21,,-2.01,128.70,7.86,13.29,1012,94,26,,,61,,,,,,0,2025-07-25T08:32:36.000+0200,579,531,6.093,48.1294900,-2.0841267,41.93,30.35,40.73,54.39,55.1,12,2,,
2025-07-25T08:32:37.616+0200,660,571,6.775,4776.163,45.14,32.94,42.50,59.21,,-2.01,128.70,7.86,13.29,1012,94,26,,,61,,,,,,0,2025-07-25T08:32:36.000+0200,579,531,6.093,48.1294900,-2.0841267,41.93,30.35,40.73,54.39,55.1,12,2,,
2025-07-25T08:32:38.222+0200,660,571,6.783,4776.170,44.46,32.95,42.50,59.21,,1.34,128.80,19.23,32.89,2477,94,26,,,62,,,,,,0,2025-07-25T08:32:37.000+0200,580,532,6.105,48.1295933,-2.0841017,42.02,30.37,40.73,54.39,55.5,10,2,,
2025-07-25T08:32:38.242+0200,660,571,6.783,4776.170,44.46,32.95,42.50,59.21,,1.34,128.80,19.23,32.89,2477,94,26,,,62,,,,,,0,2025-07-25T08:32:37.000+0200,580,532,6.105,48.1295933,-2.0841017,42.02,30.37,40.73,54.39,55.5,10,2,,
2025-07-25T08:32:38.839+0200,661,572,6.790,4776.178,45.21,32.96,42.50,59.21,,3.95,128.50,30.49,51.50,3918,94,26,,,61,,,,,,0,2025-07-25T08:32:38.000+0200,581,533,6.116,48.1296983,-2.0840767,41.10,30.38,40.74,54.39,56.1,2,2,,
2025-07-25T08:32:38.862+0200,661,572,6.790,4776.178,45.21,32.96,42.50,59.21,,3.95,128.50,30.49,51.50,3918,94,26,,,61,,,,,,0,2025-07-25T08:32:38.000+0200,581,533,6.116,48.1296983,-2.0840767,41.10,30.38,40.74,54.39,56.1,2,2,,
2025-07-25T08:32:39.457+0200,662,573,6.798,4776.186,45.10,32.97,42.50,59.21,,-2.24,128.50,9.16,15.50,1177,94,26,,,61,,,,,,0,2025-07-25T08:32:38.000+0200,581,533,6.116,48.1296983,-2.0840767,41.10,30.38,40.74,54.39,56.1,2,2,,
2025-07-25T08:32:39.484+0200,662,573,6.798,4776.186,45.10,32.97,42.50,59.21,,-2.24,128.50,9.16,15.50,1177,94,26,,,61,,,,,,0,2025-07-25T08:32:38.000+0200,581,533,6.116,48.1296983,-2.0840767,41.10,30.38,40.74,54.39,56.1,2,2,,
2025-07-25T08:32:40.082+0200,662,573,6.806,4776.194,44.02,32.98,42.51,59.21,,-0.56,128.70,19.20,33.09,2471,94,26,,,62,,,,,,0,2025-07-25T08:32:39.000+0200,582,534,6.127,48.1297950,-2.0840767,36.47,30.39,40.73,54.39,56.0,357,2,,
2025-07-25T08:32:40.107+0200,662,573,6.806,4776.194,44.02,32.98,42.51,59.21,,-0.56,128.70,19.20,33.09,2471,94,26,,,62,,,,,,0,2025-07-25T08:32:39.000+0200,582,534,6.127,48.1297950,-2.0840767,36.47,30.39,40.73,54.39,56.0,357,2,,
2025-07-25T08:32:40.710+0200,663,574,6.814,4776.201,43.19,32.99,42.51,59.21,,-2.93,128.59,17.78,31.09,2286,94,26,,,63,,,,,,0,2025-07-25T08:32:40.000+0200,583,535,6.137,48.1298833,-2.0840683,35.71,30.40,40.72,54.39,55.9,7,2,,
2025-07-25T08:32:40.732+0200,663,574,6.814,4776.201,43.19,32.99,42.51,59.21,,-2.93,128.59,17.78,31.09,2286,94,26,,,63,,,,,,0,2025-07-25T08:32:40.000+0200,583,535,6.137,48.1298833,-2.0840683,35.71,30.40,40.72,54.39,55.9,7,2,,
2025-07-25T08:32:41.343+0200,663,575,6.821,4776.209,43.09,32.99,42.51,59.21,,-2.20,128.70,12.61,22.10,1623,93,26,,,63,,,,,,0,2025-07-25T08:32:40.000+0200,583,535,6.137,48.1298833,-2.0840683,35.71,30.40,40.72,54.39,55.9,7,2,,
2025-07-25T08:32:41.367+0200,663,575,6.821,4776.209,43.09,32.99,42.51,59.21,,-2.20,128.70,12.61,22.10,1623,93,26,,,63,,,,,,0,2025-07-25T08:32:40.000+0200,583,535,6.137,48.1298833,-2.0840683,35.71,30.40,40.72,54.39,55.9,7,2,,
2025-07-25T08:32:41.958+0200,664,575,6.829,4776.216,41.43,33.00,42.51,59.21,,-1.67,128.89,13.58,24.50,1750,93,26,,,65,,,,,,0,2025-07-25T08:32:41.000+0200,584,536,6.147,48.1299733,-2.0840467,38.70,30.41,40.71,54.39,56.2,14,2,,
2025-07-25T08:32:41.979+0200,664,575,6.829,4776.216,41.43,33.00,42.51,59.21,,-1.67,128.89,13.58,24.50,1750,93,26,,,65,,,,,,0,2025-07-25T08:32:41.000+0200,584,536,6.147,48.1299733,-2.0840467,38.70,30.41,40.71,54.39,56.2,14,2,,
2025-07-25T08:32:42.582+0200,665,576,6.836,4776.224,41.03,33.01,42.51,59.21,,-0.96,129.00,10.84,19.69,1398,93,26,,,65,,,,,,0,2025-07-25T08:32:41.000+0200,584,536,6.147,48.1299733,-2.0840467,38.70,30.41,40.71,54.39,56.2,14,2,,
2025-07-25T08:32:42.608+0200,665,576,6.836,4776.224,41.03,33.01,42.51,59.21,,-0.96,129.00,10.84,19.69,1398,93,26,,,65,,,,,,0,2025-07-25T08:32:41.000+0200,584,536,6.147,48.1299733,-2.0840467,38.70,30.41,40.71,54.39,56.2,14,2,,
2025-07-25T08:32:43.204+0200,665,576,6.843,4776.231,41.00,33.02,42.50,59.21,,0.12,129.00,21.28,38.70,2745,93,26,,,65,,,,,,0,2025-07-25T08:32:42.000+0200,585,537,6.159,48.1300733,-2.0840050,39.97,30.43,40.71,54.39,56.2,16,2,,
2025-07-25T08:32:43.226+0200,665,576,6.843,4776.231,41.00,33.02,42.50,59.21,,0.12,129.00,21.28,38.70,2745,93,26,,,65,,,,,,0,2025-07-25T08:32:42.000+0200,585,537,6.159,48.1300733,-2.0840050,39.97,30.43,40.71,54.39,56.2,16,2,,
2025-07-25T08:32:43.822+0200,666,577,6.850,4776.238,42.33,33.02,42.50,59.21,,4.08,128.80,17.12,30.40,2205,93,26,,,64,,,,,,0,2025-07-25T08:32:43.000+0200,586,538,6.169,48.1301600,-2.0839683,38.43,30.44,40.71,54.39,56.4,20,2,,
2025-07-25T08:32:43.847+0200,666,577,6.850,4776.238,42.33,33.02,42.50,59.21,,4.08,128.80,17.12,30.40,2205,93,26,,,64,,,,,,0,2025-07-25T08:32:43.000+0200,586,538,6.169,48.1301600,-2.0839683,38.43,30.44,40.71,54.39,56.4,20,2,,
2025-07-25T08:32:44.433+0200,667,578,6.857,4776.245,41.65,33.03,42.50,59.21,,-0.93,128.70,18.58,33.39,2391,93,26,,,64,,,,,,0,2025-07-25T08:32:43.000+0200,586,538,6.169,48.1301600,-2.0839683,38.43,30.44,40.71,54.39,56.4,20,2,,
2025-07-25T08:32:44.455+0200,667,578,6.857,4776.245,41.65,33.03,42.50,59.21,,-0.93,128.70,18.58,33.39,2391,93,26,,,64,,,,,,0,2025-07-25T08:32:43.000+0200,586,538,6.169,48.1301600,-2.0839683,38.43,30.44,40.71,54.39,56.4,20,2,,
2025-07-25T08:32:45.062+0200,667,578,6.865,4776.252,43.77,33.04,42.50,59.21,,2.24,128.39,25.30,43.80,3248,93,26,,,62,,,,,,0,2025-07-25T08:32:44.000+0200,587,539,6.180,48.1302467,-2.0839050,40.45,30.45,40.71,54.39,56.2,29,2,,
2025-07-25T08:32:45.084+0200,667,578,6.865,4776.252,43.77,33.04,42.50,59.21,,2.24,128.39,25.30,43.80,3248,93,26,,,62,,,,,,0,2025-07-25T08:32:44.000+0200,587,539,6.180,48.1302467,-2.0839050,40.45,30.45,40.71,54.39,56.2,29,2,,
2025-07-25T08:32:45.678+0200,668,579,6.872,4776.260,45.17,33.05,42.51,59.21,,0.24,128.20,23.02,38.89,2951,93,26,,,61,,,,,,0,2025-07-25T08:32:45.000+0200,588,540,6.190,48.1303283,-2.0838300,41.33,30.47,40.71,54.39,56.2,34,2,,
2025-07-25T08:32:45.704+0200,668,579,6.872,4776.260,45.17,33.05,42.51,59.21,,0.24,128.20,23.02,38.89,2951,93,26,,,61,,,,,,0,2025-07-25T08:32:45.000+0200,588,540,6.190,48.1303283,-2.0838300,41.33,30.47,40.71,54.39,56.2,34,2,,
2025-07-25T08:32:46.323+0200,668,580,6.880,4776.268,45.10,33.06,42.51,59.21,,-3.84,128.39,2.77,4.69,356,93,26,,,61,,,,,,0,2025-07-25T08:32:45.000+0200,588,540,6.190,48.1303283,-2.0838300,41.33,30.47,40.71,54.39,56.2,34,2,,
2025-07-25T08:32:46.346+0200,668,580,6.880,4776.268,45.10,33.06,42.51,59.21,,-3.84,128.39,2.77,4.69,356,93,26,,,61,,,,,,0,2025-07-25T08:32:45.000+0200,588,540,6.190,48.1303283,-2.0838300,41.33,30.47,40.71,54.39,56.2,34,2,,
2025-07-25T08:32:46.957+0200,669,580,6.888,4776.276,42.37,33.07,42.51,59.21,,-3.11,128.80,6.87,12.20,885,93,26,,,64,,,,,,0,2025-07-25T08:32:46.000+0200,589,541,6.201,48.1304083,-2.0837367,39.63,30.48,40.71,54.39,56.4,34,2,,
2025-07-25T08:32:46.987+0200,669,580,6.888,4776.276,42.37,33.07,42.51,59.21,,-3.11,128.80,6.87,12.20,885,93,26,,,64,,,,,,0,2025-07-25T08:32:46.000+0200,589,541,6.201,48.1304083,-2.0837367,39.63,30.48,40.71,54.39,56.4,34,2,,
2025-07-25T08:32:47.556+0200,670,581,6.896,4776.283,42.08,33.08,42.51,59.21,,-1.57,128.89,15.64,27.90,2016,93,26,,,64,,,,,,0,2025-07-25T08:32:46.000+0200,589,541,6.201,48.1304083,-2.0837367,39.63,30.48,40.71,54.39,56.4,34,2,,
2025-07-25T08:32:47.580+0200,670,581,6.896,4776.283,42.08,33.08,42.51,59.21,,-1.57,128.89,15.64,27.90,2016,93,26,,,64,,,,,,0,2025-07-25T08:32:46.000+0200,589,541,6.201,48.1304083,-2.0837367,39.63,30.48,40.71,54.39,56.4,34,2,,
2025-07-25T08:32:48.179+0200,670,581,6.903,4776.291,42.91,33.08,42.51,59.21,,1.08,128.89,10.35,18.19,1334,93,26,,,63,,,,,,0,2025-07-25T08:32:47.000+0200,590,542,6.213,48.1304900,-2.0836467,42.00,30.49,40.71,54.39,56.6,36,2,,
2025-07-25T08:32:48.203+0200,670,581,6.903,4776.291,42.91,33.08,42.51,59.21,,1.08,128.89,10.35,18.19,1334,93,26,,,63,,,,,,0,2025-07-25T08:32:47.000+0200,590,542,6.213,48.1304900,-2.0836467,42.00,30.49,40.71,54.39,56.6,36,2,,
2025-07-25T08:32:48.798+0200,671,582,6.910,4776.298,41.14,33.09,42.51,59.21,,-1.23,129.20,6.01,10.90,776,93,26,,,65,,,,,,0,2025-07-25T08:32:48.000+0200,591,543,6.224,48.1305683,-2.0835583,37.17,30.50,40.70,54.39,57.4,34,2,,
2025-07-25T08:32:48.822+0200,671,582,6.910,4776.298,41.14,33.09,42.51,59.21,,-1.23,129.20,6.01,10.90,776,93,26,,,65,,,,,,0,2025-07-25T08:32:48.000+0200,591,543,6.224,48.1305683,-2.0835583,37.17,30.50,40.70,54.39,57.4,34,2,,
2025-07-25T08:32:49.419+0200,672,583,6.918,4776.305,42.22,33.10,42.51,59.21,,2.14,129.20,16.41,29.20,2120,93,26,,,64,,,,,,0,2025-07-25T08:32:48.000+0200,591,543,6.224,48.1305683,-2.0835583,37.17,30.50,40.70,54.39,57.4,34,2,,
2025-07-25T08:32:49.442+0200,672,583,6.918,4776.305,42.22,33.10,42.51,59.21,,2.14,129.20,16.41,29.20,2120,93,26,,,64,,,,,,0,2025-07-25T08:32:48.000+0200,591,543,6.224,48.1305683,-2.0835583,37.17,30.50,40.70,54.39,57.4,34,2,,
2025-07-25T08:32:50.040+0200,672,583,6.925,4776.313,42.26,33.11,42.51,59.21,,0.34,129.09,14.12,25.10,1823,93,26,,,64,,,,,,0,2025-07-25T08:32:49.000+0200,592,544,6.234,48.1306500,-2.0834950,38.32,30.51,40.70,54.39,57.9,25,2,,
2025-07-25T08:32:50.060+0200,672,583,6.925,4776.313,42.26,33.11,42.51,59.21,,0.34,129.09,14.12,25.10,1823,93,26,,,64,,,,,,0,2025-07-25T08:32:49.000+0200,592,544,6.234,48.1306500,-2.0834950,38.32,30.51,40.70,54.39,57.9,25,2,,
2025-07-25T08:32:50.661+0200,673,584,6.932,4776.320,41.54,33.11,42.51,59.21,,-0.45,129.09,21.10,38.00,2724,93,26,,,65,,,,,,0,2025-07-25T08:32:50.000+0200,593,545,6.245,48.1307417,-2.0834500,39.44,30.53,40.70,54.39,58.1,19,2,,
2025-07-25T08:32:50.682+0200,673,584,6.932,4776.320,41.54,33.11,42.51,59.21,,-0.45,129.09,21.10,38.00,2724,93,26,,,65,,,,,,0,2025-07-25T08:32:50.000+0200,593,545,6.245,48.1307417,-2.0834500,39.44,30.53,40.70,54.39,58.1,19,2,,
2025-07-25T08:32:51.278+0200,673,585,6.939,4776.327,44.42,33.12,42.51,59.21,,4.25,128.70,11.74,20.10,1511,93,26,,,62,,,,,,0,2025-07-25T08:32:50.000+0200,593,545,6.245,48.1307417,-2.0834500,39.44,30.53,40.70,54.39,58.1,19,2,,
2025-07-25T08:32:51.298+0200,673,585,6.939,4776.327,44.42,33.12,42.51,59.21,,4.25,128.70,11.74,20.10,1511,93,26,,,62,,,,,,0,2025-07-25T08:32:50.000+0200,593,545,6.245,48.1307417,-2.0834500,39.44,30.53,40.70,54.39,58.1,19,2,,
2025-07-25T08:32:51.922+0200,674,585,6.947,4776.335,42.58,33.13,42.51,59.21,,-3.96,129.00,5.94,10.50,766,93,26,,,64,,,,,,0,2025-07-25T08:32:51.000+0200,594,546,6.255,48.1308333,-2.0834300,38.02,30.54,40.69,54.39,58.4,9,2,,
2025-07-25T08:32:51.941+0200,674,585,6.947,4776.335,42.58,33.13,42.51,59.21,,-3.96,129.00,5.94,10.50,766,93,26,,,64,,,,,,0,2025-07-25T08:32:51.000+0200,594,546,6.255,48.1308333,-2.0834300,38.02,30.54,40.69,54.39,58.4,9,2,,
2025-07-25T08:32:52.538+0200,675,586,6.954,4776.342,42.22,33.14,42.51,59.21,,-0.12,129.09,16.02,28.50,2068,93,26,,,64,,,,,,0,2025-07-25T08:32:51.000+0200,594,546,6.255,48.1308333,-2.0834300,38.02,30.54,40.69,54.39,58.4,9,2,,
2025-07-25T08:32:52.562+0200,675,586,6.954,4776.342,42.22,33.14,42.51,59.21,,-0.12,129.09,16.02,28.50,2068,93,26,,,64,,,,,,0,2025-07-25T08:32:51.000+0200,594,546,6.255,48.1308333,-2.0834300,38.02,30.54,40.69,54.39,58.4,9,2,,
2025-07-25T08:32:53.163+0200,675,586,6.962,4776.349,42.91,33.14,42.51,59.21,,2.92,128.89,15.82,27.80,2039,93,26,,,63,,,,,,0,2025-07-25T08:32:52.000+0200,595,547,6.266,48.1309300,-2.0834183,38.13,30.55,40.69,54.39,58.5,4,2,,
2025-07-25T08:32:53.185+0200,675,586,6.962,4776.349,42.91,33.14,42.51,59.21,,2.92,128.89,15.82,27.80,2039,93,26,,,63,,,,,,0,2025-07-25T08:32:52.000+0200,595,547,6.266,48.1309300,-2.0834183,38.13,30.55,40.69,54.39,58.5,4,2,,
2025-07-25T08:32:53.782+0200,676,587,6.969,4776.357,41.58,33.15,42.51,59.21,,-4.63,129.00,11.72,21.10,1512,93,26,,,64,,,,,,0,2025-07-25T08:32:53.000+0200,596,548,6.276,48.1310250,-2.0834117,40.11,30.56,40.69,54.39,58.8,5,2,,
2025-07-25T08:32:53.801+0200,676,587,6.969,4776.357,41.58,33.15,42.51,59.21,,-4.63,129.00,11.72,21.10,1512,93,26,,,64,,,,,,0,2025-07-25T08:32:53.000+0200,596,548,6.276,48.1310250,-2.0834117,40.11,30.56,40.69,54.39,58.8,5,2,,
2025-07-25T08:32:54.399+0200,677,588,6.977,4776.364,43.23,33.16,42.51,59.21,,1.35,128.70,24.78,43.30,3189,93,26,,,63,,,,,,0,2025-07-25T08:32:53.000+0200,596,548,6.276,48.1310250,-2.0834117,40.11,30.56,40.69,54.39,58.8,5,2,,
2025-07-25T08:32:54.421+0200,677,588,6.977,4776.364,43.23,33.16,42.51,59.21,,1.35,128.70,24.78,43.30,3189,93,26,,,63,,,,,,0,2025-07-25T08:32:53.000+0200,596,548,6.276,48.1310250,-2.0834117,40.11,30.56,40.69,54.39,58.8,5,2,,
2025-07-25T08:32:55.017+0200,677,588,6.984,4776.372,45.28,33.17,42.51,59.21,,0.90,128.39,21.64,36.50,2778,93,26,,,61,,,,,,0,2025-07-25T08:32:54.000+0200,597,549,6.288,48.1311267,-2.0834067,41.99,30.58,40.69,54.39,59.0,3,2,,
2025-07-25T08:32:55.039+0200,677,588,6.984,4776.372,45.28,33.17,42.51,59.21,,0.90,128.39,21.64,36.50,2778,93,26,,,61,,,,,,0,2025-07-25T08:32:54.000+0200,597,549,6.288,48.1311267,-2.0834067,41.99,30.58,40.69,54.39,59.0,3,2,,
2025-07-25T08:32:55.637+0200,678,589,6.992,4776.380,43.70,33.18,42.51,59.21,,-5.27,128.70,7.27,12.60,936,93,26,,,63,,,,,,0,2025-07-25T08:32:54.000+0200,597,549,6.288,48.1311267,-2.0834067,41.99,30.58,40.69,54.39,59.0,3,2,,
2025-07-25T08:32:55.653+0200,678,589,6.992,4776.380,43.70,33.18,42.51,59.21,,-5.27,128.70,7.27,12.60,936,93,26,,,63,,,,,,0,2025-07-25T08:32:55.000+0200,597,549,6.299,48.1312317,-2.0834017,40.02,30.59,40.69,54.39,59.6,359,2,,
2025-07-25T08:32:56.278+0200,678,590,7.000,4776.388,44.56,33.19,42.52,59.21,,1.91,128.80,10.13,17.29,1305,93,26,,,62,,,,,,0,2025-07-25T08:32:55.000+0200,598,550,6.299,48.1312317,-2.0834017,40.02,30.59,40.69,54.39,59.6,359,2,,
2025-07-25T08:32:56.298+0200,678,590,7.000,4776.388,44.56,33.19,42.52,59.21,,1.91,128.80,10.13,17.29,1305,93,26,,,62,,,,,,0,2025-07-25T08:32:55.000+0200,598,550,6.299,48.1312317,-2.0834017,40.02,30.59,40.69,54.39,59.6,359,2,,
2025-07-25T08:32:56.897+0200,679,590,7.007,4776.395,42.87,33.20,42.52,59.21,,-0.90,129.09,3.01,5.30,389,93,26,,,63,,,,,,0,2025-07-25T08:32:56.000+0200,599,551,6.310,48.1313250,-2.0833967,41.81,30.60,40.69,54.39,59.5,6,2,,
2025-07-25T08:32:56.918+0200,679,590,7.007,4776.395,42.87,33.20,42.52,59.21,,-0.90,129.09,3.01,5.30,389,93,26,,,63,,,,,,0,2025-07-25T08:32:56.000+0200,599,551,6.310,48.1313250,-2.0833967,41.81,30.60,40.69,54.39,59.5,6,2,,
2025-07-25T08:32:57.515+0200,680,591,7.015,4776.403,42.40,33.20,42.52,59.21,,0.45,129.20,11.11,19.69,1435,93,26,,,64,,,,,,0,2025-07-25T08:32:56.000+0200,599,551,6.310,48.1313250,-2.0833967,41.81,30.60,40.69,54.39,59.5,6,2,,
2025-07-25T08:32:57.536+0200,680,591,7.015,4776.403,42.40,33.20,42.52,59.21,,0.45,129.20,11.11,19.69,1435,93,26,,,64,,,,,,0,2025-07-25T08:32:56.000+0200,599,551,6.310,48.1313250,-2.0833967,41.81,30.60,40.69,54.39,59.5,6,2,,
2025-07-25T08:32:58.137+0200,680,591,7.022,4776.410,39.92,33.21,42.51,59.21,,-3.46,129.50,8.46,15.70,1096,93,26,,,66,,,,,,0,2025-07-25T08:32:57.000+0200,600,552,6.320,48.1314183,-2.0833867,36.63,30.61,40.68,54.39,59.6,2,2,,
2025-07-25T08:32:58.160+0200,680,591,7.022,4776.410,39.92,33.21,42.51,59.21,,-3.46,129.50,8.46,15.70,1096,93,26,,,66,,,,,,0,2025-07-25T08:32:57.000+0200,600,552,6.320,48.1314183,-2.0833867,36.63,30.61,40.68,54.39,59.6,2,2,,
2025-07-25T08:32:58.762+0200,681,592,7.029,4776.417,39.88,33.22,42.51,59.21,,-2.81,129.59,2.80,5.20,363,93,26,,,66,,,,,,0,2025-07-25T08:32:58.000+0200,601,553,6.329,48.1315017,-2.0833833,35.72,30.62,40.67,54.39,59.4,5,2,,
2025-07-25T08:32:58.784+0200,681,592,7.029,4776.417,39.88,33.22,42.51,59.21,,-2.81,129.59,2.80,5.20,363,93,26,,,66,,,,,,0,2025-07-25T08:32:58.000+0200,601,553,6.329,48.1315017,-2.0833833,35.72,30.62,40.67,54.39,59.4,5,2,,
2025-07-25T08:32:59.400+0200,682,593,7.036,4776.424,37.40,33.22,42.51,59.21,,-5.04,129.80,9.25,18.00,1201,93,26,,,68,,,,,,0,2025-07-25T08:32:58.000+0200,601,553,6.329,48.1315017,-2.0833833,35.72,30.62,40.67,54.39,59.4,5,2,,
2025-07-25T08:32:59.423+0200,682,593,7.036,4776.424,37.40,33.22,42.51,59.21,,-5.04,129.80,9.25,18.00,1201,93,26,,,68,,,,,,0,2025-07-25T08:32:58.000+0200,601,553,6.329,48.1315017,-2.0833833,35.72,30.62,40.67,54.39,59.4,5,2,,
2025-07-25T08:32:59.999+0200,682,593,7.043,4776.430,36.89,33.22,42.50,59.21,,0.00,129.70,27.94,54.90,3624,93,26,,,69,,,,,,0,2025-07-25T08:32:59.000+0200,602,554,6.339,48.1315850,-2.0833700,34.64,30.62,40.66,54.39,59.9,3,2,,
2025-07-25T08:33:00.021+0200,682,593,7.043,4776.430,36.89,33.22,42.50,59.21,,0.00,129.70,27.94,54.90,3624,93,26,,,69,,,,,,0,2025-07-25T08:32:59.000+0200,602,554,6.339,48.1315850,-2.0833700,34.64,30.62,40.66,54.39,59.9,3,2,,
2025-07-25T08:33:00.651+0200,683,594,7.050,4776.437,36.79,33.23,42.49,59.21,,-0.48,129.80,-0.81,-3.19,-105,93,26,,,69,,,,,,0,2025-07-25T08:33:00.000+0200,602,554,6.347,48.1316567,-2.0833633,31.11,30.62,40.64,54.39,60.1,9,2,,
2025-07-25T08:33:00.672+0200,683,594,7.050,4776.437,36.79,33.23,42.49,59.21,,-0.48,129.80,-0.81,-3.19,-105,93,26,,,69,,,,,,0,2025-07-25T08:33:00.000+0200,603,555,6.347,48.1316567,-2.0833633,31.11,30.62,40.64,54.39,60.1,9,2,,
2025-07-25T08:33:01.262+0200,683,594,7.056,4776.443,34.81,33.23,42.49,59.21,,-3.46,129.89,14.54,29.80,1889,93,26,,,70,,,,,,0,2025-07-25T08:33:00.000+0200,603,555,6.347,48.1316567,-2.0833633,31.11,30.62,40.64,54.39,60.1,9,2,,
2025-07-25T08:33:01.283+0200,683,595,7.056,4776.443,34.81,33.23,42.49,59.21,,-3.46,129.89,14.54,29.80,1889,93,26,,,70,,,,,,0,2025-07-25T08:33:00.000+0200,603,555,6.347,48.1316567,-2.0833633,31.11,30.62,40.64,54.39,60.1,9,2,,
2025-07-25T08:33:01.877+0200,684,595,7.062,4776.449,37.90,33.23,42.48,59.21,,5.62,129.30,23.98,46.20,3101,93,26,,,68,,,,,,0,2025-07-25T08:33:01.000+0200,604,556,6.356,48.1317400,-2.0833483,33.80,30.63,40.63,54.39,59.9,8,2,,
2025-07-25T08:33:01.898+0200,684,595,7.062,4776.449,37.90,33.23,42.48,59.21,,5.62,129.30,23.98,46.20,3101,93,26,,,68,,,,,,0,2025-07-25T08:33:01.000+0200,604,556,6.356,48.1317400,-2.0833483,33.80,30.63,40.63,54.39,59.9,8,2,,
2025-07-25T08:33:02.502+0200,685,596,7.068,4776.456,39.63,33.24,42.48,59.21,,2.13,129.00,12.06,22.50,1556,93,26,,,66,,,,,,0,2025-07-25T08:33:01.000+0200,604,556,6.356,48.1317400,-2.0833483,33.80,30.63,40.63,54.39,59.9,8,2,,
2025-07-25T08:33:02.521+0200,685,596,7.068,4776.456,39.63,33.24,42.48,59.21,,2.13,129.00,12.06,22.50,1556,93,26,,,66,,,,,,0,2025-07-25T08:33:01.000+0200,604,556,6.356,48.1317400,-2.0833483,33.80,30.63,40.63,54.39,59.9,8,2,,
2025-07-25T08:33:03.120+0200,685,596,7.075,4776.463,39.70,33.24,42.48,59.21,,0.45,129.00,19.49,36.30,2514,93,26,,,66,,,,,,0,2025-07-25T08:33:02.000+0200,605,557,6.366,48.1318283,-2.0833300,34.62,30.63,40.62,54.39,59.8,8,2,,
2025-07-25T08:33:03.141+0200,685,596,7.075,4776.463,39.70,33.24,42.48,59.21,,0.45,129.00,19.49,36.30,2514,93,26,,,66,,,,,,0,2025-07-25T08:33:02.000+0200,605,557,6.366,48.1318283,-2.0833300,34.62,30.63,40.62,54.39,59.8,8,2,,
2025-07-25T08:33:03.740+0200,686,597,7.082,4776.470,40.96,33.25,42.47,59.21,,1.80,128.70,28.03,51.00,3607,93,26,,,65,,,,,,0,2025-07-25T08:33:03.000+0200,606,558,6.376,48.1319150,-2.0832983,33.27,30.64,40.61,54.39,60.1,13,2,,
2025-07-25T08:33:03.759+0200,686,597,7.082,4776.470,40.96,33.25,42.47,59.21,,1.80,128.70,28.03,51.00,3607,93,26,,,65,,,,,,0,2025-07-25T08:33:03.000+0200,606,558,6.376,48.1319150,-2.0832983,33.27,30.64,40.61,54.39,60.1,13,2,,
2025-07-25T08:33:04.362+0200,687,598,7.089,4776.477,43.05,33.25,42.47,59.21,,2.36,128.30,27.67,48.50,3550,93,26,,,63,,,,,,0,2025-07-25T08:33:03.000+0200,606,558,6.376,48.1319150,-2.0832983,33.27,30.64,40.61,54.39,60.1,13,2,,
2025-07-25T08:33:04.383+0200,687,598,7.089,4776.477,43.05,33.25,42.47,59.21,,2.36,128.30,27.67,48.50,3550,93,26,,,63,,,,,,0,2025-07-25T08:33:03.000+0200,606,558,6.376,48.1319150,-2.0832983,33.27,30.64,40.61,54.39,60.1,13,2,,
2025-07-25T08:33:04.999+0200,687,598,7.096,4776.484,43.99,33.26,42.48,59.21,,0.84,128.20,20.35,35.09,2609,93,26,,,62,,,,,,0,2025-07-25T08:33:04.000+0200,607,559,6.386,48.1320017,-2.0832650,38.30,30.65,40.60,54.39,60.4,17,2,,
2025-07-25T08:33:05.021+0200,687,598,7.096,4776.484,43.99,33.26,42.48,59.21,,0.84,128.20,20.35,35.09,2609,93,26,,,62,,,,,,0,2025-07-25T08:33:04.000+0200,607,559,6.386,48.1320017,-2.0832650,38.30,30.65,40.60,54.39,60.4,17,2,,
2025-07-25T08:33:05.622+0200,688,599,7.104,4776.492,44.71,33.27,42.48,59.21,,1.91,128.30,14.67,25.00,1882,93,26,,,62,,,,,,0,2025-07-25T08:33:04.000+0200,607,559,6.386,48.1320017,-2.0832650,38.30,30.65,40.60,54.39,60.4,17,2,,
2025-07-25T08:33:05.642+0200,688,599,7.104,4776.492,44.71,33.27,42.48,59.21,,1.91,128.30,14.67,25.00,1882,93,26,,,62,,,,,,0,2025-07-25T08:33:04.000+0200,607,559,6.386,48.1320017,-2.0832650,38.30,30.65,40.60,54.39,60.4,17,2,,
2025-07-25T08:33:06.240+0200,688,599,7.112,4776.500,44.17,33.28,42.48,59.21,,0.36,128.59,11.45,19.69,1472,93,26,,,62,,,,,,0,2025-07-25T08:33:05.000+0200,608,560,6.396,48.1320933,-2.0832250,37.77,30.66,40.60,54.39,61.0,18,2,,
2025-07-25T08:33:06.262+0200,688,599,7.112,4776.500,44.17,33.28,42.48,59.21,,0.36,128.59,11.45,19.69,1472,93,26,,,62,,,,,,0,2025-07-25T08:33:05.000+0200,608,560,6.396,48.1320933,-2.0832250,37.77,30.66,40.60,54.39,61.0,18,2,,
2025-07-25T08:33:06.857+0200,689,600,7.119,4776.507,43.48,33.29,42.48,59.21,,1.20,128.70,12.64,22.00,1627,93,26,,,63,,,,,,0,2025-07-25T08:33:06.000+0200,609,561,6.407,48.1321867,-2.0831783,38.84,30.67,40.60,54.39,62.0,19,2,,
2025-07-25T08:33:06.872+0200,689,600,7.119,4776.507,43.48,33.29,42.48,59.21,,1.20,128.70,12.64,22.00,1627,93,26,,,63,,,,,,0,2025-07-25T08:33:06.000+0200,609,561,6.407,48.1321867,-2.0831783,38.84,30.67,40.60,54.39,62.0,19,2,,
2025-07-25T08:33:07.476+0200,690,601,7.127,4776.515,44.67,33.30,42.48,59.21,,2.99,128.59,21.12,36.00,2716,93,26,,,62,,,,,,0,2025-07-25T08:33:06.000+0200,609,561,6.407,48.1321867,-2.0831783,38.84,30.67,40.60,54.39,62.0,19,2,,
2025-07-25T08:33:07.498+0200,690,601,7.127,4776.515,44.67,33.30,42.48,59.21,,2.99,128.59,21.12,36.00,2716,93,26,,,62,,,,,,0,2025-07-25T08:33:06.000+0200,609,561,6.407,48.1321867,-2.0831783,38.84,30.67,40.60,54.39,62.0,19,2,,
2025-07-25T08:33:08.101+0200,690,601,7.135,4776.523,47.08,33.31,42.49,59.21,,5.42,128.30,22.23,36.39,2852,93,26,,,60,,,,,,0,2025-07-25T08:33:07.000+0200,610,562,6.419,48.1322850,-2.0831300,41.09,30.68,40.60,54.39,62.6,16,2,,
2025-07-25T08:33:08.123+0200,690,601,7.135,4776.523,47.08,33.31,42.49,59.21,,5.42,128.30,22.23,36.39,2852,93,26,,,60,,,,,,0,2025-07-25T08:33:07.000+0200,610,562,6.419,48.1322850,-2.0831300,41.09,30.68,40.60,54.39,62.6,16,2,,
2025-07-25T08:33:08.740+0200,691,602,7.143,4776.531,45.50,33.32,42.49,59.21,,-5.16,128.50,9.40,15.79,1208,93,26,,,61,,,,,,0,2025-07-25T08:33:08.000+0200,611,563,6.431,48.1323883,-2.0830933,44.81,30.70,40.60,54.39,63.5,11,2,,
2025-07-25T08:33:08.760+0200,691,602,7.143,4776.531,45.50,33.32,42.49,59.21,,-5.16,128.50,9.40,15.79,1208,93,26,,,61,,,,,,0,2025-07-25T08:33:08.000+0200,611,563,6.431,48.1323883,-2.0830933,44.81,30.70,40.60,54.39,63.5,11,2,,
2025-07-25T08:33:09.340+0200,691,603,7.151,4776.539,45.28,33.33,42.49,59.21,,-1.79,128.59,13.45,22.70,1730,93,26,,,61,,,,,,0,2025-07-25T08:33:08.000+0200,611,563,6.431,48.1323883,-2.0830933,44.81,30.70,40.60,54.39,63.5,11,2,,
2025-07-25T08:33:09.363+0200,691,603,7.151,4776.539,45.28,33.33,42.49,59.21,,-1.79,128.59,13.45,22.70,1730,93,26,,,61,,,,,,0,2025-07-25T08:33:08.000+0200,611,563,6.431,48.1323883,-2.0830933,44.81,30.70,40.60,54.39,63.5,11,2,,
2025-07-25T08:33:09.988+0200,692,603,7.159,4776.547,46.15,33.34,42.50,59.21,,0.36,128.80,5.89,9.80,759,93,26,,,61,,,,,,0,2025-07-25T08:33:09.000+0200,612,564,6.443,48.1324950,-2.0830583,40.69,30.72,40.60,54.39,64.3,9,2,,
2025-07-25T08:33:10.003+0200,692,603,7.159,4776.547,46.15,33.34,42.50,59.21,,0.36,128.80,5.89,9.80,759,93,26,,,61,,,,,,0,2025-07-25T08:33:09.000+0200,612,564,6.443,48.1324950,-2.0830583,40.69,30.72,40.60,54.39,64.3,9,2,,
2025-07-25T08:33:10.621+0200,693,604,7.167,4776.555,46.08,33.35,42.50,59.21,,3.11,129.00,11.29,18.79,1456,93,26,,,61,,,,,,0,2025-07-25T08:33:09.000+0200,612,564,6.443,48.1324950,-2.0830583,40.69,30.72,40.60,54.39,64.3,9,2,,
2025-07-25T08:33:10.641+0200,693,604,7.167,4776.555,46.08,33.35,42.50,59.21,,3.11,129.00,11.29,18.79,1456,93,26,,,61,,,,,,0,2025-07-25T08:33:09.000+0200,612,564,6.443,48.1324950,-2.0830583,40.69,30.72,40.60,54.39,64.3,9,2,,
2025-07-25T08:33:11.241+0200,693,604,7.175,4776.563,45.17,33.36,42.50,59.21,,0.12,129.09,10.71,18.10,1383,93,26,,,61,,,,,,0,2025-07-25T08:33:10.000+0200,613,565,6.454,48.1325967,-2.0830483,41.41,30.73,40.61,54.39,65.0,4,2,,
2025-07-25T08:33:11.263+0200,693,604,7.175,4776.563,45.17,33.36,42.50,59.21,,0.12,129.09,10.71,18.10,1383,93,26,,,61,,,,,,0,2025-07-25T08:33:10.000+0200,613,565,6.454,48.1325967,-2.0830483,41.41,30.73,40.61,54.39,65.0,4,2,,
2025-07-25T08:33:11.858+0200,694,605,7.182,4776.570,44.31,33.37,42.50,59.21,,-2.76,129.30,5.54,9.50,716,93,26,,,62,,,,,,0,2025-07-25T08:33:11.000+0200,614,566,6.465,48.1326900,-2.0830283,37.51,30.74,40.60,54.39,65.7,8,2,,
2025-07-25T08:33:11.880+0200,694,605,7.182,4776.570,44.31,33.37,42.50,59.21,,-2.76,129.30,5.54,9.50,716,93,26,,,62,,,,,,0,2025-07-25T08:33:11.000+0200,614,566,6.465,48.1326900,-2.0830283,37.51,30.74,40.60,54.39,65.7,8,2,,
2025-07-25T08:33:12.479+0200,695,606,7.190,4776.578,43.09,33.38,42.51,59.21,,-0.96,129.50,6.22,10.90,805,93,26,,,63,,,,,,0,2025-07-25T08:33:11.000+0200,614,566,6.465,48.1326900,-2.0830283,37.51,30.74,40.60,54.39,65.7,8,2,,
2025-07-25T08:33:12.502+0200,695,606,7.190,4776.578,43.09,33.38,42.51,59.21,,-0.96,129.50,6.22,10.90,805,93,26,,,63,,,,,,0,2025-07-25T08:33:11.000+0200,614,566,6.465,48.1326900,-2.0830283,37.51,30.74,40.60,54.39,65.7,8,2,,
2025-07-25T08:33:13.100+0200,695,606,7.198,4776.586,42.76,33.38,42.50,59.21,,2.99,129.70,3.00,5.30,389,93,26,,,64,,,,,,0,2025-07-25T08:33:12.000+0200,615,567,6.475,48.1327817,-2.0830050,37.81,30.75,40.60,54.39,66.0,7,2,,
2025-07-25T08:33:13.121+0200,695,606,7.198,4776.586,42.76,33.38,42.50,59.21,,2.99,129.70,3.00,5.30,389,93,26,,,64,,,,,,0,2025-07-25T08:33:12.000+0200,615,567,6.475,48.1327817,-2.0830050,37.81,30.75,40.60,54.39,66.0,7,2,,
2025-07-25T08:33:13.722+0200,696,607,7.205,4776.593,43.01,33.39,42.50,59.21,,5.42,129.59,9.57,16.79,1240,93,26,,,63,,,,,,0,2025-07-25T08:33:13.000+0200,616,568,6.486,48.1328783,-2.0829967,41.27,30.76,40.60,54.39,65.9,9,2,,
2025-07-25T08:33:13.742+0200,696,607,7.205,4776.593,43.01,33.39,42.50,59.21,,5.42,129.59,9.57,16.79,1240,93,26,,,63,,,,,,0,2025-07-25T08:33:13.000+0200,616,568,6.486,48.1328783,-2.0829967,41.27,30.76,40.60,54.39,65.9,9,2,,
2025-07-25T08:33:14.337+0200,696,608,7.213,4776.600,40.24,33.40,42.50,59.21,,-9.30,129.80,-0.24,-0.90,-31,93,26,,,66,,,,,,0,2025-07-25T08:33:13.000+0200,616,568,6.486,48.1328783,-2.0829967,41.27,30.76,40.60,54.39,65.9,9,2,,
2025-07-25T08:33:14.358+0200,696,608,7.213,4776.600,40.24,33.40,42.50,59.21,,-9.30,129.80,-0.24,-0.90,-31,93,26,,,66,,,,,,0,2025-07-25T08:33:13.000+0200,616,568,6.486,48.1328783,-2.0829967,41.27,30.76,40.60,54.39,65.9,9,2,,
2025-07-25T08:33:14.962+0200,697,608,7.220,4776.607,40.64,33.40,42.50,59.21,,-0.95,129.89,6.06,11.10,787,93,26,,,66,,,,,,0,2025-07-25T08:33:14.000+0200,617,569,6.497,48.1329767,-2.0829717,38.74,30.77,40.59,54.39,65.8,7,2,,
2025-07-25T08:33:14.984+0200,697,608,7.220,4776.607,40.64,33.40,42.50,59.21,,-0.95,129.89,6.06,11.10,787,93,26,,,66,,,,,,0,2025-07-25T08:33:14.000+0200,617,569,6.497,48.1329767,-2.0829717,38.74,30.77,40.59,54.39,65.8,7,2,,
2025-07-25T08:33:15.577+0200,698,609,7.227,4776.614,38.59,33.41,42.50,59.21,,-6.56,130.09,-0.57,-2.20,-74,93,26,,,67,,,,,,0,2025-07-25T08:33:14.000+0200,617,569,6.497,48.1329767,-2.0829717,38.74,30.77,40.59,54.39,65.8,7,2,,
2025-07-25T08:33:15.598+0200,698,609,7.227,4776.614,38.59,33.41,42.50,59.21,,-6.56,130.09,-0.57,-2.20,-74,93,26,,,67,,,,,,0,2025-07-25T08:33:14.000+0200,617,569,6.497,48.1329767,-2.0829717,38.74,30.77,40.59,54.39,65.8,7,2,,
2025-07-25T08:33:16.198+0200,698,609,7.234,4776.621,38.95,33.41,42.49,59.21,,4.17,129.89,16.57,31.30,2152,93,26,,,67,,,,,,0,2025-07-25T08:33:15.000+0200,618,570,6.507,48.1330683,-2.0829583,36.08,30.78,40.59,54.39,65.5,5,2,,
2025-07-25T08:33:16.219+0200,698,609,7.234,4776.621,38.95,33.41,42.49,59.21,,4.17,129.89,16.57,31.30,2152,93,26,,,67,,,,,,0,2025-07-25T08:33:15.000+0200,618,570,6.507,48.1330683,-2.0829583,36.08,30.78,40.59,54.39,65.5,5,2,,
2025-07-25T08:33:16.819+0200,699,610,7.241,4776.628,41.54,33.42,42.49,59.21,,3.72,129.50,25.66,46.20,3323,93,26,,,65,,,,,,0,2025-07-25T08:33:16.000+0200,619,571,6.518,48.1331633,-2.0829350,38.96,30.79,40.58,54.39,65.9,7,2,,
2025-07-25T08:33:16.842+0200,699,610,7.241,4776.628,41.54,33.42,42.49,59.21,,3.72,129.50,25.66,46.20,3323,93,26,,,65,,,,,,0,2025-07-25T08:33:16.000+0200,619,571,6.518,48.1331633,-2.0829350,38.96,30.79,40.58,54.39,65.9,7,2,,
2025-07-25T08:33:17.440+0200,700,611,7.248,4776.635,43.19,33.43,42.49,59.21,,2.36,129.09,17.84,31.20,2303,93,26,,,63,,,,,,0,2025-07-25T08:33:16.000+0200,619,571,6.518,48.1331633,-2.0829350,38.96,30.79,40.58,54.39,65.9,7,2,,
2025-07-25T08:33:17.462+0200,700,611,7.248,4776.635,43.19,33.43,42.49,59.21,,2.36,129.09,17.84,31.20,2303,93,26,,,63,,,,,,0,2025-07-25T08:33:16.000+0200,619,571,6.518,48.1331633,-2.0829350,38.96,30.79,40.58,54.39,65.9,7,2,,
2025-07-25T08:33:18.081+0200,700,611,7.255,4776.643,43.52,33.43,42.49,59.21,,0.84,129.09,16.39,28.50,2116,93,26,,,63,,,,,,0,2025-07-25T08:33:17.000+0200,620,572,6.529,48.1332600,-2.0829167,38.83,30.80,40.58,54.39,65.7,5,2,,
2025-07-25T08:33:18.101+0200,700,611,7.255,4776.643,43.52,33.43,42.49,59.21,,0.84,129.09,16.39,28.50,2116,93,26,,,63,,,,,,0,2025-07-25T08:33:17.000+0200,620,572,6.529,48.1332600,-2.0829167,38.83,30.80,40.58,54.39,65.7,5,2,,
2025-07-25T08:33:18.700+0200,701,612,7.263,4776.650,44.13,33.44,42.50,59.21,,1.68,129.20,7.84,13.50,1013,93,26,,,62,,,,,,0,2025-07-25T08:33:18.000+0200,621,573,6.540,48.1333583,-2.0829050,39.90,30.81,40.58,54.39,65.6,4,2,,
2025-07-25T08:33:18.720+0200,701,612,7.263,4776.650,44.13,33.44,42.50,59.21,,1.68,129.20,7.84,13.50,1013,93,26,,,62,,,,,,0,2025-07-25T08:33:18.000+0200,621,573,6.540,48.1333583,-2.0829050,39.90,30.81,40.58,54.39,65.6,4,2,,
2025-07-25T08:33:19.321+0200,701,613,7.270,4776.658,43.09,33.45,42.50,59.21,,0.00,129.20,13.93,24.40,1800,93,26,,,63,,,,,,0,2025-07-25T08:33:18.000+0200,621,573,6.540,48.1333583,-2.0829050,39.90,30.81,40.58,54.39,65.6,4,2,,
2025-07-25T08:33:19.343+0200,701,613,7.270,4776.658,43.09,33.45,42.50,59.21,,0.00,129.20,13.93,24.40,1800,93,26,,,63,,,,,,0,2025-07-25T08:33:18.000+0200,621,573,6.540,48.1333583,-2.0829050,39.90,30.81,40.58,54.39,65.6,4,2,,
2025-07-25T08:33:19.938+0200,702,613,7.278,4776.665,43.45,33.46,42.50,59.21,,-2.88,129.30,7.98,13.90,1032,93,26,,,63,,,,,,0,2025-07-25T08:33:19.000+0200,622,574,6.550,48.1334550,-2.0828983,39.21,30.82,40.58,54.39,65.7,4,2,,
2025-07-25T08:33:19.960+0200,702,613,7.278,4776.665,43.45,33.46,42.50,59.21,,-2.88,129.30,7.98,13.90,1032,93,26,,,63,,,,,,0,2025-07-25T08:33:19.000+0200,622,574,6.550,48.1334550,-2.0828983,39.21,30.82,40.58,54.39,65.7,4,2,,
2025-07-25T08:33:20.560+0200,703,614,7.285,4776.673,43.05,33.47,42.50,59.21,,0.00,129.30,11.01,19.29,1424,93,26,,,63,,,,,,0,2025-07-25T08:33:19.000+0200,622,574,6.550,48.1334550,-2.0828983,39.21,30.82,40.58,54.39,65.7,4,2,,
2025-07-25T08:33:20.581+0200,703,614,7.285,4776.673,43.05,33.47,42.50,59.21,,0.00,129.30,11.01,19.29,1424,93,26,,,63,,,,,,0,2025-07-25T08:33:19.000+0200,622,574,6.550,48.1334550,-2.0828983,39.21,30.82,40.58,54.39,65.7,4,2,,
2025-07-25T08:33:21.182+0200,703,614,7.293,4776.680,41.97,33.47,42.50,59.21,,-3.49,129.39,6.60,11.80,854,93,26,,,64,,,,,,0,2025-07-25T08:33:20.000+0200,623,575,6.561,48.1335483,-2.0828883,36.46,30.83,40.57,54.39,65.6,2,2,,
2025-07-25T08:33:21.203+0200,703,614,7.293,4776.680,41.97,33.47,42.50,59.21,,-3.49,129.39,6.60,11.80,854,93,26,,,64,,,,,,0,2025-07-25T08:33:20.000+0200,623,575,6.561,48.1335483,-2.0828883,36.46,30.83,40.57,54.39,65.6,2,2,,
2025-07-25T08:33:21.802+0200,704,615,7.300,4776.688,42.98,33.48,42.50,59.21,,3.72,129.50,6.78,11.90,878,93,26,,,63,,,,,,0,2025-07-25T08:33:21.000+0200,624,576,6.572,48.1336467,-2.0828800,38.16,30.84,40.56,54.39,65.9,4,2,,
2025-07-25T08:33:21.822+0200,704,615,7.300,4776.688,42.98,33.48,42.50,59.21,,3.72,129.50,6.78,11.90,878,93,26,,,63,,,,,,0,2025-07-25T08:33:21.000+0200,624,576,6.572,48.1336467,-2.0828800,38.16,30.84,40.56,54.39,65.9,4,2,,
2025-07-25T08:33:22.441+0200,705,616,7.308,4776.695,41.07,33.49,42.50,59.21,,-3.04,129.59,11.73,21.30,1520,93,26,,,65,,,,,,0,2025-07-25T08:33:21.000+0200,624,576,6.572,48.1336467,-2.0828800,38.16,30.84,40.56,54.39,65.9,4,2,,
2025-07-25T08:33:22.458+0200,705,616,7.308,4776.695,41.07,33.49,42.50,59.21,,-3.04,129.59,11.73,21.30,1520,93,26,,,65,,,,,,0,2025-07-25T08:33:21.000+0200,624,576,6.572,48.1336467,-2.0828800,38.16,30.84,40.56,54.39,65.9,4,2,,
2025-07-25T08:33:23.058+0200,705,616,7.315,4776.703,41.03,33.49,42.50,59.21,,-2.16,129.59,3.35,6.10,434,93,26,,,65,,,,,,0,2025-07-25T08:33:22.000+0200,625,577,6.582,48.1337417,-2.0828650,39.75,30.85,40.56,54.39,66.0,4,2,,
2025-07-25T08:33:23.080+0200,705,616,7.315,4776.703,41.03,33.49,42.50,59.21,,-2.16,129.59,3.35,6.10,434,93,26,,,65,,,,,,0,2025-07-25T08:33:22.000+0200,625,577,6.582,48.1337417,-2.0828650,39.75,30.85,40.56,54.39,66.0,4,2,,
2025-07-25T08:33:23.679+0200,706,617,7.322,4776.710,40.96,33.50,42.49,59.21,,-0.22,129.70,6.10,11.10,791,93,26,,,65,,,,,,0,2025-07-25T08:33:23.000+0200,626,578,6.594,48.1338433,-2.0828633,38.15,30.86,40.56,54.39,66.0,2,2,,
2025-07-25T08:33:23.698+0200,706,617,7.322,4776.710,40.96,33.50,42.49,59.21,,-0.22,129.70,6.10,11.10,791,93,26,,,65,,,,,,0,2025-07-25T08:33:23.000+0200,626,578,6.594,48.1338433,-2.0828633,38.15,30.86,40.56,54.39,66.0,2,2,,
2025-07-25T08:33:24.312+0200,706,618,7.329,4776.717,40.93,33.50,42.49,59.21,,0.96,129.70,13.12,23.90,1702,93,26,,,65,,,,,,0,2025-07-25T08:33:23.000+0200,626,578,6.594,48.1338433,-2.0828633,38.15,30.86,40.56,54.39,66.0,2,2,,
2025-07-25T08:33:24.328+0200,706,618,7.329,4776.717,40.93,33.50,42.49,59.21,,0.96,129.70,13.12,23.90,1702,93,26,,,65,,,,,,0,2025-07-25T08:33:23.000+0200,626,578,6.594,48.1338433,-2.0828633,38.15,30.86,40.56,54.39,66.0,2,2,,
2025-07-25T08:33:24.923+0200,707,618,7.336,4776.724,40.42,33.51,42.49,59.21,,1.57,129.70,9.03,16.60,1171,93,26,,,66,,,,,,0,2025-07-25T08:33:24.000+0200,627,579,6.604,48.1339333,-2.0828567,37.17,30.87,40.55,54.39,66.0,2,2,,
2025-07-25T08:33:24.945+0200,707,618,7.336,4776.724,40.42,33.51,42.49,59.21,,1.57,129.70,9.03,16.60,1171,93,26,,,66,,,,,,0,2025-07-25T08:33:24.000+0200,627,579,6.604,48.1339333,-2.0828567,37.17,30.87,40.55,54.39,66.0,2,2,,
2025-07-25T08:33:25.539+0200,708,619,7.343,4776.731,38.98,33.51,42.49,59.21,,-3.36,129.80,5.08,9.59,659,93,26,,,67,,,,,,0,2025-07-25T08:33:24.000+0200,627,579,6.604,48.1339333,-2.0828567,37.17,30.87,40.55,54.39,66.0,2,2,,
2025-07-25T08:33:25.562+0200,708,619,7.343,4776.731,38.98,33.51,42.49,59.21,,-3.36,129.80,5.08,9.59,659,93,26,,,67,,,,,,0,2025-07-25T08:33:24.000+0200,627,579,6.604,48.1339333,-2.0828567,37.17,30.87,40.55,54.39,66.0,2,2,,
2025-07-25T08:33:26.180+0200,708,619,7.350,4776.738,38.95,33.52,42.48,59.21,,-0.12,130.00,2.43,4.60,316,93,26,,,67,,,,,,0,2025-07-25T08:33:25.000+0200,628,580,6.613,48.1340200,-2.0828583,34.74,30.88,40.54,54.39,66.1,1,2,,
2025-07-25T08:33:26.202+0200,708,619,7.350,4776.738,38.95,33.52,42.48,59.21,,-0.12,130.00,2.43,4.60,316,93,26,,,67,,,,,,0,2025-07-25T08:33:25.000+0200,628,580,6.613,48.1340200,-2.0828583,34.74,30.88,40.54,54.39,66.1,1,2,,
2025-07-25T08:33:26.801+0200,709,620,7.357,4776.744,38.91,33.52,42.48,59.21,,2.16,130.09,3.59,6.80,467,93,26,,,67,,,,,,0,2025-07-25T08:33:26.000+0200,629,581,6.624,48.1341133,-2.0828483,36.52,30.88,40.54,54.39,66.2,1,2,,
2025-07-25T08:33:26.821+0200,709,620,7.357,4776.744,38.91,33.52,42.48,59.21,,2.16,130.09,3.59,6.80,467,93,26,,,67,,,,,,0,2025-07-25T08:33:26.000+0200,629,581,6.624,48.1341133,-2.0828483,36.52,30.88,40.54,54.39,66.2,1,2,,
2025-07-25T08:33:27.417+0200,710,621,7.364,4776.751,37.11,33.53,42.48,59.21,,-2.51,130.30,2.70,5.30,352,93,26,,,69,,,,,,0,2025-07-25T08:33:26.000+0200,629,581,6.624,48.1341133,-2.0828483,36.52,30.88,40.54,54.39,66.2,1,2,,
2025-07-25T08:33:27.439+0200,710,621,7.364,4776.751,37.11,33.53,42.48,59.21,,-2.51,130.30,2.70,5.30,352,93,26,,,69,,,,,,0,2025-07-25T08:33:26.000+0200,629,581,6.624,48.1341133,-2.0828483,36.52,30.88,40.54,54.39,66.2,1,2,,
2025-07-25T08:33:28.042+0200,710,621,7.370,4776.758,37.07,33.53,42.47,59.21,,0.22,130.39,0.20,0.39,26,93,26,,,69,,,,,,0,2025-07-25T08:33:27.000+0200,630,582,6.634,48.1342067,-2.0828517,37.12,30.89,40.53,54.39,66.8,359,2,,
2025-07-25T08:33:28.066+0200,710,621,7.370,4776.758,37.07,33.53,42.47,59.21,,0.22,130.39,0.20,0.39,26,93,26,,,69,,,,,,0,2025-07-25T08:33:27.000+0200,630,582,6.634,48.1342067,-2.0828517,37.12,30.89,40.53,54.39,66.8,359,2,,
2025-07-25T08:33:28.665+0200,711,622,7.377,4776.764,36.71,33.53,42.46,59.21,,-0.67,130.50,-2.20,-8.70,-287,93,25,,,69,,,,,,0,2025-07-25T08:33:28.000+0200,630,582,6.643,48.1342867,-2.0828533,30.40,30.89,40.51,54.39,66.8,356,2,,
2025-07-25T08:33:28.683+0200,711,622,7.377,4776.764,36.71,33.53,42.46,59.21,,-0.67,130.50,-2.20,-8.70,-287,93,25,,,69,,,,,,0,2025-07-25T08:33:28.000+0200,631,583,6.643,48.1342867,-2.0828533,30.40,30.89,40.51,54.39,66.8,356,2,,
2025-07-25T08:33:29.279+0200,711,622,7.383,4776.770,34.88,33.53,42.46,59.21,,-2.26,130.59,-1.31,-5.40,-171,93,25,,,71,,,,,,0,2025-07-25T08:33:28.000+0200,631,583,6.643,48.1342867,-2.0828533,30.40,30.89,40.51,54.39,66.8,356,2,,
2025-07-25T08:33:29.301+0200,711,623,7.383,4776.770,34.88,33.53,42.46,59.21,,-2.26,130.59,-1.31,-5.40,-171,93,25,,,71,,,,,,0,2025-07-25T08:33:28.000+0200,631,583,6.643,48.1342867,-2.0828533,30.40,30.89,40.51,54.39,66.8,356,2,,
2025-07-25T08:33:29.901+0200,712,623,7.390,4776.777,33.30,33.53,42.45,59.21,,-4.97,130.80,-7.11,-30.09,-930,93,25,,,72,,,,,,0,2025-07-25T08:33:29.000+0200,632,584,6.651,48.1343600,-2.0828617,28.23,30.89,40.49,54.39,66.7,351,2,,
2025-07-25T08:33:29.925+0200,712,623,7.390,4776.777,33.30,33.53,42.45,59.21,,-4.97,130.80,-7.11,-30.09,-930,93,25,,,72,,,,,,0,2025-07-25T08:33:29.000+0200,632,584,6.651,48.1343600,-2.0828617,28.23,30.89,40.49,54.39,66.7,351,2,,
2025-07-25T08:33:30.524+0200,713,624,7.396,4776.782,30.02,33.53,42.44,59.21,,-2.69,131.00,-2.90,-13.20,-380,93,25,,,75,,,,,,0,2025-07-25T08:33:29.000+0200,632,584,6.651,48.1343600,-2.0828617,28.23,30.89,40.49,54.39,66.7,351,2,,
2025-07-25T08:33:30.548+0200,713,624,7.396,4776.782,30.02,33.53,42.44,59.21,,-2.69,131.00,-2.90,-13.20,-380,93,25,,,75,,,,,,0,2025-07-25T08:33:29.000+0200,632,584,6.651,48.1343600,-2.0828617,28.23,30.89,40.49,54.39,66.7,351,2,,
2025-07-25T08:33:31.142+0200,713,624,7.401,4776.787,28.00,33.53,42.42,59.21,,-2.23,131.09,-4.83,-23.00,-633,94,25,,,76,,,,,,0,2025-07-25T08:33:30.000+0200,633,585,6.659,48.1344267,-2.0828617,27.48,30.88,40.47,54.39,66.3,1,2,,
2025-07-25T08:33:31.165+0200,713,624,7.401,4776.787,28.00,33.53,42.42,59.21,,-2.23,131.09,-4.83,-23.00,-633,94,25,,,76,,,,,,0,2025-07-25T08:33:30.000+0200,633,585,6.659,48.1344267,-2.0828617,27.48,30.88,40.47,54.39,66.3,1,2,,
2025-07-25T08:33:31.785+0200,714,625,7.406,4776.792,24.08,33.52,42.41,59.21,,-4.85,131.39,-10.96,-57.60,-1440,94,25,,,80,,,,,,0,2025-07-25T08:33:31.000+0200,634,586,6.665,48.1344883,-2.0828567,23.11,30.87,40.44,54.39,66.5,359,2,,
2025-07-25T08:33:31.807+0200,714,625,7.406,4776.792,24.08,33.52,42.41,59.21,,-4.85,131.39,-10.96,-57.60,-1440,94,25,,,80,,,,,,0,2025-07-25T08:33:31.000+0200,634,586,6.665,48.1344883,-2.0828567,23.11,30.87,40.44,54.39,66.5,359,2,,
2025-07-25T08:33:32.424+0200,715,626,7.410,4776.796,18.50,33.51,42.38,59.21,,-9.24,131.50,-9.49,-58.40,-1248,94,25,,,84,,,,,,0,2025-07-25T08:33:31.000+0200,634,586,6.665,48.1344883,-2.0828567,23.11,30.87,40.44,54.39,66.5,359,2,,
2025-07-25T08:33:32.447+0200,715,626,7.410,4776.796,18.50,33.51,42.38,59.21,,-9.24,131.50,-9.49,-58.40,-1248,94,25,,,84,,,,,,0,2025-07-25T08:33:31.000+0200,634,586,6.665,48.1344883,-2.0828567,23.11,30.87,40.44,54.39,66.5,359,2,,
2025-07-25T08:33:33.044+0200,715,626,7.414,4776.799,14.07,33.49,42.36,59.21,,-5.90,131.50,-5.15,-36.70,-677,94,26,,,88,,,,,,0,2025-07-25T08:33:32.000+0200,635,587,6.671,48.1345417,-2.0828583,17.72,30.86,40.40,54.39,66.4,357,2,,
2025-07-25T08:33:33.068+0200,715,626,7.414,4776.799,14.07,33.49,42.36,59.21,,-5.90,131.50,-5.15,-36.70,-677,94,26,,,88,,,,,,0,2025-07-25T08:33:32.000+0200,635,587,6.671,48.1345417,-2.0828583,17.72,30.86,40.40,54.39,66.4,357,2,,
2025-07-25T08:33:33.667+0200,716,627,7.417,4776.802,11.12,33.48,42.33,59.21,,-3.60,131.39,-1.62,-12.90,-213,94,26,,,91,,,,,,0,2025-07-25T08:33:33.000+0200,635,587,6.675,48.1345783,-2.0828583,12.83,30.83,40.36,54.39,66.3,350,2,,
2025-07-25T08:33:33.691+0200,716,627,7.417,4776.802,11.12,33.48,42.33,59.21,,-3.60,131.39,-1.62,-12.90,-213,94,26,,,91,,,,,,0,2025-07-25T08:33:33.000+0200,636,588,6.675,48.1345783,-2.0828583,12.83,30.83,40.36,54.39,66.3,350,2,,
2025-07-25T08:33:34.284+0200,716,627,7.419,4776.804,10.47,33.46,42.29,59.21,,-0.34,131.30,-0.23,-1.90,-30,94,26,,,91,,,,,,0,2025-07-25T08:33:33.000+0200,636,588,6.675,48.1345783,-2.0828583,12.83,30.83,40.36,54.39,66.3,350,2,,
2025-07-25T08:33:34.309+0200,716,628,7.419,4776.804,10.47,33.46,42.29,59.21,,-0.34,131.30,-0.23,-1.90,-30,94,26,,,91,,,,,,0,2025-07-25T08:33:33.000+0200,636,588,6.675,48.1345783,-2.0828583,12.83,30.83,40.36,54.39,66.3,350,2,,
2025-07-25T08:33:34.923+0200,717,628,7.421,4776.806,13.42,33.44,42.26,59.21,,6.70,131.20,4.74,17.29,622,94,26,,,89,,,,,,0,2025-07-25T08:33:34.000+0200,637,589,6.679,48.1346117,-2.0828583,12.47,30.81,40.31,54.39,66.6,8,2,,
2025-07-25T08:33:34.946+0200,717,628,7.421,4776.806,13.42,33.44,42.26,59.21,,6.70,131.20,4.74,17.29,622,94,26,,,89,,,,,,0,2025-07-25T08:33:34.000+0200,637,589,6.679,48.1346117,-2.0828583,12.47,30.81,40.31,54.39,66.6,8,2,,
2025-07-25T08:33:35.542+0200,718,629,7.423,4776.808,16.16,33.43,42.24,59.21,,2.88,131.00,-0.39,-2.60,-51,94,26,,,86,,,,,,0,2025-07-25T08:33:34.000+0200,637,589,6.679,48.1346117,-2.0828583,12.47,30.81,40.31,54.39,66.6,8,2,,
2025-07-25T08:33:35.567+0200,718,629,7.423,4776.808,16.16,33.43,42.24,59.21,,2.88,131.00,-0.39,-2.60,-51,94,26,,,86,,,,,,0,2025-07-25T08:33:34.000+0200,637,589,6.679,48.1346117,-2.0828583,12.47,30.81,40.31,54.39,66.6,8,2,,
2025-07-25T08:33:36.164+0200,718,629,7.425,4776.811,13.42,33.41,42.21,59.21,,1.79,131.00,8.77,32.00,1149,94,26,,,89,,,,,,0,2025-07-25T08:33:35.000+0200,638,590,6.682,48.1346333,-2.0828433,9.11,30.78,40.26,54.39,66.6,23,2,,
2025-07-25T08:33:36.186+0200,718,629,7.425,4776.811,13.42,33.41,42.21,59.21,,1.79,131.00,8.77,32.00,1149,94,26,,,89,,,,,,0,2025-07-25T08:33:35.000+0200,638,590,6.682,48.1346333,-2.0828433,9.11,30.78,40.26,54.39,66.6,23,2,,
2025-07-25T08:33:36.783+0200,719,630,7.428,4776.813,16.63,33.40,42.18,59.21,,7.65,130.59,15.43,50.40,2015,94,26,,,86,,,,,,0,2025-07-25T08:33:36.000+0200,639,591,6.684,48.1346383,-2.0828117,8.28,30.75,40.20,54.39,66.4,52,2,,
2025-07-25T08:33:36.806+0200,719,630,7.428,4776.813,16.63,33.40,42.18,59.21,,7.65,130.59,15.43,50.40,2015,94,26,,,86,,,,,,0,2025-07-25T08:33:36.000+0200,639,591,6.684,48.1346383,-2.0828117,8.28,30.75,40.20,54.39,66.4,52,2,,
2025-07-25T08:33:37.412+0200,720,631,7.430,4776.816,19.15,33.39,42.16,59.21,,2.39,130.39,13.39,40.39,1746,94,26,,,84,,,,,,0,2025-07-25T08:33:36.000+0200,639,591,6.684,48.1346383,-2.0828117,8.28,30.75,40.20,54.39,66.4,52,2,,
2025-07-25T08:33:37.443+0200,720,631,7.430,4776.816,19.15,33.39,42.16,59.21,,2.39,130.39,13.39,40.39,1746,94,26,,,84,,,,,,0,2025-07-25T08:33:36.000+0200,639,591,6.684,48.1346383,-2.0828117,8.28,30.75,40.20,54.39,66.4,52,2,,
2025-07-25T08:33:38.021+0200,720,631,7.433,4776.819,23.32,33.38,42.14,59.21,,7.77,130.20,13.96,37.39,1818,94,26,,,80,,,,,,0,2025-07-25T08:33:37.000+0200,640,592,6.688,48.1346350,-2.0827583,12.07,30.73,40.15,54.39,65.9,78,2,,
2025-07-25T08:33:38.040+0200,720,631,7.433,4776.819,23.32,33.38,42.14,59.21,,7.77,130.20,13.96,37.39,1818,94,26,,,80,,,,,,0,2025-07-25T08:33:37.000+0200,640,592,6.688,48.1346350,-2.0827583,12.07,30.73,40.15,54.39,65.9,78,2,,
2025-07-25T08:33:38.640+0200,721,632,7.437,4776.823,25.52,33.37,42.12,59.21,,3.59,130.00,10.90,27.59,1417,94,26,,,78,,,,,,0,2025-07-25T08:33:37.000+0200,640,592,6.688,48.1346350,-2.0827583,12.07,30.73,40.15,54.39,65.9,78,2,,
2025-07-25T08:33:38.666+0200,721,632,7.437,4776.823,25.52,33.37,42.12,59.21,,3.59,130.00,10.90,27.59,1417,94,26,,,78,,,,,,0,2025-07-25T08:33:37.000+0200,640,592,6.688,48.1346350,-2.0827583,12.07,30.73,40.15,54.39,65.9,78,2,,
2025-07-25T08:33:39.262+0200,721,632,7.441,4776.828,26.92,33.37,42.11,59.21,,1.45,130.00,8.84,21.60,1149,94,26,,,77,,,,,,0,2025-07-25T08:33:38.000+0200,641,593,6.693,48.1346183,-2.0826967,11.14,30.70,40.10,54.39,65.5,96,2,,
2025-07-25T08:33:39.288+0200,721,632,7.441,4776.828,26.92,33.37,42.11,59.21,,1.45,130.00,8.84,21.60,1149,94,26,,,77,,,,,,0,2025-07-25T08:33:38.000+0200,641,593,6.693,48.1346183,-2.0826967,11.14,30.70,40.10,54.39,65.5,96,2,,
2025-07-25T08:33:39.883+0200,722,633,7.446,4776.832,27.90,33.36,42.09,59.21,,-1.24,130.09,1.34,3.19,174,94,26,,,76,,,,,,0,2025-07-25T08:33:39.000+0200,642,594,6.699,48.1346117,-2.0826233,16.44,30.68,40.06,54.39,65.4,95,3,,
2025-07-25T08:33:39.907+0200,722,633,7.446,4776.832,27.90,33.36,42.09,59.21,,-1.24,130.09,1.34,3.19,174,94,26,,,76,,,,,,0,2025-07-25T08:33:39.000+0200,642,594,6.699,48.1346117,-2.0826233,16.44,30.68,40.06,54.39,65.4,95,3,,
2025-07-25T08:33:40.506+0200,723,634,7.451,4776.837,28.58,33.36,42.08,59.21,,4.05,130.09,7.15,16.79,930,94,26,,,76,,,,,,0,2025-07-25T08:33:39.000+0200,642,594,6.699,48.1346117,-2.0826233,16.44,30.68,40.06,54.39,65.4,95,3,,
2025-07-25T08:33:40.531+0200,723,634,7.451,4776.837,28.58,33.36,42.08,59.21,,4.05,130.09,7.15,16.79,930,94,26,,,76,,,,,,0,2025-07-25T08:33:39.000+0200,642,594,6.699,48.1346117,-2.0826233,16.44,30.68,40.06,54.39,65.4,95,3,,
2025-07-25T08:33:41.144+0200,723,634,7.456,4776.842,28.98,33.36,42.07,59.21,,0.91,130.20,3.99,9.30,519,94,26,,,75,,,,,,0,2025-07-25T08:33:40.000+0200,643,595,6.706,48.1345933,-2.0825233,22.65,30.67,40.04,54.39,65.0,98,3,,
2025-07-25T08:33:41.169+0200,723,634,7.456,4776.842,28.98,33.36,42.07,59.21,,0.91,130.20,3.99,9.30,519,94,26,,,75,,,,,,0,2025-07-25T08:33:40.000+0200,643,595,6.706,48.1345933,-2.0825233,22.65,30.67,40.04,54.39,65.0,98,3,,
2025-07-25T08:33:41.764+0200,724,635,7.461,4776.847,31.57,33.35,42.06,59.21,,6.96,130.09,6.51,14.29,847,94,26,,,73,,,,,,0,2025-07-25T08:33:41.000+0200,644,596,6.715,48.1345633,-2.0824133,23.93,30.66,40.01,54.39,64.7,103,2,,
2025-07-25T08:33:41.786+0200,724,635,7.461,4776.847,31.57,33.35,42.06,59.21,,6.96,130.09,6.51,14.29,847,94,26,,,73,,,,,,0,2025-07-25T08:33:41.000+0200,644,596,6.715,48.1345633,-2.0824133,23.93,30.66,40.01,54.39,64.7,103,2,,
2025-07-25T08:33:42.380+0200,725,636,7.466,4776.853,32.47,33.35,42.05,59.21,,1.46,130.09,9.43,20.29,1227,94,26,,,73,,,,,,0,2025-07-25T08:33:41.000+0200,644,596,6.715,48.1345633,-2.0824133,23.93,30.66,40.01,54.39,64.7,103,2,,
2025-07-25T08:33:42.404+0200,725,636,7.466,4776.853,32.47,33.35,42.05,59.21,,1.46,130.09,9.43,20.29,1227,94,26,,,73,,,,,,0,2025-07-25T08:33:41.000+0200,644,596,6.715,48.1345633,-2.0824133,23.93,30.66,40.01,54.39,64.7,103,2,,
2025-07-25T08:33:43.005+0200,725,636,7.471,4776.858,30.70,33.35,42.03,59.21,,2.03,130.20,12.69,28.40,1652,95,26,,,74,,,,,,0,2025-07-25T08:33:42.000+0200,645,597,6.725,48.1345350,-2.0822933,28.12,30.66,39.99,54.39,64.4,105,2,,
2025-07-25T08:33:43.029+0200,725,636,7.471,4776.858,30.70,33.35,42.03,59.21,,2.03,130.20,12.69,28.40,1652,95,26,,,74,,,,,,0,2025-07-25T08:33:42.000+0200,645,597,6.725,48.1345350,-2.0822933,28.12,30.66,39.99,54.39,64.4,105,2,,
2025-07-25T08:33:43.632+0200,726,637,7.477,4776.863,32.65,33.35,42.03,59.21,,1.68,130.20,1.02,2.20,133,95,26,,,72,,,,,,0,2025-07-25T08:33:42.000+0200,645,597,6.725,48.1345350,-2.0822933,28.12,30.66,39.99,54.39,64.4,105,2,,
2025-07-25T08:33:43.654+0200,726,637,7.477,4776.863,32.65,33.35,42.03,59.21,,1.68,130.20,1.02,2.20,133,95,26,,,72,,,,,,0,2025-07-25T08:33:42.000+0200,645,597,6.725,48.1345350,-2.0822933,28.12,30.66,39.99,54.39,64.4,105,2,,
2025-07-25T08:33:44.263+0200,726,637,7.482,4776.869,32.21,33.35,42.02,59.21,,-2.03,130.39,-1.38,-6.00,-180,95,26,,,73,,,,,,0,2025-07-25T08:33:43.000+0200,646,598,6.733,48.1345033,-2.0821850,27.44,30.66,39.97,54.39,64.2,113,2,,
2025-07-25T08:33:44.287+0200,726,637,7.482,4776.869,32.21,33.35,42.02,59.21,,-2.03,130.39,-1.38,-6.00,-180,95,26,,,73,,,,,,0,2025-07-25T08:33:43.000+0200,646,598,6.733,48.1345033,-2.0821850,27.44,30.66,39.97,54.39,64.2,113,2,,
2025-07-25T08:33:44.879+0200,727,638,7.488,4776.875,31.71,33.35,42.01,59.21,,0.11,130.39,15.63,34.20,2038,95,26,,,73,,,,,,0,2025-07-25T08:33:44.000+0200,647,599,6.743,48.1344700,-2.0820717,29.83,30.66,39.95,54.39,64.0,109,2,,
2025-07-25T08:33:44.902+0200,727,638,7.488,4776.875,31.71,33.35,42.01,59.21,,0.11,130.39,15.63,34.20,2038,95,26,,,73,,,,,,0,2025-07-25T08:33:44.000+0200,647,599,6.743,48.1344700,-2.0820717,29.83,30.66,39.95,54.39,64.0,109,2,,
2025-07-25T08:33:45.501+0200,728,639,7.493,4776.880,35.92,33.35,42.00,59.21,,8.86,130.00,21.36,42.80,2777,95,26,,,70,,,,,,0,2025-07-25T08:33:44.000+0200,647,599,6.743,48.1344700,-2.0820717,29.83,30.66,39.95,54.39,64.0,109,2,,
2025-07-25T08:33:45.525+0200,728,639,7.493,4776.880,35.92,33.35,42.00,59.21,,8.86,130.00,21.36,42.80,2777,95,26,,,70,,,,,,0,2025-07-25T08:33:44.000+0200,647,599,6.743,48.1344700,-2.0820717,29.83,30.66,39.95,54.39,64.0,109,2,,
2025-07-25T08:33:46.123+0200,728,639,7.499,4776.886,38.55,33.35,41.99,59.21,,5.18,129.59,21.70,41.30,2812,95,26,,,67,,,,,,0,2025-07-25T08:33:45.000+0200,648,600,6.753,48.1344300,-2.0819450,33.48,30.66,39.94,54.39,63.5,110,2,,
2025-07-25T08:33:46.146+0200,728,639,7.499,4776.886,38.55,33.35,41.99,59.21,,5.18,129.59,21.70,41.30,2812,95,26,,,67,,,,,,0,2025-07-25T08:33:45.000+0200,648,600,6.753,48.1344300,-2.0819450,33.48,30.66,39.94,54.39,63.5,110,2,,
2025-07-25T08:33:46.750+0200,729,640,7.506,4776.893,37.94,33.36,41.99,59.21,,-6.19,129.80,-0.70,-2.70,-91,95,26,,,68,,,,,,0,2025-07-25T08:33:46.000+0200,649,601,6.763,48.1343983,-2.0818233,34.56,30.67,39.93,54.39,63.3,108,2,,
2025-07-25T08:33:46.781+0200,729,640,7.506,4776.893,37.94,33.36,41.99,59.21,,-6.19,129.80,-0.70,-2.70,-91,95,26,,,68,,,,,,0,2025-07-25T08:33:46.000+0200,649,601,6.763,48.1343983,-2.0818233,34.56,30.67,39.93,54.39,63.3,108,2,,
2025-07-25T08:33:47.355+0200,729,641,7.513,4776.900,38.16,33.36,41.99,59.21,,0.00,130.09,-0.52,-2.00,-68,95,26,,,68,,,,,,0,2025-07-25T08:33:46.000+0200,649,601,6.763,48.1343983,-2.0818233,34.56,30.67,39.93,54.39,63.3,108,2,,
2025-07-25T08:33:47.374+0200,729,641,7.513,4776.900,38.16,33.36,41.99,59.21,,0.00,130.09,-0.52,-2.00,-68,95,26,,,68,,,,,,0,2025-07-25T08:33:46.000+0200,649,601,6.763,48.1343983,-2.0818233,34.56,30.67,39.93,54.39,63.3,108,2,,
2025-07-25T08:33:47.994+0200,730,641,7.519,4776.906,36.97,33.36,41.98,59.21,,-0.60,130.30,-1.32,-5.20,-172,95,26,,,69,,,,,,0,2025-07-25T08:33:47.000+0200,650,602,6.773,48.1343750,-2.0816917,33.33,30.67,39.92,54.39,63.4,105,2,,
2025-07-25T08:33:48.013+0200,730,641,7.519,4776.906,36.97,33.36,41.98,59.21,,-0.60,130.30,-1.32,-5.20,-172,95,26,,,69,,,,,,0,2025-07-25T08:33:47.000+0200,650,602,6.773,48.1343750,-2.0816917,33.33,30.67,39.92,54.39,63.4,105,2,,
2025-07-25T08:33:48.611+0200,731,642,7.526,4776.913,36.00,33.36,41.98,59.21,,-0.36,130.59,-3.67,-14.70,-479,95,26,,,70,,,,,,0,2025-07-25T08:33:47.000+0200,650,602,6.773,48.1343750,-2.0816917,33.33,30.67,39.92,54.39,63.4,105,2,,
2025-07-25T08:33:48.631+0200,731,642,7.526,4776.913,36.00,33.36,41.98,59.21,,-0.36,130.59,-3.67,-14.70,-479,95,26,,,70,,,,,,0,2025-07-25T08:33:47.000+0200,650,602,6.773,48.1343750,-2.0816917,33.33,30.67,39.92,54.39,63.4,105,2,,
2025-07-25T08:33:49.241+0200,731,642,7.532,4776.919,33.44,33.36,41.97,59.21,,-2.03,130.89,-2.68,-11.30,-351,95,26,,,72,,,,,,0,2025-07-25T08:33:48.000+0200,651,603,6.783,48.1343533,-2.0815600,32.91,30.67,39.91,54.39,63.2,110,2,,
2025-07-25T08:33:49.267+0200,731,642,7.532,4776.919,33.44,33.36,41.97,59.21,,-2.03,130.89,-2.68,-11.30,-351,95,26,,,72,,,,,,0,2025-07-25T08:33:48.000+0200,651,603,6.783,48.1343533,-2.0815600,32.91,30.67,39.91,54.39,63.2,110,2,,
2025-07-25T08:33:49.864+0200,732,643,7.538,4776.925,31.71,33.36,41.96,59.21,,-3.49,131.00,2.14,4.69,280,95,26,,,73,,,,,,0,2025-07-25T08:33:49.000+0200,652,604,6.791,48.1343267,-2.0814550,29.45,30.67,39.89,54.39,63.6,97,2,,
2025-07-25T08:33:49.890+0200,732,643,7.538,4776.925,31.71,33.36,41.96,59.21,,-3.49,131.00,2.14,4.69,280,95,26,,,73,,,,,,0,2025-07-25T08:33:49.000+0200,652,604,6.791,48.1343267,-2.0814550,29.45,30.67,39.89,54.39,63.6,97,2,,
2025-07-25T08:33:50.484+0200,733,644,7.544,4776.930,32.00,33.36,41.95,59.21,,0.12,130.89,3.63,7.89,475,95,26,,,73,,,,,,0,2025-07-25T08:33:49.000+0200,652,604,6.791,48.1343267,-2.0814550,29.45,30.67,39.89,54.39,63.6,97,2,,
2025-07-25T08:33:50.509+0200,733,644,7.544,4776.930,32.00,33.36,41.95,59.21,,0.12,130.89,3.63,7.89,475,95,26,,,73,,,,,,0,2025-07-25T08:33:49.000+0200,652,604,6.791,48.1343267,-2.0814550,29.45,30.67,39.89,54.39,63.6,97,2,,
2025-07-25T08:33:51.103+0200,733,644,7.549,4776.936,30.96,33.36,41.94,59.21,,-3.04,130.70,6.87,15.29,898,95,26,,,74,,,,,,0,2025-07-25T08:33:50.000+0200,653,605,6.800,48.1343367,-2.0813417,29.03,30.67,39.87,54.39,63.1,81,2,,
2025-07-25T08:33:51.127+0200,733,644,7.549,4776.936,30.96,33.36,41.94,59.21,,-3.04,130.70,6.87,15.29,898,95,26,,,74,,,,,,0,2025-07-25T08:33:50.000+0200,653,605,6.800,48.1343367,-2.0813417,29.03,30.67,39.87,54.39,63.1,81,2,,
2025-07-25T08:33:51.724+0200,734,645,7.555,4776.941,32.75,33.36,41.93,59.21,,3.48,130.30,24.40,52.19,3179,95,26,,,72,,,,,,0,2025-07-25T08:33:51.000+0200,654,606,6.809,48.1343717,-2.0812383,28.27,30.66,39.85,54.39,63.3,68,2,,
2025-07-25T08:33:51.748+0200,734,645,7.555,4776.941,32.75,33.36,41.93,59.21,,3.48,130.30,24.40,52.19,3179,95,26,,,72,,,,,,0,2025-07-25T08:33:51.000+0200,654,606,6.809,48.1343717,-2.0812383,28.27,30.66,39.85,54.39,63.3,68,2,,
2025-07-25T08:33:52.345+0200,734,646,7.560,4776.947,34.84,33.36,41.92,59.21,,3.60,129.89,18.26,37.39,2372,95,26,,,70,,,,,,0,2025-07-25T08:33:51.000+0200,654,606,6.809,48.1343717,-2.0812383,28.27,30.66,39.85,54.39,63.3,68,2,,
2025-07-25T08:33:52.367+0200,734,646,7.560,4776.947,34.84,33.36,41.92,59.21,,3.60,129.89,18.26,37.39,2372,95,26,,,70,,,,,,0,2025-07-25T08:33:51.000+0200,654,606,6.809,48.1343717,-2.0812383,28.27,30.66,39.85,54.39,63.3,68,2,,
2025-07-25T08:33:52.985+0200,735,646,7.566,4776.953,35.38,33.36,41.92,59.21,,1.67,129.70,12.59,25.50,1633,95,26,,,70,,,,,,0,2025-07-25T08:33:52.000+0200,655,607,6.818,48.1344350,-2.0811533,30.16,30.66,39.84,54.39,63.4,50,2,,
2025-07-25T08:33:53.008+0200,735,646,7.566,4776.953,35.38,33.36,41.92,59.21,,1.67,129.70,12.59,25.50,1633,95,26,,,70,,,,,,0,2025-07-25T08:33:52.000+0200,655,607,6.818,48.1344350,-2.0811533,30.16,30.66,39.84,54.39,63.4,50,2,,
2025-07-25T08:33:53.580+0200,736,647,7.572,4776.959,36.82,33.36,41.91,59.21,,1.13,129.59,10.72,21.10,1389,95,26,,,69,,,,,,0,2025-07-25T08:33:52.000+0200,655,607,6.818,48.1344350,-2.0811533,30.16,30.66,39.84,54.39,63.4,50,2,,
2025-07-25T08:33:53.597+0200,736,647,7.572,4776.959,36.82,33.36,41.91,59.21,,1.13,129.59,10.72,21.10,1389,95,26,,,69,,,,,,0,2025-07-25T08:33:52.000+0200,655,607,6.818,48.1344350,-2.0811533,30.16,30.66,39.84,54.39,63.4,50,2,,
2025-07-25T08:33:54.218+0200,736,647,7.578,4776.966,35.46,33.37,41.91,59.21,,-3.47,129.70,8.40,17.00,1089,95,26,,,70,,,,,,0,2025-07-25T08:33:53.000+0200,656,608,6.827,48.1345017,-2.0810817,32.09,30.67,39.83,54.39,63.1,40,2,,
2025-07-25T08:33:54.238+0200,736,647,7.578,4776.966,35.46,33.37,41.91,59.21,,-3.47,129.70,8.40,17.00,1089,95,26,,,70,,,,,,0,2025-07-25T08:33:53.000+0200,656,608,6.827,48.1345017,-2.0810817,32.09,30.67,39.83,54.39,63.1,40,2,,
2025-07-25T08:33:54.841+0200,737,648,7.585,4776.972,36.68,33.37,41.90,59.21,,-0.60,129.59,16.11,31.80,2088,95,26,,,69,,,,,,0,2025-07-25T08:33:54.000+0200,657,609,6.836,48.1345667,-2.0810150,31.06,30.67,39.81,54.39,62.9,36,2,,
2025-07-25T08:33:54.861+0200,737,648,7.585,4776.972,36.68,33.37,41.90,59.21,,-0.60,129.59,16.11,31.80,2088,95,26,,,69,,,,,,0,2025-07-25T08:33:54.000+0200,657,609,6.836,48.1345667,-2.0810150,31.06,30.67,39.81,54.39,62.9,36,2,,
2025-07-25T08:33:55.463+0200,738,649,7.591,4776.978,36.89,33.37,41.90,59.21,,4.08,129.50,16.23,31.90,2102,95,26,,,69,,,,,,0,2025-07-25T08:33:54.000+0200,657,609,6.836,48.1345667,-2.0810150,31.06,30.67,39.81,54.39,62.9,36,2,,
2025-07-25T08:33:55.484+0200,738,649,7.591,4776.978,36.89,33.37,41.90,59.21,,4.08,129.50,16.23,31.90,2102,95,26,,,69,,,,,,0,2025-07-25T08:33:54.000+0200,657,609,6.836,48.1345667,-2.0810150,31.06,30.67,39.81,54.39,62.9,36,2,,
2025-07-25T08:33:56.082+0200,738,649,7.597,4776.985,37.94,33.37,41.89,59.21,,3.35,129.30,19.79,38.09,2559,95,26,,,68,,,,,,0,2025-07-25T08:33:55.000+0200,658,610,6.845,48.1346250,-2.0809283,31.85,30.67,39.80,54.39,62.8,48,2,,
2025-07-25T08:33:56.103+0200,738,649,7.597,4776.985,37.94,33.37,41.89,59.21,,3.35,129.30,19.79,38.09,2559,95,26,,,68,,,,,,0,2025-07-25T08:33:55.000+0200,658,610,6.845,48.1346250,-2.0809283,31.85,30.67,39.80,54.39,62.8,48,2,,
2025-07-25T08:33:56.700+0200,739,650,7.604,4776.991,38.95,33.38,41.89,59.21,,2.26,129.00,24.88,47.00,3210,95,26,,,67,,,,,,0,2025-07-25T08:33:56.000+0200,659,611,6.851,48.1346750,-2.0808867,31.02,30.67,39.78,54.39,62.0,52,2,,
2025-07-25T08:33:56.723+0200,739,650,7.604,4776.991,38.95,33.38,41.89,59.21,,2.26,129.00,24.88,47.00,3210,95,26,,,67,,,,,,0,2025-07-25T08:33:56.000+0200,659,611,6.851,48.1346750,-2.0808867,31.02,30.67,39.78,54.39,62.0,52,2,,
2025-07-25T08:33:57.341+0200,739,651,7.611,4776.998,39.49,33.38,41.89,59.21,,1.44,128.70,19.47,36.39,2506,95,26,,,66,,,,,,0,2025-07-25T08:33:56.000+0200,659,611,6.851,48.1346750,-2.0808867,31.02,30.67,39.78,54.39,62.0,52,2,,
2025-07-25T08:33:57.365+0200,739,651,7.611,4776.998,39.49,33.38,41.89,59.21,,1.44,128.70,19.47,36.39,2506,95,26,,,66,,,,,,0,2025-07-25T08:33:56.000+0200,659,611,6.851,48.1346750,-2.0808867,31.02,30.67,39.78,54.39,62.0,52,2,,
2025-07-25T08:33:57.959+0200,740,651,7.617,4777.005,41.00,33.39,41.88,59.21,,3.60,128.59,22.38,40.70,2878,95,26,,,65,,,,,,0,2025-07-25T08:33:57.000+0200,660,612,6.861,48.1347167,-2.0807733,32.76,30.67,39.77,54.39,61.9,61,2,,
2025-07-25T08:33:57.978+0200,740,651,7.617,4777.005,41.00,33.39,41.88,59.21,,3.60,128.59,22.38,40.70,2878,95,26,,,65,,,,,,0,2025-07-25T08:33:57.000+0200,660,612,6.861,48.1347167,-2.0807733,32.76,30.67,39.77,54.39,61.9,61,2,,
2025-07-25T08:33:58.584+0200,741,652,7.624,4777.012,41.18,33.39,41.88,59.21,,2.67,128.39,21.90,39.70,2812,95,26,,,65,,,,,,0,2025-07-25T08:33:57.000+0200,660,612,6.861,48.1347167,-2.0807733,32.76,30.67,39.77,54.39,61.9,61,2,,
2025-07-25T08:33:58.608+0200,741,652,7.624,4777.012,41.18,33.39,41.88,59.21,,2.67,128.39,21.90,39.70,2812,95,26,,,65,,,,,,0,2025-07-25T08:33:57.000+0200,660,612,6.861,48.1347167,-2.0807733,32.76,30.67,39.77,54.39,61.9,61,2,,
2025-07-25T08:33:59.198+0200,741,652,7.631,4777.019,41.83,33.40,41.88,59.21,,1.78,128.20,29.25,52.40,3750,95,26,,,64,,,,,,0,2025-07-25T08:33:58.000+0200,661,613,6.872,48.1347533,-2.0806400,34.08,30.68,39.76,54.39,62.4,64,2,,
2025-07-25T08:33:59.220+0200,741,652,7.631,4777.019,41.83,33.40,41.88,59.21,,1.78,128.20,29.25,52.40,3750,95,26,,,64,,,,,,0,2025-07-25T08:33:58.000+0200,661,613,6.872,48.1347533,-2.0806400,34.08,30.68,39.76,54.39,62.4,64,2,,
2025-07-25T08:33:59.823+0200,742,653,7.639,4777.026,43.09,33.41,41.88,59.21,,-2.63,128.09,20.89,36.59,2676,95,27,,,63,,,,,,0,2025-07-25T08:33:59.000+0200,662,614,6.881,48.1347883,-2.0805233,34.79,30.68,39.76,54.39,62.5,67,2,,
2025-07-25T08:33:59.843+0200,742,653,7.639,4777.026,43.09,33.41,41.88,59.21,,-2.63,128.09,20.89,36.59,2676,95,27,,,63,,,,,,0,2025-07-25T08:33:59.000+0200,662,614,6.881,48.1347883,-2.0805233,34.79,30.68,39.76,54.39,62.5,67,2,,
2025-07-25T08:34:00.443+0200,743,654,7.646,4777.034,43.12,33.42,41.89,59.21,,0.11,128.09,21.93,38.39,2809,95,27,,,63,,,,,,0,2025-07-25T08:33:59.000+0200,662,614,6.881,48.1347883,-2.0805233,34.79,30.68,39.76,54.39,62.5,67,2,,
2025-07-25T08:34:00.464+0200,743,654,7.646,4777.034,43.12,33.42,41.89,59.21,,0.11,128.09,21.93,38.39,2809,95,27,,,63,,,,,,0,2025-07-25T08:33:59.000+0200,662,614,6.881,48.1347883,-2.0805233,34.79,30.68,39.76,54.39,62.5,67,2,,
2025-07-25T08:34:01.060+0200,743,654,7.654,4777.042,45.14,33.42,41.89,59.21,,3.23,127.80,24.60,41.60,3144,94,27,,,61,,,,,,0,2025-07-25T08:34:00.000+0200,663,615,6.891,48.1348183,-2.0804017,35.54,30.69,39.75,54.39,62.7,72,2,,
2025-07-25T08:34:01.082+0200,743,654,7.654,4777.042,45.14,33.42,41.89,59.21,,3.23,127.80,24.60,41.60,3144,94,27,,,61,,,,,,0,2025-07-25T08:34:00.000+0200,663,615,6.891,48.1348183,-2.0804017,35.54,30.69,39.75,54.39,62.7,72,2,,
2025-07-25T08:34:01.677+0200,744,655,7.661,4777.049,46.51,33.43,41.89,59.21,,1.08,127.70,26.74,44.20,3415,94,27,,,60,,,,,,0,2025-07-25T08:34:01.000+0200,663,615,6.903,48.1348550,-2.0802533,40.66,30.70,39.75,54.39,62.5,73,2,,
2025-07-25T08:34:01.698+0200,744,655,7.661,4777.049,46.51,33.43,41.89,59.21,,1.08,127.70,26.74,44.20,3415,94,27,,,60,,,,,,0,2025-07-25T08:34:01.000+0200,664,616,6.903,48.1348550,-2.0802533,40.66,30.70,39.75,54.39,62.5,73,2,,
2025-07-25T08:34:02.302+0200,744,655,7.669,4777.058,47.16,33.44,41.90,59.21,,1.02,127.70,24.15,39.50,3084,94,27,,,59,,,,,,0,2025-07-25T08:34:01.000+0200,664,616,6.903,48.1348550,-2.0802533,40.66,30.70,39.75,54.39,62.5,73,2,,
2025-07-25T08:34:02.324+0200,744,656,7.669,4777.058,47.16,33.44,41.90,59.21,,1.02,127.70,24.15,39.50,3084,94,27,,,59,,,,,,0,2025-07-25T08:34:01.000+0200,664,616,6.903,48.1348550,-2.0802533,40.66,30.70,39.75,54.39,62.5,73,2,,
2025-07-25T08:34:02.923+0200,745,656,7.678,4777.066,47.91,33.46,41.90,59.21,,-0.90,127.60,26.31,42.50,3357,94,27,,,59,,,,,,0,2025-07-25T08:34:02.000+0200,665,617,6.915,48.1348967,-2.0801017,42.20,30.71,39.75,54.39,62.5,67,2,,
2025-07-25T08:34:02.946+0200,745,656,7.678,4777.066,47.91,33.46,41.90,59.21,,-0.90,127.60,26.31,42.50,3357,94,27,,,59,,,,,,0,2025-07-25T08:34:02.000+0200,665,617,6.915,48.1348967,-2.0801017,42.20,30.71,39.75,54.39,62.5,67,2,,
2025-07-25T08:34:03.563+0200,746,657,7.686,4777.074,49.17,33.47,41.91,59.21,,1.20,127.50,27.29,43.20,3479,94,27,,,58,,,,,,0,2025-07-25T08:34:02.000+0200,665,617,6.915,48.1348967,-2.0801017,42.20,30.71,39.75,54.39,62.5,67,2,,
2025-07-25T08:34:03.580+0200,746,657,7.686,4777.074,49.17,33.47,41.91,59.21,,1.20,127.50,27.29,43.20,3479,94,27,,,58,,,,,,0,2025-07-25T08:34:02.000+0200,665,617,6.915,48.1348967,-2.0801017,42.20,30.71,39.75,54.39,62.5,67,2,,
2025-07-25T08:34:04.182+0200,746,657,7.694,4777.083,49.24,33.48,41.92,59.21,,-3.59,127.60,19.67,31.09,2510,94,27,,,57,,,,,,0,2025-07-25T08:34:03.000+0200,666,618,6.927,48.1349400,-2.0799500,44.10,30.73,39.76,54.39,62.6,68,2,,
2025-07-25T08:34:04.203+0200,746,657,7.694,4777.083,49.24,33.48,41.92,59.21,,-3.59,127.60,19.67,31.09,2510,94,27,,,57,,,,,,0,2025-07-25T08:34:03.000+0200,666,618,6.927,48.1349400,-2.0799500,44.10,30.73,39.76,54.39,62.6,68,2,,
2025-07-25T08:34:04.809+0200,747,658,7.703,4777.091,49.32,33.49,41.92,59.21,,-0.12,127.60,19.18,30.30,2447,94,27,,,57,,,,,,0,2025-07-25T08:34:04.000+0200,667,619,6.940,48.1349783,-2.0797917,42.38,30.74,39.77,54.39,62.8,66,2,,
2025-07-25T08:34:04.832+0200,747,658,7.703,4777.091,49.32,33.49,41.92,59.21,,-0.12,127.60,19.18,30.30,2447,94,27,,,57,,,,,,0,2025-07-25T08:34:04.000+0200,667,619,6.940,48.1349783,-2.0797917,42.38,30.74,39.77,54.39,62.8,66,2,,
2025-07-25T08:34:05.424+0200,748,659,7.712,4777.100,50.03,33.50,41.93,59.21,,1.32,127.60,22.54,35.20,2876,94,27,,,57,,,,,,0,2025-07-25T08:34:04.000+0200,667,619,6.940,48.1349783,-2.0797917,42.38,30.74,39.77,54.39,62.8,66,2,,
2025-07-25T08:34:05.448+0200,748,659,7.712,4777.100,50.03,33.50,41.93,59.21,,1.32,127.60,22.54,35.20,2876,94,27,,,57,,,,,,0,2025-07-25T08:34:04.000+0200,667,619,6.940,48.1349783,-2.0797917,42.38,30.74,39.77,54.39,62.8,66,2,,
2025-07-25T08:34:06.043+0200,748,659,7.720,4777.109,50.00,33.52,41.94,59.21,,0.67,127.80,17.79,27.80,2274,94,27,,,57,,,,,,0,2025-07-25T08:34:05.000+0200,668,620,6.952,48.1350233,-2.0796417,41.73,30.76,39.77,54.39,63.1,64,2,,
2025-07-25T08:34:06.062+0200,748,659,7.720,4777.109,50.00,33.52,41.94,59.21,,0.67,127.80,17.79,27.80,2274,94,27,,,57,,,,,,0,2025-07-25T08:34:05.000+0200,668,620,6.952,48.1350233,-2.0796417,41.73,30.76,39.77,54.39,63.1,64,2,,
2025-07-25T08:34:06.663+0200,749,660,7.729,4777.117,50.97,33.53,41.95,59.21,,2.93,127.80,20.27,31.20,2591,94,27,,,56,,,,,,0,2025-07-25T08:34:06.000+0200,668,620,6.965,48.1350650,-2.0794800,43.06,30.77,39.77,54.39,63.8,68,2,,
2025-07-25T08:34:06.680+0200,749,660,7.729,4777.117,50.97,33.53,41.95,59.21,,2.93,127.80,20.27,31.20,2591,94,27,,,56,,,,,,0,2025-07-25T08:34:06.000+0200,668,620,6.965,48.1350650,-2.0794800,43.06,30.77,39.77,54.39,63.8,68,2,,
2025-07-25T08:34:07.280+0200,749,660,7.738,4777.126,49.49,33.54,41.96,59.21,,-4.29,127.89,13.84,21.80,1770,93,27,,,57,,,,,,0,2025-07-25T08:34:06.000+0200,669,621,6.965,48.1350650,-2.0794800,43.06,30.77,39.77,54.39,63.8,68,2,,
2025-07-25T08:34:07.304+0200,749,661,7.738,4777.126,49.49,33.54,41.96,59.21,,-4.29,127.89,13.84,21.80,1770,93,27,,,57,,,,,,0,2025-07-25T08:34:06.000+0200,669,621,6.965,48.1350650,-2.0794800,43.06,30.77,39.77,54.39,63.8,68,2,,
2025-07-25T08:34:07.901+0200,750,661,7.746,4777.135,49.93,33.55,41.96,59.21,,1.13,127.89,24.29,38.00,3106,93,27,,,57,,,,,,0,2025-07-25T08:34:07.000+0200,670,622,6.978,48.1351067,-2.0793150,47.80,30.79,39.79,54.39,64.1,70,2,,
2025-07-25T08:34:07.926+0200,750,661,7.746,4777.135,49.93,33.55,41.96,59.21,,1.13,127.89,24.29,38.00,3106,93,27,,,57,,,,,,0,2025-07-25T08:34:07.000+0200,670,622,6.978,48.1351067,-2.0793150,47.80,30.79,39.79,54.39,64.1,70,2,,
2025-07-25T08:34:08.523+0200,751,662,7.755,4777.143,49.24,33.57,41.97,59.21,,0.00,128.00,16.82,26.59,2153,93,27,,,58,,,,,,0,2025-07-25T08:34:07.000+0200,670,622,6.978,48.1351067,-2.0793150,47.80,30.79,39.79,54.39,64.1,70,2,,
2025-07-25T08:34:08.545+0200,751,662,7.755,4777.143,49.24,33.57,41.97,59.21,,0.00,128.00,16.82,26.59,2153,93,27,,,58,,,,,,0,2025-07-25T08:34:07.000+0200,670,622,6.978,48.1351067,-2.0793150,47.80,30.79,39.79,54.39,64.1,70,2,,
2025-07-25T08:34:09.167+0200,751,662,7.764,4777.152,49.78,33.58,41.98,59.21,,1.92,127.80,33.16,52.00,4238,93,27,,,57,,,,,,0,2025-07-25T08:34:08.000+0200,671,623,6.991,48.1351467,-2.0791533,44.54,30.81,39.79,54.39,64.6,67,2,,
2025-07-25T08:34:09.185+0200,751,662,7.764,4777.152,49.78,33.58,41.98,59.21,,1.92,127.80,33.16,52.00,4238,93,27,,,57,,,,,,0,2025-07-25T08:34:08.000+0200,671,623,6.991,48.1351467,-2.0791533,44.54,30.81,39.79,54.39,64.6,67,2,,
2025-07-25T08:34:09.794+0200,752,663,7.772,4777.161,51.33,33.59,41.99,59.21,,1.24,127.39,34.75,53.19,4427,93,27,,,56,,,,,,0,2025-07-25T08:34:09.000+0200,672,624,7.004,48.1351867,-2.0789850,47.85,30.83,39.81,54.39,66.0,69,2,,
2025-07-25T08:34:09.816+0200,752,663,7.772,4777.161,51.33,33.59,41.99,59.21,,1.24,127.39,34.75,53.19,4427,93,27,,,56,,,,,,0,2025-07-25T08:34:09.000+0200,672,624,7.004,48.1351867,-2.0789850,47.85,30.83,39.81,54.39,66.0,69,2,,
2025-07-25T08:34:10.403+0200,753,664,7.781,4777.170,52.84,33.60,42.00,59.21,,1.57,127.10,34.35,51.40,4366,93,27,,,54,,,,,,0,2025-07-25T08:34:09.000+0200,672,624,7.004,48.1351867,-2.0789850,47.85,30.83,39.81,54.39,66.0,69,2,,
2025-07-25T08:34:10.426+0200,753,664,7.781,4777.170,52.84,33.60,42.00,59.21,,1.57,127.10,34.35,51.40,4366,93,27,,,54,,,,,,0,2025-07-25T08:34:09.000+0200,672,624,7.004,48.1351867,-2.0789850,47.85,30.83,39.81,54.39,66.0,69,2,,
2025-07-25T08:34:11.022+0200,753,664,7.790,4777.179,53.35,33.62,42.01,59.21,,0.11,127.10,17.37,25.80,2208,93,28,,,54,,,,,,0,2025-07-25T08:34:10.000+0200,673,625,7.019,48.1352350,-2.0788000,49.06,30.86,39.82,54.39,67.7,67,2,,
2025-07-25T08:34:11.046+0200,753,664,7.790,4777.179,53.35,33.62,42.01,59.21,,0.11,127.10,17.37,25.80,2208,93,28,,,54,,,,,,0,2025-07-25T08:34:10.000+0200,673,625,7.019,48.1352350,-2.0788000,49.06,30.86,39.82,54.39,67.7,67,2,,
2025-07-25T08:34:11.643+0200,754,665,7.800,4777.188,52.84,33.63,42.02,59.21,,-1.46,127.30,12.50,18.69,1591,93,28,,,54,,,,,,0,2025-07-25T08:34:10.000+0200,673,625,7.019,48.1352350,-2.0788000,49.06,30.86,39.82,54.39,67.7,67,2,,
2025-07-25T08:34:11.668+0200,754,665,7.800,4777.188,52.84,33.63,42.02,59.21,,-1.46,127.30,12.50,18.69,1591,93,28,,,54,,,,,,0,2025-07-25T08:34:10.000+0200,673,625,7.019,48.1352350,-2.0788000,49.06,30.86,39.82,54.39,67.7,67,2,,
2025-07-25T08:34:12.291+0200,754,665,7.809,4777.197,52.63,33.65,42.03,59.21,,0.84,127.50,17.05,25.59,2174,93,28,,,55,,,,,,0,2025-07-25T08:34:11.000+0200,674,626,7.033,48.1352833,-2.0786200,47.05,30.88,39.83,54.39,69.5,67,2,,
2025-07-25T08:34:12.312+0200,754,666,7.809,4777.197,52.63,33.65,42.03,59.21,,0.84,127.50,17.05,25.59,2174,93,28,,,55,,,,,,0,2025-07-25T08:34:11.000+0200,674,626,7.033,48.1352833,-2.0786200,47.05,30.88,39.83,54.39,69.5,67,2,,
2025-07-25T08:34:12.911+0200,755,666,7.818,4777.206,51.80,33.66,42.04,59.21,,-1.93,127.80,5.39,8.20,689,93,28,,,55,,,,,,0,2025-07-25T08:34:12.000+0200,675,627,7.046,48.1353267,-2.0784550,44.34,30.89,39.84,54.39,70.9,66,2,,
2025-07-25T08:34:12.937+0200,755,666,7.818,4777.206,51.80,33.66,42.04,59.21,,-1.93,127.80,5.39,8.20,689,93,28,,,55,,,,,,0,2025-07-25T08:34:12.000+0200,675,627,7.046,48.1353267,-2.0784550,44.34,30.89,39.84,54.39,70.9,66,2,,
2025-07-25T08:34:13.523+0200,756,667,7.827,4777.215,49.14,33.67,42.04,59.21,,-0.72,128.20,12.56,19.90,1610,93,28,,,58,,,,,,0,2025-07-25T08:34:12.000+0200,675,627,7.046,48.1353267,-2.0784550,44.34,30.89,39.84,54.39,70.9,66,2,,
2025-07-25T08:34:13.548+0200,756,667,7.827,4777.215,49.14,33.67,42.04,59.21,,-0.72,128.20,12.56,19.90,1610,93,28,,,58,,,,,,0,2025-07-25T08:34:12.000+0200,675,627,7.046,48.1353267,-2.0784550,44.34,30.89,39.84,54.39,70.9,66,2,,
2025-07-25T08:34:14.142+0200,756,667,7.836,4777.224,47.77,33.68,42.05,59.21,,-4.80,128.30,12.04,19.50,1545,92,28,,,59,,,,,,0,2025-07-25T08:34:13.000+0200,676,628,7.059,48.1353717,-2.0782950,44.02,30.91,39.85,54.39,71.7,67,2,,
2025-07-25T08:34:14.165+0200,756,667,7.836,4777.224,47.77,33.68,42.05,59.21,,-4.80,128.30,12.04,19.50,1545,92,28,,,59,,,,,,0,2025-07-25T08:34:13.000+0200,676,628,7.059,48.1353717,-2.0782950,44.02,30.91,39.85,54.39,71.7,67,2,,
2025-07-25T08:34:14.764+0200,757,668,7.844,4777.232,47.87,33.69,42.05,59.21,,1.80,128.20,32.17,52.00,4124,92,28,,,59,,,,,,0,2025-07-25T08:34:14.000+0200,677,629,7.072,48.1354150,-2.0781367,43.15,30.92,39.85,54.39,72.7,66,2,,
2025-07-25T08:34:14.787+0200,757,668,7.844,4777.232,47.87,33.69,42.05,59.21,,1.80,128.20,32.17,52.00,4124,92,28,,,59,,,,,,0,2025-07-25T08:34:14.000+0200,677,629,7.072,48.1354150,-2.0781367,43.15,30.92,39.85,54.39,72.7,66,2,,
2025-07-25T08:34:15.383+0200,758,669,7.852,4777.240,49.96,33.71,42.06,59.21,,2.51,127.80,23.09,36.09,2951,92,28,,,57,,,,,,0,2025-07-25T08:34:14.000+0200,677,629,7.072,48.1354150,-2.0781367,43.15,30.92,39.85,54.39,72.7,66,2,,
2025-07-25T08:34:15.406+0200,758,669,7.852,4777.240,49.96,33.71,42.06,59.21,,2.51,127.80,23.09,36.09,2951,92,28,,,57,,,,,,0,2025-07-25T08:34:14.000+0200,677,629,7.072,48.1354150,-2.0781367,43.15,30.92,39.85,54.39,72.7,66,2,,
2025-07-25T08:34:16.006+0200,758,669,7.861,4777.249,50.54,33.72,42.07,59.21,,-0.79,127.70,25.23,39.09,3222,92,28,,,56,,,,,,0,2025-07-25T08:34:15.000+0200,678,630,7.085,48.1354600,-2.0779800,45.84,30.94,39.86,54.39,73.1,65,2,,
2025-07-25T08:34:16.028+0200,758,669,7.861,4777.249,50.54,33.72,42.07,59.21,,-0.79,127.70,25.23,39.09,3222,92,28,,,56,,,,,,0,2025-07-25T08:34:15.000+0200,678,630,7.085,48.1354600,-2.0779800,45.84,30.94,39.86,54.39,73.1,65,2,,
2025-07-25T08:34:16.624+0200,759,670,7.870,4777.258,49.24,33.73,42.07,59.21,,-0.68,127.89,20.80,32.89,2660,92,28,,,58,,,,,,0,2025-07-25T08:34:15.000+0200,678,630,7.085,48.1354600,-2.0779800,45.84,30.94,39.86,54.39,73.1,65,2,,
2025-07-25T08:34:16.648+0200,759,670,7.870,4777.258,49.24,33.73,42.07,59.21,,-0.68,127.89,20.80,32.89,2660,92,28,,,58,,,,,,0,2025-07-25T08:34:15.000+0200,678,630,7.085,48.1354600,-2.0779800,45.84,30.94,39.86,54.39,73.1,65,2,,
2025-07-25T08:34:17.241+0200,759,670,7.878,4777.267,49.28,33.74,42.08,59.21,,-0.67,128.00,17.21,27.20,2203,92,28,,,58,,,,,,0,2025-07-25T08:34:16.000+0200,679,631,7.098,48.1355133,-2.0778233,43.88,30.96,39.87,54.39,73.1,62,2,,
2025-07-25T08:34:17.265+0200,759,670,7.878,4777.267,49.28,33.74,42.08,59.21,,-0.67,128.00,17.21,27.20,2203,92,28,,,58,,,,,,0,2025-07-25T08:34:16.000+0200,679,631,7.098,48.1355133,-2.0778233,43.88,30.96,39.87,54.39,73.1,62,2,,
2025-07-25T08:34:17.863+0200,760,671,7.887,4777.275,49.21,33.75,42.09,59.21,,0.00,128.09,16.94,26.80,2170,92,28,,,58,,,,,,0,2025-07-25T08:34:17.000+0200,680,632,7.111,48.1355683,-2.0776750,44.85,30.97,39.88,54.39,73.5,62,2,,
2025-07-25T08:34:17.887+0200,760,671,7.887,4777.275,49.21,33.75,42.09,59.21,,0.00,128.09,16.94,26.80,2170,92,28,,,58,,,,,,0,2025-07-25T08:34:17.000+0200,680,632,7.111,48.1355683,-2.0776750,44.85,30.97,39.88,54.39,73.5,62,2,,
2025-07-25T08:34:18.483+0200,761,672,7.895,4777.284,49.24,33.77,42.09,59.21,,0.11,128.09,20.99,33.20,2689,92,28,,,58,,,,,,0,2025-07-25T08:34:17.000+0200,680,632,7.111,48.1355683,-2.0776750,44.85,30.97,39.88,54.39,73.5,62,2,,
2025-07-25T08:34:18.507+0200,761,672,7.895,4777.284,49.24,33.77,42.09,59.21,,0.11,128.09,20.99,33.20,2689,92,28,,,58,,,,,,0,2025-07-25T08:34:17.000+0200,680,632,7.111,48.1355683,-2.0776750,44.85,30.97,39.88,54.39,73.5,62,2,,
2025-07-25T08:34:19.123+0200,761,672,7.904,4777.292,50.00,33.78,42.10,59.21,,2.41,128.20,11.77,18.40,1509,92,28,,,57,,,,,,0,2025-07-25T08:34:18.000+0200,681,633,7.123,48.1356267,-2.0775300,44.90,30.99,39.88,54.39,73.4,58,2,,
2025-07-25T08:34:19.146+0200,761,672,7.904,4777.292,50.00,33.78,42.10,59.21,,2.41,128.20,11.77,18.40,1509,92,28,,,57,,,,,,0,2025-07-25T08:34:18.000+0200,681,633,7.123,48.1356267,-2.0775300,44.90,30.99,39.88,54.39,73.4,58,2,,
2025-07-25T08:34:19.741+0200,762,673,7.912,4777.301,49.24,33.79,42.11,59.21,,-0.48,128.20,17.51,27.70,2245,92,28,,,58,,,,,,0,2025-07-25T08:34:19.000+0200,682,634,7.136,48.1356933,-2.0773867,44.82,31.01,39.89,54.39,73.5,53,2,,
2025-07-25T08:34:19.764+0200,762,673,7.912,4777.301,49.24,33.79,42.11,59.21,,-0.48,128.20,17.51,27.70,2245,92,28,,,58,,,,,,0,2025-07-25T08:34:19.000+0200,682,634,7.136,48.1356933,-2.0773867,44.82,31.01,39.89,54.39,73.5,53,2,,
2025-07-25T08:34:20.384+0200,763,674,7.921,4777.309,50.11,33.80,42.12,59.21,,1.08,128.20,14.36,22.40,1841,92,28,,,57,,,,,,0,2025-07-25T08:34:19.000+0200,682,634,7.136,48.1356933,-2.0773867,44.82,31.01,39.89,54.39,73.5,53,2,,
2025-07-25T08:34:20.407+0200,763,674,7.921,4777.309,50.11,33.80,42.12,59.21,,1.08,128.20,14.36,22.40,1841,92,28,,,57,,,,,,0,2025-07-25T08:34:19.000+0200,682,634,7.136,48.1356933,-2.0773867,44.82,31.01,39.89,54.39,73.5,53,2,,
2025-07-25T08:34:20.979+0200,763,674,7.930,4777.318,50.11,33.81,42.12,59.21,,-1.91,128.39,8.07,12.60,1036,92,28,,,57,,,,,,0,2025-07-25T08:34:20.000+0200,683,635,7.149,48.1357650,-2.0772500,48.20,31.03,39.90,54.39,73.6,53,2,,
2025-07-25T08:34:21.002+0200,763,674,7.930,4777.318,50.11,33.81,42.12,59.21,,-1.91,128.39,8.07,12.60,1036,92,28,,,57,,,,,,0,2025-07-25T08:34:20.000+0200,683,635,7.149,48.1357650,-2.0772500,48.20,31.03,39.90,54.39,73.6,53,2,,
2025-07-25T08:34:21.627+0200,764,675,7.938,4777.327,50.14,33.83,42.13,59.21,,2.15,128.30,22.25,34.70,2855,92,28,,,57,,,,,,0,2025-07-25T08:34:20.000+0200,683,635,7.149,48.1357650,-2.0772500,48.20,31.03,39.90,54.39,73.6,53,2,,
2025-07-25T08:34:21.655+0200,764,675,7.938,4777.327,50.14,33.83,42.13,59.21,,2.15,128.30,22.25,34.70,2855,92,28,,,57,,,,,,0,2025-07-25T08:34:20.000+0200,683,635,7.149,48.1357650,-2.0772500,48.20,31.03,39.90,54.39,73.6,53,2,,
2025-07-25T08:34:22.242+0200,764,675,7.947,4777.336,52.52,33.84,42.14,59.21,,4.19,128.00,20.68,31.09,2647,92,28,,,55,,,,,,0,2025-07-25T08:34:21.000+0200,684,636,7.162,48.1358367,-2.0771100,46.32,31.05,39.91,54.39,73.9,50,2,,
2025-07-25T08:34:22.266+0200,764,675,7.947,4777.336,52.52,33.84,42.14,59.21,,4.19,128.00,20.68,31.09,2647,92,28,,,55,,,,,,0,2025-07-25T08:34:21.000+0200,684,636,7.162,48.1358367,-2.0771100,46.32,31.05,39.91,54.39,73.9,50,2,,
2025-07-25T08:34:22.864+0200,765,676,7.956,4777.345,53.20,33.85,42.15,59.21,,4.87,128.00,15.18,22.60,1943,92,28,,,54,,,,,,0,2025-07-25T08:34:22.000+0200,685,637,7.175,48.1359150,-2.0769817,48.47,31.07,39.93,54.39,74.1,49,2,,
2025-07-25T08:34:22.886+0200,765,676,7.956,4777.345,53.20,33.85,42.15,59.21,,4.87,128.00,15.18,22.60,1943,92,28,,,54,,,,,,0,2025-07-25T08:34:22.000+0200,685,637,7.175,48.1359150,-2.0769817,48.47,31.07,39.93,54.39,74.1,49,2,,
2025-07-25T08:34:23.485+0200,766,677,7.965,4777.354,51.40,33.87,42.16,59.21,,-5.18,128.30,9.81,15.00,1259,92,28,,,56,,,,,,0,2025-07-25T08:34:22.000+0200,685,637,7.175,48.1359150,-2.0769817,48.47,31.07,39.93,54.39,74.1,49,2,,
2025-07-25T08:34:23.510+0200,766,677,7.965,4777.354,51.40,33.87,42.16,59.21,,-5.18,128.30,9.81,15.00,1259,92,28,,,56,,,,,,0,2025-07-25T08:34:22.000+0200,685,637,7.175,48.1359150,-2.0769817,48.47,31.07,39.93,54.39,74.1,49,2,,
2025-07-25T08:34:24.123+0200,766,677,7.974,4777.363,50.61,33.88,42.17,59.21,,-2.27,128.50,13.05,20.19,1677,92,28,,,57,,,,,,0,2025-07-25T08:34:23.000+0200,686,638,7.189,48.1360000,-2.0768483,47.79,31.09,39.94,54.39,75.2,46,2,,
2025-07-25T08:34:24.146+0200,766,677,7.974,4777.363,50.61,33.88,42.17,59.21,,-2.27,128.50,13.05,20.19,1677,92,28,,,57,,,,,,0,2025-07-25T08:34:23.000+0200,686,638,7.189,48.1360000,-2.0768483,47.79,31.09,39.94,54.39,75.2,46,2,,
2025-07-25T08:34:24.722+0200,767,678,7.983,4777.372,52.52,33.89,42.18,59.21,,3.36,128.59,12.70,19.10,1633,92,27,,,55,,,,,,0,2025-07-25T08:34:24.000+0200,687,639,7.202,48.1360850,-2.0767200,48.69,31.11,39.95,54.39,76.0,46,2,,
2025-07-25T08:34:24.741+0200,767,678,7.983,4777.372,52.52,33.89,42.18,59.21,,3.36,128.59,12.70,19.10,1633,92,27,,,55,,,,,,0,2025-07-25T08:34:24.000+0200,687,639,7.202,48.1360850,-2.0767200,48.69,31.11,39.95,54.39,76.0,46,2,,
2025-07-25T08:34:25.339+0200,767,679,7.992,4777.381,51.30,33.90,42.18,59.21,,-3.36,128.70,8.03,12.30,1033,92,27,,,56,,,,,,0,2025-07-25T08:34:24.000+0200,687,639,7.202,48.1360850,-2.0767200,48.69,31.11,39.95,54.39,76.0,46,2,,
2025-07-25T08:34:25.363+0200,767,679,7.992,4777.381,51.30,33.90,42.18,59.21,,-3.36,128.70,8.03,12.30,1033,92,27,,,56,,,,,,0,2025-07-25T08:34:24.000+0200,687,639,7.202,48.1360850,-2.0767200,48.69,31.11,39.95,54.39,76.0,46,2,,
2025-07-25T08:34:25.985+0200,768,679,8.001,4777.390,51.26,33.92,42.19,59.21,,0.00,128.70,19.44,29.80,2502,92,27,,,56,,,,,,0,2025-07-25T08:34:25.000+0200,688,640,7.215,48.1361650,-2.0765917,47.08,31.13,39.97,54.39,76.6,47,2,,
2025-07-25T08:34:26.006+0200,768,679,8.001,4777.390,51.26,33.92,42.19,59.21,,0.00,128.70,19.44,29.80,2502,92,27,,,56,,,,,,0,2025-07-25T08:34:25.000+0200,688,640,7.215,48.1361650,-2.0765917,47.08,31.13,39.97,54.39,76.6,47,2,,
2025-07-25T08:34:26.604+0200,769,680,8.010,4777.399,51.98,33.93,42.20,59.21,,-1.08,128.39,21.31,32.30,2736,92,27,,,55,,,,,,0,2025-07-25T08:34:25.000+0200,688,640,7.215,48.1361650,-2.0765917,47.08,31.13,39.97,54.39,76.6,47,2,,
2025-07-25T08:34:26.625+0200,769,680,8.010,4777.399,51.98,33.93,42.20,59.21,,-1.08,128.39,21.31,32.30,2736,92,27,,,55,,,,,,0,2025-07-25T08:34:25.000+0200,688,640,7.215,48.1361650,-2.0765917,47.08,31.13,39.97,54.39,76.6,47,2,,
2025-07-25T08:34:27.221+0200,769,680,8.019,4777.408,53.35,33.95,42.21,59.21,,0.36,128.20,22.42,33.30,2874,92,27,,,54,,,,,,0,2025-07-25T08:34:26.000+0200,689,641,7.228,48.1362450,-2.0764650,47.99,31.15,39.98,54.39,76.8,49,2,,
2025-07-25T08:34:27.245+0200,769,680,8.019,4777.408,53.35,33.95,42.21,59.21,,0.36,128.20,22.42,33.30,2874,92,27,,,54,,,,,,0,2025-07-25T08:34:26.000+0200,689,641,7.228,48.1362450,-2.0764650,47.99,31.15,39.98,54.39,76.8,49,2,,
2025-07-25T08:34:27.844+0200,770,681,8.028,4777.417,54.57,33.96,42.22,59.21,,0.96,128.20,16.59,24.20,2127,92,27,,,53,,,,,,0,2025-07-25T08:34:27.000+0200,690,642,7.242,48.1363283,-2.0763300,51.53,31.18,40.00,54.39,77.3,48,2,,
2025-07-25T08:34:27.866+0200,770,681,8.028,4777.417,54.57,33.96,42.22,59.21,,0.96,128.20,16.59,24.20,2127,92,27,,,53,,,,,,0,2025-07-25T08:34:27.000+0200,690,642,7.242,48.1363283,-2.0763300,51.53,31.18,40.00,54.39,77.3,48,2,,
2025-07-25T08:34:28.466+0200,771,682,8.038,4777.427,53.53,33.97,42.23,59.21,,-0.34,128.30,14.78,21.90,1896,92,27,,,54,,,,,,0,2025-07-25T08:34:27.000+0200,690,642,7.242,48.1363283,-2.0763300,51.53,31.18,40.00,54.39,77.3,48,2,,
2025-07-25T08:34:28.489+0200,771,682,8.038,4777.427,53.53,33.97,42.23,59.21,,-0.34,128.30,14.78,21.90,1896,92,27,,,54,,,,,,0,2025-07-25T08:34:27.000+0200,690,642,7.242,48.1363283,-2.0763300,51.53,31.18,40.00,54.39,77.3,48,2,,
2025-07-25T08:34:29.083+0200,771,682,8.047,4777.436,54.03,33.99,42.24,59.21,,1.20,128.39,17.75,26.09,2279,91,27,,,54,,,,,,0,2025-07-25T08:34:28.000+0200,691,643,7.255,48.1364117,-2.0762050,48.05,31.20,40.01,54.39,77.6,46,2,,
2025-07-25T08:34:29.104+0200,771,682,8.047,4777.436,54.03,33.99,42.24,59.21,,1.20,128.39,17.75,26.09,2279,91,27,,,54,,,,,,0,2025-07-25T08:34:28.000+0200,691,643,7.255,48.1364117,-2.0762050,48.05,31.20,40.01,54.39,77.6,46,2,,
2025-07-25T08:34:29.705+0200,772,683,8.056,4777.445,54.57,34.00,42.25,59.21,,0.84,128.30,18.24,26.59,2340,91,27,,,53,,,,,,0,2025-07-25T08:34:29.000+0200,691,643,7.268,48.1364917,-2.0760733,48.58,31.22,40.02,54.39,78.7,47,2,,
2025-07-25T08:34:29.726+0200,772,683,8.056,4777.445,54.57,34.00,42.25,59.21,,0.84,128.30,18.24,26.59,2340,91,27,,,53,,,,,,0,2025-07-25T08:34:29.000+0200,692,644,7.268,48.1364917,-2.0760733,48.58,31.22,40.02,54.39,78.7,47,2,,
2025-07-25T08:34:30.344+0200,772,684,8.066,4777.455,55.11,34.02,42.27,59.21,,0.51,128.30,13.40,19.40,1719,91,27,,,53,,,,,,0,2025-07-25T08:34:29.000+0200,692,644,7.268,48.1364917,-2.0760733,48.58,31.22,40.02,54.39,78.7,47,2,,
2025-07-25T08:34:30.366+0200,772,684,8.066,4777.455,55.11,34.02,42.27,59.21,,0.51,128.30,13.40,19.40,1719,91,27,,,53,,,,,,0,2025-07-25T08:34:29.000+0200,692,644,7.268,48.1364917,-2.0760733,48.58,31.22,40.02,54.39,78.7,47,2,,
2025-07-25T08:34:30.963+0200,773,684,8.075,4777.464,55.00,34.03,42.28,59.21,,2.15,128.30,15.11,21.90,1939,91,27,,,53,,,,,,0,2025-07-25T08:34:30.000+0200,693,645,7.282,48.1365767,-2.0759467,49.12,31.24,40.04,54.39,79.2,45,2,,
2025-07-25T08:34:30.987+0200,773,684,8.075,4777.464,55.00,34.03,42.28,59.21,,2.15,128.30,15.11,21.90,1939,91,27,,,53,,,,,,0,2025-07-25T08:34:30.000+0200,693,645,7.282,48.1365767,-2.0759467,49.12,31.24,40.04,54.39,79.2,45,2,,
2025-07-25T08:34:31.567+0200,774,685,8.085,4777.474,53.35,34.05,42.29,59.21,,-4.26,128.50,12.66,18.79,1627,91,27,,,54,,,,,,0,2025-07-25T08:34:30.000+0200,693,645,7.282,48.1365767,-2.0759467,49.12,31.24,40.04,54.39,79.2,45,2,,
2025-07-25T08:34:31.591+0200,774,685,8.085,4777.474,53.35,34.05,42.29,59.21,,-4.26,128.50,12.66,18.79,1627,91,27,,,54,,,,,,0,2025-07-25T08:34:30.000+0200,693,645,7.282,48.1365767,-2.0759467,49.12,31.24,40.04,54.39,79.2,45,2,,
2025-07-25T08:34:32.205+0200,774,685,8.094,4777.483,54.57,34.06,42.30,59.21,,0.89,128.39,20.91,30.50,2685,91,27,,,53,,,,,,0,2025-07-25T08:34:31.000+0200,694,646,7.295,48.1366583,-2.0758117,48.62,31.26,40.05,54.39,79.5,46,2,,
2025-07-25T08:34:32.227+0200,774,685,8.094,4777.483,54.57,34.06,42.30,59.21,,0.89,128.39,20.91,30.50,2685,91,27,,,53,,,,,,0,2025-07-25T08:34:31.000+0200,694,646,7.295,48.1366583,-2.0758117,48.62,31.26,40.05,54.39,79.5,46,2,,
2025-07-25T08:34:32.824+0200,775,686,8.104,4777.493,56.19,34.08,42.31,59.21,,2.49,128.20,21.05,30.00,2699,91,27,,,52,,,,,,0,2025-07-25T08:34:32.000+0200,695,647,7.309,48.1367400,-2.0756783,48.77,31.28,40.06,54.39,79.8,47,2,,
2025-07-25T08:34:32.846+0200,775,686,8.104,4777.493,56.19,34.08,42.31,59.21,,2.49,128.20,21.05,30.00,2699,91,27,,,52,,,,,,0,2025-07-25T08:34:32.000+0200,695,647,7.309,48.1367400,-2.0756783,48.77,31.28,40.06,54.39,79.8,47,2,,
2025-07-25T08:34:33.443+0200,776,687,8.114,4777.502,56.69,34.10,42.32,59.21,,-1.46,128.20,7.84,11.10,1005,91,27,,,51,,,,,,0,2025-07-25T08:34:32.000+0200,695,647,7.309,48.1367400,-2.0756783,48.77,31.28,40.06,54.39,79.8,47,2,,
2025-07-25T08:34:33.466+0200,776,687,8.114,4777.502,56.69,34.10,42.32,59.21,,-1.46,128.20,7.84,11.10,1005,91,27,,,51,,,,,,0,2025-07-25T08:34:32.000+0200,695,647,7.309,48.1367400,-2.0756783,48.77,31.28,40.06,54.39,79.8,47,2,,
2025-07-25T08:34:34.083+0200,776,687,8.123,4777.512,55.44,34.11,42.34,59.21,,-4.43,128.30,6.31,9.09,810,91,27,,,52,,,,,,0,2025-07-25T08:34:33.000+0200,696,648,7.323,48.1368300,-2.0755450,51.18,31.30,40.08,54.39,80.0,48,2,,
2025-07-25T08:34:34.105+0200,776,687,8.123,4777.512,55.44,34.11,42.34,59.21,,-4.43,128.30,6.31,9.09,810,91,27,,,52,,,,,,0,2025-07-25T08:34:33.000+0200,696,648,7.323,48.1368300,-2.0755450,51.18,31.30,40.08,54.39,80.0,48,2,,
2025-07-25T08:34:34.677+0200,777,688,8.133,4777.522,55.00,34.13,42.35,59.21,,-1.23,128.50,11.04,16.00,1419,91,27,,,53,,,,,,0,2025-07-25T08:34:34.000+0200,696,648,7.337,48.1369133,-2.0754000,52.43,31.33,40.10,54.39,79.0,51,2,,
2025-07-25T08:34:34.701+0200,777,688,8.133,4777.522,55.00,34.13,42.35,59.21,,-1.23,128.50,11.04,16.00,1419,91,27,,,53,,,,,,0,2025-07-25T08:34:34.000+0200,696,648,7.337,48.1369133,-2.0754000,52.43,31.33,40.10,54.39,79.0,51,2,,
2025-07-25T08:34:35.326+0200,777,689,8.143,4777.531,54.64,34.14,42.36,59.21,,1.58,128.50,19.83,28.90,2548,91,27,,,53,,,,,,0,2025-07-25T08:34:34.000+0200,697,649,7.337,48.1369133,-2.0754000,52.43,31.33,40.10,54.39,79.0,51,2,,
2025-07-25T08:34:35.347+0200,777,689,8.143,4777.531,54.64,34.14,42.36,59.21,,1.58,128.50,19.83,28.90,2548,91,27,,,53,,,,,,0,2025-07-25T08:34:34.000+0200,697,649,7.337,48.1369133,-2.0754000,52.43,31.33,40.10,54.39,79.0,51,2,,
2025-07-25T08:34:35.945+0200,778,689,8.152,4777.541,53.31,34.16,42.37,59.21,,-0.12,128.39,21.27,31.59,2731,91,27,,,54,,,,,,0,2025-07-25T08:34:35.000+0200,698,650,7.351,48.1369883,-2.0752533,47.69,31.35,40.11,54.39,78.5,56,2,,
2025-07-25T08:34:35.968+0200,778,689,8.152,4777.541,53.31,34.16,42.37,59.21,,-0.12,128.39,21.27,31.59,2731,91,27,,,54,,,,,,0,2025-07-25T08:34:35.000+0200,698,650,7.351,48.1369883,-2.0752533,47.69,31.35,40.11,54.39,78.5,56,2,,
2025-07-25T08:34:36.560+0200,779,690,8.161,4777.550,53.13,34.17,42.38,59.21,,-0.60,128.30,21.21,31.59,2721,91,27,,,54,,,,,,0,2025-07-25T08:34:35.000+0200,698,650,7.351,48.1369883,-2.0752533,47.69,31.35,40.11,54.39,78.5,56,2,,
2025-07-25T08:34:36.585+0200,779,690,8.161,4777.550,53.13,34.17,42.38,59.21,,-0.60,128.30,21.21,31.59,2721,91,27,,,54,,,,,,0,2025-07-25T08:34:35.000+0200,698,650,7.351,48.1369883,-2.0752533,47.69,31.35,40.11,54.39,78.5,56,2,,
2025-07-25T08:34:37.181+0200,779,690,8.171,4777.559,52.99,34.18,42.39,59.21,,1.79,128.09,18.48,27.59,2367,91,27,,,54,,,,,,0,2025-07-25T08:34:36.000+0200,699,651,7.364,48.1370450,-2.0750983,47.17,31.37,40.12,54.39,78.2,62,2,,
2025-07-25T08:34:37.203+0200,779,690,8.171,4777.559,52.99,34.18,42.39,59.21,,1.79,128.09,18.48,27.59,2367,91,27,,,54,,,,,,0,2025-07-25T08:34:36.000+0200,699,651,7.364,48.1370450,-2.0750983,47.17,31.37,40.12,54.39,78.2,62,2,,
2025-07-25T08:34:37.801+0200,780,691,8.180,4777.568,52.81,34.20,42.40,59.21,,-1.24,127.89,18.17,27.20,2324,91,27,,,55,,,,,,0,2025-07-25T08:34:37.000+0200,700,652,7.377,48.1370933,-2.0749400,47.58,31.39,40.13,54.39,78.1,66,2,,
2025-07-25T08:34:37.820+0200,780,691,8.180,4777.568,52.81,34.20,42.40,59.21,,-1.24,127.89,18.17,27.20,2324,91,27,,,55,,,,,,0,2025-07-25T08:34:37.000+0200,700,652,7.377,48.1370933,-2.0749400,47.58,31.39,40.13,54.39,78.1,66,2,,
2025-07-25T08:34:38.435+0200,781,692,8.189,4777.577,52.19,34.21,42.41,59.21,,-0.72,127.80,23.56,35.59,3011,91,27,,,55,,,,,,0,2025-07-25T08:34:37.000+0200,700,652,7.377,48.1370933,-2.0749400,47.58,31.39,40.13,54.39,78.1,66,2,,
2025-07-25T08:34:38.459+0200,781,692,8.189,4777.577,52.19,34.21,42.41,59.21,,-0.72,127.80,23.56,35.59,3011,91,27,,,55,,,,,,0,2025-07-25T08:34:37.000+0200,700,652,7.377,48.1370933,-2.0749400,47.58,31.39,40.13,54.39,78.1,66,2,,
2025-07-25T08:34:39.044+0200,781,692,8.198,4777.587,52.63,34.22,42.42,59.21,,-1.23,127.70,18.72,28.09,2391,91,27,,,55,,,,,,0,2025-07-25T08:34:38.000+0200,701,653,7.391,48.1371350,-2.0747650,47.73,31.41,40.14,54.39,78.1,70,2,,
2025-07-25T08:34:39.065+0200,781,692,8.198,4777.587,52.63,34.22,42.42,59.21,,-1.23,127.70,18.72,28.09,2391,91,27,,,55,,,,,,0,2025-07-25T08:34:38.000+0200,701,653,7.391,48.1371350,-2.0747650,47.73,31.41,40.14,54.39,78.1,70,2,,
2025-07-25T08:34:39.681+0200,782,693,8.207,4777.596,52.92,34.24,42.43,59.21,,1.69,127.60,23.35,34.89,2979,91,27,,,54,,,,,,0,2025-07-25T08:34:39.000+0200,701,653,7.404,48.1371733,-2.0745933,50.51,31.43,40.16,54.39,78.2,73,2,,
2025-07-25T08:34:39.703+0200,782,693,8.207,4777.596,52.92,34.24,42.43,59.21,,1.69,127.60,23.35,34.89,2979,91,27,,,54,,,,,,0,2025-07-25T08:34:39.000+0200,701,653,7.404,48.1371733,-2.0745933,50.51,31.43,40.16,54.39,78.2,73,2,,
2025-07-25T08:34:40.299+0200,782,693,8.216,4777.605,54.71,34.25,42.44,59.21,,4.53,127.20,24.05,35.00,3059,91,27,,,53,,,,,,0,2025-07-25T08:34:39.000+0200,702,654,7.404,48.1371733,-2.0745933,50.51,31.43,40.16,54.39,78.2,73,2,,
2025-07-25T08:34:40.317+0200,782,693,8.216,4777.605,54.71,34.25,42.44,59.21,,4.53,127.20,24.05,35.00,3059,91,27,,,53,,,,,,0,2025-07-25T08:34:39.000+0200,702,654,7.404,48.1371733,-2.0745933,50.51,31.43,40.16,54.39,78.2,73,2,,
2025-07-25T08:34:40.929+0200,783,694,8.226,4777.614,54.79,34.27,42.45,59.21,,0.60,127.10,17.81,25.90,2264,91,27,,,53,,,,,,0,2025-07-25T08:34:40.000+0200,703,655,7.417,48.1372100,-2.0744233,49.14,31.45,40.17,54.39,78.4,71,2,,
2025-07-25T08:34:40.952+0200,783,694,8.226,4777.614,54.79,34.27,42.45,59.21,,0.60,127.10,17.81,25.90,2264,91,27,,,53,,,,,,0,2025-07-25T08:34:40.000+0200,703,655,7.417,48.1372100,-2.0744233,49.14,31.45,40.17,54.39,78.4,71,2,,
2025-07-25T08:34:41.545+0200,784,695,8.235,4777.624,54.90,34.28,42.46,59.21,,1.92,127.10,23.21,33.70,2950,91,27,,,52,,,,,,0,2025-07-25T08:34:40.000+0200,703,655,7.417,48.1372100,-2.0744233,49.14,31.45,40.17,54.39,78.4,71,2,,
2025-07-25T08:34:41.571+0200,784,695,8.235,4777.624,54.90,34.28,42.46,59.21,,1.92,127.10,23.21,33.70,2950,91,27,,,52,,,,,,0,2025-07-25T08:34:40.000+0200,703,655,7.417,48.1372100,-2.0744233,49.14,31.45,40.17,54.39,78.4,71,2,,
2025-07-25T08:34:42.163+0200,784,695,8.245,4777.633,55.18,34.30,42.47,59.21,,-0.48,127.20,25.87,37.39,3291,91,27,,,52,,,,,,0,2025-07-25T08:34:41.000+0200,704,656,7.431,48.1372467,-2.0742467,50.36,31.47,40.19,54.39,79.1,71,2,,
2025-07-25T08:34:42.188+0200,784,695,8.245,4777.633,55.18,34.30,42.47,59.21,,-0.48,127.20,25.87,37.39,3291,91,27,,,52,,,,,,0,2025-07-25T08:34:41.000+0200,704,656,7.431,48.1372467,-2.0742467,50.36,31.47,40.19,54.39,79.1,71,2,,
2025-07-25T08:34:42.779+0200,785,696,8.254,4777.643,53.92,34.31,42.48,59.21,,-1.32,127.30,25.13,37.00,3199,90,27,,,53,,,,,,0,2025-07-25T08:34:42.000+0200,705,657,7.445,48.1372867,-2.0740717,52.11,31.50,40.21,54.39,79.4,72,2,,
2025-07-25T08:34:42.802+0200,785,696,8.254,4777.643,53.92,34.31,42.48,59.21,,-1.32,127.30,25.13,37.00,3199,90,27,,,53,,,,,,0,2025-07-25T08:34:42.000+0200,705,657,7.445,48.1372867,-2.0740717,52.11,31.50,40.21,54.39,79.4,72,2,,
2025-07-25T08:34:43.412+0200,786,697,8.263,4777.652,53.31,34.32,42.49,59.21,,-0.11,127.50,13.26,19.69,1691,90,27,,,54,,,,,,0,2025-07-25T08:34:42.000+0200,705,657,7.445,48.1372867,-2.0740717,52.11,31.50,40.21,54.39,79.4,72,2,,
2025-07-25T08:34:43.436+0200,786,697,8.263,4777.652,53.31,34.32,42.49,59.21,,-0.11,127.50,13.26,19.69,1691,90,27,,,54,,,,,,0,2025-07-25T08:34:42.000+0200,705,657,7.445,48.1372867,-2.0740717,52.11,31.50,40.21,54.39,79.4,72,2,,
2025-07-25T08:34:44.052+0200,786,697,8.273,4777.661,51.98,34.34,42.50,59.21,,-2.52,127.70,23.29,35.30,2974,90,27,,,55,,,,,,0,2025-07-25T08:34:43.000+0200,706,658,7.459,48.1373250,-2.0738950,48.27,31.52,40.22,54.39,79.8,72,2,,
2025-07-25T08:34:44.080+0200,786,697,8.273,4777.661,51.98,34.34,42.50,59.21,,-2.52,127.70,23.29,35.30,2974,90,27,,,55,,,,,,0,2025-07-25T08:34:43.000+0200,706,658,7.459,48.1373250,-2.0738950,48.27,31.52,40.22,54.39,79.8,72,2,,
2025-07-25T08:34:44.661+0200,787,698,8.282,4777.670,53.31,34.35,42.51,59.21,,1.81,127.60,23.69,35.20,3023,90,27,,,54,,,,,,0,2025-07-25T08:34:44.000+0200,706,658,7.472,48.1373633,-2.0737267,48.22,31.54,40.23,54.39,79.7,72,2,,
2025-07-25T08:34:44.683+0200,787,698,8.282,4777.670,53.31,34.35,42.51,59.21,,1.81,127.60,23.69,35.20,3023,90,27,,,54,,,,,,0,2025-07-25T08:34:44.000+0200,706,658,7.472,48.1373633,-2.0737267,48.22,31.54,40.23,54.39,79.7,72,2,,
2025-07-25T08:34:45.281+0200,787,698,8.291,4777.680,54.46,34.37,42.52,59.21,,2.14,127.39,32.24,47.10,4107,90,27,,,53,,,,,,0,2025-07-25T08:34:44.000+0200,707,659,7.472,48.1373633,-2.0737267,48.22,31.54,40.23,54.39,79.7,72,2,,
2025-07-25T08:34:45.306+0200,787,698,8.291,4777.680,54.46,34.37,42.52,59.21,,2.14,127.39,32.24,47.10,4107,90,27,,,53,,,,,,0,2025-07-25T08:34:44.000+0200,707,659,7.472,48.1373633,-2.0737267,48.22,31.54,40.23,54.39,79.7,72,2,,
2025-07-25T08:34:45.900+0200,788,699,8.301,4777.690,55.65,34.38,42.53,59.21,,0.90,127.30,23.75,34.09,3023,90,28,,,52,,,,,,0,2025-07-25T08:34:45.000+0200,708,660,7.486,48.1373983,-2.0735467,52.28,31.56,40.25,54.39,79.9,74,2,,
2025-07-25T08:34:45.924+0200,788,699,8.301,4777.690,55.65,34.38,42.53,59.21,,0.90,127.30,23.75,34.09,3023,90,28,,,52,,,,,,0,2025-07-25T08:34:45.000+0200,708,660,7.486,48.1373983,-2.0735467,52.28,31.56,40.25,54.39,79.9,74,2,,
2025-07-25T08:34:46.547+0200,789,700,8.310,4777.699,56.19,34.40,42.54,59.21,,-1.92,127.39,8.35,11.90,1064,90,28,,,51,,,,,,0,2025-07-25T08:34:45.000+0200,708,660,7.486,48.1373983,-2.0735467,52.28,31.56,40.25,54.39,79.9,74,2,,
2025-07-25T08:34:46.572+0200,789,700,8.310,4777.699,56.19,34.40,42.54,59.21,,-1.92,127.39,8.35,11.90,1064,90,28,,,51,,,,,,0,2025-07-25T08:34:45.000+0200,708,660,7.486,48.1373983,-2.0735467,52.28,31.56,40.25,54.39,79.9,74,2,,
2025-07-25T08:34:47.166+0200,789,700,8.320,4777.709,55.40,34.41,42.55,59.21,,-0.12,127.80,6.03,8.70,771,90,28,,,52,,,,,,0,2025-07-25T08:34:46.000+0200,709,661,7.500,48.1374383,-2.0733650,51.03,31.59,40.27,54.39,79.8,72,2,,
2025-07-25T08:34:47.189+0200,789,700,8.320,4777.709,55.40,34.41,42.55,59.21,,-0.12,127.80,6.03,8.70,771,90,28,,,52,,,,,,0,2025-07-25T08:34:46.000+0200,709,661,7.500,48.1374383,-2.0733650,51.03,31.59,40.27,54.39,79.8,72,2,,
2025-07-25T08:34:47.767+0200,790,701,8.330,4777.719,55.36,34.43,42.57,59.21,,0.23,128.09,6.24,9.00,799,90,28,,,52,,,,,,0,2025-07-25T08:34:47.000+0200,710,662,7.514,48.1374800,-2.0731850,49.33,31.61,40.28,54.39,79.5,72,2,,
2025-07-25T08:34:47.790+0200,790,701,8.330,4777.719,55.36,34.43,42.57,59.21,,0.23,128.09,6.24,9.00,799,90,28,,,52,,,,,,0,2025-07-25T08:34:47.000+0200,710,662,7.514,48.1374800,-2.0731850,49.33,31.61,40.28,54.39,79.5,72,2,,
2025-07-25T08:34:48.435+0200,791,702,8.339,4777.728,53.42,34.44,42.57,59.21,,-1.55,128.50,6.67,9.89,857,90,27,,,54,,,,,,0,2025-07-25T08:34:47.000+0200,710,662,7.514,48.1374800,-2.0731850,49.33,31.61,40.28,54.39,79.5,72,2,,
2025-07-25T08:34:48.457+0200,791,702,8.339,4777.728,53.42,34.44,42.57,59.21,,-1.55,128.50,6.67,9.89,857,90,27,,,54,,,,,,0,2025-07-25T08:34:47.000+0200,710,662,7.514,48.1374800,-2.0731850,49.33,31.61,40.28,54.39,79.5,72,2,,
2025-07-25T08:34:49.018+0200,791,702,8.349,4777.737,53.71,34.45,42.58,59.21,,-0.72,128.59,13.20,19.50,1697,90,27,,,54,,,,,,0,2025-07-25T08:34:48.000+0200,711,663,7.528,48.1375183,-2.0730100,47.74,31.63,40.29,54.39,79.7,71,2,,
2025-07-25T08:34:49.042+0200,791,702,8.349,4777.737,53.71,34.45,42.58,59.21,,-0.72,128.59,13.20,19.50,1697,90,27,,,54,,,,,,0,2025-07-25T08:34:48.000+0200,711,663,7.528,48.1375183,-2.0730100,47.74,31.63,40.29,54.39,79.7,71,2,,
2025-07-25T08:34:49.640+0200,792,703,8.358,4777.747,53.17,34.47,42.59,59.21,,0.84,128.89,4.29,6.39,553,90,27,,,55,,,,,,0,2025-07-25T08:34:48.000+0200,711,663,7.528,48.1375183,-2.0730100,47.74,31.63,40.29,54.39,79.7,71,2,,
2025-07-25T08:34:49.664+0200,792,703,8.358,4777.747,53.17,34.47,42.59,59.21,,0.84,128.89,4.29,6.39,553,90,27,,,55,,,,,,0,2025-07-25T08:34:49.000+0200,711,663,7.541,48.1375600,-2.0728417,47.70,31.64,40.30,54.39,79.6,71,2,,
2025-07-25T08:34:50.261+0200,792,703,8.367,4777.756,52.88,34.48,42.60,59.21,,-1.06,129.00,9.76,14.60,1259,90,27,,,55,,,,,,0,2025-07-25T08:34:49.000+0200,712,664,7.541,48.1375600,-2.0728417,47.70,31.64,40.30,54.39,79.6,71,2,,
2025-07-25T08:34:50.281+0200,792,703,8.367,4777.756,52.88,34.48,42.60,59.21,,-1.06,129.00,9.76,14.60,1259,90,27,,,55,,,,,,0,2025-07-25T08:34:49.000+0200,712,664,7.541,48.1375600,-2.0728417,47.70,31.64,40.30,54.39,79.6,71,2,,
2025-07-25T08:34:50.889+0200,793,704,8.376,4777.765,53.28,34.49,42.61,59.21,,-0.12,129.00,5.51,8.20,711,90,27,,,54,,,,,,0,2025-07-25T08:34:50.000+0200,713,665,7.555,48.1376067,-2.0726750,48.35,31.66,40.31,54.39,79.3,67,2,,
2025-07-25T08:34:50.910+0200,793,704,8.376,4777.765,53.28,34.49,42.61,59.21,,-0.12,129.00,5.51,8.20,711,90,27,,,54,,,,,,0,2025-07-25T08:34:50.000+0200,713,665,7.555,48.1376067,-2.0726750,48.35,31.66,40.31,54.39,79.3,67,2,,
2025-07-25T08:34:51.510+0200,794,705,8.386,4777.774,53.31,34.51,42.62,59.21,,2.25,129.00,17.43,25.90,2248,90,27,,,54,,,,,,0,2025-07-25T08:34:50.000+0200,713,665,7.555,48.1376067,-2.0726750,48.35,31.66,40.31,54.39,79.3,67,2,,
2025-07-25T08:34:51.534+0200,794,705,8.386,4777.774,53.31,34.51,42.62,59.21,,2.25,129.00,17.43,25.90,2248,90,27,,,54,,,,,,0,2025-07-25T08:34:50.000+0200,713,665,7.555,48.1376067,-2.0726750,48.35,31.66,40.31,54.39,79.3,67,2,,
2025-07-25T08:34:52.124+0200,794,705,8.395,4777.784,52.34,34.52,42.63,59.21,,-2.93,129.00,15.52,23.40,2002,90,27,,,55,,,,,,0,2025-07-25T08:34:51.000+0200,714,666,7.569,48.1376600,-2.0725067,50.25,31.69,40.33,54.39,79.5,65,2,,
2025-07-25T08:34:52.141+0200,794,705,8.395,4777.784,52.34,34.52,42.63,59.21,,-2.93,129.00,15.52,23.40,2002,90,27,,,55,,,,,,0,2025-07-25T08:34:51.000+0200,714,666,7.569,48.1376600,-2.0725067,50.25,31.69,40.33,54.39,79.5,65,2,,
2025-07-25T08:34:52.743+0200,795,706,8.404,4777.793,53.46,34.53,42.64,59.21,,-2.92,128.80,12.07,17.90,1555,90,27,,,54,,,,,,0,2025-07-25T08:34:52.000+0200,715,667,7.582,48.1377100,-2.0723400,48.06,31.71,40.34,54.39,79.6,65,2,,
2025-07-25T08:34:52.766+0200,795,706,8.404,4777.793,53.46,34.53,42.64,59.21,,-2.92,128.80,12.07,17.90,1555,90,27,,,54,,,,,,0,2025-07-25T08:34:52.000+0200,715,667,7.582,48.1377100,-2.0723400,48.06,31.71,40.34,54.39,79.6,65,2,,
2025-07-25T08:34:53.383+0200,796,707,8.414,4777.802,54.90,34.55,42.65,59.21,,-0.72,128.50,18.12,26.30,2328,90,27,,,53,,,,,,0,2025-07-25T08:34:52.000+0200,715,667,7.582,48.1377100,-2.0723400,48.06,31.71,40.34,54.39,79.6,65,2,,
2025-07-25T08:34:53.403+0200,796,707,8.414,4777.802,54.90,34.55,42.65,59.21,,-0.72,128.50,18.12,26.30,2328,90,27,,,53,,,,,,0,2025-07-25T08:34:52.000+0200,715,667,7.582,48.1377100,-2.0723400,48.06,31.71,40.34,54.39,79.6,65,2,,
2025-07-25T08:34:53.979+0200,796,707,8.423,4777.812,55.18,34.56,42.66,59.21,,1.59,128.59,15.84,22.90,2037,90,27,,,53,,,,,,0,2025-07-25T08:34:53.000+0200,716,668,7.596,48.1377633,-2.0721783,48.68,31.72,40.35,54.39,79.5,66,2,,
2025-07-25T08:34:54.001+0200,796,707,8.423,4777.812,55.18,34.56,42.66,59.21,,1.59,128.59,15.84,22.90,2037,90,27,,,53,,,,,,0,2025-07-25T08:34:53.000+0200,716,668,7.596,48.1377633,-2.0721783,48.68,31.72,40.35,54.39,79.5,66,2,,
2025-07-25T08:34:54.626+0200,797,708,8.433,4777.821,53.53,34.58,42.67,59.21,,-3.10,128.80,7.76,11.50,999,90,27,,,54,,,,,,0,2025-07-25T08:34:53.000+0200,716,668,7.596,48.1377633,-2.0721783,48.68,31.72,40.35,54.39,79.5,66,2,,
2025-07-25T08:34:54.653+0200,797,708,8.433,4777.821,53.53,34.58,42.67,59.21,,-3.10,128.80,7.76,11.50,999,90,27,,,54,,,,,,0,2025-07-25T08:34:53.000+0200,716,668,7.596,48.1377633,-2.0721783,48.68,31.72,40.35,54.39,79.5,66,2,,
2025-07-25T08:34:55.241+0200,797,708,8.442,4777.831,53.31,34.59,42.68,59.21,,-0.22,128.89,13.46,20.00,1735,90,27,,,54,,,,,,0,2025-07-25T08:34:54.000+0200,717,669,7.610,48.1378133,-2.0720067,47.18,31.74,40.36,54.39,79.0,67,2,,
2025-07-25T08:34:55.265+0200,797,708,8.442,4777.831,53.31,34.59,42.68,59.21,,-0.22,128.89,13.46,20.00,1735,90,27,,,54,,,,,,0,2025-07-25T08:34:54.000+0200,717,669,7.610,48.1378133,-2.0720067,47.18,31.74,40.36,54.39,79.0,67,2,,
2025-07-25T08:34:55.862+0200,798,709,8.451,4777.840,51.76,34.60,42.69,59.21,,-4.05,129.09,10.72,16.29,1384,90,27,,,56,,,,,,0,2025-07-25T08:34:55.000+0200,718,670,7.623,48.1378567,-2.0718433,49.20,31.76,40.38,54.39,78.6,70,2,,
2025-07-25T08:34:55.878+0200,798,709,8.451,4777.840,51.76,34.60,42.69,59.21,,-4.05,129.09,10.72,16.29,1384,90,27,,,56,,,,,,0,2025-07-25T08:34:55.000+0200,718,670,7.623,48.1378567,-2.0718433,49.20,31.76,40.38,54.39,78.6,70,2,,
2025-07-25T08:34:56.481+0200,799,710,8.461,4777.849,51.30,34.62,42.70,59.21,,-3.48,129.09,3.39,5.20,438,90,27,,,56,,,,,,0,2025-07-25T08:34:55.000+0200,718,670,7.623,48.1378567,-2.0718433,49.20,31.76,40.38,54.39,78.6,70,2,,
2025-07-25T08:34:56.506+0200,799,710,8.461,4777.849,51.30,34.62,42.70,59.21,,-3.48,129.09,3.39,5.20,438,90,27,,,56,,,,,,0,2025-07-25T08:34:55.000+0200,718,670,7.623,48.1378567,-2.0718433,49.20,31.76,40.38,54.39,78.6,70,2,,
2025-07-25T08:34:57.108+0200,799,710,8.470,4777.858,51.30,34.63,42.71,59.21,,-1.89,129.00,16.84,25.80,2172,90,27,,,56,,,,,,0,2025-07-25T08:34:56.000+0200,719,671,7.636,48.1378900,-2.0716683,47.66,31.78,40.39,54.39,78.4,75,2,,
2025-07-25T08:34:57.132+0200,799,710,8.470,4777.858,51.30,34.63,42.71,59.21,,-1.89,129.00,16.84,25.80,2172,90,27,,,56,,,,,,0,2025-07-25T08:34:56.000+0200,719,671,7.636,48.1378900,-2.0716683,47.66,31.78,40.39,54.39,78.4,75,2,,
2025-07-25T08:34:57.722+0200,800,711,8.479,4777.867,51.30,34.64,42.71,59.21,,0.00,128.89,15.86,24.30,2044,90,27,,,56,,,,,,0,2025-07-25T08:34:57.000+0200,720,672,7.650,48.1379200,-2.0714883,49.63,31.80,40.40,54.39,78.2,76,2,,
2025-07-25T08:34:57.743+0200,800,711,8.479,4777.867,51.30,34.64,42.71,59.21,,0.00,128.89,15.86,24.30,2044,90,27,,,56,,,,,,0,2025-07-25T08:34:57.000+0200,720,672,7.650,48.1379200,-2.0714883,49.63,31.80,40.40,54.39,78.2,76,2,,
2025-07-25T08:34:58.365+0200,800,712,8.488,4777.876,52.30,34.65,42.72,59.21,,1.32,128.70,9.15,13.79,1178,90,27,,,55,,,,,,0,2025-07-25T08:34:57.000+0200,720,672,7.650,48.1379200,-2.0714883,49.63,31.80,40.40,54.39,78.2,76,2,,
2025-07-25T08:34:58.389+0200,800,712,8.488,4777.876,52.30,34.65,42.72,59.21,,1.32,128.70,9.15,13.79,1178,90,27,,,55,,,,,,0,2025-07-25T08:34:57.000+0200,720,672,7.650,48.1379200,-2.0714883,49.63,31.80,40.40,54.39,78.2,76,2,,
2025-07-25T08:34:58.982+0200,801,712,8.496,4777.885,51.65,34.66,42.73,59.21,,-1.08,128.70,12.01,18.29,1546,90,27,,,56,,,,,,0,2025-07-25T08:34:58.000+0200,721,673,7.664,48.1379450,-2.0713083,42.87,31.82,40.40,54.39,78.2,80,2,,
2025-07-25T08:34:59.003+0200,801,712,8.496,4777.885,51.65,34.66,42.73,59.21,,-1.08,128.70,12.01,18.29,1546,90,27,,,56,,,,,,0,2025-07-25T08:34:58.000+0200,721,673,7.664,48.1379450,-2.0713083,42.87,31.82,40.40,54.39,78.2,80,2,,
2025-07-25T08:34:59.609+0200,802,713,8.505,4777.894,51.44,34.68,42.74,59.21,,-1.70,128.80,13.08,20.00,1685,90,27,,,56,,,,,,0,2025-07-25T08:34:58.000+0200,721,673,7.664,48.1379450,-2.0713083,42.87,31.82,40.40,54.39,78.2,80,2,,
2025-07-25T08:34:59.630+0200,802,713,8.505,4777.894,51.44,34.68,42.74,59.21,,-1.70,128.80,13.08,20.00,1685,90,27,,,56,,,,,,0,2025-07-25T08:34:58.000+0200,721,673,7.664,48.1379450,-2.0713083,42.87,31.82,40.40,54.39,78.2,80,2,,
2025-07-25T08:35:00.227+0200,802,713,8.514,4777.903,51.26,34.69,42.75,59.21,,-0.11,128.89,8.41,12.90,1084,90,27,,,56,,,,,,0,2025-07-25T08:34:59.000+0200,722,674,7.676,48.1379667,-2.0711450,42.56,31.83,40.41,54.39,77.6,75,2,,
2025-07-25T08:35:00.251+0200,802,713,8.514,4777.903,51.26,34.69,42.75,59.21,,-0.11,128.89,8.41,12.90,1084,90,27,,,56,,,,,,0,2025-07-25T08:34:59.000+0200,722,674,7.676,48.1379667,-2.0711450,42.56,31.83,40.41,54.39,77.6,75,2,,
2025-07-25T08:35:00.843+0200,803,714,8.523,4777.912,49.89,34.70,42.75,59.21,,-4.28,129.00,14.63,22.90,1887,90,27,,,57,,,,,,0,2025-07-25T08:35:00.000+0200,723,675,7.689,48.1379967,-2.0709800,43.73,31.84,40.41,54.39,77.2,75,2,,
2025-07-25T08:35:00.866+0200,803,714,8.523,4777.912,49.89,34.70,42.75,59.21,,-4.28,129.00,14.63,22.90,1887,90,27,,,57,,,,,,0,2025-07-25T08:35:00.000+0200,723,675,7.689,48.1379967,-2.0709800,43.73,31.84,40.41,54.39,77.2,75,2,,
2025-07-25T08:35:01.465+0200,804,715,8.532,4777.920,49.71,34.71,42.76,59.21,,-2.51,129.20,4.33,6.80,559,90,27,,,58,,,,,,0,2025-07-25T08:35:00.000+0200,723,675,7.689,48.1379967,-2.0709800,43.73,31.84,40.41,54.39,77.2,75,2,,
2025-07-25T08:35:01.486+0200,804,715,8.532,4777.920,49.71,34.71,42.76,59.21,,-2.51,129.20,4.33,6.80,559,90,27,,,58,,,,,,0,2025-07-25T08:35:00.000+0200,723,675,7.689,48.1379967,-2.0709800,43.73,31.84,40.41,54.39,77.2,75,2,,
2025-07-25T08:35:02.085+0200,804,715,8.541,4777.929,50.58,34.72,42.76,59.21,,3.84,129.20,13.10,20.29,1693,90,27,,,57,,,,,,0,2025-07-25T08:35:01.000+0200,724,676,7.701,48.1380267,-2.0708217,44.06,31.86,40.42,54.39,76.5,76,2,,
2025-07-25T08:35:02.106+0200,804,715,8.541,4777.929,50.58,34.72,42.76,59.21,,3.84,129.20,13.10,20.29,1693,90,27,,,57,,,,,,0,2025-07-25T08:35:01.000+0200,724,676,7.701,48.1380267,-2.0708217,44.06,31.86,40.42,54.39,76.5,76,2,,
2025-07-25T08:35:02.702+0200,805,716,8.550,4777.938,51.19,34.73,42.77,59.21,,2.92,129.09,10.03,15.40,1295,90,27,,,56,,,,,,0,2025-07-25T08:35:02.000+0200,724,676,7.713,48.1380583,-2.0706617,44.54,31.87,40.42,54.39,76.2,76,2,,
2025-07-25T08:35:02.726+0200,805,716,8.550,4777.938,51.19,34.73,42.77,59.21,,2.92,129.09,10.03,15.40,1295,90,27,,,56,,,,,,0,2025-07-25T08:35:02.000+0200,725,677,7.713,48.1380583,-2.0706617,44.54,31.87,40.42,54.39,76.2,76,2,,
2025-07-25T08:35:03.344+0200,805,717,8.558,4777.947,51.12,34.74,42.78,59.21,,3.23,129.20,2.80,4.29,362,90,27,,,56,,,,,,0,2025-07-25T08:35:02.000+0200,725,677,7.713,48.1380583,-2.0706617,44.54,31.87,40.42,54.39,76.2,76,2,,
2025-07-25T08:35:03.365+0200,805,717,8.558,4777.947,51.12,34.74,42.78,59.21,,3.23,129.20,2.80,4.29,362,90,27,,,56,,,,,,0,2025-07-25T08:35:02.000+0200,725,677,7.713,48.1380583,-2.0706617,44.54,31.87,40.42,54.39,76.2,76,2,,
2025-07-25T08:35:03.944+0200,806,717,8.567,4777.955,50.54,34.75,42.78,59.21,,1.58,129.39,-0.74,-2.30,-96,90,27,,,57,,,,,,0,2025-07-25T08:35:03.000+0200,726,678,7.726,48.1380867,-2.0704983,46.02,31.89,40.43,54.39,75.6,78,2,,
2025-07-25T08:35:03.967+0200,806,717,8.567,4777.955,50.54,34.75,42.78,59.21,,1.58,129.39,-0.74,-2.30,-96,90,27,,,57,,,,,,0,2025-07-25T08:35:03.000+0200,726,678,7.726,48.1380867,-2.0704983,46.02,31.89,40.43,54.39,75.6,78,2,,
2025-07-25T08:35:04.583+0200,807,718,8.576,4777.964,49.24,34.76,42.79,59.21,,0.00,129.50,12.27,19.40,1589,90,27,,,58,,,,,,0,2025-07-25T08:35:03.000+0200,726,678,7.726,48.1380867,-2.0704983,46.02,31.89,40.43,54.39,75.6,78,2,,
2025-07-25T08:35:04.607+0200,807,718,8.576,4777.964,49.24,34.76,42.79,59.21,,0.00,129.50,12.27,19.40,1589,90,27,,,58,,,,,,0,2025-07-25T08:35:03.000+0200,726,678,7.726,48.1380867,-2.0704983,46.02,31.89,40.43,54.39,75.6,78,2,,
2025-07-25T08:35:05.204+0200,807,718,8.584,4777.973,49.24,34.78,42.80,59.21,,-2.74,129.59,1.96,3.10,254,91,26,,,58,,,,,,0,2025-07-25T08:35:04.000+0200,727,679,7.739,48.1381133,-2.0703267,46.06,31.90,40.44,54.39,75.5,77,2,,
2025-07-25T08:35:05.227+0200,807,718,8.584,4777.973,49.24,34.78,42.80,59.21,,-2.74,129.59,1.96,3.10,254,91,26,,,58,,,,,,0,2025-07-25T08:35:04.000+0200,727,679,7.739,48.1381133,-2.0703267,46.06,31.90,40.44,54.39,75.5,77,2,,
2025-07-25T08:35:05.827+0200,808,719,8.593,4777.981,49.21,34.79,42.80,59.21,,0.12,129.59,2.90,4.60,376,91,26,,,58,,,,,,0,2025-07-25T08:35:05.000+0200,728,680,7.752,48.1381400,-2.0701583,47.33,31.92,40.45,54.39,75.1,78,2,,
2025-07-25T08:35:05.850+0200,808,719,8.593,4777.981,49.21,34.79,42.80,59.21,,0.12,129.59,2.90,4.60,376,91,26,,,58,,,,,,0,2025-07-25T08:35:05.000+0200,728,680,7.752,48.1381400,-2.0701583,47.33,31.92,40.45,54.39,75.1,78,2,,
2025-07-25T08:35:06.449+0200,809,720,8.601,4777.990,47.69,34.79,42.81,59.21,,-1.69,129.80,-1.32,-4.29,-171,91,26,,,60,,,,,,0,2025-07-25T08:35:05.000+0200,728,680,7.752,48.1381400,-2.0701583,47.33,31.92,40.45,54.39,75.1,78,2,,
2025-07-25T08:35:06.468+0200,809,720,8.601,4777.990,47.69,34.79,42.81,59.21,,-1.69,129.80,-1.32,-4.29,-171,91,26,,,60,,,,,,0,2025-07-25T08:35:05.000+0200,728,680,7.752,48.1381400,-2.0701583,47.33,31.92,40.45,54.39,75.1,78,2,,
2025-07-25T08:35:07.068+0200,809,720,8.610,4777.998,46.36,34.80,42.81,59.21,,-0.56,130.00,-1.38,-4.60,-179,91,26,,,61,,,,,,0,2025-07-25T08:35:06.000+0200,729,681,7.764,48.1381667,-2.0699983,43.90,31.94,40.46,54.39,75.2,75,2,,
2025-07-25T08:35:07.090+0200,809,720,8.610,4777.998,46.36,34.80,42.81,59.21,,-0.56,130.00,-1.38,-4.60,-179,91,26,,,61,,,,,,0,2025-07-25T08:35:06.000+0200,729,681,7.764,48.1381667,-2.0699983,43.90,31.94,40.46,54.39,75.2,75,2,,
2025-07-25T08:35:07.704+0200,810,721,8.618,4778.006,47.16,34.81,42.81,59.21,,0.00,130.09,-1.95,-6.39,-254,91,26,,,60,,,,,,0,2025-07-25T08:35:07.000+0200,729,681,7.776,48.1381933,-2.0698467,40.13,31.95,40.46,54.39,75.8,75,2,,
2025-07-25T08:35:07.728+0200,810,721,8.618,4778.006,47.16,34.81,42.81,59.21,,0.00,130.09,-1.95,-6.39,-254,91,26,,,60,,,,,,0,2025-07-25T08:35:07.000+0200,730,682,7.776,48.1381933,-2.0698467,40.13,31.95,40.46,54.39,75.8,75,2,,
2025-07-25T08:35:08.320+0200,810,721,8.626,4778.014,43.77,34.82,42.81,59.21,,-5.48,130.50,-10.80,-37.39,-1409,91,26,,,63,,,,,,0,2025-07-25T08:35:07.000+0200,730,682,7.776,48.1381933,-2.0698467,40.13,31.95,40.46,54.39,75.8,75,2,,
2025-07-25T08:35:08.344+0200,810,722,8.626,4778.014,43.77,34.82,42.81,59.21,,-5.48,130.50,-10.80,-37.39,-1409,91,26,,,63,,,,,,0,2025-07-25T08:35:07.000+0200,730,682,7.776,48.1381933,-2.0698467,40.13,31.95,40.46,54.39,75.8,75,2,,
2025-07-25T08:35:08.942+0200,811,722,8.634,4778.022,40.46,34.82,42.81,59.21,,-2.99,131.00,-13.23,-48.60,-1733,91,26,,,66,,,,,,0,2025-07-25T08:35:08.000+0200,731,683,7.786,48.1382167,-2.0697133,35.53,31.95,40.45,54.39,75.8,74,2,,
2025-07-25T08:35:08.966+0200,811,722,8.634,4778.022,40.46,34.82,42.81,59.21,,-2.99,131.00,-13.23,-48.60,-1733,91,26,,,66,,,,,,0,2025-07-25T08:35:08.000+0200,731,683,7.786,48.1382167,-2.0697133,35.53,31.95,40.45,54.39,75.8,74,2,,
2025-07-25T08:35:09.586+0200,812,723,8.641,4778.029,36.00,34.82,42.81,59.21,,-4.44,131.39,-12.57,-50.30,-1652,91,26,,,70,,,,,,0,2025-07-25T08:35:08.000+0200,731,683,7.786,48.1382167,-2.0697133,35.53,31.95,40.45,54.39,75.8,74,2,,
2025-07-25T08:35:09.611+0200,812,723,8.641,4778.029,36.00,34.82,42.81,59.21,,-4.44,131.39,-12.57,-50.30,-1652,91,26,,,70,,,,,,0,2025-07-25T08:35:08.000+0200,731,683,7.786,48.1382167,-2.0697133,35.53,31.95,40.45,54.39,75.8,74,2,,
2025-07-25T08:35:10.203+0200,812,723,8.648,4778.035,31.46,34.82,42.80,59.21,,-5.02,131.59,-10.88,-47.90,-1432,91,26,,,74,,,,,,0,2025-07-25T08:35:09.000+0200,732,684,7.795,48.1382367,-2.0695933,31.79,31.95,40.44,54.39,75.6,76,2,,
2025-07-25T08:35:10.226+0200,812,723,8.648,4778.035,31.46,34.82,42.80,59.21,,-5.02,131.59,-10.88,-47.90,-1432,91,26,,,74,,,,,,0,2025-07-25T08:35:09.000+0200,732,684,7.795,48.1382367,-2.0695933,31.79,31.95,40.44,54.39,75.6,76,2,,
2025-07-25T08:35:10.823+0200,813,724,8.654,4778.040,28.72,34.82,42.79,59.21,,-3.10,131.70,-6.70,-31.40,-882,91,26,,,76,,,,,,0,2025-07-25T08:35:10.000+0200,733,685,7.804,48.1382550,-2.0694867,27.55,31.94,40.42,54.39,75.6,75,2,,
2025-07-25T08:35:10.847+0200,813,724,8.654,4778.040,28.72,34.82,42.79,59.21,,-3.10,131.70,-6.70,-31.40,-882,91,26,,,76,,,,,,0,2025-07-25T08:35:10.000+0200,733,685,7.804,48.1382550,-2.0694867,27.55,31.94,40.42,54.39,75.6,75,2,,
2025-07-25T08:35:11.446+0200,814,725,8.659,4778.045,25.27,34.81,42.77,59.21,,-4.37,131.70,-7.08,-36.09,-932,91,27,,,79,,,,,,0,2025-07-25T08:35:10.000+0200,733,685,7.804,48.1382550,-2.0694867,27.55,31.94,40.42,54.39,75.6,75,2,,
2025-07-25T08:35:11.464+0200,814,725,8.659,4778.045,25.27,34.81,42.77,59.21,,-4.37,131.70,-7.08,-36.09,-932,91,27,,,79,,,,,,0,2025-07-25T08:35:10.000+0200,733,685,7.804,48.1382550,-2.0694867,27.55,31.94,40.42,54.39,75.6,75,2,,
2025-07-25T08:35:12.065+0200,814,725,8.663,4778.050,22.57,34.80,42.76,59.21,,-4.19,131.70,-4.33,-23.70,-570,92,27,,,81,,,,,,0,2025-07-25T08:35:11.000+0200,734,686,7.811,48.1382733,-2.0693967,23.55,31.93,40.39,54.39,75.4,71,2,,
2025-07-25T08:35:12.087+0200,814,725,8.663,4778.050,22.57,34.80,42.76,59.21,,-4.19,131.70,-4.33,-23.70,-570,92,27,,,81,,,,,,0,2025-07-25T08:35:11.000+0200,734,686,7.811,48.1382733,-2.0693967,23.55,31.93,40.39,54.39,75.4,71,2,,
2025-07-25T08:35:12.681+0200,815,726,8.668,4778.054,21.70,34.79,42.74,59.21,,0.84,131.50,-3.49,-19.60,-459,92,27,,,82,,,,,,0,2025-07-25T08:35:12.000+0200,734,686,7.817,48.1382967,-2.0693250,19.94,31.92,40.36,54.39,75.0,60,2,,
2025-07-25T08:35:12.703+0200,815,726,8.668,4778.054,21.70,34.79,42.74,59.21,,0.84,131.50,-3.49,-19.60,-459,92,27,,,82,,,,,,0,2025-07-25T08:35:12.000+0200,734,686,7.817,48.1382967,-2.0693250,19.94,31.92,40.36,54.39,75.0,60,2,,
2025-07-25T08:35:13.304+0200,815,726,8.671,4778.057,20.19,34.78,42.72,59.21,,-1.02,131.39,-3.12,-18.29,-410,92,27,,,83,,,,,,0,2025-07-25T08:35:12.000+0200,735,687,7.817,48.1382967,-2.0693250,19.94,31.92,40.36,54.39,75.0,60,2,,
2025-07-25T08:35:13.328+0200,815,726,8.671,4778.057,20.19,34.78,42.72,59.21,,-1.02,131.39,-3.12,-18.29,-410,92,27,,,83,,,,,,0,2025-07-25T08:35:12.000+0200,735,687,7.817,48.1382967,-2.0693250,19.94,31.92,40.36,54.39,75.0,60,2,,
2025-07-25T08:35:13.946+0200,816,727,8.675,4778.061,18.79,34.77,42.70,59.21,,-3.37,131.30,-0.16,-1.00,-21,92,27,,,84,,,,,,0,2025-07-25T08:35:13.000+0200,736,688,7.821,48.1383283,-2.0692867,18.83,31.91,40.33,54.39,74.8,42,2,,
2025-07-25T08:35:13.970+0200,816,727,8.675,4778.061,18.79,34.77,42.70,59.21,,-3.37,131.30,-0.16,-1.00,-21,92,27,,,84,,,,,,0,2025-07-25T08:35:13.000+0200,736,688,7.821,48.1383283,-2.0692867,18.83,31.91,40.33,54.39,74.8,42,2,,
2025-07-25T08:35:14.564+0200,817,728,8.678,4778.064,19.33,34.76,42.68,59.21,,-1.43,131.09,7.29,21.90,956,92,27,,,84,,,,,,0,2025-07-25T08:35:13.000+0200,736,688,7.821,48.1383283,-2.0692867,18.83,31.91,40.33,54.39,74.8,42,2,,
2025-07-25T08:35:14.585+0200,817,728,8.678,4778.064,19.33,34.76,42.68,59.21,,-1.43,131.09,7.29,21.90,956,92,27,,,84,,,,,,0,2025-07-25T08:35:13.000+0200,736,688,7.821,48.1383283,-2.0692867,18.83,31.91,40.33,54.39,74.8,42,2,,
2025-07-25T08:35:15.167+0200,817,728,8.682,4778.067,21.41,34.75,42.66,59.21,,-0.56,130.89,3.15,8.89,412,92,27,,,82,,,,,,0,2025-07-25T08:35:14.000+0200,737,689,7.826,48.1383700,-2.0692633,18.05,31.89,40.30,54.39,74.8,25,2,,
2025-07-25T08:35:15.191+0200,817,728,8.682,4778.067,21.41,34.75,42.66,59.21,,-0.56,130.89,3.15,8.89,412,92,27,,,82,,,,,,0,2025-07-25T08:35:14.000+0200,737,689,7.826,48.1383700,-2.0692633,18.05,31.89,40.30,54.39,74.8,25,2,,
2025-07-25T08:35:15.787+0200,818,729,8.685,4778.071,21.52,34.74,42.64,59.21,,1.58,130.70,2.87,8.09,375,92,27,,,82,,,,,,0,2025-07-25T08:35:15.000+0200,738,690,7.831,48.1384167,-2.0692517,18.40,31.87,40.27,54.39,75.1,6,2,,
2025-07-25T08:35:15.808+0200,818,729,8.685,4778.071,21.52,34.74,42.64,59.21,,1.58,130.70,2.87,8.09,375,92,27,,,82,,,,,,0,2025-07-25T08:35:15.000+0200,738,690,7.831,48.1384167,-2.0692517,18.40,31.87,40.27,54.39,75.1,6,2,,
2025-07-25T08:35:16.424+0200,819,730,8.689,4778.075,21.16,34.74,42.62,59.21,,0.48,130.59,7.63,21.70,996,92,27,,,82,,,,,,0,2025-07-25T08:35:15.000+0200,738,690,7.831,48.1384167,-2.0692517,18.40,31.87,40.27,54.39,75.1,6,2,,
2025-07-25T08:35:16.447+0200,819,730,8.689,4778.075,21.16,34.74,42.62,59.21,,0.48,130.59,7.63,21.70,996,92,27,,,82,,,,,,0,2025-07-25T08:35:15.000+0200,738,690,7.831,48.1384167,-2.0692517,18.40,31.87,40.27,54.39,75.1,6,2,,
2025-07-25T08:35:17.046+0200,819,730,8.693,4778.079,22.53,34.73,42.61,59.21,,5.01,130.30,16.29,44.60,2123,92,27,,,81,,,,,,0,2025-07-25T08:35:16.000+0200,739,691,7.837,48.1384633,-2.0692617,18.03,31.86,40.24,54.39,74.9,350,2,,
2025-07-25T08:35:17.068+0200,819,730,8.693,4778.079,22.53,34.73,42.61,59.21,,5.01,130.30,16.29,44.60,2123,92,27,,,81,,,,,,0,2025-07-25T08:35:16.000+0200,739,691,7.837,48.1384633,-2.0692617,18.03,31.86,40.24,54.39,74.9,350,2,,
2025-07-25T08:35:17.667+0200,820,731,8.696,4778.083,25.52,34.72,42.59,59.21,,2.93,129.89,17.39,44.00,2259,92,27,,,78,,,,,,0,2025-07-25T08:35:17.000+0200,739,691,7.842,48.1385100,-2.0692867,19.85,31.84,40.21,54.39,74.4,343,2,,
2025-07-25T08:35:17.691+0200,820,731,8.696,4778.083,25.52,34.72,42.59,59.21,,2.93,129.89,17.39,44.00,2259,92,27,,,78,,,,,,0,2025-07-25T08:35:17.000+0200,739,691,7.842,48.1385100,-2.0692867,19.85,31.84,40.21,54.39,74.4,343,2,,
2025-07-25T08:35:18.285+0200,820,731,8.701,4778.087,27.61,34.71,42.58,59.21,,2.63,129.59,10.40,25.00,1348,92,27,,,77,,,,,,0,2025-07-25T08:35:17.000+0200,740,692,7.842,48.1385100,-2.0692867,19.85,31.84,40.21,54.39,74.4,343,2,,
2025-07-25T08:35:18.310+0200,820,731,8.701,4778.087,27.61,34.71,42.58,59.21,,2.63,129.59,10.40,25.00,1348,92,27,,,77,,,,,,0,2025-07-25T08:35:17.000+0200,740,692,7.842,48.1385100,-2.0692867,19.85,31.84,40.21,54.39,74.4,343,2,,
2025-07-25T08:35:18.906+0200,821,732,8.705,4778.092,29.91,34.71,42.57,59.21,,3.72,129.50,18.70,42.60,2422,92,27,,,75,,,,,,0,2025-07-25T08:35:18.000+0200,741,693,7.849,48.1385667,-2.0693383,25.43,31.84,40.18,54.39,73.8,332,2,,
2025-07-25T08:35:18.929+0200,821,732,8.705,4778.092,29.91,34.71,42.57,59.21,,3.72,129.50,18.70,42.60,2422,92,27,,,75,,,,,,0,2025-07-25T08:35:18.000+0200,741,693,7.849,48.1385667,-2.0693383,25.43,31.84,40.18,54.39,73.8,332,2,,
2025-07-25T08:35:19.526+0200,822,733,8.711,4778.097,32.39,34.71,42.56,59.21,,4.87,129.20,18.74,40.39,2421,92,27,,,72,,,,,,0,2025-07-25T08:35:18.000+0200,741,693,7.849,48.1385667,-2.0693383,25.43,31.84,40.18,54.39,73.8,332,2,,
2025-07-25T08:35:19.548+0200,822,733,8.711,4778.097,32.39,34.71,42.56,59.21,,4.87,129.20,18.74,40.39,2421,92,27,,,72,,,,,,0,2025-07-25T08:35:18.000+0200,741,693,7.849,48.1385667,-2.0693383,25.43,31.84,40.18,54.39,73.8,332,2,,
2025-07-25T08:35:20.166+0200,822,733,8.716,4778.103,35.35,34.71,42.55,59.21,,4.07,128.89,27.39,55.50,3530,92,27,,,70,,,,,,0,2025-07-25T08:35:19.000+0200,742,694,7.857,48.1386250,-2.0694017,29.02,31.83,40.17,54.39,73.3,329,2,,
2025-07-25T08:35:20.192+0200,822,733,8.716,4778.103,35.35,34.71,42.55,59.21,,4.07,128.89,27.39,55.50,3530,92,27,,,70,,,,,,0,2025-07-25T08:35:19.000+0200,742,694,7.857,48.1386250,-2.0694017,29.02,31.83,40.17,54.39,73.3,329,2,,
2025-07-25T08:35:20.787+0200,823,734,8.722,4778.109,38.87,34.71,42.55,59.21,,6.82,128.50,27.76,52.50,3567,92,27,,,67,,,,,,0,2025-07-25T08:35:20.000+0200,743,695,7.866,48.1386933,-2.0694667,34.11,31.84,40.16,54.39,72.6,332,2,,
2025-07-25T08:35:20.814+0200,823,734,8.722,4778.109,38.87,34.71,42.55,59.21,,6.82,128.50,27.76,52.50,3567,92,27,,,67,,,,,,0,2025-07-25T08:35:20.000+0200,743,695,7.866,48.1386933,-2.0694667,34.11,31.84,40.16,54.39,72.6,332,2,,
2025-07-25T08:35:21.407+0200,824,735,8.728,4778.116,41.18,34.71,42.55,59.21,,1.47,128.30,17.65,32.00,2264,92,27,,,65,,,,,,0,2025-07-25T08:35:20.000+0200,743,695,7.866,48.1386933,-2.0694667,34.11,31.84,40.16,54.39,72.6,332,2,,
2025-07-25T08:35:21.429+0200,824,735,8.728,4778.116,41.18,34.71,42.55,59.21,,1.47,128.30,17.65,32.00,2264,92,27,,,65,,,,,,0,2025-07-25T08:35:20.000+0200,743,695,7.866,48.1386933,-2.0694667,34.11,31.84,40.16,54.39,72.6,332,2,,
2025-07-25T08:35:22.026+0200,824,735,8.735,4778.123,41.32,34.72,42.54,59.21,,0.90,128.39,19.19,34.70,2464,92,27,,,65,,,,,,0,2025-07-25T08:35:21.000+0200,744,696,7.876,48.1387700,-2.0695283,36.79,31.84,40.15,54.39,72.2,333,2,,
2025-07-25T08:35:22.048+0200,824,735,8.735,4778.123,41.32,34.72,42.54,59.21,,0.90,128.39,19.19,34.70,2464,92,27,,,65,,,,,,0,2025-07-25T08:35:21.000+0200,744,696,7.876,48.1387700,-2.0695283,36.79,31.84,40.15,54.39,72.2,333,2,,
2025-07-25T08:35:22.662+0200,825,736,8.743,4778.130,43.05,34.72,42.54,59.21,,0.34,128.39,18.71,32.80,2402,92,27,,,63,,,,,,0,2025-07-25T08:35:22.000+0200,744,696,7.886,48.1388550,-2.0695850,39.35,31.85,40.15,54.39,71.9,338,2,,
2025-07-25T08:35:22.685+0200,825,736,8.743,4778.130,43.05,34.72,42.54,59.21,,0.34,128.39,18.71,32.80,2402,92,27,,,63,,,,,,0,2025-07-25T08:35:22.000+0200,744,696,7.886,48.1388550,-2.0695850,39.35,31.85,40.15,54.39,71.9,338,2,,
2025-07-25T08:35:23.283+0200,825,736,8.750,4778.138,45.07,34.73,42.55,59.21,,1.08,128.30,26.10,44.20,3349,92,27,,,61,,,,,,0,2025-07-25T08:35:22.000+0200,745,697,7.886,48.1388550,-2.0695850,39.35,31.85,40.15,54.39,71.9,338,2,,
2025-07-25T08:35:23.303+0200,825,736,8.750,4778.138,45.07,34.73,42.55,59.21,,1.08,128.30,26.10,44.20,3349,92,27,,,61,,,,,,0,2025-07-25T08:35:22.000+0200,745,697,7.886,48.1388550,-2.0695850,39.35,31.85,40.15,54.39,71.9,338,2,,
2025-07-25T08:35:23.887+0200,826,737,8.758,4778.146,45.68,34.74,42.55,59.21,,0.79,128.30,25.42,42.60,3261,92,27,,,61,,,,,,0,2025-07-25T08:35:23.000+0200,746,698,7.898,48.1389500,-2.0696383,42.11,31.86,40.16,54.39,71.3,341,2,,
2025-07-25T08:35:23.910+0200,826,737,8.758,4778.146,45.68,34.74,42.55,59.21,,0.79,128.30,25.42,42.60,3261,92,27,,,61,,,,,,0,2025-07-25T08:35:23.000+0200,746,698,7.898,48.1389500,-2.0696383,42.11,31.86,40.16,54.39,71.3,341,2,,
2025-07-25T08:35:24.523+0200,827,738,8.766,4778.154,47.30,34.75,42.55,59.21,,0.45,128.30,16.73,27.30,2146,92,27,,,59,,,,,,0,2025-07-25T08:35:23.000+0200,746,698,7.898,48.1389500,-2.0696383,42.11,31.86,40.16,54.39,71.3,341,2,,
2025-07-25T08:35:24.544+0200,827,738,8.766,4778.154,47.30,34.75,42.55,59.21,,0.45,128.30,16.73,27.30,2146,92,27,,,59,,,,,,0,2025-07-25T08:35:23.000+0200,746,698,7.898,48.1389500,-2.0696383,42.11,31.86,40.16,54.39,71.3,341,2,,
2025-07-25T08:35:25.143+0200,827,738,8.774,4778.162,49.21,34.76,42.56,59.21,,1.23,128.30,22.56,35.70,2894,92,27,,,58,,,,,,0,2025-07-25T08:35:24.000+0200,747,699,7.910,48.1390533,-2.0696800,43.51,31.88,40.16,54.39,71.0,348,2,,
2025-07-25T08:35:25.165+0200,827,738,8.774,4778.162,49.21,34.76,42.56,59.21,,1.23,128.30,22.56,35.70,2894,92,27,,,58,,,,,,0,2025-07-25T08:35:24.000+0200,747,699,7.910,48.1390533,-2.0696800,43.51,31.88,40.16,54.39,71.0,348,2,,
2025-07-25T08:35:25.767+0200,828,739,8.782,4778.171,49.89,34.77,42.57,59.21,,-1.24,128.39,10.47,16.40,1344,92,27,,,57,,,,,,0,2025-07-25T08:35:25.000+0200,748,700,7.922,48.1391633,-2.0697050,44.78,31.89,40.17,54.39,70.9,355,2,,
2025-07-25T08:35:25.790+0200,828,739,8.782,4778.171,49.89,34.77,42.57,59.21,,-1.24,128.39,10.47,16.40,1344,92,27,,,57,,,,,,0,2025-07-25T08:35:25.000+0200,748,700,7.922,48.1391633,-2.0697050,44.78,31.89,40.17,54.39,70.9,355,2,,
2025-07-25T08:35:26.382+0200,829,740,8.791,4778.179,51.22,34.78,42.57,59.21,,2.93,128.50,15.00,23.00,1928,92,27,,,56,,,,,,0,2025-07-25T08:35:25.000+0200,748,700,7.922,48.1391633,-2.0697050,44.78,31.89,40.17,54.39,70.9,355,2,,
2025-07-25T08:35:26.405+0200,829,740,8.791,4778.179,51.22,34.78,42.57,59.21,,2.93,128.50,15.00,23.00,1928,92,27,,,56,,,,,,0,2025-07-25T08:35:25.000+0200,748,700,7.922,48.1391633,-2.0697050,44.78,31.89,40.17,54.39,70.9,355,2,,
2025-07-25T08:35:27.004+0200,829,740,8.800,4778.188,51.26,34.79,42.58,59.21,,0.00,128.59,9.72,14.90,1250,92,27,,,56,,,,,,0,2025-07-25T08:35:26.000+0200,749,701,7.935,48.1392783,-2.0697233,45.23,31.91,40.18,54.39,70.7,353,2,,
2025-07-25T08:35:27.023+0200,829,740,8.800,4778.188,51.26,34.79,42.58,59.21,,0.00,128.59,9.72,14.90,1250,92,27,,,56,,,,,,0,2025-07-25T08:35:26.000+0200,749,701,7.935,48.1392783,-2.0697233,45.23,31.91,40.18,54.39,70.7,353,2,,
2025-07-25T08:35:27.620+0200,830,741,8.809,4778.197,51.22,34.80,42.59,59.21,,0.22,128.70,16.76,25.70,2157,92,27,,,56,,,,,,0,2025-07-25T08:35:26.000+0200,749,701,7.935,48.1392783,-2.0697233,45.23,31.91,40.18,54.39,70.7,353,2,,
2025-07-25T08:35:27.643+0200,830,741,8.809,4778.197,51.22,34.80,42.59,59.21,,0.22,128.70,16.76,25.70,2157,92,27,,,56,,,,,,0,2025-07-25T08:35:26.000+0200,749,701,7.935,48.1392783,-2.0697233,45.23,31.91,40.18,54.39,70.7,353,2,,
2025-07-25T08:35:28.261+0200,830,741,8.818,4778.206,51.26,34.81,42.59,59.21,,0.00,128.80,10.83,16.60,1395,92,27,,,56,,,,,,0,2025-07-25T08:35:27.000+0200,750,702,7.948,48.1393933,-2.0697400,43.60,31.92,40.18,54.39,70.5,354,2,,
2025-07-25T08:35:28.288+0200,830,741,8.818,4778.206,51.26,34.81,42.59,59.21,,0.00,128.80,10.83,16.60,1395,92,27,,,56,,,,,,0,2025-07-25T08:35:27.000+0200,750,702,7.948,48.1393933,-2.0697400,43.60,31.92,40.18,54.39,70.5,354,2,,
2025-07-25T08:35:28.881+0200,831,742,8.826,4778.215,51.80,34.82,42.60,59.21,,1.80,128.80,15.33,23.30,1975,92,27,,,56,,,,,,0,2025-07-25T08:35:28.000+0200,751,703,7.961,48.1395083,-2.0697500,46.66,31.94,40.19,54.39,70.5,357,2,,
2025-07-25T08:35:28.902+0200,831,742,8.826,4778.215,51.80,34.82,42.60,59.21,,1.80,128.80,15.33,23.30,1975,92,27,,,56,,,,,,0,2025-07-25T08:35:28.000+0200,751,703,7.961,48.1395083,-2.0697500,46.66,31.94,40.19,54.39,70.5,357,2,,
2025-07-25T08:35:29.509+0200,832,743,8.835,4778.224,51.80,34.84,42.61,59.21,,-0.23,128.70,21.12,32.09,2718,92,27,,,56,,,,,,0,2025-07-25T08:35:28.000+0200,751,703,7.961,48.1395083,-2.0697500,46.66,31.94,40.19,54.39,70.5,357,2,,
2025-07-25T08:35:29.533+0200,832,743,8.835,4778.224,51.80,34.84,42.61,59.21,,-0.23,128.70,21.12,32.09,2718,92,27,,,56,,,,,,0,2025-07-25T08:35:28.000+0200,751,703,7.961,48.1395083,-2.0697500,46.66,31.94,40.19,54.39,70.5,357,2,,
2025-07-25T08:35:30.122+0200,832,743,8.844,4778.233,53.13,34.85,42.62,59.21,,0.60,128.70,11.74,17.50,1511,92,27,,,55,,,,,,0,2025-07-25T08:35:29.000+0200,752,704,7.974,48.1396283,-2.0697633,47.98,31.95,40.20,54.39,70.3,356,2,,
2025-07-25T08:35:30.146+0200,832,743,8.844,4778.233,53.13,34.85,42.62,59.21,,0.60,128.70,11.74,17.50,1511,92,27,,,55,,,,,,0,2025-07-25T08:35:29.000+0200,752,704,7.974,48.1396283,-2.0697633,47.98,31.95,40.20,54.39,70.3,356,2,,
2025-07-25T08:35:30.766+0200,833,744,8.854,4778.242,53.24,34.86,42.63,59.21,,0.24,128.70,17.81,26.50,2292,92,27,,,54,,,,,,0,2025-07-25T08:35:30.000+0200,753,705,7.987,48.1397500,-2.0697733,47.91,31.97,40.21,54.39,70.3,357,2,,
2025-07-25T08:35:30.789+0200,833,744,8.854,4778.242,53.24,34.86,42.63,59.21,,0.24,128.70,17.81,26.50,2292,92,27,,,54,,,,,,0,2025-07-25T08:35:30.000+0200,753,705,7.987,48.1397500,-2.0697733,47.91,31.97,40.21,54.39,70.3,357,2,,
2025-07-25T08:35:31.382+0200,834,745,8.863,4778.251,53.13,34.87,42.64,59.21,,0.48,128.59,16.85,25.10,2167,92,27,,,54,,,,,,0,2025-07-25T08:35:30.000+0200,753,705,7.987,48.1397500,-2.0697733,47.91,31.97,40.21,54.39,70.3,357,2,,
2025-07-25T08:35:31.403+0200,834,745,8.863,4778.251,53.13,34.87,42.64,59.21,,0.48,128.59,16.85,25.10,2167,92,27,,,54,,,,,,0,2025-07-25T08:35:30.000+0200,753,705,7.987,48.1397500,-2.0697733,47.91,31.97,40.21,54.39,70.3,357,2,,
2025-07-25T08:35:32.008+0200,834,745,8.872,4778.261,54.57,34.89,42.64,59.21,,4.21,128.59,17.41,25.40,2239,92,27,,,53,,,,,,0,2025-07-25T08:35:31.000+0200,754,706,8.001,48.1398717,-2.0697867,48.12,31.99,40.22,54.39,70.2,357,2,,
2025-07-25T08:35:32.030+0200,834,745,8.872,4778.261,54.57,34.89,42.64,59.21,,4.21,128.59,17.41,25.40,2239,92,27,,,53,,,,,,0,2025-07-25T08:35:31.000+0200,754,706,8.001,48.1398717,-2.0697867,48.12,31.99,40.22,54.39,70.2,357,2,,
2025-07-25T08:35:32.622+0200,835,746,8.881,4778.270,54.93,34.90,42.65,59.21,,2.68,128.59,7.37,10.70,948,92,27,,,53,,,,,,0,2025-07-25T08:35:31.000+0200,754,706,8.001,48.1398717,-2.0697867,48.12,31.99,40.22,54.39,70.2,357,2,,
2025-07-25T08:35:32.644+0200,835,746,8.881,4778.270,54.93,34.90,42.65,59.21,,2.68,128.59,7.37,10.70,948,92,27,,,53,,,,,,0,2025-07-25T08:35:31.000+0200,754,706,8.001,48.1398717,-2.0697867,48.12,31.99,40.22,54.39,70.2,357,2,,
2025-07-25T08:35:33.245+0200,835,746,8.891,4778.280,54.25,34.91,42.66,59.21,,2.14,128.80,9.55,14.00,1230,92,27,,,54,,,,,,0,2025-07-25T08:35:32.000+0200,755,707,8.015,48.1399950,-2.0697967,48.51,32.01,40.23,54.39,70.1,358,2,,
2025-07-25T08:35:33.269+0200,835,746,8.891,4778.280,54.25,34.91,42.66,59.21,,2.14,128.80,9.55,14.00,1230,92,27,,,54,,,,,,0,2025-07-25T08:35:32.000+0200,755,707,8.015,48.1399950,-2.0697967,48.51,32.01,40.23,54.39,70.1,358,2,,
2025-07-25T08:35:33.862+0200,836,747,8.900,4778.289,54.32,34.93,42.67,59.21,,1.79,128.80,16.87,24.70,2173,92,27,,,54,,,,,,0,2025-07-25T08:35:33.000+0200,756,708,8.028,48.1401167,-2.0698083,49.33,32.03,40.25,54.39,69.7,359,2,,
2025-07-25T08:35:33.883+0200,836,747,8.900,4778.289,54.32,34.93,42.67,59.21,,1.79,128.80,16.87,24.70,2173,92,27,,,54,,,,,,0,2025-07-25T08:35:33.000+0200,756,708,8.028,48.1401167,-2.0698083,49.33,32.03,40.25,54.39,69.7,359,2,,
2025-07-25T08:35:34.509+0200,837,748,8.910,4778.298,54.90,34.94,42.68,59.21,,4.21,128.80,11.43,16.60,1472,92,27,,,53,,,,,,0,2025-07-25T08:35:33.000+0200,756,708,8.028,48.1401167,-2.0698083,49.33,32.03,40.25,54.39,69.7,359,2,,
2025-07-25T08:35:34.535+0200,837,748,8.910,4778.298,54.90,34.94,42.68,59.21,,4.21,128.80,11.43,16.60,1472,92,27,,,53,,,,,,0,2025-07-25T08:35:33.000+0200,756,708,8.028,48.1401167,-2.0698083,49.33,32.03,40.25,54.39,69.7,359,2,,
2025-07-25T08:35:35.124+0200,837,748,8.919,4778.308,54.35,34.95,42.69,59.21,,1.19,128.80,6.97,10.20,898,92,27,,,54,,,,,,0,2025-07-25T08:35:34.000+0200,757,709,8.043,48.1402467,-2.0698200,49.27,32.05,40.26,54.39,68.9,353,2,,
2025-07-25T08:35:35.151+0200,837,748,8.919,4778.308,54.35,34.95,42.69,59.21,,1.19,128.80,6.97,10.20,898,92,27,,,54,,,,,,0,2025-07-25T08:35:34.000+0200,757,709,8.043,48.1402467,-2.0698200,49.27,32.05,40.26,54.39,68.9,353,2,,
2025-07-25T08:35:35.745+0200,838,749,8.929,4778.317,56.05,34.97,42.70,59.21,,3.83,128.80,6.30,9.00,811,92,27,,,52,,,,,,0,2025-07-25T08:35:35.000+0200,758,710,8.057,48.1403733,-2.0698467,50.57,32.07,40.27,54.39,68.5,353,2,,
2025-07-25T08:35:35.767+0200,838,749,8.929,4778.317,56.05,34.97,42.70,59.21,,3.83,128.80,6.30,9.00,811,92,27,,,52,,,,,,0,2025-07-25T08:35:35.000+0200,758,710,8.057,48.1403733,-2.0698467,50.57,32.07,40.27,54.39,68.5,353,2,,
2025-07-25T08:35:36.365+0200,839,750,8.938,4778.327,56.37,34.98,42.71,59.21,,2.71,128.89,13.23,18.79,1705,92,27,,,52,,,,,,0,2025-07-25T08:35:35.000+0200,758,710,8.057,48.1403733,-2.0698467,50.57,32.07,40.27,54.39,68.5,353,2,,
2025-07-25T08:35:36.388+0200,839,750,8.938,4778.327,56.37,34.98,42.71,59.21,,2.71,128.89,13.23,18.79,1705,92,27,,,52,,,,,,0,2025-07-25T08:35:35.000+0200,758,710,8.057,48.1403733,-2.0698467,50.57,32.07,40.27,54.39,68.5,353,2,,
2025-07-25T08:35:36.984+0200,839,750,8.948,4778.337,55.83,34.99,42.73,59.21,,-2.70,128.89,10.68,15.29,1377,92,27,,,52,,,,,,0,2025-07-25T08:35:36.000+0200,759,711,8.072,48.1405050,-2.0698750,50.31,32.09,40.29,54.39,68.1,355,2,,
2025-07-25T08:35:37.008+0200,839,750,8.948,4778.337,55.83,34.99,42.73,59.21,,-2.70,128.89,10.68,15.29,1377,92,27,,,52,,,,,,0,2025-07-25T08:35:36.000+0200,759,711,8.072,48.1405050,-2.0698750,50.31,32.09,40.29,54.39,68.1,355,2,,
2025-07-25T08:35:37.598+0200,840,751,8.958,4778.346,55.90,35.01,42.74,59.21,,-2.39,129.00,11.74,16.79,1514,92,27,,,52,,,,,,0,2025-07-25T08:35:36.000+0200,759,711,8.072,48.1405050,-2.0698750,50.31,32.09,40.29,54.39,68.1,355,2,,
2025-07-25T08:35:37.623+0200,840,751,8.958,4778.346,55.90,35.01,42.74,59.21,,-2.39,129.00,11.74,16.79,1514,92,27,,,52,,,,,,0,2025-07-25T08:35:36.000+0200,759,711,8.072,48.1405050,-2.0698750,50.31,32.09,40.29,54.39,68.1,355,2,,
2025-07-25T08:35:38.223+0200,840,751,8.967,4778.356,56.01,35.02,42.75,59.21,,0.00,129.00,6.44,9.20,831,92,27,,,52,,,,,,0,2025-07-25T08:35:37.000+0200,760,712,8.086,48.1406333,-2.0698867,51.21,32.11,40.30,54.39,67.6,359,2,,
2025-07-25T08:35:38.248+0200,840,751,8.967,4778.356,56.01,35.02,42.75,59.21,,0.00,129.00,6.44,9.20,831,92,27,,,52,,,,,,0,2025-07-25T08:35:37.000+0200,760,712,8.086,48.1406333,-2.0698867,51.21,32.11,40.30,54.39,67.6,359,2,,
2025-07-25T08:35:38.841+0200,841,752,8.977,4778.366,55.11,35.04,42.76,59.21,,-2.68,129.00,21.90,31.70,2825,92,27,,,53,,,,,,0,2025-07-25T08:35:38.000+0200,761,713,8.101,48.1407633,-2.0698900,51.12,32.13,40.32,54.39,67.1,360,2,,
2025-07-25T08:35:38.864+0200,841,752,8.977,4778.366,55.11,35.04,42.76,59.21,,-2.68,129.00,21.90,31.70,2825,92,27,,,53,,,,,,0,2025-07-25T08:35:38.000+0200,761,713,8.101,48.1407633,-2.0698900,51.12,32.13,40.32,54.39,67.1,360,2,,
2025-07-25T08:35:39.469+0200,842,753,8.987,4778.375,53.99,35.05,42.77,59.21,,-4.29,128.89,10.26,15.10,1322,92,27,,,54,,,,,,0,2025-07-25T08:35:38.000+0200,761,713,8.101,48.1407633,-2.0698900,51.12,32.13,40.32,54.39,67.1,360,2,,
2025-07-25T08:35:39.493+0200,842,753,8.987,4778.375,53.99,35.05,42.77,59.21,,-4.29,128.89,10.26,15.10,1322,92,27,,,54,,,,,,0,2025-07-25T08:35:38.000+0200,761,713,8.101,48.1407633,-2.0698900,51.12,32.13,40.32,54.39,67.1,360,2,,
2025-07-25T08:35:40.087+0200,842,753,8.996,4778.385,54.71,35.06,42.78,59.21,,1.81,128.89,8.58,12.50,1106,92,27,,,53,,,,,,0,2025-07-25T08:35:39.000+0200,762,714,8.114,48.1408867,-2.0698883,48.31,32.15,40.33,54.39,66.9,358,2,,
2025-07-25T08:35:40.113+0200,842,753,8.996,4778.385,54.71,35.06,42.78,59.21,,1.81,128.89,8.58,12.50,1106,92,27,,,53,,,,,,0,2025-07-25T08:35:39.000+0200,762,714,8.114,48.1408867,-2.0698883,48.31,32.15,40.33,54.39,66.9,358,2,,
2025-07-25T08:35:40.724+0200,843,754,9.006,4778.394,53.35,35.08,42.79,59.21,,-0.24,128.89,10.97,16.29,1414,92,27,,,54,,,,,,0,2025-07-25T08:35:40.000+0200,762,714,8.128,48.1410083,-2.0698967,47.03,32.16,40.34,54.39,66.6,355,2,,
2025-07-25T08:35:40.747+0200,843,754,9.006,4778.394,53.35,35.08,42.79,59.21,,-0.24,128.89,10.97,16.29,1414,92,27,,,54,,,,,,0,2025-07-25T08:35:40.000+0200,763,715,8.128,48.1410083,-2.0698967,47.03,32.16,40.34,54.39,66.6,355,2,,
2025-07-25T08:35:41.325+0200,843,754,9.015,4778.404,53.35,35.09,42.80,59.21,,-2.14,128.70,16.77,24.90,2158,92,27,,,54,,,,,,0,2025-07-25T08:35:40.000+0200,763,715,8.128,48.1410083,-2.0698967,47.03,32.16,40.34,54.39,66.6,355,2,,
2025-07-25T08:35:41.350+0200,843,755,9.015,4778.404,53.35,35.09,42.80,59.21,,-2.14,128.70,16.77,24.90,2158,92,27,,,54,,,,,,0,2025-07-25T08:35:40.000+0200,763,715,8.128,48.1410083,-2.0698967,47.03,32.16,40.34,54.39,66.6,355,2,,
2025-07-25T08:35:41.974+0200,844,755,9.024,4778.413,53.35,35.10,42.80,59.21,,0.25,128.59,15.49,23.00,1992,92,27,,,54,,,,,,0,2025-07-25T08:35:41.000+0200,764,716,8.141,48.1411267,-2.0699067,46.97,32.18,40.35,54.39,66.4,355,2,,
2025-07-25T08:35:41.999+0200,844,755,9.024,4778.413,53.35,35.10,42.80,59.21,,0.25,128.59,15.49,23.00,1992,92,27,,,54,,,,,,0,2025-07-25T08:35:41.000+0200,764,716,8.141,48.1411267,-2.0699067,46.97,32.18,40.35,54.39,66.4,355,2,,
2025-07-25T08:35:42.583+0200,845,756,9.034,4778.422,53.24,35.11,42.81,59.21,,-0.34,128.50,13.24,19.69,1701,92,27,,,54,,,,,,0,2025-07-25T08:35:41.000+0200,764,716,8.141,48.1411267,-2.0699067,46.97,32.18,40.35,54.39,66.4,355,2,,
2025-07-25T08:35:42.602+0200,845,756,9.034,4778.422,53.24,35.11,42.81,59.21,,-0.34,128.50,13.24,19.69,1701,92,27,,,54,,,,,,0,2025-07-25T08:35:41.000+0200,764,716,8.141,48.1411267,-2.0699067,46.97,32.18,40.35,54.39,66.4,355,2,,
2025-07-25T08:35:43.205+0200,845,756,9.043,4778.431,53.24,35.13,42.82,59.21,,0.11,128.39,23.60,35.09,3030,92,27,,,54,,,,,,0,2025-07-25T08:35:42.000+0200,765,717,8.154,48.1412450,-2.0699183,48.75,32.20,40.36,54.39,66.4,357,2,,
2025-07-25T08:35:43.229+0200,845,756,9.043,4778.431,53.24,35.13,42.82,59.21,,0.11,128.39,23.60,35.09,3030,92,27,,,54,,,,,,0,2025-07-25T08:35:42.000+0200,765,717,8.154,48.1412450,-2.0699183,48.75,32.20,40.36,54.39,66.4,357,2,,
2025-07-25T08:35:43.819+0200,846,757,9.052,4778.441,53.13,35.14,42.83,59.21,,-0.45,128.30,16.31,24.30,2093,92,27,,,54,,,,,,0,2025-07-25T08:35:43.000+0200,766,718,8.168,48.1413650,-2.0699300,48.74,32.22,40.37,54.39,66.8,357,2,,
2025-07-25T08:35:43.842+0200,846,757,9.052,4778.441,53.13,35.14,42.83,59.21,,-0.45,128.30,16.31,24.30,2093,92,27,,,54,,,,,,0,2025-07-25T08:35:43.000+0200,766,718,8.168,48.1413650,-2.0699300,48.74,32.22,40.37,54.39,66.8,357,2,,
2025-07-25T08:35:44.453+0200,847,758,9.061,4778.450,53.31,35.15,42.84,59.21,,0.00,128.30,18.37,27.30,2357,92,27,,,54,,,,,,0,2025-07-25T08:35:43.000+0200,766,718,8.168,48.1413650,-2.0699300,48.74,32.22,40.37,54.39,66.8,357,2,,
2025-07-25T08:35:44.477+0200,847,758,9.061,4778.450,53.31,35.15,42.84,59.21,,0.00,128.30,18.37,27.30,2357,92,27,,,54,,,,,,0,2025-07-25T08:35:43.000+0200,766,718,8.168,48.1413650,-2.0699300,48.74,32.22,40.37,54.39,66.8,357,2,,
2025-07-25T08:35:45.067+0200,847,758,9.071,4778.459,53.17,35.16,42.85,59.21,,-0.45,128.20,13.03,19.40,1670,92,27,,,54,,,,,,0,2025-07-25T08:35:44.000+0200,767,719,8.181,48.1414850,-2.0699383,47.70,32.24,40.38,54.39,66.8,355,2,,
2025-07-25T08:35:45.091+0200,847,758,9.071,4778.459,53.17,35.16,42.85,59.21,,-0.45,128.20,13.03,19.40,1670,92,27,,,54,,,,,,0,2025-07-25T08:35:44.000+0200,767,719,8.181,48.1414850,-2.0699383,47.70,32.24,40.38,54.39,66.8,355,2,,
2025-07-25T08:35:45.708+0200,848,759,9.080,4778.468,52.63,35.17,42.86,59.21,,-1.57,128.20,15.85,23.80,2032,92,27,,,55,,,,,,0,2025-07-25T08:35:45.000+0200,767,719,8.194,48.1416017,-2.0699500,47.01,32.25,40.39,54.39,67.0,357,2,,
2025-07-25T08:35:45.732+0200,848,759,9.080,4778.468,52.63,35.17,42.86,59.21,,-1.57,128.20,15.85,23.80,2032,92,27,,,55,,,,,,0,2025-07-25T08:35:45.000+0200,767,719,8.194,48.1416017,-2.0699500,47.01,32.25,40.39,54.39,67.0,357,2,,
2025-07-25T08:35:46.325+0200,848,759,9.089,4778.478,53.13,35.19,42.86,59.21,,0.00,128.00,26.18,39.00,3351,92,27,,,54,,,,,,0,2025-07-25T08:35:45.000+0200,768,720,8.194,48.1416017,-2.0699500,47.01,32.25,40.39,54.39,67.0,357,2,,
2025-07-25T08:35:46.348+0200,848,760,9.089,4778.478,53.13,35.19,42.86,59.21,,0.00,128.00,26.18,39.00,3351,92,27,,,54,,,,,,0,2025-07-25T08:35:45.000+0200,768,720,8.194,48.1416017,-2.0699500,47.01,32.25,40.39,54.39,67.0,357,2,,
2025-07-25T08:35:46.958+0200,849,760,9.098,4778.487,53.35,35.20,42.87,59.21,,0.11,128.20,10.17,15.10,1304,91,27,,,54,,,,,,0,2025-07-25T08:35:46.000+0200,769,721,8.207,48.1417200,-2.0699617,48.39,32.27,40.40,54.39,67.1,359,2,,
2025-07-25T08:35:46.984+0200,849,760,9.098,4778.487,53.35,35.20,42.87,59.21,,0.11,128.20,10.17,15.10,1304,91,27,,,54,,,,,,0,2025-07-25T08:35:46.000+0200,769,721,8.207,48.1417200,-2.0699617,48.39,32.27,40.40,54.39,67.1,359,2,,
2025-07-25T08:35:47.564+0200,850,761,9.108,4778.496,51.26,35.21,42.88,59.21,,-3.60,128.50,8.61,13.20,1106,91,27,,,56,,,,,,0,2025-07-25T08:35:46.000+0200,769,721,8.207,48.1417200,-2.0699617,48.39,32.27,40.40,54.39,67.1,359,2,,
2025-07-25T08:35:47.589+0200,850,761,9.108,4778.496,51.26,35.21,42.88,59.21,,-3.60,128.50,8.61,13.20,1106,91,27,,,56,,,,,,0,2025-07-25T08:35:46.000+0200,769,721,8.207,48.1417200,-2.0699617,48.39,32.27,40.40,54.39,67.1,359,2,,
2025-07-25T08:35:48.182+0200,850,761,9.116,4778.505,51.22,35.22,42.89,59.21,,-0.11,128.59,11.28,17.29,1450,91,27,,,56,,,,,,0,2025-07-25T08:35:47.000+0200,770,722,8.220,48.1418383,-2.0699700,47.50,32.29,40.41,54.39,67.4,359,2,,
2025-07-25T08:35:48.204+0200,850,761,9.116,4778.505,51.22,35.22,42.89,59.21,,-0.11,128.59,11.28,17.29,1450,91,27,,,56,,,,,,0,2025-07-25T08:35:47.000+0200,770,722,8.220,48.1418383,-2.0699700,47.50,32.29,40.41,54.39,67.4,359,2,,
2025-07-25T08:35:48.805+0200,851,762,9.125,4778.514,50.65,35.23,42.89,59.21,,0.34,128.70,15.64,24.20,2013,91,27,,,57,,,,,,0,2025-07-25T08:35:48.000+0200,771,723,8.233,48.1419567,-2.0699683,44.80,32.30,40.42,54.39,67.7,359,2,,
2025-07-25T08:35:48.827+0200,851,762,9.125,4778.514,50.65,35.23,42.89,59.21,,0.34,128.70,15.64,24.20,2013,91,27,,,57,,,,,,0,2025-07-25T08:35:48.000+0200,771,723,8.233,48.1419567,-2.0699683,44.80,32.30,40.42,54.39,67.7,359,2,,
2025-07-25T08:35:49.446+0200,852,763,9.134,4778.523,50.86,35.24,42.90,59.21,,0.72,128.70,14.27,22.00,1837,91,27,,,56,,,,,,0,2025-07-25T08:35:48.000+0200,771,723,8.233,48.1419567,-2.0699683,44.80,32.30,40.42,54.39,67.7,359,2,,
2025-07-25T08:35:49.468+0200,852,763,9.134,4778.523,50.86,35.24,42.90,59.21,,0.72,128.70,14.27,22.00,1837,91,27,,,56,,,,,,0,2025-07-25T08:35:48.000+0200,771,723,8.233,48.1419567,-2.0699683,44.80,32.30,40.42,54.39,67.7,359,2,,
2025-07-25T08:35:50.047+0200,852,763,9.143,4778.531,50.11,35.25,42.91,59.21,,-2.80,128.80,10.70,16.69,1378,91,27,,,57,,,,,,0,2025-07-25T08:35:49.000+0200,772,724,8.246,48.1420683,-2.0699783,46.65,32.32,40.43,54.39,67.6,1,2,,
2025-07-25T08:35:50.069+0200,852,763,9.143,4778.531,50.11,35.25,42.91,59.21,,-2.80,128.80,10.70,16.69,1378,91,27,,,57,,,,,,0,2025-07-25T08:35:49.000+0200,772,724,8.246,48.1420683,-2.0699783,46.65,32.32,40.43,54.39,67.6,1,2,,
2025-07-25T08:35:50.664+0200,853,764,9.152,4778.540,50.47,35.26,42.91,59.21,,1.12,128.80,15.02,23.30,1935,91,27,,,57,,,,,,0,2025-07-25T08:35:50.000+0200,772,724,8.259,48.1421850,-2.0699700,46.53,32.33,40.44,54.39,67.8,3,2,,
2025-07-25T08:35:50.685+0200,853,764,9.152,4778.540,50.47,35.26,42.91,59.21,,1.12,128.80,15.02,23.30,1935,91,27,,,57,,,,,,0,2025-07-25T08:35:50.000+0200,772,724,8.259,48.1421850,-2.0699700,46.53,32.33,40.44,54.39,67.8,3,2,,
2025-07-25T08:35:51.284+0200,853,764,9.160,4778.549,50.03,35.27,42.92,59.21,,-2.89,128.70,14.98,23.40,1928,91,27,,,57,,,,,,0,2025-07-25T08:35:50.000+0200,773,725,8.259,48.1421850,-2.0699700,46.53,32.33,40.44,54.39,67.8,3,2,,
2025-07-25T08:35:51.308+0200,853,764,9.160,4778.549,50.03,35.27,42.92,59.21,,-2.89,128.70,14.98,23.40,1928,91,27,,,57,,,,,,0,2025-07-25T08:35:50.000+0200,773,725,8.259,48.1421850,-2.0699700,46.53,32.33,40.44,54.39,67.8,3,2,,
2025-07-25T08:35:51.927+0200,854,765,9.169,4778.558,51.30,35.28,42.92,59.21,,0.12,128.50,20.63,31.59,2651,91,27,,,56,,,,,,0,2025-07-25T08:35:51.000+0200,774,726,8.272,48.1423000,-2.0699633,46.54,32.35,40.44,54.39,68.1,4,2,,
2025-07-25T08:35:51.949+0200,854,765,9.169,4778.558,51.30,35.28,42.92,59.21,,0.12,128.50,20.63,31.59,2651,91,27,,,56,,,,,,0,2025-07-25T08:35:51.000+0200,774,726,8.272,48.1423000,-2.0699633,46.54,32.35,40.44,54.39,68.1,4,2,,
2025-07-25T08:35:52.548+0200,855,766,9.178,4778.567,51.48,35.29,42.93,59.21,,-2.63,128.59,15.38,23.50,1978,91,27,,,56,,,,,,0,2025-07-25T08:35:51.000+0200,774,726,8.272,48.1423000,-2.0699633,46.54,32.35,40.44,54.39,68.1,4,2,,
2025-07-25T08:35:52.572+0200,855,766,9.178,4778.567,51.48,35.29,42.93,59.21,,-2.63,128.59,15.38,23.50,1978,91,27,,,56,,,,,,0,2025-07-25T08:35:51.000+0200,774,726,8.272,48.1423000,-2.0699633,46.54,32.35,40.44,54.39,68.1,4,2,,
2025-07-25T08:35:53.170+0200,855,766,9.187,4778.576,51.73,35.30,42.94,59.21,,-0.33,128.70,9.53,14.50,1227,91,27,,,56,,,,,,0,2025-07-25T08:35:52.000+0200,775,727,8.285,48.1424183,-2.0699483,47.76,32.36,40.45,54.39,68.3,5,2,,
2025-07-25T08:35:53.193+0200,855,766,9.187,4778.576,51.73,35.30,42.94,59.21,,-0.33,128.70,9.53,14.50,1227,91,27,,,56,,,,,,0,2025-07-25T08:35:52.000+0200,775,727,8.285,48.1424183,-2.0699483,47.76,32.36,40.45,54.39,68.3,5,2,,
2025-07-25T08:35:53.785+0200,856,767,9.196,4778.585,50.76,35.31,42.95,59.21,,-1.80,128.80,9.06,14.00,1167,91,27,,,57,,,,,,0,2025-07-25T08:35:53.000+0200,776,728,8.298,48.1425333,-2.0699250,45.66,32.38,40.46,54.39,68.5,6,2,,
2025-07-25T08:35:53.806+0200,856,767,9.196,4778.585,50.76,35.31,42.95,59.21,,-1.80,128.80,9.06,14.00,1167,91,27,,,57,,,,,,0,2025-07-25T08:35:53.000+0200,776,728,8.298,48.1425333,-2.0699250,45.66,32.38,40.46,54.39,68.5,6,2,,
2025-07-25T08:35:54.425+0200,857,768,9.205,4778.593,51.08,35.33,42.95,59.21,,2.76,128.70,26.03,40.00,3350,91,27,,,56,,,,,,0,2025-07-25T08:35:53.000+0200,776,728,8.298,48.1425333,-2.0699250,45.66,32.38,40.46,54.39,68.5,6,2,,
2025-07-25T08:35:54.447+0200,857,768,9.205,4778.593,51.08,35.33,42.95,59.21,,2.76,128.70,26.03,40.00,3350,91,27,,,56,,,,,,0,2025-07-25T08:35:53.000+0200,776,728,8.298,48.1425333,-2.0699250,45.66,32.38,40.46,54.39,68.5,6,2,,
2025-07-25T08:35:55.047+0200,857,768,9.214,4778.602,52.59,35.34,42.96,59.21,,4.44,128.39,24.10,36.20,3094,91,27,,,55,,,,,,0,2025-07-25T08:35:54.000+0200,777,729,8.311,48.1426500,-2.0699233,47.04,32.39,40.47,54.39,68.9,3,3,,
2025-07-25T08:35:55.072+0200,857,768,9.214,4778.602,52.59,35.34,42.96,59.21,,4.44,128.39,24.10,36.20,3094,91,27,,,55,,,,,,0,2025-07-25T08:35:54.000+0200,777,729,8.311,48.1426500,-2.0699233,47.04,32.39,40.47,54.39,68.9,3,3,,
2025-07-25T08:35:55.669+0200,858,769,9.223,4778.611,51.80,35.35,42.97,59.21,,-5.02,128.30,9.93,15.10,1274,91,27,,,56,,,,,,0,2025-07-25T08:35:55.000+0200,777,729,8.323,48.1427583,-2.0699100,45.34,32.41,40.48,54.39,69.3,6,3,,
2025-07-25T08:35:55.693+0200,858,769,9.223,4778.611,51.80,35.35,42.97,59.21,,-5.02,128.30,9.93,15.10,1274,91,27,,,56,,,,,,0,2025-07-25T08:35:55.000+0200,777,729,8.323,48.1427583,-2.0699100,45.34,32.41,40.48,54.39,69.3,6,3,,
2025-07-25T08:35:56.282+0200,858,769,9.232,4778.620,50.00,35.36,42.97,59.21,,-2.15,128.59,6.52,10.20,838,91,27,,,57,,,,,,0,2025-07-25T08:35:55.000+0200,778,730,8.323,48.1427583,-2.0699100,45.34,32.41,40.48,54.39,69.3,6,3,,
2025-07-25T08:35:56.302+0200,858,769,9.232,4778.620,50.00,35.36,42.97,59.21,,-2.15,128.59,6.52,10.20,838,91,27,,,57,,,,,,0,2025-07-25T08:35:55.000+0200,778,730,8.323,48.1427583,-2.0699100,45.34,32.41,40.48,54.39,69.3,6,3,,
2025-07-25T08:35:56.905+0200,859,770,9.241,4778.629,49.82,35.37,42.98,59.21,,-3.61,128.59,24.25,38.00,3118,91,27,,,57,,,,,,0,2025-07-25T08:35:56.000+0200,779,731,8.335,48.1428650,-2.0699050,44.57,32.42,40.48,54.39,70.0,5,3,,
2025-07-25T08:35:56.925+0200,859,770,9.241,4778.629,49.82,35.37,42.98,59.21,,-3.61,128.59,24.25,38.00,3118,91,27,,,57,,,,,,0,2025-07-25T08:35:56.000+0200,779,731,8.335,48.1428650,-2.0699050,44.57,32.42,40.48,54.39,70.0,5,3,,
2025-07-25T08:35:57.529+0200,860,771,9.250,4778.638,52.23,35.38,42.99,59.21,,3.04,128.30,19.73,29.80,2531,91,27,,,55,,,,,,0,2025-07-25T08:35:56.000+0200,779,731,8.335,48.1428650,-2.0699050,44.57,32.42,40.48,54.39,70.0,5,3,,
2025-07-25T08:35:57.553+0200,860,771,9.250,4778.638,52.23,35.38,42.99,59.21,,3.04,128.30,19.73,29.80,2531,91,27,,,55,,,,,,0,2025-07-25T08:35:56.000+0200,779,731,8.335,48.1428650,-2.0699050,44.57,32.42,40.48,54.39,70.0,5,3,,
2025-07-25T08:35:58.161+0200,860,771,9.259,4778.647,51.83,35.39,42.99,59.21,,0.24,128.09,21.46,32.59,2749,91,27,,,55,,,,,,0,2025-07-25T08:35:57.000+0200,780,732,8.347,48.1429700,-2.0698833,46.05,32.44,40.49,54.39,70.7,7,3,,
2025-07-25T08:35:58.180+0200,860,771,9.259,4778.647,51.83,35.39,42.99,59.21,,0.24,128.09,21.46,32.59,2749,91,27,,,55,,,,,,0,2025-07-25T08:35:57.000+0200,780,732,8.347,48.1429700,-2.0698833,46.05,32.44,40.49,54.39,70.7,7,3,,
2025-07-25T08:35:58.786+0200,861,772,9.268,4778.656,52.70,35.40,43.00,59.21,,2.65,128.00,16.54,24.80,2117,91,27,,,55,,,,,,0,2025-07-25T08:35:58.000+0200,781,733,8.359,48.1430800,-2.0698533,47.88,32.45,40.50,54.39,71.4,9,3,,
2025-07-25T08:35:58.806+0200,861,772,9.268,4778.656,52.70,35.40,43.00,59.21,,2.65,128.00,16.54,24.80,2117,91,27,,,55,,,,,,0,2025-07-25T08:35:58.000+0200,781,733,8.359,48.1430800,-2.0698533,47.88,32.45,40.50,54.39,71.4,9,3,,
2025-07-25T08:35:59.399+0200,862,773,9.277,4778.665,54.35,35.41,43.01,59.21,,4.80,127.60,35.13,51.40,4483,91,27,,,53,,,,,,0,2025-07-25T08:35:58.000+0200,781,733,8.359,48.1430800,-2.0698533,47.88,32.45,40.50,54.39,71.4,9,3,,
2025-07-25T08:35:59.419+0200,862,773,9.277,4778.665,54.35,35.41,43.01,59.21,,4.80,127.60,35.13,51.40,4483,91,27,,,53,,,,,,0,2025-07-25T08:35:58.000+0200,781,733,8.359,48.1430800,-2.0698533,47.88,32.45,40.50,54.39,71.4,9,3,,
2025-07-25T08:36:00.024+0200,862,773,9.286,4778.675,55.72,35.43,43.02,59.21,,1.20,127.20,33.95,48.70,4318,91,27,,,52,,,,,,0,2025-07-25T08:35:59.000+0200,782,734,8.372,48.1431933,-2.0698150,48.77,32.47,40.51,54.39,72.5,7,3,,
2025-07-25T08:36:00.048+0200,862,773,9.286,4778.675,55.72,35.43,43.02,59.21,,1.20,127.20,33.95,48.70,4318,91,27,,,52,,,,,,0,2025-07-25T08:35:59.000+0200,782,734,8.372,48.1431933,-2.0698150,48.77,32.47,40.51,54.39,72.5,7,3,,
2025-07-25T08:36:00.645+0200,863,774,9.296,4778.685,56.33,35.44,43.03,59.21,,0.56,127.30,20.11,28.59,2560,91,27,,,51,,,,,,0,2025-07-25T08:35:59.000+0200,782,734,8.372,48.1431933,-2.0698150,48.77,32.47,40.51,54.39,72.5,7,3,,
2025-07-25T08:36:00.667+0200,863,774,9.296,4778.685,56.33,35.44,43.03,59.21,,0.56,127.30,20.11,28.59,2560,91,27,,,51,,,,,,0,2025-07-25T08:36:00.000+0200,782,734,8.384,48.1432983,-2.0697883,43.95,32.48,40.52,54.39,72.7,8,3,,
2025-07-25T08:36:01.263+0200,863,774,9.306,4778.694,55.40,35.45,43.04,59.21,,-3.85,127.70,3.05,4.40,389,91,27,,,52,,,,,,0,2025-07-25T08:36:00.000+0200,783,735,8.384,48.1432983,-2.0697883,43.95,32.48,40.52,54.39,72.7,8,3,,
2025-07-25T08:36:01.285+0200,863,774,9.306,4778.694,55.40,35.45,43.04,59.21,,-3.85,127.70,3.05,4.40,389,91,27,,,52,,,,,,0,2025-07-25T08:36:00.000+0200,783,735,8.384,48.1432983,-2.0697883,43.95,32.48,40.52,54.39,72.7,8,3,,
2025-07-25T08:36:01.882+0200,864,775,9.315,4778.704,53.99,35.47,43.05,59.21,,-0.91,128.30,5.30,7.80,680,91,27,,,54,,,,,,0,2025-07-25T08:36:01.000+0200,784,736,8.395,48.1433983,-2.0697750,45.48,32.50,40.52,54.39,73.8,10,3,,
2025-07-25T08:36:01.904+0200,864,775,9.315,4778.704,53.99,35.47,43.05,59.21,,-0.91,128.30,5.30,7.80,680,91,27,,,54,,,,,,0,2025-07-25T08:36:01.000+0200,784,736,8.395,48.1433983,-2.0697750,45.48,32.50,40.52,54.39,73.8,10,3,,
2025-07-25T08:36:02.505+0200,865,776,9.325,4778.713,52.48,35.48,43.06,59.21,,1.69,128.59,20.54,30.90,2641,91,27,,,55,,,,,,0,2025-07-25T08:36:01.000+0200,784,736,8.395,48.1433983,-2.0697750,45.48,32.50,40.52,54.39,73.8,10,3,,
2025-07-25T08:36:02.530+0200,865,776,9.325,4778.713,52.48,35.48,43.06,59.21,,1.69,128.59,20.54,30.90,2641,91,27,,,55,,,,,,0,2025-07-25T08:36:01.000+0200,784,736,8.395,48.1433983,-2.0697750,45.48,32.50,40.52,54.39,73.8,10,3,,
2025-07-25T08:36:03.125+0200,865,776,9.334,4778.722,52.88,35.49,43.06,59.21,,0.90,128.30,31.56,47.20,4049,91,27,,,55,,,,,,0,2025-07-25T08:36:02.000+0200,785,737,8.408,48.1435117,-2.0697500,46.59,32.51,40.53,54.39,74.8,9,3,,
2025-07-25T08:36:03.147+0200,865,776,9.334,4778.722,52.88,35.49,43.06,59.21,,0.90,128.30,31.56,47.20,4049,91,27,,,55,,,,,,0,2025-07-25T08:36:02.000+0200,785,737,8.408,48.1435117,-2.0697500,46.59,32.51,40.53,54.39,74.8,9,3,,
2025-07-25T08:36:03.764+0200,866,777,9.343,4778.732,55.11,35.50,43.07,59.21,,2.17,127.80,28.19,40.80,3603,91,27,,,52,,,,,,0,2025-07-25T08:36:03.000+0200,786,738,8.422,48.1436350,-2.0697200,47.68,32.53,40.54,54.39,75.0,8,3,,
2025-07-25T08:36:03.786+0200,866,777,9.343,4778.732,55.11,35.50,43.07,59.21,,2.17,127.80,28.19,40.80,3603,91,27,,,52,,,,,,0,2025-07-25T08:36:03.000+0200,786,738,8.422,48.1436350,-2.0697200,47.68,32.53,40.54,54.39,75.0,8,3,,
2025-07-25T08:36:04.387+0200,867,778,9.352,4778.741,55.40,35.51,43.08,59.21,,-0.60,127.60,20.89,30.09,2666,91,27,,,52,,,,,,0,2025-07-25T08:36:03.000+0200,786,738,8.422,48.1436350,-2.0697200,47.68,32.53,40.54,54.39,75.0,8,3,,
2025-07-25T08:36:04.409+0200,867,778,9.352,4778.741,55.40,35.51,43.08,59.21,,-0.60,127.60,20.89,30.09,2666,91,27,,,52,,,,,,0,2025-07-25T08:36:03.000+0200,786,738,8.422,48.1436350,-2.0697200,47.68,32.53,40.54,54.39,75.0,8,3,,
2025-07-25T08:36:05.007+0200,867,778,9.362,4778.751,54.75,35.53,43.09,59.21,,-2.16,127.80,3.23,4.69,413,91,27,,,53,,,,,,0,2025-07-25T08:36:04.000+0200,787,739,8.434,48.1437417,-2.0696933,43.38,32.54,40.54,54.39,75.6,10,3,,
2025-07-25T08:36:05.028+0200,867,778,9.362,4778.751,54.75,35.53,43.09,59.21,,-2.16,127.80,3.23,4.69,413,91,27,,,53,,,,,,0,2025-07-25T08:36:04.000+0200,787,739,8.434,48.1437417,-2.0696933,43.38,32.54,40.54,54.39,75.6,10,3,,
2025-07-25T08:36:05.620+0200,868,779,9.372,4778.760,53.46,35.54,43.10,59.21,,-3.23,128.00,12.27,18.19,1571,91,27,,,54,,,,,,0,2025-07-25T08:36:04.000+0200,787,739,8.434,48.1437417,-2.0696933,43.38,32.54,40.54,54.39,75.6,10,3,,
2025-07-25T08:36:05.642+0200,868,779,9.372,4778.760,53.46,35.54,43.10,59.21,,-3.23,128.00,12.27,18.19,1571,91,27,,,54,,,,,,0,2025-07-25T08:36:04.000+0200,787,739,8.434,48.1437417,-2.0696933,43.38,32.54,40.54,54.39,75.6,10,3,,
2025-07-25T08:36:06.247+0200,868,779,9.381,4778.770,51.80,35.55,43.11,59.21,,-2.64,128.09,11.51,17.50,1474,91,27,,,55,,,,,,0,2025-07-25T08:36:05.000+0200,788,740,8.446,48.1438550,-2.0696733,41.47,32.55,40.55,54.39,75.3,7,3,,
2025-07-25T08:36:06.271+0200,868,779,9.381,4778.770,51.80,35.55,43.11,59.21,,-2.64,128.09,11.51,17.50,1474,91,27,,,55,,,,,,0,2025-07-25T08:36:05.000+0200,788,740,8.446,48.1438550,-2.0696733,41.47,32.55,40.55,54.39,75.3,7,3,,
2025-07-25T08:36:06.867+0200,869,780,9.390,4778.779,52.74,35.56,43.12,59.21,,0.45,128.09,16.08,24.10,2060,91,27,,,55,,,,,,0,2025-07-25T08:36:06.000+0200,789,741,8.458,48.1439600,-2.0696567,44.59,32.56,40.55,54.39,76.1,5,3,,
2025-07-25T08:36:06.891+0200,869,780,9.390,4778.779,52.74,35.56,43.12,59.21,,0.45,128.09,16.08,24.10,2060,91,27,,,55,,,,,,0,2025-07-25T08:36:06.000+0200,789,741,8.458,48.1439600,-2.0696567,44.59,32.56,40.55,54.39,76.1,5,3,,
2025-07-25T08:36:07.491+0200,870,781,9.399,4778.788,51.30,35.57,43.12,59.21,,-0.79,128.30,10.97,16.79,1407,90,27,,,56,,,,,,0,2025-07-25T08:36:06.000+0200,789,741,8.458,48.1439600,-2.0696567,44.59,32.56,40.55,54.39,76.1,5,3,,
2025-07-25T08:36:07.517+0200,870,781,9.399,4778.788,51.30,35.57,43.12,59.21,,-0.79,128.30,10.97,16.79,1407,90,27,,,56,,,,,,0,2025-07-25T08:36:06.000+0200,789,741,8.458,48.1439600,-2.0696567,44.59,32.56,40.55,54.39,76.1,5,3,,
2025-07-25T08:36:08.106+0200,870,781,9.408,4778.797,51.30,35.58,43.13,59.21,,0.00,128.20,12.34,18.90,1582,90,27,,,56,,,,,,0,2025-07-25T08:36:07.000+0200,790,742,8.471,48.1440783,-2.0696417,47.61,32.58,40.56,54.39,76.4,6,3,,
2025-07-25T08:36:08.130+0200,870,781,9.408,4778.797,51.30,35.58,43.13,59.21,,0.00,128.20,12.34,18.90,1582,90,27,,,56,,,,,,0,2025-07-25T08:36:07.000+0200,790,742,8.471,48.1440783,-2.0696417,47.61,32.58,40.56,54.39,76.4,6,3,,
2025-07-25T08:36:08.722+0200,871,782,9.417,4778.806,51.26,35.59,43.14,59.21,,-0.11,128.30,22.51,34.50,2888,90,27,,,56,,,,,,0,2025-07-25T08:36:08.000+0200,790,742,8.483,48.1441833,-2.0696267,45.26,32.59,40.57,54.39,76.6,7,3,,
2025-07-25T08:36:08.746+0200,871,782,9.417,4778.806,51.26,35.59,43.14,59.21,,-0.11,128.30,22.51,34.50,2888,90,27,,,56,,,,,,0,2025-07-25T08:36:08.000+0200,790,742,8.483,48.1441833,-2.0696267,45.26,32.59,40.57,54.39,76.6,7,3,,
2025-07-25T08:36:09.367+0200,872,783,9.426,4778.815,49.53,35.60,43.14,59.21,,-4.06,128.50,7.94,12.50,1020,90,27,,,58,,,,,,0,2025-07-25T08:36:08.000+0200,791,743,8.483,48.1441833,-2.0696267,45.26,32.59,40.57,54.39,76.6,7,3,,
2025-07-25T08:36:09.387+0200,872,783,9.426,4778.815,49.53,35.60,43.14,59.21,,-4.06,128.50,7.94,12.50,1020,90,27,,,58,,,,,,0,2025-07-25T08:36:08.000+0200,791,743,8.483,48.1441833,-2.0696267,45.26,32.59,40.57,54.39,76.6,7,3,,
2025-07-25T08:36:09.988+0200,872,783,9.435,4778.823,49.24,35.61,43.15,59.21,,-1.24,128.70,9.67,15.29,1245,90,27,,,58,,,,,,0,2025-07-25T08:36:09.000+0200,792,744,8.495,48.1442933,-2.0696083,41.30,32.60,40.57,54.39,76.9,6,3,,
2025-07-25T08:36:10.010+0200,872,783,9.435,4778.823,49.24,35.61,43.15,59.21,,-1.24,128.70,9.67,15.29,1245,90,27,,,58,,,,,,0,2025-07-25T08:36:09.000+0200,792,744,8.495,48.1442933,-2.0696083,41.30,32.60,40.57,54.39,76.9,6,3,,
2025-07-25T08:36:10.610+0200,873,784,9.444,4778.832,48.24,35.62,43.15,59.21,,0.67,128.70,10.33,16.60,1329,90,27,,,59,,,,,,0,2025-07-25T08:36:09.000+0200,792,744,8.495,48.1442933,-2.0696083,41.30,32.60,40.57,54.39,76.9,6,3,,
2025-07-25T08:36:10.631+0200,873,784,9.444,4778.832,48.24,35.62,43.15,59.21,,0.67,128.70,10.33,16.60,1329,90,27,,,59,,,,,,0,2025-07-25T08:36:09.000+0200,792,744,8.495,48.1442933,-2.0696083,41.30,32.60,40.57,54.39,76.9,6,3,,
2025-07-25T08:36:11.229+0200,873,784,9.452,4778.840,48.38,35.63,43.15,59.21,,2.13,128.59,24.76,39.70,3184,90,27,,,59,,,,,,0,2025-07-25T08:36:10.000+0200,793,745,8.506,48.1443867,-2.0696100,40.72,32.61,40.57,54.39,76.9,3,3,,
2025-07-25T08:36:11.253+0200,873,784,9.452,4778.840,48.38,35.63,43.15,59.21,,2.13,128.59,24.76,39.70,3184,90,27,,,59,,,,,,0,2025-07-25T08:36:10.000+0200,793,745,8.506,48.1443867,-2.0696100,40.72,32.61,40.57,54.39,76.9,3,3,,
2025-07-25T08:36:11.865+0200,874,785,9.460,4778.849,50.36,35.64,43.16,59.21,,3.95,128.30,21.36,33.20,2740,90,27,,,57,,,,,,0,2025-07-25T08:36:11.000+0200,794,746,8.517,48.1444900,-2.0696017,41.15,32.62,40.57,54.39,76.5,1,3,,
2025-07-25T08:36:11.888+0200,874,785,9.460,4778.849,50.36,35.64,43.16,59.21,,3.95,128.30,21.36,33.20,2740,90,27,,,57,,,,,,0,2025-07-25T08:36:11.000+0200,794,746,8.517,48.1444900,-2.0696017,41.15,32.62,40.57,54.39,76.5,1,3,,
2025-07-25T08:36:12.484+0200,875,786,9.469,4778.857,50.40,35.65,43.17,59.21,,-0.59,128.09,13.52,21.00,1732,90,27,,,57,,,,,,0,2025-07-25T08:36:11.000+0200,794,746,8.517,48.1444900,-2.0696017,41.15,32.62,40.57,54.39,76.5,1,3,,
2025-07-25T08:36:12.507+0200,875,786,9.469,4778.857,50.40,35.65,43.17,59.21,,-0.59,128.09,13.52,21.00,1732,90,27,,,57,,,,,,0,2025-07-25T08:36:11.000+0200,794,746,8.517,48.1444900,-2.0696017,41.15,32.62,40.57,54.39,76.5,1,3,,
2025-07-25T08:36:13.110+0200,875,786,9.478,4778.866,48.34,35.66,43.17,59.21,,-4.05,128.30,18.08,29.00,2320,90,27,,,58,,,,,,0,2025-07-25T08:36:12.000+0200,795,747,8.530,48.1446050,-2.0696333,40.69,32.63,40.57,54.39,76.3,352,3,,
2025-07-25T08:36:13.132+0200,875,786,9.478,4778.866,48.34,35.66,43.17,59.21,,-4.05,128.30,18.08,29.00,2320,90,27,,,58,,,,,,0,2025-07-25T08:36:12.000+0200,795,747,8.530,48.1446050,-2.0696333,40.69,32.63,40.57,54.39,76.3,352,3,,
2025-07-25T08:36:13.725+0200,876,787,9.486,4778.875,48.02,35.66,43.17,59.21,,-3.82,128.30,12.65,20.40,1623,90,27,,,59,,,,,,0,2025-07-25T08:36:13.000+0200,795,747,8.541,48.1447050,-2.0696483,42.44,32.64,40.57,54.39,76.6,354,3,,
2025-07-25T08:36:13.744+0200,876,787,9.486,4778.875,48.02,35.66,43.17,59.21,,-3.82,128.30,12.65,20.40,1623,90,27,,,59,,,,,,0,2025-07-25T08:36:13.000+0200,795,747,8.541,48.1447050,-2.0696483,42.44,32.64,40.57,54.39,76.6,354,3,,
2025-07-25T08:36:14.350+0200,876,787,9.495,4778.883,48.56,35.67,43.18,59.21,,-0.45,128.39,11.13,17.79,1429,90,27,,,58,,,,,,0,2025-07-25T08:36:13.000+0200,796,748,8.541,48.1447050,-2.0696483,42.44,32.64,40.57,54.39,76.6,354,3,,
2025-07-25T08:36:14.373+0200,876,788,9.495,4778.883,48.56,35.67,43.18,59.21,,-0.45,128.39,11.13,17.79,1429,90,27,,,58,,,,,,0,2025-07-25T08:36:13.000+0200,796,748,8.541,48.1447050,-2.0696483,42.44,32.64,40.57,54.39,76.6,354,3,,
2025-07-25T08:36:14.990+0200,877,788,9.503,4778.891,47.73,35.68,43.18,59.21,,1.45,128.50,8.88,14.40,1141,90,27,,,59,,,,,,0,2025-07-25T08:36:14.000+0200,797,749,8.553,48.1448083,-2.0696617,43.38,32.65,40.57,54.39,76.3,353,3,,
2025-07-25T08:36:15.014+0200,877,788,9.503,4778.891,47.73,35.68,43.18,59.21,,1.45,128.50,8.88,14.40,1141,90,27,,,59,,,,,,0,2025-07-25T08:36:14.000+0200,797,749,8.553,48.1448083,-2.0696617,43.38,32.65,40.57,54.39,76.3,353,3,,
2025-07-25T08:36:15.585+0200,878,789,9.512,4778.900,45.75,35.69,43.18,59.21,,-0.90,128.59,13.38,22.40,1721,90,27,,,61,,,,,,0,2025-07-25T08:36:14.000+0200,797,749,8.553,48.1448083,-2.0696617,43.38,32.65,40.57,54.39,76.3,353,3,,
2025-07-25T08:36:15.610+0200,878,789,9.512,4778.900,45.75,35.69,43.18,59.21,,-0.90,128.59,13.38,22.40,1721,90,27,,,61,,,,,,0,2025-07-25T08:36:14.000+0200,797,749,8.553,48.1448083,-2.0696617,43.38,32.65,40.57,54.39,76.3,353,3,,
2025-07-25T08:36:16.229+0200,878,789,9.520,4778.908,45.17,35.69,43.19,59.21,,-4.31,128.59,14.49,24.50,1863,90,27,,,61,,,,,,0,2025-07-25T08:36:15.000+0200,798,750,8.565,48.1449200,-2.0696900,41.36,32.66,40.58,54.39,76.3,351,3,,
2025-07-25T08:36:16.251+0200,878,789,9.520,4778.908,45.17,35.69,43.19,59.21,,-4.31,128.59,14.49,24.50,1863,90,27,,,61,,,,,,0,2025-07-25T08:36:15.000+0200,798,750,8.565,48.1449200,-2.0696900,41.36,32.66,40.58,54.39,76.3,351,3,,
2025-07-25T08:36:16.827+0200,879,790,9.528,4778.916,45.10,35.70,43.19,59.21,,-0.11,128.70,17.08,28.90,2198,90,27,,,61,,,,,,0,2025-07-25T08:36:16.000+0200,799,751,8.578,48.1450317,-2.0697050,44.43,32.67,40.58,54.39,76.2,356,3,,
2025-07-25T08:36:16.851+0200,879,790,9.528,4778.916,45.10,35.70,43.19,59.21,,-0.11,128.70,17.08,28.90,2198,90,27,,,61,,,,,,0,2025-07-25T08:36:16.000+0200,799,751,8.578,48.1450317,-2.0697050,44.43,32.67,40.58,54.39,76.2,356,3,,
2025-07-25T08:36:17.467+0200,880,791,9.535,4778.923,44.38,35.70,43.19,59.21,,-2.39,128.70,10.74,18.40,1382,90,27,,,62,,,,,,0,2025-07-25T08:36:16.000+0200,799,751,8.578,48.1450317,-2.0697050,44.43,32.67,40.58,54.39,76.2,356,3,,
2025-07-25T08:36:17.490+0200,880,791,9.535,4778.923,44.38,35.70,43.19,59.21,,-2.39,128.70,10.74,18.40,1382,90,27,,,62,,,,,,0,2025-07-25T08:36:16.000+0200,799,751,8.578,48.1450317,-2.0697050,44.43,32.67,40.58,54.39,76.2,356,3,,
2025-07-25T08:36:18.089+0200,880,791,9.543,4778.931,44.99,35.71,43.19,59.21,,-0.34,128.70,8.55,14.50,1100,90,27,,,61,,,,,,0,2025-07-25T08:36:17.000+0200,800,752,8.589,48.1451283,-2.0697250,41.29,32.68,40.58,54.39,75.8,352,3,,
2025-07-25T08:36:18.114+0200,880,791,9.543,4778.931,44.99,35.71,43.19,59.21,,-0.34,128.70,8.55,14.50,1100,90,27,,,61,,,,,,0,2025-07-25T08:36:17.000+0200,800,752,8.589,48.1451283,-2.0697250,41.29,32.68,40.58,54.39,75.8,352,3,,
2025-07-25T08:36:18.708+0200,881,792,9.551,4778.939,44.02,35.72,43.19,59.21,,0.56,128.70,11.89,20.50,1530,90,27,,,62,,,,,,0,2025-07-25T08:36:18.000+0200,800,752,8.599,48.1452233,-2.0697400,41.28,32.69,40.58,54.39,75.6,352,3,,
2025-07-25T08:36:18.732+0200,881,792,9.551,4778.939,44.02,35.72,43.19,59.21,,0.56,128.70,11.89,20.50,1530,90,27,,,62,,,,,,0,2025-07-25T08:36:18.000+0200,800,752,8.599,48.1452233,-2.0697400,41.28,32.69,40.58,54.39,75.6,352,3,,
2025-07-25T08:36:19.348+0200,881,792,9.559,4778.947,43.16,35.72,43.19,59.21,,-0.39,128.89,7.43,13.00,958,90,27,,,63,,,,,,0,2025-07-25T08:36:18.000+0200,801,753,8.599,48.1452233,-2.0697400,41.28,32.69,40.58,54.39,75.6,352,3,,
2025-07-25T08:36:19.372+0200,881,793,9.559,4778.947,43.16,35.72,43.19,59.21,,-0.39,128.89,7.43,13.00,958,90,27,,,63,,,,,,0,2025-07-25T08:36:18.000+0200,801,753,8.599,48.1452233,-2.0697400,41.28,32.69,40.58,54.39,75.6,352,3,,
2025-07-25T08:36:19.964+0200,882,793,9.566,4778.954,43.34,35.73,43.19,59.21,,0.83,129.00,4.35,7.60,561,90,27,,,63,,,,,,0,2025-07-25T08:36:19.000+0200,802,754,8.613,48.1453450,-2.0697483,41.27,32.70,40.58,54.39,76.2,353,3,,
2025-07-25T08:36:19.986+0200,882,793,9.566,4778.954,43.34,35.73,43.19,59.21,,0.83,129.00,4.35,7.60,561,90,27,,,63,,,,,,0,2025-07-25T08:36:19.000+0200,802,754,8.613,48.1453450,-2.0697483,41.27,32.70,40.58,54.39,76.2,353,3,,
2025-07-25T08:36:20.584+0200,883,794,9.574,4778.962,40.93,35.73,43.19,59.21,,-3.26,129.50,-4.03,-14.70,-522,90,26,,,65,,,,,,0,2025-07-25T08:36:19.000+0200,802,754,8.613,48.1453450,-2.0697483,41.27,32.70,40.58,54.39,76.2,353,3,,
2025-07-25T08:36:20.609+0200,883,794,9.574,4778.962,40.93,35.73,43.19,59.21,,-3.26,129.50,-4.03,-14.70,-522,90,26,,,65,,,,,,0,2025-07-25T08:36:19.000+0200,802,754,8.613,48.1453450,-2.0697483,41.27,32.70,40.58,54.39,76.2,353,3,,
2025-07-25T08:36:21.205+0200,883,794,9.581,4778.969,36.97,35.73,43.19,59.21,,-6.72,129.89,-2.62,-10.30,-340,91,27,,,69,,,,,,0,2025-07-25T08:36:20.000+0200,803,755,8.626,48.1454600,-2.0697467,37.23,32.71,40.58,54.39,76.8,353,3,,
2025-07-25T08:36:21.227+0200,883,794,9.581,4778.969,36.97,35.73,43.19,59.21,,-6.72,129.89,-2.62,-10.30,-340,91,27,,,69,,,,,,0,2025-07-25T08:36:20.000+0200,803,755,8.626,48.1454600,-2.0697467,37.23,32.71,40.58,54.39,76.8,353,3,,
2025-07-25T08:36:21.843+0200,884,795,9.588,4778.975,34.88,35.73,43.18,59.21,,-4.00,130.09,-1.97,-8.09,-256,91,26,,,70,,,,,,0,2025-07-25T08:36:21.000+0200,804,756,8.638,48.1455667,-2.0697633,33.36,32.71,40.57,54.39,77.7,352,2,,
2025-07-25T08:36:21.867+0200,884,795,9.588,4778.975,34.88,35.73,43.18,59.21,,-4.00,130.09,-1.97,-8.09,-256,91,26,,,70,,,,,,0,2025-07-25T08:36:21.000+0200,804,756,8.638,48.1455667,-2.0697633,33.36,32.71,40.57,54.39,77.7,352,2,,
2025-07-25T08:36:22.446+0200,885,796,9.594,4778.981,32.79,35.73,43.17,59.21,,-1.44,130.30,-1.12,-4.79,-146,91,26,,,72,,,,,,0,2025-07-25T08:36:21.000+0200,804,756,8.638,48.1455667,-2.0697633,33.36,32.71,40.57,54.39,77.7,352,2,,
2025-07-25T08:36:22.471+0200,885,796,9.594,4778.981,32.79,35.73,43.17,59.21,,-1.44,130.30,-1.12,-4.79,-146,91,26,,,72,,,,,,0,2025-07-25T08:36:21.000+0200,804,756,8.638,48.1455667,-2.0697633,33.36,32.71,40.57,54.39,77.7,352,2,,
2025-07-25T08:36:23.067+0200,885,796,9.600,4778.987,31.46,35.73,43.16,59.21,,-0.78,130.30,0.50,1.10,65,91,26,,,73,,,,,,0,2025-07-25T08:36:22.000+0200,805,757,8.649,48.1456667,-2.0697567,31.68,32.71,40.56,54.39,76.3,348,3,,
2025-07-25T08:36:23.092+0200,885,796,9.600,4778.987,31.46,35.73,43.16,59.21,,-0.78,130.30,0.50,1.10,65,91,26,,,73,,,,,,0,2025-07-25T08:36:22.000+0200,805,757,8.649,48.1456667,-2.0697567,31.68,32.71,40.56,54.39,76.3,348,3,,
2025-07-25T08:36:23.689+0200,886,797,9.605,4778.992,29.51,35.72,43.15,59.21,,-4.74,130.39,-2.65,-12.20,-346,91,26,,,75,,,,,,0,2025-07-25T08:36:23.000+0200,805,757,8.658,48.1457517,-2.0697683,31.55,32.70,40.55,54.39,76.9,359,3,,
2025-07-25T08:36:23.709+0200,886,797,9.605,4778.992,29.51,35.72,43.15,59.21,,-4.74,130.39,-2.65,-12.20,-346,91,26,,,75,,,,,,0,2025-07-25T08:36:23.000+0200,805,757,8.658,48.1457517,-2.0697683,31.55,32.70,40.55,54.39,76.9,359,3,,
2025-07-25T08:36:24.326+0200,886,797,9.611,4778.997,27.72,35.72,43.14,59.21,,-3.48,130.50,-2.96,-14.20,-386,91,26,,,77,,,,,,0,2025-07-25T08:36:23.000+0200,806,758,8.658,48.1457517,-2.0697683,31.55,32.70,40.55,54.39,76.9,359,3,,
2025-07-25T08:36:24.348+0200,886,797,9.611,4778.997,27.72,35.72,43.14,59.21,,-3.48,130.50,-2.96,-14.20,-386,91,26,,,77,,,,,,0,2025-07-25T08:36:23.000+0200,806,758,8.658,48.1457517,-2.0697683,31.55,32.70,40.55,54.39,76.9,359,3,,
2025-07-25T08:36:24.949+0200,887,798,9.616,4779.002,25.84,35.71,43.13,59.21,,-4.17,130.70,-6.41,-32.20,-838,91,26,,,78,,,,,,0,2025-07-25T08:36:24.000+0200,807,759,8.667,48.1458267,-2.0697700,27.17,32.70,40.53,54.39,76.9,360,2,,
2025-07-25T08:36:24.971+0200,887,798,9.616,4779.002,25.84,35.71,43.13,59.21,,-4.17,130.70,-6.41,-32.20,-838,91,26,,,78,,,,,,0,2025-07-25T08:36:24.000+0200,807,759,8.667,48.1458267,-2.0697700,27.17,32.70,40.53,54.39,76.9,360,2,,
2025-07-25T08:36:25.566+0200,888,799,9.621,4779.007,22.82,35.70,43.11,59.21,,-4.29,130.80,-5.11,-27.80,-668,91,26,,,81,,,,,,0,2025-07-25T08:36:24.000+0200,807,759,8.667,48.1458267,-2.0697700,27.17,32.70,40.53,54.39,76.9,360,2,,
2025-07-25T08:36:25.591+0200,888,799,9.621,4779.007,22.82,35.70,43.11,59.21,,-4.29,130.80,-5.11,-27.80,-668,91,26,,,81,,,,,,0,2025-07-25T08:36:24.000+0200,807,759,8.667,48.1458267,-2.0697700,27.17,32.70,40.53,54.39,76.9,360,2,,
2025-07-25T08:36:26.188+0200,888,799,9.625,4779.011,19.61,35.69,43.09,59.21,,-4.07,130.80,-3.71,-22.10,-485,91,26,,,83,,,,,,0,2025-07-25T08:36:25.000+0200,808,760,8.673,48.1458883,-2.0697750,22.64,32.69,40.51,54.39,76.5,353,2,,
2025-07-25T08:36:26.213+0200,888,799,9.625,4779.011,19.61,35.69,43.09,59.21,,-4.07,130.80,-3.71,-22.10,-485,91,26,,,83,,,,,,0,2025-07-25T08:36:25.000+0200,808,760,8.673,48.1458883,-2.0697750,22.64,32.69,40.51,54.39,76.5,353,2,,
2025-07-25T08:36:26.807+0200,889,800,9.628,4779.014,17.53,35.68,43.08,59.21,,-3.12,130.89,-2.82,-17.90,-369,91,26,,,85,,,,,,0,2025-07-25T08:36:26.000+0200,809,761,8.679,48.1459417,-2.0697683,17.99,32.67,40.48,54.39,76.4,7,2,,
2025-07-25T08:36:26.828+0200,889,800,9.628,4779.014,17.53,35.68,43.08,59.21,,-3.12,130.89,-2.82,-17.90,-369,91,26,,,85,,,,,,0,2025-07-25T08:36:26.000+0200,809,761,8.679,48.1459417,-2.0697683,17.99,32.67,40.48,54.39,76.4,7,2,,
2025-07-25T08:36:27.427+0200,890,801,9.631,4779.017,16.41,35.67,43.06,59.21,,-4.54,130.89,-1.29,-8.50,-169,91,26,,,86,,,,,,0,2025-07-25T08:36:26.000+0200,809,761,8.679,48.1459417,-2.0697683,17.99,32.67,40.48,54.39,76.4,7,2,,
2025-07-25T08:36:27.451+0200,890,801,9.631,4779.017,16.41,35.67,43.06,59.21,,-4.54,130.89,-1.29,-8.50,-169,91,26,,,86,,,,,,0,2025-07-25T08:36:26.000+0200,809,761,8.679,48.1459417,-2.0697683,17.99,32.67,40.48,54.39,76.4,7,2,,
2025-07-25T08:36:28.049+0200,890,801,9.634,4779.020,18.32,35.66,43.04,59.21,,5.76,130.70,3.87,12.00,506,92,26,,,85,,,,,,0,2025-07-25T08:36:27.000+0200,810,762,8.685,48.1459917,-2.0697450,17.31,32.66,40.45,54.39,76.7,25,2,,
2025-07-25T08:36:28.073+0200,890,801,9.634,4779.020,18.32,35.66,43.04,59.21,,5.76,130.70,3.87,12.00,506,92,26,,,85,,,,,,0,2025-07-25T08:36:27.000+0200,810,762,8.685,48.1459917,-2.0697450,17.31,32.66,40.45,54.39,76.7,25,2,,
2025-07-25T08:36:28.661+0200,891,802,9.637,4779.023,20.37,35.65,43.02,59.21,,5.51,130.50,6.39,18.60,834,92,26,,,83,,,,,,0,2025-07-25T08:36:28.000+0200,810,762,8.691,48.1460300,-2.0697000,16.36,32.64,40.41,54.39,77.2,48,2,,
2025-07-25T08:36:28.684+0200,891,802,9.637,4779.023,20.37,35.65,43.02,59.21,,5.51,130.50,6.39,18.60,834,92,26,,,83,,,,,,0,2025-07-25T08:36:28.000+0200,810,762,8.691,48.1460300,-2.0697000,16.36,32.64,40.41,54.39,77.2,48,2,,
2025-07-25T08:36:29.283+0200,891,802,9.641,4779.026,20.51,35.64,43.00,59.21,,0.12,130.30,10.94,31.70,1425,92,26,,,83,,,,,,0,2025-07-25T08:36:28.000+0200,811,763,8.691,48.1460300,-2.0697000,16.36,32.64,40.41,54.39,77.2,48,2,,
2025-07-25T08:36:29.301+0200,891,802,9.641,4779.026,20.51,35.64,43.00,59.21,,0.12,130.30,10.94,31.70,1425,92,26,,,83,,,,,,0,2025-07-25T08:36:28.000+0200,811,763,8.691,48.1460300,-2.0697000,16.36,32.64,40.41,54.39,77.2,48,2,,
2025-07-25T08:36:29.909+0200,892,803,9.644,4779.030,24.58,35.63,42.98,59.21,,6.26,130.09,10.38,26.90,1350,92,26,,,79,,,,,,0,2025-07-25T08:36:29.000+0200,812,764,8.696,48.1460483,-2.0696350,18.87,32.62,40.39,54.39,77.3,67,2,,
2025-07-25T08:36:29.931+0200,892,803,9.644,4779.030,24.58,35.63,42.98,59.21,,6.26,130.09,10.38,26.90,1350,92,26,,,79,,,,,,0,2025-07-25T08:36:29.000+0200,812,764,8.696,48.1460483,-2.0696350,18.87,32.62,40.39,54.39,77.3,67,2,,
2025-07-25T08:36:30.522+0200,893,804,9.648,4779.034,26.99,35.63,42.97,59.21,,5.50,129.80,13.32,32.50,1729,92,26,,,77,,,,,,0,2025-07-25T08:36:29.000+0200,812,764,8.696,48.1460483,-2.0696350,18.87,32.62,40.39,54.39,77.3,67,2,,
2025-07-25T08:36:30.545+0200,893,804,9.648,4779.034,26.99,35.63,42.97,59.21,,5.50,129.80,13.32,32.50,1729,92,26,,,77,,,,,,0,2025-07-25T08:36:29.000+0200,812,764,8.696,48.1460483,-2.0696350,18.87,32.62,40.39,54.39,77.3,67,2,,
2025-07-25T08:36:31.147+0200,893,804,9.653,4779.039,29.12,35.62,42.96,59.21,,1.46,129.70,10.65,24.70,1381,92,26,,,75,,,,,,0,2025-07-25T08:36:30.000+0200,813,765,8.702,48.1460583,-2.0695517,22.17,32.61,40.36,54.39,77.5,79,2,,
2025-07-25T08:36:31.170+0200,893,804,9.653,4779.039,29.12,35.62,42.96,59.21,,1.46,129.70,10.65,24.70,1381,92,26,,,75,,,,,,0,2025-07-25T08:36:30.000+0200,813,765,8.702,48.1460583,-2.0695517,22.17,32.61,40.36,54.39,77.5,79,2,,
2025-07-25T08:36:31.786+0200,894,805,9.658,4779.044,30.70,35.62,42.95,59.21,,1.91,129.70,5.72,12.79,742,92,26,,,74,,,,,,0,2025-07-25T08:36:31.000+0200,814,766,8.709,48.1460650,-2.0694550,27.58,32.61,40.35,54.39,77.7,84,2,,
2025-07-25T08:36:31.807+0200,894,805,9.658,4779.044,30.70,35.62,42.95,59.21,,1.91,129.70,5.72,12.79,742,92,26,,,74,,,,,,0,2025-07-25T08:36:31.000+0200,814,766,8.709,48.1460650,-2.0694550,27.58,32.61,40.35,54.39,77.7,84,2,,
2025-07-25T08:36:32.386+0200,895,806,9.663,4779.050,33.98,35.62,42.94,59.21,,7.83,129.59,6.33,13.20,820,92,26,,,71,,,,,,0,2025-07-25T08:36:31.000+0200,814,766,8.709,48.1460650,-2.0694550,27.58,32.61,40.35,54.39,77.7,84,2,,
2025-07-25T08:36:32.411+0200,895,806,9.663,4779.050,33.98,35.62,42.94,59.21,,7.83,129.59,6.33,13.20,820,92,26,,,71,,,,,,0,2025-07-25T08:36:31.000+0200,814,766,8.709,48.1460650,-2.0694550,27.58,32.61,40.35,54.39,77.7,84,2,,
2025-07-25T08:36:33.005+0200,895,806,9.668,4779.055,32.97,35.61,42.94,59.21,,0.34,129.70,8.22,17.50,1066,92,26,,,72,,,,,,0,2025-07-25T08:36:32.000+0200,815,767,8.718,48.1460567,-2.0693383,29.75,32.61,40.33,54.39,77.4,97,2,,
2025-07-25T08:36:33.029+0200,895,806,9.668,4779.055,32.97,35.61,42.94,59.21,,0.34,129.70,8.22,17.50,1066,92,26,,,72,,,,,,0,2025-07-25T08:36:32.000+0200,815,767,8.718,48.1460567,-2.0693383,29.75,32.61,40.33,54.39,77.4,97,2,,
2025-07-25T08:36:33.652+0200,896,807,9.674,4779.061,35.64,35.61,42.93,59.21,,6.45,129.59,17.92,36.09,2322,92,26,,,70,,,,,,0,2025-07-25T08:36:33.000+0200,815,767,8.727,48.1460417,-2.0692200,33.73,32.61,40.32,54.39,77.5,100,2,,
2025-07-25T08:36:33.676+0200,896,807,9.674,4779.061,35.64,35.61,42.93,59.21,,6.45,129.59,17.92,36.09,2322,92,26,,,70,,,,,,0,2025-07-25T08:36:33.000+0200,815,767,8.727,48.1460417,-2.0692200,33.73,32.61,40.32,54.39,77.5,100,2,,
2025-07-25T08:36:34.262+0200,896,807,9.680,4779.067,37.47,35.61,42.92,59.21,,6.43,129.39,14.97,29.09,1937,92,26,,,68,,,,,,0,2025-07-25T08:36:33.000+0200,816,768,8.727,48.1460417,-2.0692200,33.73,32.61,40.32,54.39,77.5,100,2,,
2025-07-25T08:36:34.285+0200,896,807,9.680,4779.067,37.47,35.61,42.92,59.21,,6.43,129.39,14.97,29.09,1937,92,26,,,68,,,,,,0,2025-07-25T08:36:33.000+0200,816,768,8.727,48.1460417,-2.0692200,33.73,32.61,40.32,54.39,77.5,100,2,,
2025-07-25T08:36:34.908+0200,897,808,9.687,4779.074,38.95,35.62,42.92,59.21,,0.48,129.30,9.37,17.69,1212,92,26,,,67,,,,,,0,2025-07-25T08:36:34.000+0200,817,769,8.736,48.1460300,-2.0690950,30.73,32.60,40.31,54.39,77.0,95,2,,
2025-07-25T08:36:34.933+0200,897,808,9.687,4779.074,38.95,35.62,42.92,59.21,,0.48,129.30,9.37,17.69,1212,92,26,,,67,,,,,,0,2025-07-25T08:36:34.000+0200,817,769,8.736,48.1460300,-2.0690950,30.73,32.60,40.31,54.39,77.0,95,2,,
2025-07-25T08:36:35.528+0200,898,809,9.693,4779.081,39.59,35.62,42.92,59.21,,-1.55,129.30,10.34,19.29,1337,92,26,,,66,,,,,,0,2025-07-25T08:36:34.000+0200,817,769,8.736,48.1460300,-2.0690950,30.73,32.60,40.31,54.39,77.0,95,2,,
2025-07-25T08:36:35.550+0200,898,809,9.693,4779.081,39.59,35.62,42.92,59.21,,-1.55,129.30,10.34,19.29,1337,92,26,,,66,,,,,,0,2025-07-25T08:36:34.000+0200,817,769,8.736,48.1460300,-2.0690950,30.73,32.60,40.31,54.39,77.0,95,2,,
2025-07-25T08:36:36.147+0200,898,809,9.700,4779.088,40.39,35.62,42.92,59.21,,-0.24,129.30,11.31,20.80,1462,92,26,,,66,,,,,,0,2025-07-25T08:36:35.000+0200,818,770,8.746,48.1460233,-2.0689617,33.46,32.61,40.30,54.39,76.1,96,2,,
2025-07-25T08:36:36.170+0200,898,809,9.700,4779.088,40.39,35.62,42.92,59.21,,-0.24,129.30,11.31,20.80,1462,92,26,,,66,,,,,,0,2025-07-25T08:36:35.000+0200,818,770,8.746,48.1460233,-2.0689617,33.46,32.61,40.30,54.39,76.1,96,2,,
2025-07-25T08:36:36.768+0200,899,810,9.707,4779.095,42.22,35.63,42.92,59.21,,-0.60,129.20,15.01,26.70,1939,92,26,,,64,,,,,,0,2025-07-25T08:36:36.000+0200,819,771,8.757,48.1460133,-2.0688150,38.45,32.61,40.30,54.39,75.4,95,2,,
2025-07-25T08:36:36.791+0200,899,810,9.707,4779.095,42.22,35.63,42.92,59.21,,-0.60,129.20,15.01,26.70,1939,92,26,,,64,,,,,,0,2025-07-25T08:36:36.000+0200,819,771,8.757,48.1460133,-2.0688150,38.45,32.61,40.30,54.39,75.4,95,2,,
2025-07-25T08:36:37.393+0200,900,811,9.714,4779.102,44.02,35.63,42.92,59.21,,2.92,129.20,10.90,18.79,1408,92,26,,,62,,,,,,0,2025-07-25T08:36:36.000+0200,819,771,8.757,48.1460133,-2.0688150,38.45,32.61,40.30,54.39,75.4,95,2,,
2025-07-25T08:36:37.418+0200,900,811,9.714,4779.102,44.02,35.63,42.92,59.21,,2.92,129.20,10.90,18.79,1408,92,26,,,62,,,,,,0,2025-07-25T08:36:36.000+0200,819,771,8.757,48.1460133,-2.0688150,38.45,32.61,40.30,54.39,75.4,95,2,,
2025-07-25T08:36:38.009+0200,900,811,9.722,4779.110,44.20,35.64,42.92,59.21,,-0.79,129.20,8.67,14.90,1120,92,26,,,62,,,,,,0,2025-07-25T08:36:37.000+0200,820,772,8.768,48.1460050,-2.0686667,37.56,32.62,40.30,54.39,74.7,93,2,,
2025-07-25T08:36:38.032+0200,900,811,9.722,4779.110,44.20,35.64,42.92,59.21,,-0.79,129.20,8.67,14.90,1120,92,26,,,62,,,,,,0,2025-07-25T08:36:37.000+0200,820,772,8.768,48.1460050,-2.0686667,37.56,32.62,40.30,54.39,74.7,93,2,,
2025-07-25T08:36:38.622+0200,901,812,9.730,4779.117,45.07,35.64,42.92,59.21,,1.79,129.30,9.03,15.29,1168,92,26,,,62,,,,,,0,2025-07-25T08:36:37.000+0200,820,772,8.768,48.1460050,-2.0686667,37.56,32.62,40.30,54.39,74.7,93,2,,
2025-07-25T08:36:38.644+0200,901,812,9.730,4779.117,45.07,35.64,42.92,59.21,,1.79,129.30,9.03,15.29,1168,92,26,,,62,,,,,,0,2025-07-25T08:36:37.000+0200,820,772,8.768,48.1460050,-2.0686667,37.56,32.62,40.30,54.39,74.7,93,2,,
2025-07-25T08:36:39.246+0200,901,812,9.737,4779.125,45.64,35.65,42.92,59.21,,2.37,129.39,11.92,20.00,1542,92,26,,,61,,,,,,0,2025-07-25T08:36:38.000+0200,821,773,8.780,48.1459983,-2.0685183,40.18,32.62,40.30,54.39,74.4,95,2,,
2025-07-25T08:36:39.271+0200,901,812,9.737,4779.125,45.64,35.65,42.92,59.21,,2.37,129.39,11.92,20.00,1542,92,26,,,61,,,,,,0,2025-07-25T08:36:38.000+0200,821,773,8.780,48.1459983,-2.0685183,40.18,32.62,40.30,54.39,74.4,95,2,,
2025-07-25T08:36:39.865+0200,902,813,9.745,4779.133,46.18,35.66,42.92,59.21,,-0.11,129.30,12.15,20.19,1571,92,26,,,61,,,,,,0,2025-07-25T08:36:39.000+0200,822,774,8.792,48.1459883,-2.0683467,41.89,32.63,40.30,54.39,73.6,94,2,,
2025-07-25T08:36:39.886+0200,902,813,9.745,4779.133,46.18,35.66,42.92,59.21,,-0.11,129.30,12.15,20.19,1571,92,26,,,61,,,,,,0,2025-07-25T08:36:39.000+0200,822,774,8.792,48.1459883,-2.0683467,41.89,32.63,40.30,54.39,73.6,94,2,,
2025-07-25T08:36:40.481+0200,903,814,9.753,4779.141,46.18,35.66,42.93,59.21,,-2.92,129.39,6.80,11.30,880,92,26,,,61,,,,,,0,2025-07-25T08:36:39.000+0200,822,774,8.792,48.1459883,-2.0683467,41.89,32.63,40.30,54.39,73.6,94,2,,
2025-07-25T08:36:40.503+0200,903,814,9.753,4779.141,46.18,35.66,42.93,59.21,,-2.92,129.39,6.80,11.30,880,92,26,,,61,,,,,,0,2025-07-25T08:36:39.000+0200,822,774,8.792,48.1459883,-2.0683467,41.89,32.63,40.30,54.39,73.6,94,2,,
2025-07-25T08:36:41.101+0200,903,814,9.761,4779.149,46.76,35.67,42.93,59.21,,2.25,129.50,4.73,7.80,613,92,26,,,60,,,,,,0,2025-07-25T08:36:40.000+0200,823,775,8.804,48.1459800,-2.0681950,44.71,32.65,40.30,54.39,73.0,94,2,,
2025-07-25T08:36:41.122+0200,903,814,9.761,4779.149,46.76,35.67,42.93,59.21,,2.25,129.50,4.73,7.80,613,92,26,,,60,,,,,,0,2025-07-25T08:36:40.000+0200,823,775,8.804,48.1459800,-2.0681950,44.71,32.65,40.30,54.39,73.0,94,2,,
2025-07-25T08:36:41.726+0200,904,815,9.769,4779.157,46.36,35.68,42.93,59.21,,1.35,129.59,5.79,9.59,750,92,26,,,61,,,,,,0,2025-07-25T08:36:41.000+0200,823,775,8.816,48.1459683,-2.0680300,41.40,32.66,40.30,54.39,72.3,93,2,,
2025-07-25T08:36:41.751+0200,904,815,9.769,4779.157,46.36,35.68,42.93,59.21,,1.35,129.59,5.79,9.59,750,92,26,,,61,,,,,,0,2025-07-25T08:36:41.000+0200,823,775,8.816,48.1459683,-2.0680300,41.40,32.66,40.30,54.39,72.3,93,2,,
2025-07-25T08:36:42.367+0200,904,815,9.777,4779.165,45.79,35.68,42.93,59.21,,-1.56,129.70,6.39,10.70,829,92,26,,,61,,,,,,0,2025-07-25T08:36:41.000+0200,824,776,8.816,48.1459683,-2.0680300,41.40,32.66,40.30,54.39,72.3,93,2,,
2025-07-25T08:36:42.390+0200,904,816,9.777,4779.165,45.79,35.68,42.93,59.21,,-1.56,129.70,6.39,10.70,829,92,26,,,61,,,,,,0,2025-07-25T08:36:41.000+0200,824,776,8.816,48.1459683,-2.0680300,41.40,32.66,40.30,54.39,72.3,93,2,,
2025-07-25T08:36:42.988+0200,905,816,9.785,4779.173,46.98,35.69,42.94,59.21,,2.52,129.70,10.73,17.60,1392,92,26,,,60,,,,,,0,2025-07-25T08:36:42.000+0200,825,777,8.828,48.1459600,-2.0678667,42.86,32.67,40.31,54.39,71.7,93,2,,
2025-07-25T08:36:43.007+0200,905,816,9.785,4779.173,46.98,35.69,42.94,59.21,,2.52,129.70,10.73,17.60,1392,92,26,,,60,,,,,,0,2025-07-25T08:36:42.000+0200,825,777,8.828,48.1459600,-2.0678667,42.86,32.67,40.31,54.39,71.7,93,2,,
2025-07-25T08:36:43.605+0200,906,817,9.793,4779.181,47.59,35.70,42.94,59.21,,1.47,129.59,7.57,12.30,981,92,26,,,60,,,,,,0,2025-07-25T08:36:42.000+0200,825,777,8.828,48.1459600,-2.0678667,42.86,32.67,40.31,54.39,71.7,93,2,,
2025-07-25T08:36:43.626+0200,906,817,9.793,4779.181,47.59,35.70,42.94,59.21,,1.47,129.59,7.57,12.30,981,92,26,,,60,,,,,,0,2025-07-25T08:36:42.000+0200,825,777,8.828,48.1459600,-2.0678667,42.86,32.67,40.31,54.39,71.7,93,2,,
2025-07-25T08:36:44.229+0200,906,817,9.801,4779.190,47.33,35.70,42.94,59.21,,0.24,129.50,8.09,13.20,1048,92,26,,,60,,,,,,0,2025-07-25T08:36:43.000+0200,826,778,8.840,48.1459550,-2.0677050,41.25,32.68,40.31,54.39,70.6,93,2,,
2025-07-25T08:36:44.258+0200,906,817,9.801,4779.190,47.33,35.70,42.94,59.21,,0.24,129.50,8.09,13.20,1048,92,26,,,60,,,,,,0,2025-07-25T08:36:43.000+0200,826,778,8.840,48.1459550,-2.0677050,41.25,32.68,40.31,54.39,70.6,93,2,,
2025-07-25T08:36:44.848+0200,907,818,9.810,4779.198,48.74,35.71,42.95,59.21,,1.92,129.39,15.30,24.40,1980,92,26,,,59,,,,,,0,2025-07-25T08:36:44.000+0200,827,779,8.852,48.1459467,-2.0675450,43.45,32.69,40.31,54.39,69.4,95,2,,
2025-07-25T08:36:44.866+0200,907,818,9.810,4779.198,48.74,35.71,42.95,59.21,,1.92,129.39,15.30,24.40,1980,92,26,,,59,,,,,,0,2025-07-25T08:36:44.000+0200,827,779,8.852,48.1459467,-2.0675450,43.45,32.69,40.31,54.39,69.4,95,2,,
2025-07-25T08:36:45.491+0200,908,819,9.818,4779.206,50.47,35.72,42.95,59.21,,1.32,129.39,6.76,10.50,875,92,26,,,57,,,,,,0,2025-07-25T08:36:44.000+0200,827,779,8.852,48.1459467,-2.0675450,43.45,32.69,40.31,54.39,69.4,95,2,,
2025-07-25T08:36:45.514+0200,908,819,9.818,4779.206,50.47,35.72,42.95,59.21,,1.32,129.39,6.76,10.50,875,92,26,,,57,,,,,,0,2025-07-25T08:36:44.000+0200,827,779,8.852,48.1459467,-2.0675450,43.45,32.69,40.31,54.39,69.4,95,2,,
2025-07-25T08:36:46.107+0200,908,819,9.827,4779.215,49.42,35.73,42.96,59.21,,0.58,129.39,11.35,17.90,1469,92,26,,,58,,,,,,0,2025-07-25T08:36:45.000+0200,828,780,8.865,48.1459367,-2.0673750,43.10,32.70,40.32,54.39,68.6,92,2,,
2025-07-25T08:36:46.131+0200,908,819,9.827,4779.215,49.42,35.73,42.96,59.21,,0.58,129.39,11.35,17.90,1469,92,26,,,58,,,,,,0,2025-07-25T08:36:45.000+0200,828,780,8.865,48.1459367,-2.0673750,43.10,32.70,40.32,54.39,68.6,92,2,,
2025-07-25T08:36:46.733+0200,909,820,9.835,4779.224,50.36,35.74,42.96,59.21,,2.04,129.30,11.26,17.50,1456,92,26,,,57,,,,,,0,2025-07-25T08:36:46.000+0200,828,780,8.877,48.1459300,-2.0672067,44.52,32.71,40.32,54.39,67.4,94,2,,
2025-07-25T08:36:46.757+0200,909,820,9.835,4779.224,50.36,35.74,42.96,59.21,,2.04,129.30,11.26,17.50,1456,92,26,,,57,,,,,,0,2025-07-25T08:36:46.000+0200,828,780,8.877,48.1459300,-2.0672067,44.52,32.71,40.32,54.39,67.4,94,2,,
2025-07-25T08:36:47.349+0200,909,820,9.844,4779.233,52.16,35.75,42.97,59.21,,2.80,129.20,8.66,13.10,1119,92,26,,,56,,,,,,0,2025-07-25T08:36:46.000+0200,829,781,8.877,48.1459300,-2.0672067,44.52,32.71,40.32,54.39,67.4,94,2,,
2025-07-25T08:36:47.372+0200,909,820,9.844,4779.233,52.16,35.75,42.97,59.21,,2.80,129.20,8.66,13.10,1119,92,26,,,56,,,,,,0,2025-07-25T08:36:46.000+0200,829,781,8.877,48.1459300,-2.0672067,44.52,32.71,40.32,54.39,67.4,94,2,,
2025-07-25T08:36:47.968+0200,910,821,9.853,4779.242,51.26,35.76,42.98,59.21,,-0.68,129.39,11.81,18.10,1528,92,26,,,56,,,,,,0,2025-07-25T08:36:47.000+0200,830,782,8.891,48.1459233,-2.0670300,45.87,32.72,40.33,54.39,66.2,91,2,,
2025-07-25T08:36:47.992+0200,910,821,9.853,4779.242,51.26,35.76,42.98,59.21,,-0.68,129.39,11.81,18.10,1528,92,26,,,56,,,,,,0,2025-07-25T08:36:47.000+0200,830,782,8.891,48.1459233,-2.0670300,45.87,32.72,40.33,54.39,66.2,91,2,,
2025-07-25T08:36:48.589+0200,911,822,9.862,4779.250,51.55,35.77,42.98,59.21,,0.79,129.30,8.39,12.79,1085,92,26,,,56,,,,,,0,2025-07-25T08:36:47.000+0200,830,782,8.891,48.1459233,-2.0670300,45.87,32.72,40.33,54.39,66.2,91,2,,
2025-07-25T08:36:48.615+0200,911,822,9.862,4779.250,51.55,35.77,42.98,59.21,,0.79,129.30,8.39,12.79,1085,92,26,,,56,,,,,,0,2025-07-25T08:36:47.000+0200,830,782,8.891,48.1459233,-2.0670300,45.87,32.72,40.33,54.39,66.2,91,2,,
2025-07-25T08:36:49.205+0200,911,822,9.871,4779.259,51.30,35.78,42.99,59.21,,0.00,129.39,10.38,15.90,1343,92,26,,,56,,,,,,0,2025-07-25T08:36:48.000+0200,831,783,8.904,48.1459100,-2.0668567,46.72,32.74,40.34,54.39,64.9,98,2,,
2025-07-25T08:36:49.228+0200,911,822,9.871,4779.259,51.30,35.78,42.99,59.21,,0.00,129.39,10.38,15.90,1343,92,26,,,56,,,,,,0,2025-07-25T08:36:48.000+0200,831,783,8.904,48.1459100,-2.0668567,46.72,32.74,40.34,54.39,64.9,98,2,,
2025-07-25T08:36:49.845+0200,912,823,9.880,4779.268,50.43,35.79,42.99,59.21,,-2.87,129.50,5.79,9.00,750,92,26,,,57,,,,,,0,2025-07-25T08:36:49.000+0200,832,784,8.917,48.1458850,-2.0666833,46.77,32.75,40.35,54.39,64.1,102,2,,
2025-07-25T08:36:49.871+0200,912,823,9.880,4779.268,50.43,35.79,42.99,59.21,,-2.87,129.50,5.79,9.00,750,92,26,,,57,,,,,,0,2025-07-25T08:36:49.000+0200,832,784,8.917,48.1458850,-2.0666833,46.77,32.75,40.35,54.39,64.1,102,2,,
2025-07-25T08:36:50.468+0200,913,824,9.889,4779.277,50.14,35.80,43.00,59.21,,-3.24,129.59,5.90,9.20,765,92,26,,,57,,,,,,0,2025-07-25T08:36:49.000+0200,832,784,8.917,48.1458850,-2.0666833,46.77,32.75,40.35,54.39,64.1,102,2,,
2025-07-25T08:36:50.491+0200,913,824,9.889,4779.277,50.14,35.80,43.00,59.21,,-3.24,129.59,5.90,9.20,765,92,26,,,57,,,,,,0,2025-07-25T08:36:49.000+0200,832,784,8.917,48.1458850,-2.0666833,46.77,32.75,40.35,54.39,64.1,102,2,,
2025-07-25T08:36:51.085+0200,913,824,9.898,4779.286,50.03,35.81,43.01,59.21,,-3.45,129.50,12.93,20.19,1674,92,26,,,57,,,,,,0,2025-07-25T08:36:50.000+0200,833,785,8.930,48.1458533,-2.0665083,47.56,32.77,40.35,54.39,63.4,105,2,,
2025-07-25T08:36:51.108+0200,913,824,9.898,4779.286,50.03,35.81,43.01,59.21,,-3.45,129.50,12.93,20.19,1674,92,26,,,57,,,,,,0,2025-07-25T08:36:50.000+0200,833,785,8.930,48.1458533,-2.0665083,47.56,32.77,40.35,54.39,63.4,105,2,,
2025-07-25T08:36:51.707+0200,914,825,9.906,4779.295,50.58,35.82,43.01,59.21,,-0.36,129.50,8.33,12.90,1079,92,26,,,57,,,,,,0,2025-07-25T08:36:51.000+0200,833,785,8.943,48.1458167,-2.0663400,47.61,32.78,40.36,54.39,63.2,113,2,,
2025-07-25T08:36:51.730+0200,914,825,9.906,4779.295,50.58,35.82,43.01,59.21,,-0.36,129.50,8.33,12.90,1079,92,26,,,57,,,,,,0,2025-07-25T08:36:51.000+0200,833,785,8.943,48.1458167,-2.0663400,47.61,32.78,40.36,54.39,63.2,113,2,,
2025-07-25T08:36:52.326+0200,914,825,9.915,4779.303,50.58,35.83,43.02,59.21,,-1.32,129.50,5.81,9.00,752,92,26,,,57,,,,,,0,2025-07-25T08:36:51.000+0200,834,786,8.943,48.1458167,-2.0663400,47.61,32.78,40.36,54.39,63.2,113,2,,
2025-07-25T08:36:52.350+0200,914,825,9.915,4779.303,50.58,35.83,43.02,59.21,,-1.32,129.50,5.81,9.00,752,92,26,,,57,,,,,,0,2025-07-25T08:36:51.000+0200,834,786,8.943,48.1458167,-2.0663400,47.61,32.78,40.36,54.39,63.2,113,2,,
2025-07-25T08:36:52.949+0200,915,826,9.924,4779.312,51.12,35.83,43.02,59.21,,1.80,129.39,22.85,35.09,2957,92,26,,,56,,,,,,0,2025-07-25T08:36:52.000+0200,835,787,8.956,48.1457733,-2.0661883,46.01,32.80,40.37,54.39,62.4,119,2,,
2025-07-25T08:36:52.972+0200,915,826,9.924,4779.312,51.12,35.83,43.02,59.21,,1.80,129.39,22.85,35.09,2957,92,26,,,56,,,,,,0,2025-07-25T08:36:52.000+0200,835,787,8.956,48.1457733,-2.0661883,46.01,32.80,40.37,54.39,62.4,119,2,,
2025-07-25T08:36:53.563+0200,916,827,9.933,4779.321,51.22,35.84,43.03,59.21,,3.59,129.30,7.50,11.50,970,93,26,,,56,,,,,,0,2025-07-25T08:36:52.000+0200,835,787,8.956,48.1457733,-2.0661883,46.01,32.80,40.37,54.39,62.4,119,2,,
2025-07-25T08:36:53.584+0200,916,827,9.933,4779.321,51.22,35.84,43.03,59.21,,3.59,129.30,7.50,11.50,970,93,26,,,56,,,,,,0,2025-07-25T08:36:52.000+0200,835,787,8.956,48.1457733,-2.0661883,46.01,32.80,40.37,54.39,62.4,119,2,,
2025-07-25T08:36:54.181+0200,916,827,9.941,4779.330,51.08,35.85,43.04,59.21,,1.46,129.30,6.50,10.00,840,93,26,,,56,,,,,,0,2025-07-25T08:36:53.000+0200,836,788,8.968,48.1457200,-2.0660417,45.64,32.81,40.38,54.39,61.6,120,2,,
2025-07-25T08:36:54.202+0200,916,827,9.941,4779.330,51.08,35.85,43.04,59.21,,1.46,129.30,6.50,10.00,840,93,26,,,56,,,,,,0,2025-07-25T08:36:53.000+0200,836,788,8.968,48.1457200,-2.0660417,45.64,32.81,40.38,54.39,61.6,120,2,,
2025-07-25T08:36:54.804+0200,917,828,9.950,4779.339,49.89,35.86,43.04,59.21,,1.12,129.30,16.35,25.59,2114,93,26,,,57,,,,,,0,2025-07-25T08:36:54.000+0200,837,789,8.981,48.1456600,-2.0659000,45.62,32.82,40.38,54.39,61.1,120,2,,
2025-07-25T08:36:54.824+0200,917,828,9.950,4779.339,49.89,35.86,43.04,59.21,,1.12,129.30,16.35,25.59,2114,93,26,,,57,,,,,,0,2025-07-25T08:36:54.000+0200,837,789,8.981,48.1456600,-2.0659000,45.62,32.82,40.38,54.39,61.1,120,2,,
2025-07-25T08:36:55.426+0200,918,829,9.959,4779.347,51.26,35.87,43.05,59.21,,3.58,129.20,19.70,30.20,2545,93,26,,,56,,,,,,0,2025-07-25T08:36:54.000+0200,837,789,8.981,48.1456600,-2.0659000,45.62,32.82,40.38,54.39,61.1,120,2,,
2025-07-25T08:36:55.450+0200,918,829,9.959,4779.347,51.26,35.87,43.05,59.21,,3.58,129.20,19.70,30.20,2545,93,26,,,56,,,,,,0,2025-07-25T08:36:54.000+0200,837,789,8.981,48.1456600,-2.0659000,45.62,32.82,40.38,54.39,61.1,120,2,,
2025-07-25T08:36:56.066+0200,918,829,9.968,4779.356,51.26,35.88,43.05,59.21,,0.00,129.09,7.83,12.00,1011,93,26,,,56,,,,,,0,2025-07-25T08:36:55.000+0200,838,790,8.993,48.1455950,-2.0657650,44.59,32.84,40.39,54.39,60.6,127,2,,
2025-07-25T08:36:56.089+0200,918,829,9.968,4779.356,51.26,35.88,43.05,59.21,,0.00,129.09,7.83,12.00,1011,93,26,,,56,,,,,,0,2025-07-25T08:36:55.000+0200,838,790,8.993,48.1455950,-2.0657650,44.59,32.84,40.39,54.39,60.6,127,2,,
2025-07-25T08:36:56.683+0200,919,830,9.977,4779.365,51.08,35.89,43.06,59.21,,-0.34,129.20,13.08,20.10,1690,93,26,,,56,,,,,,0,2025-07-25T08:36:56.000+0200,838,790,9.006,48.1455167,-2.0656333,49.22,32.85,40.40,54.39,60.7,133,2,,
2025-07-25T08:36:56.706+0200,919,830,9.977,4779.365,51.08,35.89,43.06,59.21,,-0.34,129.20,13.08,20.10,1690,93,26,,,56,,,,,,0,2025-07-25T08:36:56.000+0200,838,790,9.006,48.1455167,-2.0656333,49.22,32.85,40.40,54.39,60.7,133,2,,
2025-07-25T08:36:57.308+0200,919,830,9.985,4779.374,50.58,35.90,43.06,59.21,,-1.91,129.20,8.97,13.90,1159,93,26,,,57,,,,,,0,2025-07-25T08:36:56.000+0200,839,791,9.006,48.1455167,-2.0656333,49.22,32.85,40.40,54.39,60.7,133,2,,
2025-07-25T08:36:57.333+0200,919,830,9.985,4779.374,50.58,35.90,43.06,59.21,,-1.91,129.20,8.97,13.90,1159,93,26,,,57,,,,,,0,2025-07-25T08:36:56.000+0200,839,791,9.006,48.1455167,-2.0656333,49.22,32.85,40.40,54.39,60.7,133,2,,
2025-07-25T08:36:57.927+0200,920,831,9.994,4779.383,51.26,35.91,43.07,59.21,,2.47,128.89,30.02,46.00,3869,93,26,,,56,,,,,,0,2025-07-25T08:36:57.000+0200,840,792,9.019,48.1454367,-2.0655100,45.18,32.86,40.41,54.39,60.0,133,2,,
2025-07-25T08:36:57.949+0200,920,831,9.994,4779.383,51.26,35.91,43.07,59.21,,2.47,128.89,30.02,46.00,3869,93,26,,,56,,,,,,0,2025-07-25T08:36:57.000+0200,840,792,9.019,48.1454367,-2.0655100,45.18,32.86,40.41,54.39,60.0,133,2,,
2025-07-25T08:36:58.541+0200,921,832,10.003,4779.392,54.50,35.92,43.08,59.21,,4.60,128.30,31.99,46.70,4104,92,26,,,53,,,,,,0,2025-07-25T08:36:57.000+0200,840,792,9.019,48.1454367,-2.0655100,45.18,32.86,40.41,54.39,60.0,133,2,,
2025-07-25T08:36:58.565+0200,921,832,10.003,4779.392,54.50,35.92,43.08,59.21,,4.60,128.30,31.99,46.70,4104,92,26,,,53,,,,,,0,2025-07-25T08:36:57.000+0200,840,792,9.019,48.1454367,-2.0655100,45.18,32.86,40.41,54.39,60.0,133,2,,
2025-07-25T08:36:59.183+0200,921,832,10.012,4779.401,56.05,35.93,43.09,59.21,,2.40,128.20,5.25,7.50,673,92,26,,,52,,,,,,0,2025-07-25T08:36:58.000+0200,841,793,9.032,48.1453517,-2.0653833,46.59,32.88,40.41,54.39,59.3,134,2,,
2025-07-25T08:36:59.207+0200,921,832,10.012,4779.401,56.05,35.93,43.09,59.21,,2.40,128.20,5.25,7.50,673,92,26,,,52,,,,,,0,2025-07-25T08:36:58.000+0200,841,793,9.032,48.1453517,-2.0653833,46.59,32.88,40.41,54.39,59.3,134,2,,
2025-07-25T08:36:59.786+0200,922,833,10.022,4779.411,54.93,35.94,43.10,59.21,,2.81,128.59,15.64,22.70,2011,92,26,,,53,,,,,,0,2025-07-25T08:36:59.000+0200,842,794,9.046,48.1452650,-2.0652517,45.45,32.89,40.42,54.39,58.9,132,2,,
2025-07-25T08:36:59.807+0200,922,833,10.022,4779.411,54.93,35.94,43.10,59.21,,2.81,128.59,15.64,22.70,2011,92,26,,,53,,,,,,0,2025-07-25T08:36:59.000+0200,842,794,9.046,48.1452650,-2.0652517,45.45,32.89,40.42,54.39,58.9,132,2,,
2025-07-25T08:37:00.428+0200,923,834,10.031,4779.420,53.42,35.96,43.10,59.21,,-1.47,128.80,11.73,17.40,1511,92,26,,,54,,,,,,0,2025-07-25T08:36:59.000+0200,842,794,9.046,48.1452650,-2.0652517,45.45,32.89,40.42,54.39,58.9,132,2,,
2025-07-25T08:37:00.447+0200,923,834,10.031,4779.420,53.42,35.96,43.10,59.21,,-1.47,128.80,11.73,17.40,1511,92,26,,,54,,,,,,0,2025-07-25T08:36:59.000+0200,842,794,9.046,48.1452650,-2.0652517,45.45,32.89,40.42,54.39,58.9,132,2,,
2025-07-25T08:37:01.045+0200,923,834,10.041,4779.429,53.35,35.97,43.11,59.21,,0.00,129.00,10.10,15.00,1303,92,26,,,54,,,,,,0,2025-07-25T08:37:00.000+0200,843,795,9.059,48.1451817,-2.0651200,49.87,32.91,40.43,54.39,58.2,134,2,,
2025-07-25T08:37:01.067+0200,923,834,10.041,4779.429,53.35,35.97,43.11,59.21,,0.00,129.00,10.10,15.00,1303,92,26,,,54,,,,,,0,2025-07-25T08:37:00.000+0200,843,795,9.059,48.1451817,-2.0651200,49.87,32.91,40.43,54.39,58.2,134,2,,
2025-07-25T08:37:01.666+0200,924,835,10.050,4779.439,52.30,35.98,43.12,59.21,,-1.44,129.20,7.95,12.00,1027,92,26,,,55,,,,,,0,2025-07-25T08:37:01.000+0200,843,795,9.072,48.1451083,-2.0649850,46.45,32.92,40.44,54.39,57.2,131,2,,
2025-07-25T08:37:01.688+0200,924,835,10.050,4779.439,52.30,35.98,43.12,59.21,,-1.44,129.20,7.95,12.00,1027,92,26,,,55,,,,,,0,2025-07-25T08:37:01.000+0200,843,795,9.072,48.1451083,-2.0649850,46.45,32.92,40.44,54.39,57.2,131,2,,
2025-07-25T08:37:02.284+0200,924,835,10.059,4779.448,53.17,35.99,43.13,59.21,,1.57,129.20,3.42,5.10,442,92,26,,,55,,,,,,0,2025-07-25T08:37:01.000+0200,844,796,9.072,48.1451083,-2.0649850,46.45,32.92,40.44,54.39,57.2,131,2,,
2025-07-25T08:37:02.305+0200,924,835,10.059,4779.448,53.17,35.99,43.13,59.21,,1.57,129.20,3.42,5.10,442,92,26,,,55,,,,,,0,2025-07-25T08:37:01.000+0200,844,796,9.072,48.1451083,-2.0649850,46.45,32.92,40.44,54.39,57.2,131,2,,
2025-07-25T08:37:02.907+0200,925,836,10.068,4779.457,52.23,36.00,43.13,59.21,,1.01,129.30,10.39,15.70,1343,92,26,,,55,,,,,,0,2025-07-25T08:37:02.000+0200,845,797,9.086,48.1450367,-2.0648433,49.06,32.94,40.45,54.39,56.5,128,2,,
2025-07-25T08:37:02.928+0200,925,836,10.068,4779.457,52.23,36.00,43.13,59.21,,1.01,129.30,10.39,15.70,1343,92,26,,,55,,,,,,0,2025-07-25T08:37:02.000+0200,845,797,9.086,48.1450367,-2.0648433,49.06,32.94,40.45,54.39,56.5,128,2,,
2025-07-25T08:37:03.524+0200,926,837,10.078,4779.466,53.02,36.01,43.14,59.21,,4.84,129.20,15.81,23.60,2043,92,26,,,55,,,,,,0,2025-07-25T08:37:02.000+0200,845,797,9.086,48.1450367,-2.0648433,49.06,32.94,40.45,54.39,56.5,128,2,,
2025-07-25T08:37:03.545+0200,926,837,10.078,4779.466,53.02,36.01,43.14,59.21,,4.84,129.20,15.81,23.60,2043,92,26,,,55,,,,,,0,2025-07-25T08:37:02.000+0200,845,797,9.086,48.1450367,-2.0648433,49.06,32.94,40.45,54.39,56.5,128,2,,
2025-07-25T08:37:04.144+0200,926,837,10.087,4779.475,54.57,36.02,43.15,59.21,,4.04,129.00,24.68,36.00,3184,92,26,,,53,,,,,,0,2025-07-25T08:37:03.000+0200,846,798,9.099,48.1449717,-2.0646967,47.86,32.95,40.46,54.39,55.8,124,2,,
2025-07-25T08:37:04.168+0200,926,837,10.087,4779.475,54.57,36.02,43.15,59.21,,4.04,129.00,24.68,36.00,3184,92,26,,,53,,,,,,0,2025-07-25T08:37:03.000+0200,846,798,9.099,48.1449717,-2.0646967,47.86,32.95,40.46,54.39,55.8,124,2,,
2025-07-25T08:37:04.787+0200,927,838,10.096,4779.485,55.33,36.03,43.16,59.21,,4.16,128.70,20.45,29.50,2632,92,26,,,53,,,,,,0,2025-07-25T08:37:04.000+0200,847,799,9.112,48.1449100,-2.0645400,48.68,32.97,40.47,54.39,55.2,120,2,,
2025-07-25T08:37:04.810+0200,927,838,10.096,4779.485,55.33,36.03,43.16,59.21,,4.16,128.70,20.45,29.50,2632,92,26,,,53,,,,,,0,2025-07-25T08:37:04.000+0200,847,799,9.112,48.1449100,-2.0645400,48.68,32.97,40.47,54.39,55.2,120,2,,
2025-07-25T08:37:05.407+0200,928,839,10.106,4779.494,54.10,36.04,43.16,59.21,,-0.11,128.89,8.17,12.00,1053,92,26,,,54,,,,,,0,2025-07-25T08:37:04.000+0200,847,799,9.112,48.1449100,-2.0645400,48.68,32.97,40.47,54.39,55.2,120,2,,
2025-07-25T08:37:05.429+0200,928,839,10.106,4779.494,54.10,36.04,43.16,59.21,,-0.11,128.89,8.17,12.00,1053,92,26,,,54,,,,,,0,2025-07-25T08:37:04.000+0200,847,799,9.112,48.1449100,-2.0645400,48.68,32.97,40.47,54.39,55.2,120,2,,
2025-07-25T08:37:06.030+0200,928,839,10.115,4779.504,54.43,36.05,43.17,59.21,,3.04,129.00,6.98,10.20,900,92,26,,,54,,,,,,0,2025-07-25T08:37:05.000+0200,848,800,9.126,48.1448533,-2.0643733,49.01,32.99,40.48,54.39,54.5,115,2,,
2025-07-25T08:37:06.053+0200,928,839,10.115,4779.504,54.43,36.05,43.17,59.21,,3.04,129.00,6.98,10.20,900,92,26,,,54,,,,,,0,2025-07-25T08:37:05.000+0200,848,800,9.126,48.1448533,-2.0643733,49.01,32.99,40.48,54.39,54.5,115,2,,
2025-07-25T08:37:06.648+0200,929,840,10.124,4779.513,54.39,36.06,43.18,59.21,,1.91,128.89,13.54,19.79,1745,92,26,,,54,,,,,,0,2025-07-25T08:37:05.000+0200,848,800,9.126,48.1448533,-2.0643733,49.01,32.99,40.48,54.39,54.5,115,2,,
2025-07-25T08:37:06.672+0200,929,840,10.124,4779.513,54.39,36.06,43.18,59.21,,1.91,128.89,13.54,19.79,1745,92,26,,,54,,,,,,0,2025-07-25T08:37:06.000+0200,848,800,9.140,48.1447983,-2.0642000,49.66,33.00,40.49,54.39,54.7,110,2,,
2025-07-25T08:37:07.289+0200,929,840,10.134,4779.522,55.36,36.07,43.19,59.21,,0.48,128.80,12.48,18.00,1607,92,26,,,53,,,,,,0,2025-07-25T08:37:06.000+0200,849,801,9.140,48.1447983,-2.0642000,49.66,33.00,40.49,54.39,54.7,110,2,,
2025-07-25T08:37:07.306+0200,929,840,10.134,4779.522,55.36,36.07,43.19,59.21,,0.48,128.80,12.48,18.00,1607,92,26,,,53,,,,,,0,2025-07-25T08:37:06.000+0200,849,801,9.140,48.1447983,-2.0642000,49.66,33.00,40.49,54.39,54.7,110,2,,
2025-07-25T08:37:07.902+0200,930,841,10.143,4779.532,55.29,36.09,43.20,59.21,,2.64,128.80,9.21,13.29,1186,92,26,,,53,,,,,,0,2025-07-25T08:37:07.000+0200,850,802,9.154,48.1447567,-2.0640233,49.73,33.02,40.50,54.39,54.4,107,2,,
2025-07-25T08:37:07.924+0200,930,841,10.143,4779.532,55.29,36.09,43.20,59.21,,2.64,128.80,9.21,13.29,1186,92,26,,,53,,,,,,0,2025-07-25T08:37:07.000+0200,850,802,9.154,48.1447567,-2.0640233,49.73,33.02,40.50,54.39,54.4,107,2,,
2025-07-25T08:37:08.523+0200,931,842,10.153,4779.542,54.14,36.10,43.21,59.21,,-4.07,128.89,8.04,11.80,1036,92,26,,,54,,,,,,0,2025-07-25T08:37:07.000+0200,850,802,9.154,48.1447567,-2.0640233,49.73,33.02,40.50,54.39,54.4,107,2,,
2025-07-25T08:37:08.548+0200,931,842,10.153,4779.542,54.14,36.10,43.21,59.21,,-4.07,128.89,8.04,11.80,1036,92,26,,,54,,,,,,0,2025-07-25T08:37:07.000+0200,850,802,9.154,48.1447567,-2.0640233,49.73,33.02,40.50,54.39,54.4,107,2,,
2025-07-25T08:37:09.147+0200,931,842,10.162,4779.551,54.28,36.11,43.21,59.21,,1.20,129.00,6.76,9.89,872,92,26,,,54,,,,,,0,2025-07-25T08:37:08.000+0200,851,803,9.169,48.1447200,-2.0638400,49.97,33.04,40.52,54.39,54.5,105,2,,
2025-07-25T08:37:09.170+0200,931,842,10.162,4779.551,54.28,36.11,43.21,59.21,,1.20,129.00,6.76,9.89,872,92,26,,,54,,,,,,0,2025-07-25T08:37:08.000+0200,851,803,9.169,48.1447200,-2.0638400,49.97,33.04,40.52,54.39,54.5,105,2,,
2025-07-25T08:37:09.786+0200,932,843,10.172,4779.561,53.35,36.12,43.22,59.21,,0.00,129.20,12.46,18.50,1610,92,26,,,55,,,,,,0,2025-07-25T08:37:09.000+0200,852,804,9.183,48.1446900,-2.0636567,50.11,33.06,40.53,54.39,54.5,101,2,,
2025-07-25T08:37:09.808+0200,932,843,10.172,4779.561,53.35,36.12,43.22,59.21,,0.00,129.20,12.46,18.50,1610,92,26,,,55,,,,,,0,2025-07-25T08:37:09.000+0200,852,804,9.183,48.1446900,-2.0636567,50.11,33.06,40.53,54.39,54.5,101,2,,
2025-07-25T08:37:10.420+0200,933,844,10.181,4779.570,53.38,36.13,43.23,59.21,,-0.12,129.00,13.67,20.29,1763,92,26,,,54,,,,,,0,2025-07-25T08:37:09.000+0200,852,804,9.183,48.1446900,-2.0636567,50.11,33.06,40.53,54.39,54.5,101,2,,
2025-07-25T08:37:10.445+0200,933,844,10.181,4779.570,53.38,36.13,43.23,59.21,,-0.12,129.00,13.67,20.29,1763,92,26,,,54,,,,,,0,2025-07-25T08:37:09.000+0200,852,804,9.183,48.1446900,-2.0636567,50.11,33.06,40.53,54.39,54.5,101,2,,
2025-07-25T08:37:11.031+0200,933,844,10.191,4779.579,53.99,36.14,43.24,59.21,,-3.59,128.59,31.41,46.20,4039,92,26,,,54,,,,,,0,2025-07-25T08:37:10.000+0200,853,805,9.196,48.1446650,-2.0634800,47.87,33.07,40.54,54.39,54.7,101,2,,
2025-07-25T08:37:11.051+0200,933,844,10.191,4779.579,53.99,36.14,43.24,59.21,,-3.59,128.59,31.41,46.20,4039,92,26,,,54,,,,,,0,2025-07-25T08:37:10.000+0200,853,805,9.196,48.1446650,-2.0634800,47.87,33.07,40.54,54.39,54.7,101,2,,
2025-07-25T08:37:11.655+0200,934,845,10.200,4779.589,55.47,36.15,43.25,59.21,,0.72,128.30,19.52,28.09,2504,92,26,,,52,,,,,,0,2025-07-25T08:37:11.000+0200,853,805,9.210,48.1446417,-2.0633000,49.06,33.09,40.55,54.39,54.4,102,2,,
2025-07-25T08:37:11.671+0200,934,845,10.200,4779.589,55.47,36.15,43.25,59.21,,0.72,128.30,19.52,28.09,2504,92,26,,,52,,,,,,0,2025-07-25T08:37:11.000+0200,853,805,9.210,48.1446417,-2.0633000,49.06,33.09,40.55,54.39,54.4,102,2,,
2025-07-25T08:37:12.266+0200,934,845,10.210,4779.599,55.26,36.17,43.26,59.21,,0.00,128.20,19.18,27.70,2459,92,26,,,53,,,,,,0,2025-07-25T08:37:11.000+0200,854,806,9.210,48.1446417,-2.0633000,49.06,33.09,40.55,54.39,54.4,102,2,,
2025-07-25T08:37:12.290+0200,934,845,10.210,4779.599,55.26,36.17,43.26,59.21,,0.00,128.20,19.18,27.70,2459,92,26,,,53,,,,,,0,2025-07-25T08:37:11.000+0200,854,806,9.210,48.1446417,-2.0633000,49.06,33.09,40.55,54.39,54.4,102,2,,
2025-07-25T08:37:12.889+0200,935,846,10.219,4779.608,53.99,36.18,43.26,59.21,,-4.28,128.39,9.92,14.60,1274,92,26,,,54,,,,,,0,2025-07-25T08:37:12.000+0200,855,807,9.224,48.1446117,-2.0631183,48.52,33.10,40.56,54.39,54.9,102,2,,
2025-07-25T08:37:12.914+0200,935,846,10.219,4779.608,53.99,36.18,43.26,59.21,,-4.28,128.39,9.92,14.60,1274,92,26,,,54,,,,,,0,2025-07-25T08:37:12.000+0200,855,807,9.224,48.1446117,-2.0631183,48.52,33.10,40.56,54.39,54.9,102,2,,
2025-07-25T08:37:13.510+0200,936,847,10.229,4779.618,53.81,36.19,43.27,59.21,,-1.58,128.39,17.70,26.09,2273,92,26,,,54,,,,,,0,2025-07-25T08:37:12.000+0200,855,807,9.224,48.1446117,-2.0631183,48.52,33.10,40.56,54.39,54.9,102,2,,
2025-07-25T08:37:13.534+0200,936,847,10.229,4779.618,53.81,36.19,43.27,59.21,,-1.58,128.39,17.70,26.09,2273,92,26,,,54,,,,,,0,2025-07-25T08:37:12.000+0200,855,807,9.224,48.1446117,-2.0631183,48.52,33.10,40.56,54.39,54.9,102,2,,
2025-07-25T08:37:14.130+0200,936,847,10.238,4779.627,53.89,36.20,43.28,59.21,,1.13,128.20,35.43,52.19,4542,92,26,,,54,,,,,,0,2025-07-25T08:37:13.000+0200,856,808,9.237,48.1445850,-2.0629433,50.11,33.12,40.57,54.39,54.8,103,2,,
2025-07-25T08:37:14.155+0200,936,847,10.238,4779.627,53.89,36.20,43.28,59.21,,1.13,128.20,35.43,52.19,4542,92,26,,,54,,,,,,0,2025-07-25T08:37:13.000+0200,856,808,9.237,48.1445850,-2.0629433,50.11,33.12,40.57,54.39,54.8,103,2,,
2025-07-25T08:37:14.748+0200,937,848,10.248,4779.636,55.15,36.21,43.29,59.21,,0.22,128.00,23.51,34.00,3009,92,26,,,53,,,,,,0,2025-07-25T08:37:14.000+0200,856,808,9.251,48.1445617,-2.0627650,49.54,33.14,40.58,54.39,54.7,102,2,,
2025-07-25T08:37:14.772+0200,937,848,10.248,4779.636,55.15,36.21,43.29,59.21,,0.22,128.00,23.51,34.00,3009,92,26,,,53,,,,,,0,2025-07-25T08:37:14.000+0200,856,808,9.251,48.1445617,-2.0627650,49.54,33.14,40.58,54.39,54.7,102,2,,
2025-07-25T08:37:15.388+0200,938,849,10.257,4779.646,53.96,36.22,43.30,59.21,,1.08,128.00,16.10,23.70,2061,92,26,,,54,,,,,,0,2025-07-25T08:37:14.000+0200,857,809,9.251,48.1445617,-2.0627650,49.54,33.14,40.58,54.39,54.7,102,2,,
2025-07-25T08:37:15.409+0200,938,849,10.257,4779.646,53.96,36.22,43.30,59.21,,1.08,128.00,16.10,23.70,2061,92,26,,,54,,,,,,0,2025-07-25T08:37:14.000+0200,857,809,9.251,48.1445617,-2.0627650,49.54,33.14,40.58,54.39,54.7,102,2,,
2025-07-25T08:37:16.007+0200,938,849,10.266,4779.655,53.49,36.23,43.30,59.21,,-2.53,128.00,15.05,22.30,1926,92,26,,,54,,,,,,0,2025-07-25T08:37:15.000+0200,858,810,9.264,48.1445317,-2.0625833,48.45,33.15,40.59,54.39,56.4,103,2,,
2025-07-25T08:37:16.024+0200,938,849,10.266,4779.655,53.49,36.23,43.30,59.21,,-2.53,128.00,15.05,22.30,1926,92,26,,,54,,,,,,0,2025-07-25T08:37:15.000+0200,858,810,9.264,48.1445317,-2.0625833,48.45,33.15,40.59,54.39,56.4,103,2,,
2025-07-25T08:37:16.627+0200,939,850,10.276,4779.664,53.10,36.24,43.31,59.21,,2.26,128.00,20.93,31.20,2679,92,26,,,54,,,,,,0,2025-07-25T08:37:15.000+0200,858,810,9.264,48.1445317,-2.0625833,48.45,33.15,40.59,54.39,56.4,103,2,,
2025-07-25T08:37:16.646+0200,939,850,10.276,4779.664,53.10,36.24,43.31,59.21,,2.26,128.00,20.93,31.20,2679,92,26,,,54,,,,,,0,2025-07-25T08:37:15.000+0200,858,810,9.264,48.1445317,-2.0625833,48.45,33.15,40.59,54.39,56.4,103,2,,
2025-07-25T08:37:17.246+0200,939,850,10.285,4779.674,53.10,36.25,43.32,59.21,,2.63,127.80,18.25,27.20,2332,92,26,,,54,,,,,,0,2025-07-25T08:37:16.000+0200,859,811,9.278,48.1445067,-2.0624083,48.47,33.17,40.60,54.39,56.5,104,2,,
2025-07-25T08:37:17.268+0200,939,850,10.285,4779.674,53.10,36.25,43.32,59.21,,2.63,127.80,18.25,27.20,2332,92,26,,,54,,,,,,0,2025-07-25T08:37:16.000+0200,859,811,9.278,48.1445067,-2.0624083,48.47,33.17,40.60,54.39,56.5,104,2,,
2025-07-25T08:37:17.869+0200,940,851,10.294,4779.683,53.06,36.26,43.32,59.21,,-0.36,127.60,16.63,24.80,2122,92,26,,,54,,,,,,0,2025-07-25T08:37:17.000+0200,860,812,9.291,48.1444783,-2.0622350,47.76,33.18,40.61,54.39,56.7,103,2,,
2025-07-25T08:37:17.893+0200,940,851,10.294,4779.683,53.06,36.26,43.32,59.21,,-0.36,127.60,16.63,24.80,2122,92,26,,,54,,,,,,0,2025-07-25T08:37:17.000+0200,860,812,9.291,48.1444783,-2.0622350,47.76,33.18,40.61,54.39,56.7,103,2,,
2025-07-25T08:37:18.490+0200,941,852,10.303,4779.692,53.35,36.27,43.33,59.21,,0.12,127.39,33.06,49.10,4212,92,26,,,54,,,,,,0,2025-07-25T08:37:17.000+0200,860,812,9.291,48.1444783,-2.0622350,47.76,33.18,40.61,54.39,56.7,103,2,,
2025-07-25T08:37:18.514+0200,941,852,10.303,4779.692,53.35,36.27,43.33,59.21,,0.12,127.39,33.06,49.10,4212,92,26,,,54,,,,,,0,2025-07-25T08:37:17.000+0200,860,812,9.291,48.1444783,-2.0622350,47.76,33.18,40.61,54.39,56.7,103,2,,
2025-07-25T08:37:19.109+0200,941,852,10.313,4779.701,54.25,36.28,43.34,59.21,,-1.35,127.30,28.73,42.10,3657,92,26,,,53,,,,,,0,2025-07-25T08:37:18.000+0200,861,813,9.304,48.1444500,-2.0620633,48.34,33.20,40.62,54.39,57.5,105,2,,
2025-07-25T08:37:19.133+0200,941,852,10.313,4779.701,54.25,36.28,43.34,59.21,,-1.35,127.30,28.73,42.10,3657,92,26,,,53,,,,,,0,2025-07-25T08:37:18.000+0200,861,813,9.304,48.1444500,-2.0620633,48.34,33.20,40.62,54.39,57.5,105,2,,
2025-07-25T08:37:19.729+0200,942,853,10.322,4779.711,54.46,36.29,43.35,59.21,,1.01,127.10,25.47,37.20,3237,91,26,,,53,,,,,,0,2025-07-25T08:37:19.000+0200,861,813,9.318,48.1444167,-2.0618867,48.36,33.21,40.63,54.39,57.9,104,2,,
2025-07-25T08:37:19.750+0200,942,853,10.322,4779.711,54.46,36.29,43.35,59.21,,1.01,127.10,25.47,37.20,3237,91,26,,,53,,,,,,0,2025-07-25T08:37:19.000+0200,861,813,9.318,48.1444167,-2.0618867,48.36,33.21,40.63,54.39,57.9,104,2,,
2025-07-25T08:37:20.359+0200,942,853,10.331,4779.720,55.62,36.31,43.36,59.21,,2.14,126.89,37.59,54.00,4770,91,26,,,52,,,,,,0,2025-07-25T08:37:19.000+0200,862,814,9.318,48.1444167,-2.0618867,48.36,33.21,40.63,54.39,57.9,104,2,,
2025-07-25T08:37:20.384+0200,942,853,10.331,4779.720,55.62,36.31,43.36,59.21,,2.14,126.89,37.59,54.00,4770,91,26,,,52,,,,,,0,2025-07-25T08:37:19.000+0200,862,814,9.318,48.1444167,-2.0618867,48.36,33.21,40.63,54.39,57.9,104,2,,
2025-07-25T08:37:20.965+0200,943,854,10.341,4779.730,56.19,36.32,43.37,59.21,,-1.16,126.70,19.37,27.59,2454,91,26,,,51,,,,,,0,2025-07-25T08:37:20.000+0200,863,815,9.332,48.1443933,-2.0617033,48.16,33.23,40.64,54.39,58.9,100,2,,
2025-07-25T08:37:20.987+0200,943,854,10.341,4779.730,56.19,36.32,43.37,59.21,,-1.16,126.70,19.37,27.59,2454,91,26,,,51,,,,,,0,2025-07-25T08:37:20.000+0200,863,815,9.332,48.1443933,-2.0617033,48.16,33.23,40.64,54.39,58.9,100,2,,
2025-07-25T08:37:21.605+0200,944,855,10.351,4779.740,57.38,36.33,43.38,59.21,,3.83,126.50,27.34,38.30,3459,91,27,,,50,,,,,,0,2025-07-25T08:37:20.000+0200,863,815,9.332,48.1443933,-2.0617033,48.16,33.23,40.64,54.39,58.9,100,2,,
2025-07-25T08:37:21.625+0200,944,855,10.351,4779.740,57.38,36.33,43.38,59.21,,3.83,126.50,27.34,38.30,3459,91,27,,,50,,,,,,0,2025-07-25T08:37:20.000+0200,863,815,9.332,48.1443933,-2.0617033,48.16,33.23,40.64,54.39,58.9,100,2,,
2025-07-25T08:37:22.227+0200,944,855,10.360,4779.750,56.41,36.34,43.39,59.21,,-2.02,126.70,25.91,36.80,3283,91,27,,,51,,,,,,0,2025-07-25T08:37:21.000+0200,864,816,9.346,48.1443700,-2.0615183,50.96,33.24,40.65,54.39,59.6,102,2,,
2025-07-25T08:37:22.248+0200,944,855,10.360,4779.750,56.41,36.34,43.39,59.21,,-2.02,126.70,25.91,36.80,3283,91,27,,,51,,,,,,0,2025-07-25T08:37:21.000+0200,864,816,9.346,48.1443700,-2.0615183,50.96,33.24,40.65,54.39,59.6,102,2,,
2025-07-25T08:37:22.859+0200,945,856,10.371,4779.759,55.40,36.36,43.39,59.21,,-1.92,127.00,23.18,33.39,2944,91,27,,,52,,,,,,0,2025-07-25T08:37:22.000+0200,865,817,9.360,48.1443383,-2.0613367,48.49,33.26,40.66,54.39,60.5,103,2,,
2025-07-25T08:37:22.879+0200,945,856,10.371,4779.759,55.40,36.36,43.39,59.21,,-1.92,127.00,23.18,33.39,2944,91,27,,,52,,,,,,0,2025-07-25T08:37:22.000+0200,865,817,9.360,48.1443383,-2.0613367,48.49,33.26,40.66,54.39,60.5,103,2,,
2025-07-25T08:37:23.474+0200,946,857,10.380,4779.769,53.78,36.37,43.40,59.21,,-1.12,127.20,12.67,18.69,1612,91,27,,,53,,,,,,0,2025-07-25T08:37:22.000+0200,865,817,9.360,48.1443383,-2.0613367,48.49,33.26,40.66,54.39,60.5,103,2,,
2025-07-25T08:37:23.495+0200,946,857,10.380,4779.769,53.78,36.37,43.40,59.21,,-1.12,127.20,12.67,18.69,1612,91,27,,,53,,,,,,0,2025-07-25T08:37:22.000+0200,865,817,9.360,48.1443383,-2.0613367,48.49,33.26,40.66,54.39,60.5,103,2,,
2025-07-25T08:37:24.089+0200,946,857,10.390,4779.778,53.35,36.38,43.41,59.21,,-2.14,127.39,17.78,26.40,2265,91,27,,,54,,,,,,0,2025-07-25T08:37:23.000+0200,866,818,9.373,48.1443100,-2.0611633,48.63,33.27,40.67,54.39,61.1,104,2,,
2025-07-25T08:37:24.112+0200,946,857,10.390,4779.778,53.35,36.38,43.41,59.21,,-2.14,127.39,17.78,26.40,2265,91,27,,,54,,,,,,0,2025-07-25T08:37:23.000+0200,866,818,9.373,48.1443100,-2.0611633,48.63,33.27,40.67,54.39,61.1,104,2,,
2025-07-25T08:37:24.729+0200,947,858,10.399,4779.788,53.49,36.39,43.42,59.21,,0.60,127.39,18.29,27.09,2330,91,27,,,54,,,,,,0,2025-07-25T08:37:24.000+0200,866,818,9.387,48.1442800,-2.0609867,47.78,33.29,40.68,54.39,62.3,103,2,,
2025-07-25T08:37:24.754+0200,947,858,10.399,4779.788,53.49,36.39,43.42,59.21,,0.60,127.39,18.29,27.09,2330,91,27,,,54,,,,,,0,2025-07-25T08:37:24.000+0200,866,818,9.387,48.1442800,-2.0609867,47.78,33.29,40.68,54.39,62.3,103,2,,
2025-07-25T08:37:25.349+0200,947,858,10.408,4779.797,53.99,36.40,43.42,59.21,,1.35,127.20,24.54,36.09,3121,91,27,,,53,,,,,,0,2025-07-25T08:37:24.000+0200,867,819,9.387,48.1442800,-2.0609867,47.78,33.29,40.68,54.39,62.3,103,2,,
2025-07-25T08:37:25.374+0200,947,858,10.408,4779.797,53.99,36.40,43.42,59.21,,1.35,127.20,24.54,36.09,3121,91,27,,,53,,,,,,0,2025-07-25T08:37:24.000+0200,867,819,9.387,48.1442800,-2.0609867,47.78,33.29,40.68,54.39,62.3,103,2,,
2025-07-25T08:37:25.968+0200,948,859,10.418,4779.806,55.80,36.41,43.43,59.21,,1.36,126.89,29.45,42.20,3737,90,27,,,52,,,,,,0,2025-07-25T08:37:25.000+0200,868,820,9.400,48.1442483,-2.0608117,50.15,33.31,40.69,54.39,63.3,104,2,,
2025-07-25T08:37:25.991+0200,948,859,10.418,4779.806,55.80,36.41,43.43,59.21,,1.36,126.89,29.45,42.20,3737,90,27,,,52,,,,,,0,2025-07-25T08:37:25.000+0200,868,820,9.400,48.1442483,-2.0608117,50.15,33.31,40.69,54.39,63.3,104,2,,
2025-07-25T08:37:26.586+0200,949,860,10.427,4779.816,57.31,36.42,43.44,59.21,,3.83,126.70,16.11,22.60,2041,90,27,,,50,,,,,,0,2025-07-25T08:37:25.000+0200,868,820,9.400,48.1442483,-2.0608117,50.15,33.31,40.69,54.39,63.3,104,2,,
2025-07-25T08:37:26.612+0200,949,860,10.427,4779.816,57.31,36.42,43.44,59.21,,3.83,126.70,16.11,22.60,2041,90,27,,,50,,,,,,0,2025-07-25T08:37:25.000+0200,868,820,9.400,48.1442483,-2.0608117,50.15,33.31,40.69,54.39,63.3,104,2,,
2025-07-25T08:37:27.206+0200,949,860,10.437,4779.826,57.27,36.43,43.45,59.21,,1.91,126.60,21.88,30.70,2770,90,27,,,50,,,,,,0,2025-07-25T08:37:26.000+0200,869,821,9.414,48.1442183,-2.0606233,51.66,33.32,40.70,54.39,64.3,104,2,,
2025-07-25T08:37:27.230+0200,949,860,10.437,4779.826,57.27,36.43,43.45,59.21,,1.91,126.60,21.88,30.70,2770,90,27,,,50,,,,,,0,2025-07-25T08:37:26.000+0200,869,821,9.414,48.1442183,-2.0606233,51.66,33.32,40.70,54.39,64.3,104,2,,
2025-07-25T08:37:27.813+0200,950,861,10.447,4779.836,57.96,36.45,43.46,59.21,,1.68,126.70,19.28,26.80,2443,90,27,,,50,,,,,,0,2025-07-25T08:37:27.000+0200,870,822,9.429,48.1441833,-2.0604367,50.61,33.34,40.71,54.39,65.5,103,2,,
2025-07-25T08:37:27.835+0200,950,861,10.447,4779.836,57.96,36.45,43.46,59.21,,1.68,126.70,19.28,26.80,2443,90,27,,,50,,,,,,0,2025-07-25T08:37:27.000+0200,870,822,9.429,48.1441833,-2.0604367,50.61,33.34,40.71,54.39,65.5,103,2,,
2025-07-25T08:37:28.446+0200,951,862,10.457,4779.846,56.08,36.46,43.47,59.21,,-4.28,126.89,11.49,16.40,1458,90,27,,,51,,,,,,0,2025-07-25T08:37:27.000+0200,870,822,9.429,48.1441833,-2.0604367,50.61,33.34,40.71,54.39,65.5,103,2,,
2025-07-25T08:37:28.467+0200,951,862,10.457,4779.846,56.08,36.46,43.47,59.21,,-4.28,126.89,11.49,16.40,1458,90,27,,,51,,,,,,0,2025-07-25T08:37:27.000+0200,870,822,9.429,48.1441833,-2.0604367,50.61,33.34,40.71,54.39,65.5,103,2,,
2025-07-25T08:37:29.067+0200,951,862,10.467,4779.856,56.77,36.47,43.48,59.21,,1.01,127.10,25.69,36.30,3265,90,27,,,51,,,,,,0,2025-07-25T08:37:28.000+0200,871,823,9.443,48.1441517,-2.0602500,52.20,33.36,40.73,54.39,66.1,103,2,,
2025-07-25T08:37:29.090+0200,951,862,10.467,4779.856,56.77,36.47,43.48,59.21,,1.01,127.10,25.69,36.30,3265,90,27,,,51,,,,,,0,2025-07-25T08:37:28.000+0200,871,823,9.443,48.1441517,-2.0602500,52.20,33.36,40.73,54.39,66.1,103,2,,
2025-07-25T08:37:29.706+0200,952,863,10.477,4779.866,55.40,36.48,43.49,59.21,,-2.02,127.30,12.70,18.29,1617,90,27,,,52,,,,,,0,2025-07-25T08:37:29.000+0200,871,823,9.458,48.1441167,-2.0600617,50.18,33.38,40.74,54.39,66.9,103,2,,
2025-07-25T08:37:29.729+0200,952,863,10.477,4779.866,55.40,36.48,43.49,59.21,,-2.02,127.30,12.70,18.29,1617,90,27,,,52,,,,,,0,2025-07-25T08:37:29.000+0200,871,823,9.458,48.1441167,-2.0600617,50.18,33.38,40.74,54.39,66.9,103,2,,
2025-07-25T08:37:30.324+0200,952,863,10.487,4779.875,54.39,36.49,43.50,59.21,,-1.02,127.50,21.06,30.80,2685,90,27,,,53,,,,,,0,2025-07-25T08:37:29.000+0200,872,824,9.458,48.1441167,-2.0600617,50.18,33.38,40.74,54.39,66.9,103,2,,
2025-07-25T08:37:30.349+0200,952,863,10.487,4779.875,54.39,36.49,43.50,59.21,,-1.02,127.50,21.06,30.80,2685,90,27,,,53,,,,,,0,2025-07-25T08:37:29.000+0200,872,824,9.458,48.1441167,-2.0600617,50.18,33.38,40.74,54.39,66.9,103,2,,
2025-07-25T08:37:30.949+0200,953,864,10.496,4779.885,54.28,36.50,43.51,59.21,,0.00,127.39,33.52,49.10,4270,90,27,,,53,,,,,,0,2025-07-25T08:37:30.000+0200,873,825,9.472,48.1440850,-2.0598767,50.29,33.39,40.75,54.39,68.0,104,2,,
2025-07-25T08:37:30.973+0200,953,864,10.496,4779.885,54.28,36.50,43.51,59.21,,0.00,127.39,33.52,49.10,4270,90,27,,,53,,,,,,0,2025-07-25T08:37:30.000+0200,873,825,9.472,48.1440850,-2.0598767,50.29,33.39,40.75,54.39,68.0,104,2,,
2025-07-25T08:37:31.585+0200,954,865,10.506,4779.894,54.64,36.52,43.51,59.21,,-4.56,127.39,26.56,38.70,3383,90,27,,,53,,,,,,0,2025-07-25T08:37:30.000+0200,873,825,9.472,48.1440850,-2.0598767,50.29,33.39,40.75,54.39,68.0,104,2,,
2025-07-25T08:37:31.607+0200,954,865,10.506,4779.894,54.64,36.52,43.51,59.21,,-4.56,127.39,26.56,38.70,3383,90,27,,,53,,,,,,0,2025-07-25T08:37:30.000+0200,873,825,9.472,48.1440850,-2.0598767,50.29,33.39,40.75,54.39,68.0,104,2,,
2025-07-25T08:37:32.204+0200,954,865,10.515,4779.904,54.25,36.53,43.52,59.21,,-0.83,127.39,30.37,44.50,3869,90,27,,,53,,,,,,0,2025-07-25T08:37:31.000+0200,874,826,9.486,48.1440550,-2.0596933,49.58,33.41,40.76,54.39,69.2,104,2,,
2025-07-25T08:37:32.230+0200,954,865,10.515,4779.904,54.25,36.53,43.52,59.21,,-0.83,127.39,30.37,44.50,3869,90,27,,,53,,,,,,0,2025-07-25T08:37:31.000+0200,874,826,9.486,48.1440550,-2.0596933,49.58,33.41,40.76,54.39,69.2,104,2,,
2025-07-25T08:37:32.829+0200,955,866,10.525,4779.914,54.75,36.54,43.53,59.21,,1.80,127.30,34.72,50.50,4420,90,27,,,53,,,,,,0,2025-07-25T08:37:32.000+0200,875,827,9.500,48.1440183,-2.0595133,48.97,33.42,40.77,54.39,71.1,104,2,,
2025-07-25T08:37:32.854+0200,955,866,10.525,4779.914,54.75,36.54,43.53,59.21,,1.80,127.30,34.72,50.50,4420,90,27,,,53,,,,,,0,2025-07-25T08:37:32.000+0200,875,827,9.500,48.1440183,-2.0595133,48.97,33.42,40.77,54.39,71.1,104,2,,
2025-07-25T08:37:33.450+0200,956,867,10.534,4779.923,55.36,36.55,43.54,59.21,,2.14,127.10,16.50,23.80,2097,90,27,,,52,,,,,,0,2025-07-25T08:37:32.000+0200,875,827,9.500,48.1440183,-2.0595133,48.97,33.42,40.77,54.39,71.1,104,2,,
2025-07-25T08:37:33.471+0200,956,867,10.534,4779.923,55.36,36.55,43.54,59.21,,2.14,127.10,16.50,23.80,2097,90,27,,,52,,,,,,0,2025-07-25T08:37:32.000+0200,875,827,9.500,48.1440183,-2.0595133,48.97,33.42,40.77,54.39,71.1,104,2,,
2025-07-25T08:37:34.088+0200,956,867,10.544,4779.933,55.40,36.56,43.55,59.21,,0.00,126.89,20.68,29.80,2624,89,27,,,52,,,,,,0,2025-07-25T08:37:33.000+0200,876,828,9.514,48.1439867,-2.0593350,49.19,33.44,40.78,54.39,72.7,104,2,,
2025-07-25T08:37:34.107+0200,956,867,10.544,4779.933,55.40,36.56,43.55,59.21,,0.00,126.89,20.68,29.80,2624,89,27,,,52,,,,,,0,2025-07-25T08:37:33.000+0200,876,828,9.514,48.1439867,-2.0593350,49.19,33.44,40.78,54.39,72.7,104,2,,
2025-07-25T08:37:34.688+0200,957,868,10.553,4779.942,55.58,36.57,43.56,59.21,,0.45,126.89,26.65,38.30,3382,89,27,,,52,,,,,,0,2025-07-25T08:37:34.000+0200,876,828,9.528,48.1439600,-2.0591517,50.34,33.46,40.79,54.39,73.3,104,2,,
2025-07-25T08:37:34.711+0200,957,868,10.553,4779.942,55.58,36.57,43.56,59.21,,0.45,126.89,26.65,38.30,3382,89,27,,,52,,,,,,0,2025-07-25T08:37:34.000+0200,876,828,9.528,48.1439600,-2.0591517,50.34,33.46,40.79,54.39,73.3,104,2,,
2025-07-25T08:37:35.329+0200,957,868,10.563,4779.952,55.36,36.58,43.56,59.21,,-0.96,127.00,24.62,35.50,3127,89,27,,,52,,,,,,0,2025-07-25T08:37:34.000+0200,877,829,9.528,48.1439600,-2.0591517,50.34,33.46,40.79,54.39,73.3,104,2,,
2025-07-25T08:37:35.350+0200,957,868,10.563,4779.952,55.36,36.58,43.56,59.21,,-0.96,127.00,24.62,35.50,3127,89,27,,,52,,,,,,0,2025-07-25T08:37:34.000+0200,877,829,9.528,48.1439600,-2.0591517,50.34,33.46,40.79,54.39,73.3,104,2,,
2025-07-25T08:37:35.949+0200,958,869,10.573,4779.962,55.18,36.59,43.57,59.21,,1.68,127.00,12.03,17.40,1528,89,27,,,52,,,,,,0,2025-07-25T08:37:35.000+0200,878,830,9.542,48.1439317,-2.0589717,50.46,33.47,40.81,54.39,74.1,103,2,,
2025-07-25T08:37:35.974+0200,958,869,10.573,4779.962,55.18,36.59,43.57,59.21,,1.68,127.00,12.03,17.40,1528,89,27,,,52,,,,,,0,2025-07-25T08:37:35.000+0200,878,830,9.542,48.1439317,-2.0589717,50.46,33.47,40.81,54.39,74.1,103,2,,
2025-07-25T08:37:36.569+0200,959,870,10.582,4779.971,54.03,36.60,43.58,59.21,,-0.67,127.10,15.78,23.20,2006,89,27,,,53,,,,,,0,2025-07-25T08:37:35.000+0200,878,830,9.542,48.1439317,-2.0589717,50.46,33.47,40.81,54.39,74.1,103,2,,
2025-07-25T08:37:36.593+0200,959,870,10.582,4779.971,54.03,36.60,43.58,59.21,,-0.67,127.10,15.78,23.20,2006,89,27,,,53,,,,,,0,2025-07-25T08:37:35.000+0200,878,830,9.542,48.1439317,-2.0589717,50.46,33.47,40.81,54.39,74.1,103,2,,
2025-07-25T08:37:37.191+0200,959,870,10.592,4779.981,54.64,36.62,43.59,59.21,,-1.08,127.10,18.87,27.50,2398,89,27,,,53,,,,,,0,2025-07-25T08:37:36.000+0200,879,831,9.555,48.1439033,-2.0587917,49.27,33.49,40.82,54.39,75.3,103,2,,
2025-07-25T08:37:37.215+0200,959,870,10.592,4779.981,54.64,36.62,43.59,59.21,,-1.08,127.10,18.87,27.50,2398,89,27,,,53,,,,,,0,2025-07-25T08:37:36.000+0200,879,831,9.555,48.1439033,-2.0587917,49.27,33.49,40.82,54.39,75.3,103,2,,
2025-07-25T08:37:37.806+0200,960,871,10.601,4779.990,54.32,36.63,43.60,59.21,,-0.67,127.10,27.67,40.50,3517,89,27,,,53,,,,,,0,2025-07-25T08:37:37.000+0200,880,832,9.569,48.1438717,-2.0586117,49.98,33.51,40.83,54.39,75.9,105,2,,
2025-07-25T08:37:37.831+0200,960,871,10.601,4779.990,54.32,36.63,43.60,59.21,,-0.67,127.10,27.67,40.50,3517,89,27,,,53,,,,,,0,2025-07-25T08:37:37.000+0200,880,832,9.569,48.1438717,-2.0586117,49.98,33.51,40.83,54.39,75.9,105,2,,
2025-07-25T08:37:38.452+0200,961,872,10.611,4779.999,55.08,36.64,43.60,59.21,,-0.60,127.10,18.09,26.20,2299,89,27,,,52,,,,,,0,2025-07-25T08:37:37.000+0200,880,832,9.569,48.1438717,-2.0586117,49.98,33.51,40.83,54.39,75.9,105,2,,
2025-07-25T08:37:38.470+0200,961,872,10.611,4779.999,55.08,36.64,43.60,59.21,,-0.60,127.10,18.09,26.20,2299,89,27,,,52,,,,,,0,2025-07-25T08:37:37.000+0200,880,832,9.569,48.1438717,-2.0586117,49.98,33.51,40.83,54.39,75.9,105,2,,
2025-07-25T08:37:39.049+0200,961,872,10.620,4780.009,55.36,36.65,43.61,59.21,,1.12,127.00,22.61,32.59,2871,89,27,,,52,,,,,,0,2025-07-25T08:37:38.000+0200,881,833,9.583,48.1438400,-2.0584317,50.23,33.52,40.84,54.39,76.8,106,2,,
2025-07-25T08:37:39.075+0200,961,872,10.620,4780.009,55.36,36.65,43.61,59.21,,1.12,127.00,22.61,32.59,2871,89,27,,,52,,,,,,0,2025-07-25T08:37:38.000+0200,881,833,9.583,48.1438400,-2.0584317,50.23,33.52,40.84,54.39,76.8,106,2,,
2025-07-25T08:37:39.687+0200,962,873,10.630,4780.019,55.47,36.66,43.62,59.21,,0.24,126.80,18.96,27.30,2404,89,27,,,52,,,,,,0,2025-07-25T08:37:39.000+0200,881,833,9.597,48.1438117,-2.0582517,51.08,33.54,40.85,54.39,77.9,104,2,,
2025-07-25T08:37:39.711+0200,962,873,10.630,4780.019,55.47,36.66,43.62,59.21,,0.24,126.80,18.96,27.30,2404,89,27,,,52,,,,,,0,2025-07-25T08:37:39.000+0200,881,833,9.597,48.1438117,-2.0582517,51.08,33.54,40.85,54.39,77.9,104,2,,
2025-07-25T08:37:40.288+0200,962,873,10.639,4780.028,55.40,36.67,43.63,59.21,,-1.02,127.00,13.25,19.10,1683,89,27,,,52,,,,,,0,2025-07-25T08:37:39.000+0200,882,834,9.597,48.1438117,-2.0582517,51.08,33.54,40.85,54.39,77.9,104,2,,
2025-07-25T08:37:40.314+0200,962,873,10.639,4780.028,55.40,36.67,43.63,59.21,,-1.02,127.00,13.25,19.10,1683,89,27,,,52,,,,,,0,2025-07-25T08:37:39.000+0200,882,834,9.597,48.1438117,-2.0582517,51.08,33.54,40.85,54.39,77.9,104,2,,
2025-07-25T08:37:40.928+0200,963,874,10.649,4780.038,54.39,36.68,43.64,59.21,,1.20,127.20,19.01,27.80,2418,89,27,,,53,,,,,,0,2025-07-25T08:37:40.000+0200,883,835,9.610,48.1437867,-2.0580733,48.27,33.55,40.86,54.39,78.5,103,2,,
2025-07-25T08:37:40.949+0200,963,874,10.649,4780.038,54.39,36.68,43.64,59.21,,1.20,127.20,19.01,27.80,2418,89,27,,,53,,,,,,0,2025-07-25T08:37:40.000+0200,883,835,9.610,48.1437867,-2.0580733,48.27,33.55,40.86,54.39,78.5,103,2,,
2025-07-25T08:37:41.545+0200,964,875,10.659,4780.047,55.36,36.69,43.65,59.21,,0.60,127.20,20.87,30.09,2655,89,27,,,52,,,,,,0,2025-07-25T08:37:40.000+0200,883,835,9.610,48.1437867,-2.0580733,48.27,33.55,40.86,54.39,78.5,103,2,,
2025-07-25T08:37:41.568+0200,964,875,10.659,4780.047,55.36,36.69,43.65,59.21,,0.60,127.20,20.87,30.09,2655,89,27,,,52,,,,,,0,2025-07-25T08:37:40.000+0200,883,835,9.610,48.1437867,-2.0580733,48.27,33.55,40.86,54.39,78.5,103,2,,
2025-07-25T08:37:42.148+0200,964,875,10.668,4780.057,55.36,36.70,43.65,59.21,,0.00,127.30,17.20,24.80,2190,89,27,,,52,,,,,,0,2025-07-25T08:37:41.000+0200,884,836,9.624,48.1437567,-2.0578950,50.04,33.57,40.87,54.39,79.6,105,2,,
2025-07-25T08:37:42.174+0200,964,875,10.668,4780.057,55.36,36.70,43.65,59.21,,0.00,127.30,17.20,24.80,2190,89,27,,,52,,,,,,0,2025-07-25T08:37:41.000+0200,884,836,9.624,48.1437567,-2.0578950,50.04,33.57,40.87,54.39,79.6,105,2,,
2025-07-25T08:37:42.799+0200,965,876,10.678,4780.066,55.04,36.71,43.66,59.21,,-1.01,127.60,18.84,27.30,2404,89,27,,,52,,,,,,0,2025-07-25T08:37:42.000+0200,885,837,9.638,48.1437233,-2.0577167,49.54,33.59,40.88,54.39,80.7,106,2,,
2025-07-25T08:37:42.823+0200,965,876,10.678,4780.066,55.04,36.71,43.66,59.21,,-1.01,127.60,18.84,27.30,2404,89,27,,,52,,,,,,0,2025-07-25T08:37:42.000+0200,885,837,9.638,48.1437233,-2.0577167,49.54,33.59,40.88,54.39,80.7,106,2,,
2025-07-25T08:37:43.407+0200,966,877,10.687,4780.076,55.04,36.73,43.67,59.21,,2.93,127.80,15.88,23.00,2029,89,27,,,53,,,,,,0,2025-07-25T08:37:42.000+0200,885,837,9.638,48.1437233,-2.0577167,49.54,33.59,40.88,54.39,80.7,106,2,,
2025-07-25T08:37:43.432+0200,966,877,10.687,4780.076,55.04,36.73,43.67,59.21,,2.93,127.80,15.88,23.00,2029,89,27,,,53,,,,,,0,2025-07-25T08:37:42.000+0200,885,837,9.638,48.1437233,-2.0577167,49.54,33.59,40.88,54.39,80.7,106,2,,
2025-07-25T08:37:44.024+0200,966,877,10.697,4780.085,54.21,36.74,43.68,59.21,,-1.46,128.00,16.78,24.60,2148,89,27,,,53,,,,,,0,2025-07-25T08:37:43.000+0200,886,838,9.651,48.1436850,-2.0575417,49.21,33.60,40.89,54.39,80.9,112,2,,
2025-07-25T08:37:44.046+0200,966,877,10.697,4780.085,54.21,36.74,43.68,59.21,,-1.46,128.00,16.78,24.60,2148,89,27,,,53,,,,,,0,2025-07-25T08:37:43.000+0200,886,838,9.651,48.1436850,-2.0575417,49.21,33.60,40.89,54.39,80.9,112,2,,
2025-07-25T08:37:44.654+0200,967,878,10.706,4780.095,54.82,36.75,43.68,59.21,,0.34,128.00,18.10,26.30,2317,89,27,,,53,,,,,,0,2025-07-25T08:37:44.000+0200,886,838,9.665,48.1436350,-2.0573783,49.30,33.62,40.90,54.39,80.5,118,2,,
2025-07-25T08:37:44.673+0200,967,878,10.706,4780.095,54.82,36.75,43.68,59.21,,0.34,128.00,18.10,26.30,2317,89,27,,,53,,,,,,0,2025-07-25T08:37:44.000+0200,886,838,9.665,48.1436350,-2.0573783,49.30,33.62,40.90,54.39,80.5,118,2,,
2025-07-25T08:37:45.274+0200,967,878,10.716,4780.104,55.11,36.76,43.69,59.21,,2.98,128.00,9.67,14.00,1238,89,27,,,53,,,,,,0,2025-07-25T08:37:44.000+0200,887,839,9.665,48.1436350,-2.0573783,49.30,33.62,40.90,54.39,80.5,118,2,,
2025-07-25T08:37:45.297+0200,967,878,10.716,4780.104,55.11,36.76,43.69,59.21,,2.98,128.00,9.67,14.00,1238,89,27,,,53,,,,,,0,2025-07-25T08:37:44.000+0200,887,839,9.665,48.1436350,-2.0573783,49.30,33.62,40.90,54.39,80.5,118,2,,
2025-07-25T08:37:45.912+0200,968,879,10.725,4780.114,55.33,36.77,43.70,59.21,,3.95,128.00,8.94,12.90,1144,88,27,,,52,,,,,,0,2025-07-25T08:37:45.000+0200,888,840,9.678,48.1435783,-2.0572200,48.20,33.63,40.91,54.39,80.5,119,2,,
2025-07-25T08:37:45.937+0200,968,879,10.725,4780.114,55.33,36.77,43.70,59.21,,3.95,128.00,8.94,12.90,1144,88,27,,,52,,,,,,0,2025-07-25T08:37:45.000+0200,888,840,9.678,48.1435783,-2.0572200,48.20,33.63,40.91,54.39,80.5,119,2,,
2025-07-25T08:37:46.526+0200,969,880,10.735,4780.124,55.97,36.78,43.71,59.21,,-2.36,127.89,24.63,35.20,3150,88,27,,,52,,,,,,0,2025-07-25T08:37:45.000+0200,888,840,9.678,48.1435783,-2.0572200,48.20,33.63,40.91,54.39,80.5,119,2,,
2025-07-25T08:37:46.550+0200,969,880,10.735,4780.124,55.97,36.78,43.71,59.21,,-2.36,127.89,24.63,35.20,3150,88,27,,,52,,,,,,0,2025-07-25T08:37:45.000+0200,888,840,9.678,48.1435783,-2.0572200,48.20,33.63,40.91,54.39,80.5,119,2,,
2025-07-25T08:37:47.149+0200,969,880,10.744,4780.133,57.16,36.79,43.72,59.21,,5.50,127.89,16.01,22.50,2048,88,27,,,51,,,,,,0,2025-07-25T08:37:46.000+0200,889,841,9.691,48.1435250,-2.0570617,49.36,33.65,40.92,54.39,80.4,117,2,,
2025-07-25T08:37:47.168+0200,969,880,10.744,4780.133,57.16,36.79,43.72,59.21,,5.50,127.89,16.01,22.50,2048,88,27,,,51,,,,,,0,2025-07-25T08:37:46.000+0200,889,841,9.691,48.1435250,-2.0570617,49.36,33.65,40.92,54.39,80.4,117,2,,
2025-07-25T08:37:47.764+0200,970,881,10.754,4780.143,56.33,36.80,43.73,59.21,,-2.92,128.09,22.43,31.90,2873,88,27,,,52,,,,,,0,2025-07-25T08:37:47.000+0200,889,841,9.705,48.1434633,-2.0569017,50.84,33.66,40.93,54.39,80.0,122,2,,
2025-07-25T08:37:47.790+0200,970,881,10.754,4780.143,56.33,36.80,43.73,59.21,,-2.92,128.09,22.43,31.90,2873,88,27,,,52,,,,,,0,2025-07-25T08:37:47.000+0200,889,841,9.705,48.1434633,-2.0569017,50.84,33.66,40.93,54.39,80.0,122,2,,
2025-07-25T08:37:48.394+0200,971,881,10.764,4780.153,57.38,36.82,43.74,59.21,,0.34,128.20,16.77,23.50,2150,88,27,,,51,,,,,,0,2025-07-25T08:37:47.000+0200,890,842,9.705,48.1434633,-2.0569017,50.84,33.66,40.93,54.39,80.0,122,2,,
2025-07-25T08:37:48.416+0200,971,882,10.764,4780.153,57.38,36.82,43.74,59.21,,0.34,128.20,16.77,23.50,2150,88,27,,,51,,,,,,0,2025-07-25T08:37:47.000+0200,890,842,9.705,48.1434633,-2.0569017,50.84,33.66,40.93,54.39,80.0,122,2,,
2025-07-25T08:37:49.006+0200,971,882,10.774,4780.163,56.66,36.83,43.75,59.21,,1.92,128.39,3.03,4.29,389,88,27,,,51,,,,,,0,2025-07-25T08:37:48.000+0200,891,843,9.719,48.1433917,-2.0567483,51.72,33.68,40.94,54.39,79.6,126,2,,
2025-07-25T08:37:49.029+0200,971,882,10.774,4780.163,56.66,36.83,43.75,59.21,,1.92,128.39,3.03,4.29,389,88,27,,,51,,,,,,0,2025-07-25T08:37:48.000+0200,891,843,9.719,48.1433917,-2.0567483,51.72,33.68,40.94,54.39,79.6,126,2,,
2025-07-25T08:37:49.630+0200,972,883,10.784,4780.173,56.19,36.84,43.75,59.21,,0.79,128.50,10.52,15.00,1352,88,27,,,52,,,,,,0,2025-07-25T08:37:48.000+0200,891,843,9.719,48.1433917,-2.0567483,51.72,33.68,40.94,54.39,79.6,126,2,,
2025-07-25T08:37:49.652+0200,972,883,10.784,4780.173,56.19,36.84,43.75,59.21,,0.79,128.50,10.52,15.00,1352,88,27,,,52,,,,,,0,2025-07-25T08:37:48.000+0200,891,843,9.719,48.1433917,-2.0567483,51.72,33.68,40.94,54.39,79.6,126,2,,
2025-07-25T08:37:50.265+0200,972,883,10.794,4780.183,55.40,36.85,43.76,59.21,,-5.88,128.70,5.34,7.70,687,89,27,,,53,,,,,,0,2025-07-25T08:37:49.000+0200,892,844,9.734,48.1433100,-2.0565950,51.76,33.70,40.96,54.39,79.7,125,2,,
2025-07-25T08:37:50.290+0200,972,883,10.794,4780.183,55.40,36.85,43.76,59.21,,-5.88,128.70,5.34,7.70,687,89,27,,,53,,,,,,0,2025-07-25T08:37:49.000+0200,892,844,9.734,48.1433100,-2.0565950,51.76,33.70,40.96,54.39,79.7,125,2,,
2025-07-25T08:37:50.867+0200,973,884,10.803,4780.192,54.64,36.86,43.77,59.21,,-1.91,128.80,13.59,19.79,1750,89,27,,,53,,,,,,0,2025-07-25T08:37:50.000+0200,893,845,9.748,48.1432317,-2.0564367,49.47,33.71,40.97,54.39,80.2,125,2,,
2025-07-25T08:37:50.889+0200,973,884,10.803,4780.192,54.64,36.86,43.77,59.21,,-1.91,128.80,13.59,19.79,1750,89,27,,,53,,,,,,0,2025-07-25T08:37:50.000+0200,893,845,9.748,48.1432317,-2.0564367,49.47,33.71,40.97,54.39,80.2,125,2,,
2025-07-25T08:37:51.488+0200,974,885,10.813,4780.202,54.25,36.87,43.78,59.21,,-3.28,128.89,8.46,12.40,1090,89,27,,,54,,,,,,0,2025-07-25T08:37:50.000+0200,893,845,9.748,48.1432317,-2.0564367,49.47,33.71,40.97,54.39,80.2,125,2,,
2025-07-25T08:37:51.511+0200,974,885,10.813,4780.202,54.25,36.87,43.78,59.21,,-3.28,128.89,8.46,12.40,1090,89,27,,,54,,,,,,0,2025-07-25T08:37:50.000+0200,893,845,9.748,48.1432317,-2.0564367,49.47,33.71,40.97,54.39,80.2,125,2,,
2025-07-25T08:37:52.134+0200,974,885,10.823,4780.211,53.31,36.88,43.79,59.21,,-3.60,129.00,17.43,25.90,2248,89,27,,,54,,,,,,0,2025-07-25T08:37:51.000+0200,894,846,9.762,48.1431533,-2.0562883,48.87,33.73,40.98,54.39,81.3,128,2,,
2025-07-25T08:37:52.159+0200,974,885,10.823,4780.211,53.31,36.88,43.79,59.21,,-3.60,129.00,17.43,25.90,2248,89,27,,,54,,,,,,0,2025-07-25T08:37:51.000+0200,894,846,9.762,48.1431533,-2.0562883,48.87,33.73,40.98,54.39,81.3,128,2,,
2025-07-25T08:37:52.751+0200,975,886,10.832,4780.220,52.56,36.89,43.79,59.21,,-2.41,128.89,11.18,16.79,1441,89,27,,,55,,,,,,0,2025-07-25T08:37:52.000+0200,894,846,9.775,48.1430850,-2.0561517,48.12,33.74,40.98,54.39,80.6,127,2,,
2025-07-25T08:37:52.775+0200,975,886,10.832,4780.220,52.56,36.89,43.79,59.21,,-2.41,128.89,11.18,16.79,1441,89,27,,,55,,,,,,0,2025-07-25T08:37:52.000+0200,894,846,9.775,48.1430850,-2.0561517,48.12,33.74,40.98,54.39,80.6,127,2,,
2025-07-25T08:37:53.370+0200,975,886,10.841,4780.230,53.89,36.90,43.80,59.21,,0.48,128.50,19.96,29.40,2565,89,27,,,54,,,,,,0,2025-07-25T08:37:52.000+0200,895,847,9.775,48.1430850,-2.0561517,48.12,33.74,40.98,54.39,80.6,127,2,,
2025-07-25T08:37:53.386+0200,975,886,10.841,4780.230,53.89,36.90,43.80,59.21,,0.48,128.50,19.96,29.40,2565,89,27,,,54,,,,,,0,2025-07-25T08:37:52.000+0200,895,847,9.775,48.1430850,-2.0561517,48.12,33.74,40.98,54.39,80.6,127,2,,
2025-07-25T08:37:53.993+0200,976,887,10.850,4780.239,55.22,36.91,43.81,59.21,,1.68,128.20,16.95,24.50,2173,89,27,,,53,,,,,,0,2025-07-25T08:37:53.000+0200,896,848,9.789,48.1430083,-2.0560067,51.17,33.76,41.00,54.39,80.3,129,2,,
2025-07-25T08:37:54.014+0200,976,887,10.850,4780.239,55.22,36.91,43.81,59.21,,1.68,128.20,16.95,24.50,2173,89,27,,,53,,,,,,0,2025-07-25T08:37:53.000+0200,896,848,9.789,48.1430083,-2.0560067,51.17,33.76,41.00,54.39,80.3,129,2,,
2025-07-25T08:37:54.609+0200,977,888,10.860,4780.249,54.53,36.92,43.82,59.21,,-0.36,128.39,17.40,25.40,2234,89,27,,,53,,,,,,0,2025-07-25T08:37:53.000+0200,896,848,9.789,48.1430083,-2.0560067,51.17,33.76,41.00,54.39,80.3,129,2,,
2025-07-25T08:37:54.631+0200,977,888,10.860,4780.249,54.53,36.92,43.82,59.21,,-0.36,128.39,17.40,25.40,2234,89,27,,,53,,,,,,0,2025-07-25T08:37:53.000+0200,896,848,9.789,48.1430083,-2.0560067,51.17,33.76,41.00,54.39,80.3,129,2,,
2025-07-25T08:37:55.229+0200,977,888,10.869,4780.258,53.92,36.93,43.82,59.21,,1.58,128.39,22.55,33.20,2895,89,27,,,54,,,,,,0,2025-07-25T08:37:54.000+0200,897,849,9.803,48.1429333,-2.0558567,47.43,33.77,41.00,54.39,80.8,124,2,,
2025-07-25T08:37:55.255+0200,977,888,10.869,4780.258,53.92,36.93,43.82,59.21,,1.58,128.39,22.55,33.20,2895,89,27,,,54,,,,,,0,2025-07-25T08:37:54.000+0200,897,849,9.803,48.1429333,-2.0558567,47.43,33.77,41.00,54.39,80.8,124,2,,
2025-07-25T08:37:55.869+0200,978,889,10.879,4780.267,53.35,36.94,43.83,59.21,,-3.73,128.30,25.39,37.70,3258,89,27,,,54,,,,,,0,2025-07-25T08:37:55.000+0200,898,850,9.816,48.1428633,-2.0557100,48.57,33.79,41.01,54.39,81.3,124,2,,
2025-07-25T08:37:55.893+0200,978,889,10.879,4780.267,53.35,36.94,43.83,59.21,,-3.73,128.30,25.39,37.70,3258,89,27,,,54,,,,,,0,2025-07-25T08:37:55.000+0200,898,850,9.816,48.1428633,-2.0557100,48.57,33.79,41.01,54.39,81.3,124,2,,
2025-07-25T08:37:56.484+0200,979,890,10.888,4780.277,52.95,36.95,43.84,59.21,,-0.36,128.30,9.97,14.90,1279,89,27,,,55,,,,,,0,2025-07-25T08:37:55.000+0200,898,850,9.816,48.1428633,-2.0557100,48.57,33.79,41.01,54.39,81.3,124,2,,
2025-07-25T08:37:56.505+0200,979,890,10.888,4780.277,52.95,36.95,43.84,59.21,,-0.36,128.30,9.97,14.90,1279,89,27,,,55,,,,,,0,2025-07-25T08:37:55.000+0200,898,850,9.816,48.1428633,-2.0557100,48.57,33.79,41.01,54.39,81.3,124,2,,
2025-07-25T08:37:57.105+0200,979,890,10.897,4780.286,51.98,36.96,43.84,59.21,,-4.41,128.30,6.20,9.39,795,89,27,,,55,,,,,,0,2025-07-25T08:37:56.000+0200,899,851,9.829,48.1428017,-2.0555600,45.38,33.80,41.02,54.39,81.1,124,2,,
2025-07-25T08:37:57.130+0200,979,890,10.897,4780.286,51.98,36.96,43.84,59.21,,-4.41,128.30,6.20,9.39,795,89,27,,,55,,,,,,0,2025-07-25T08:37:56.000+0200,899,851,9.829,48.1428017,-2.0555600,45.38,33.80,41.02,54.39,81.1,124,2,,
2025-07-25T08:37:57.728+0200,980,891,10.906,4780.295,52.09,36.97,43.85,59.21,,0.00,128.20,15.39,23.30,1973,89,27,,,55,,,,,,0,2025-07-25T08:37:57.000+0200,899,851,9.842,48.1427383,-2.0554133,46.79,33.81,41.02,54.39,80.8,124,2,,
2025-07-25T08:37:57.751+0200,980,891,10.906,4780.295,52.09,36.97,43.85,59.21,,0.00,128.20,15.39,23.30,1973,89,27,,,55,,,,,,0,2025-07-25T08:37:57.000+0200,899,851,9.842,48.1427383,-2.0554133,46.79,33.81,41.02,54.39,80.8,124,2,,
2025-07-25T08:37:58.349+0200,980,891,10.915,4780.304,53.10,36.98,43.85,59.21,,3.04,128.09,24.62,36.70,3154,89,27,,,54,,,,,,0,2025-07-25T08:37:57.000+0200,900,852,9.842,48.1427383,-2.0554133,46.79,33.81,41.02,54.39,80.8,124,2,,
2025-07-25T08:37:58.374+0200,980,891,10.915,4780.304,53.10,36.98,43.85,59.21,,3.04,128.09,24.62,36.70,3154,89,27,,,54,,,,,,0,2025-07-25T08:37:57.000+0200,900,852,9.842,48.1427383,-2.0554133,46.79,33.81,41.02,54.39,80.8,124,2,,
2025-07-25T08:37:58.969+0200,981,892,10.925,4780.313,52.37,36.99,43.86,59.21,,0.67,128.09,17.32,26.09,2219,89,27,,,55,,,,,,0,2025-07-25T08:37:58.000+0200,901,853,9.855,48.1426733,-2.0552667,44.64,33.82,41.03,54.39,80.5,121,2,,
2025-07-25T08:37:58.991+0200,981,892,10.925,4780.313,52.37,36.99,43.86,59.21,,0.67,128.09,17.32,26.09,2219,89,27,,,55,,,,,,0,2025-07-25T08:37:58.000+0200,901,853,9.855,48.1426733,-2.0552667,44.64,33.82,41.03,54.39,80.5,121,2,,
2025-07-25T08:37:59.585+0200,982,893,10.934,4780.322,53.17,37.00,43.87,59.21,,1.08,128.00,23.24,34.59,2975,89,27,,,54,,,,,,0,2025-07-25T08:37:58.000+0200,901,853,9.855,48.1426733,-2.0552667,44.64,33.82,41.03,54.39,80.5,121,2,,
2025-07-25T08:37:59.606+0200,982,893,10.934,4780.322,53.17,37.00,43.87,59.21,,1.08,128.00,23.24,34.59,2975,89,27,,,54,,,,,,0,2025-07-25T08:37:58.000+0200,901,853,9.855,48.1426733,-2.0552667,44.64,33.82,41.03,54.39,80.5,121,2,,
2025-07-25T08:38:00.205+0200,982,893,10.943,4780.332,52.05,37.01,43.87,59.21,,0.00,128.09,9.44,14.29,1209,89,27,,,55,,,,,,0,2025-07-25T08:37:59.000+0200,902,854,9.867,48.1426083,-2.0551350,43.38,33.83,41.03,54.39,80.2,128,2,,
2025-07-25T08:38:00.227+0200,982,893,10.943,4780.332,52.05,37.01,43.87,59.21,,0.00,128.09,9.44,14.29,1209,89,27,,,55,,,,,,0,2025-07-25T08:37:59.000+0200,902,854,9.867,48.1426083,-2.0551350,43.38,33.83,41.03,54.39,80.2,128,2,,
2025-07-25T08:38:00.830+0200,983,894,10.952,4780.341,51.22,37.01,43.88,59.21,,-0.23,128.09,19.50,29.90,2498,89,27,,,56,,,,,,0,2025-07-25T08:38:00.000+0200,903,855,9.879,48.1425500,-2.0550017,41.79,33.84,41.03,54.39,80.3,123,2,,
2025-07-25T08:38:00.854+0200,983,894,10.952,4780.341,51.22,37.01,43.88,59.21,,-0.23,128.09,19.50,29.90,2498,89,27,,,56,,,,,,0,2025-07-25T08:38:00.000+0200,903,855,9.879,48.1425500,-2.0550017,41.79,33.84,41.03,54.39,80.3,123,2,,
2025-07-25T08:38:01.446+0200,984,895,10.961,4780.349,52.30,37.02,43.88,59.21,,2.92,128.00,11.67,17.60,1494,89,27,,,55,,,,,,0,2025-07-25T08:38:00.000+0200,903,855,9.879,48.1425500,-2.0550017,41.79,33.84,41.03,54.39,80.3,123,2,,
2025-07-25T08:38:01.467+0200,984,895,10.961,4780.349,52.30,37.02,43.88,59.21,,2.92,128.00,11.67,17.60,1494,89,27,,,55,,,,,,0,2025-07-25T08:38:00.000+0200,903,855,9.879,48.1425500,-2.0550017,41.79,33.84,41.03,54.39,80.3,123,2,,
2025-07-25T08:38:02.092+0200,984,895,10.970,4780.359,52.52,37.03,43.89,59.21,,3.48,128.00,13.10,19.69,1677,89,27,,,55,,,,,,0,2025-07-25T08:38:01.000+0200,904,856,9.892,48.1424783,-2.0548633,49.03,33.85,41.04,54.39,81.1,125,2,,
2025-07-25T08:38:02.114+0200,984,895,10.970,4780.359,52.52,37.03,43.89,59.21,,3.48,128.00,13.10,19.69,1677,89,27,,,55,,,,,,0,2025-07-25T08:38:01.000+0200,904,856,9.892,48.1424783,-2.0548633,49.03,33.85,41.04,54.39,81.1,125,2,,
2025-07-25T08:38:02.708+0200,985,896,10.979,4780.368,52.77,37.04,43.89,59.21,,1.08,128.00,17.02,25.50,2179,89,27,,,55,,,,,,0,2025-07-25T08:38:02.000+0200,904,856,9.906,48.1424117,-2.0547150,49.53,33.87,41.05,54.39,81.3,126,2,,
2025-07-25T08:38:02.724+0200,985,896,10.979,4780.368,52.77,37.04,43.89,59.21,,1.08,128.00,17.02,25.50,2179,89,27,,,55,,,,,,0,2025-07-25T08:38:02.000+0200,904,856,9.906,48.1424117,-2.0547150,49.53,33.87,41.05,54.39,81.3,126,2,,
2025-07-25T08:38:03.335+0200,985,896,10.988,4780.377,51.80,37.05,43.90,59.21,,0.96,128.00,18.03,27.40,2308,89,27,,,55,,,,,,0,2025-07-25T08:38:02.000+0200,905,857,9.906,48.1424117,-2.0547150,49.53,33.87,41.05,54.39,81.3,126,2,,
2025-07-25T08:38:03.360+0200,985,896,10.988,4780.377,51.80,37.05,43.90,59.21,,0.96,128.00,18.03,27.40,2308,89,27,,,55,,,,,,0,2025-07-25T08:38:02.000+0200,905,857,9.906,48.1424117,-2.0547150,49.53,33.87,41.05,54.39,81.3,126,2,,
2025-07-25T08:38:03.949+0200,986,897,10.997,4780.386,52.70,37.06,43.91,59.21,,2.03,128.00,8.07,12.10,1033,89,27,,,55,,,,,,0,2025-07-25T08:38:03.000+0200,906,858,9.920,48.1423350,-2.0545667,43.91,33.88,41.05,54.39,81.8,124,2,,
2025-07-25T08:38:03.971+0200,986,897,10.997,4780.386,52.70,37.06,43.91,59.21,,2.03,128.00,8.07,12.10,1033,89,27,,,55,,,,,,0,2025-07-25T08:38:03.000+0200,906,858,9.920,48.1423350,-2.0545667,43.91,33.88,41.05,54.39,81.8,124,2,,
2025-07-25T08:38:04.567+0200,987,898,11.006,4780.395,51.80,37.07,43.91,59.21,,1.57,128.09,12.63,19.19,1618,89,27,,,55,,,,,,0,2025-07-25T08:38:03.000+0200,906,858,9.920,48.1423350,-2.0545667,43.91,33.88,41.05,54.39,81.8,124,2,,
2025-07-25T08:38:04.587+0200,987,898,11.006,4780.395,51.80,37.07,43.91,59.21,,1.57,128.09,12.63,19.19,1618,89,27,,,55,,,,,,0,2025-07-25T08:38:03.000+0200,906,858,9.920,48.1423350,-2.0545667,43.91,33.88,41.05,54.39,81.8,124,2,,
2025-07-25T08:38:05.186+0200,987,898,11.015,4780.404,51.48,37.08,43.92,59.21,,-2.36,128.20,7.20,11.00,923,89,27,,,56,,,,,,0,2025-07-25T08:38:04.000+0200,907,859,9.932,48.1422667,-2.0544283,48.62,33.89,41.06,54.39,81.1,128,2,,
2025-07-25T08:38:05.210+0200,987,898,11.015,4780.404,51.48,37.08,43.92,59.21,,-2.36,128.20,7.20,11.00,923,89,27,,,56,,,,,,0,2025-07-25T08:38:04.000+0200,907,859,9.932,48.1422667,-2.0544283,48.62,33.89,41.06,54.39,81.1,128,2,,
2025-07-25T08:38:05.809+0200,988,899,11.024,4780.413,51.22,37.08,43.92,59.21,,-0.23,128.30,13.89,21.30,1782,89,27,,,56,,,,,,0,2025-07-25T08:38:05.000+0200,908,860,9.946,48.1421850,-2.0542983,45.49,33.90,41.07,54.39,80.6,127,2,,
2025-07-25T08:38:05.831+0200,988,899,11.024,4780.413,51.22,37.08,43.92,59.21,,-0.23,128.30,13.89,21.30,1782,89,27,,,56,,,,,,0,2025-07-25T08:38:05.000+0200,908,860,9.946,48.1421850,-2.0542983,45.49,33.90,41.07,54.39,80.6,127,2,,
2025-07-25T08:38:06.430+0200,989,900,11.033,4780.422,50.61,37.09,43.93,59.21,,0.22,128.39,8.72,13.50,1120,89,27,,,57,,,,,,0,2025-07-25T08:38:05.000+0200,908,860,9.946,48.1421850,-2.0542983,45.49,33.90,41.07,54.39,80.6,127,2,,
2025-07-25T08:38:06.453+0200,989,900,11.033,4780.422,50.61,37.09,43.93,59.21,,0.22,128.39,8.72,13.50,1120,89,27,,,57,,,,,,0,2025-07-25T08:38:05.000+0200,908,860,9.946,48.1421850,-2.0542983,45.49,33.90,41.07,54.39,80.6,127,2,,
2025-07-25T08:38:07.045+0200,989,900,11.042,4780.430,50.50,37.10,43.93,59.21,,1.46,128.39,13.86,21.50,1779,89,27,,,57,,,,,,0,2025-07-25T08:38:06.000+0200,909,861,9.959,48.1421050,-2.0541633,44.68,33.91,41.07,54.39,80.9,128,2,,
2025-07-25T08:38:07.066+0200,989,900,11.042,4780.430,50.50,37.10,43.93,59.21,,1.46,128.39,13.86,21.50,1779,89,27,,,57,,,,,,0,2025-07-25T08:38:06.000+0200,909,861,9.959,48.1421050,-2.0541633,44.68,33.91,41.07,54.39,80.9,128,2,,
2025-07-25T08:38:07.685+0200,990,901,11.051,4780.439,49.82,37.11,43.93,59.21,,-0.96,128.50,11.74,18.40,1509,89,27,,,57,,,,,,0,2025-07-25T08:38:07.000+0200,909,861,9.973,48.1420283,-2.0540217,44.80,33.92,41.08,54.39,81.2,124,2,,
2025-07-25T08:38:07.704+0200,990,901,11.051,4780.439,49.82,37.11,43.93,59.21,,-0.96,128.50,11.74,18.40,1509,89,27,,,57,,,,,,0,2025-07-25T08:38:07.000+0200,909,861,9.973,48.1420283,-2.0540217,44.80,33.92,41.08,54.39,81.2,124,2,,
2025-07-25T08:38:08.307+0200,990,901,11.059,4780.448,49.24,37.11,43.94,59.21,,-0.36,128.50,10.05,15.90,1291,89,27,,,58,,,,,,0,2025-07-25T08:38:07.000+0200,910,862,9.973,48.1420283,-2.0540217,44.80,33.92,41.08,54.39,81.2,124,2,,
2025-07-25T08:38:08.330+0200,990,901,11.059,4780.448,49.24,37.11,43.94,59.21,,-0.36,128.50,10.05,15.90,1291,89,27,,,58,,,,,,0,2025-07-25T08:38:07.000+0200,910,862,9.973,48.1420283,-2.0540217,44.80,33.92,41.08,54.39,81.2,124,2,,
2025-07-25T08:38:08.927+0200,991,902,11.068,4780.456,49.46,37.12,43.94,59.21,,-2.36,128.50,10.72,16.90,1378,89,27,,,58,,,,,,0,2025-07-25T08:38:08.000+0200,911,863,9.986,48.1419567,-2.0538833,46.50,33.93,41.08,54.39,81.4,126,2,,
2025-07-25T08:38:08.954+0200,991,902,11.068,4780.456,49.46,37.12,43.94,59.21,,-2.36,128.50,10.72,16.90,1378,89,27,,,58,,,,,,0,2025-07-25T08:38:08.000+0200,911,863,9.986,48.1419567,-2.0538833,46.50,33.93,41.08,54.39,81.4,126,2,,
2025-07-25T08:38:09.548+0200,992,903,11.077,4780.465,49.46,37.13,43.95,59.21,,-0.56,128.50,7.67,12.10,986,89,27,,,58,,,,,,0,2025-07-25T08:38:08.000+0200,911,863,9.986,48.1419567,-2.0538833,46.50,33.93,41.08,54.39,81.4,126,2,,
2025-07-25T08:38:09.572+0200,992,903,11.077,4780.465,49.46,37.13,43.95,59.21,,-0.56,128.50,7.67,12.10,986,89,27,,,58,,,,,,0,2025-07-25T08:38:08.000+0200,911,863,9.986,48.1419567,-2.0538833,46.50,33.93,41.08,54.39,81.4,126,2,,
2025-07-25T08:38:10.172+0200,992,903,11.085,4780.473,49.89,37.14,43.95,59.21,,2.02,128.50,15.84,24.80,2035,89,27,,,57,,,,,,0,2025-07-25T08:38:09.000+0200,912,864,9.999,48.1418867,-2.0537417,45.88,33.95,41.09,54.39,81.4,123,2,,
2025-07-25T08:38:10.196+0200,992,903,11.085,4780.473,49.89,37.14,43.95,59.21,,2.02,128.50,15.84,24.80,2035,89,27,,,57,,,,,,0,2025-07-25T08:38:09.000+0200,912,864,9.999,48.1418867,-2.0537417,45.88,33.95,41.09,54.39,81.4,123,2,,
2025-07-25T08:38:10.792+0200,993,904,11.094,4780.482,51.19,37.14,43.95,59.21,,2.36,128.30,30.83,47.30,3955,89,27,,,56,,,,,,0,2025-07-25T08:38:10.000+0200,912,864,10.011,48.1418250,-2.0536050,45.87,33.96,41.09,54.39,81.0,128,2,,
2025-07-25T08:38:10.815+0200,993,904,11.094,4780.482,51.19,37.14,43.95,59.21,,2.36,128.30,30.83,47.30,3955,89,27,,,56,,,,,,0,2025-07-25T08:38:10.000+0200,913,865,10.011,48.1418250,-2.0536050,45.87,33.96,41.09,54.39,81.0,128,2,,
2025-07-25T08:38:11.410+0200,994,905,11.103,4780.491,52.19,37.15,43.96,59.21,,2.92,128.09,16.35,24.70,2094,89,27,,,55,,,,,,0,2025-07-25T08:38:10.000+0200,913,865,10.011,48.1418250,-2.0536050,45.87,33.96,41.09,54.39,81.0,128,2,,
2025-07-25T08:38:11.434+0200,994,905,11.103,4780.491,52.19,37.15,43.96,59.21,,2.92,128.09,16.35,24.70,2094,89,27,,,55,,,,,,0,2025-07-25T08:38:10.000+0200,913,865,10.011,48.1418250,-2.0536050,45.87,33.96,41.09,54.39,81.0,128,2,,
2025-07-25T08:38:12.027+0200,994,905,11.112,4780.500,51.58,37.16,43.96,59.21,,0.11,128.20,14.62,22.30,1874,89,27,,,56,,,,,,0,2025-07-25T08:38:11.000+0200,914,866,10.025,48.1417500,-2.0534617,47.88,33.97,41.10,54.39,80.7,126,2,,
2025-07-25T08:38:12.051+0200,994,905,11.112,4780.500,51.58,37.16,43.96,59.21,,0.11,128.20,14.62,22.30,1874,89,27,,,56,,,,,,0,2025-07-25T08:38:11.000+0200,914,866,10.025,48.1417500,-2.0534617,47.88,33.97,41.10,54.39,80.7,126,2,,
2025-07-25T08:38:12.668+0200,995,906,11.121,4780.509,52.41,37.17,43.97,59.21,,-0.67,128.30,15.93,24.00,2044,89,27,,,55,,,,,,0,2025-07-25T08:38:12.000+0200,914,866,10.038,48.1416750,-2.0533183,45.62,33.98,41.11,54.39,80.6,125,2,,
2025-07-25T08:38:12.690+0200,995,906,11.121,4780.509,52.41,37.17,43.97,59.21,,-0.67,128.30,15.93,24.00,2044,89,27,,,55,,,,,,0,2025-07-25T08:38:12.000+0200,914,866,10.038,48.1416750,-2.0533183,45.62,33.98,41.11,54.39,80.6,125,2,,
2025-07-25T08:38:13.286+0200,995,906,11.130,4780.518,52.19,37.18,43.98,59.21,,-2.58,128.30,8.14,12.30,1044,89,27,,,55,,,,,,0,2025-07-25T08:38:12.000+0200,915,867,10.038,48.1416750,-2.0533183,45.62,33.98,41.11,54.39,80.6,125,2,,
2025-07-25T08:38:13.309+0200,995,906,11.130,4780.518,52.19,37.18,43.98,59.21,,-2.58,128.30,8.14,12.30,1044,89,27,,,55,,,,,,0,2025-07-25T08:38:12.000+0200,915,867,10.038,48.1416750,-2.0533183,45.62,33.98,41.11,54.39,80.6,125,2,,
2025-07-25T08:38:13.910+0200,996,907,11.139,4780.527,52.52,37.19,43.98,59.21,,1.24,128.39,9.91,14.90,1272,89,27,,,55,,,,,,0,2025-07-25T08:38:13.000+0200,916,868,10.051,48.1416000,-2.0531833,45.67,33.99,41.11,54.39,80.5,127,2,,
2025-07-25T08:38:13.933+0200,996,907,11.139,4780.527,52.52,37.19,43.98,59.21,,1.24,128.39,9.91,14.90,1272,89,27,,,55,,,,,,0,2025-07-25T08:38:13.000+0200,916,868,10.051,48.1416000,-2.0531833,45.67,33.99,41.11,54.39,80.5,127,2,,
2025-07-25T08:38:14.529+0200,997,908,11.148,4780.536,52.92,37.20,43.99,59.21,,2.59,128.39,8.03,12.00,1031,89,26,,,55,,,,,,0,2025-07-25T08:38:13.000+0200,916,868,10.051,48.1416000,-2.0531833,45.67,33.99,41.11,54.39,80.5,127,2,,
2025-07-25T08:38:14.553+0200,997,908,11.148,4780.536,52.92,37.20,43.99,59.21,,2.59,128.39,8.03,12.00,1031,89,26,,,55,,,,,,0,2025-07-25T08:38:13.000+0200,916,868,10.051,48.1416000,-2.0531833,45.67,33.99,41.11,54.39,80.5,127,2,,
2025-07-25T08:38:15.145+0200,997,908,11.157,4780.546,52.74,37.21,43.99,59.21,,-1.79,128.39,9.87,14.79,1267,89,26,,,55,,,,,,0,2025-07-25T08:38:14.000+0200,917,869,10.065,48.1415283,-2.0530383,48.14,34.01,41.12,54.39,80.0,125,2,,
2025-07-25T08:38:15.167+0200,997,908,11.157,4780.546,52.74,37.21,43.99,59.21,,-1.79,128.39,9.87,14.79,1267,89,26,,,55,,,,,,0,2025-07-25T08:38:14.000+0200,917,869,10.065,48.1415283,-2.0530383,48.14,34.01,41.12,54.39,80.0,125,2,,
2025-07-25T08:38:15.768+0200,998,909,11.166,4780.555,53.64,37.21,44.00,59.21,,1.24,128.39,16.30,24.10,2093,89,26,,,54,,,,,,0,2025-07-25T08:38:15.000+0200,917,869,10.078,48.1414567,-2.0528883,48.44,34.02,41.13,54.39,79.4,126,2,,
2025-07-25T08:38:15.792+0200,998,909,11.166,4780.555,53.64,37.21,44.00,59.21,,1.24,128.39,16.30,24.10,2093,89,26,,,54,,,,,,0,2025-07-25T08:38:15.000+0200,917,869,10.078,48.1414567,-2.0528883,48.44,34.02,41.13,54.39,79.4,126,2,,
2025-07-25T08:38:16.406+0200,999,909,11.175,4780.564,53.99,37.22,44.01,59.21,,1.32,128.39,8.49,12.50,1090,89,26,,,54,,,,,,0,2025-07-25T08:38:15.000+0200,918,870,10.078,48.1414567,-2.0528883,48.44,34.02,41.13,54.39,79.4,126,2,,
2025-07-25T08:38:16.430+0200,999,910,11.175,4780.564,53.99,37.22,44.01,59.21,,1.32,128.39,8.49,12.50,1090,89,26,,,54,,,,,,0,2025-07-25T08:38:15.000+0200,918,870,10.078,48.1414567,-2.0528883,48.44,34.02,41.13,54.39,79.4,126,2,,
2025-07-25T08:38:17.031+0200,999,910,11.185,4780.573,53.71,37.23,44.01,59.21,,1.13,128.50,10.83,16.00,1392,89,26,,,54,,,,,,0,2025-07-25T08:38:16.000+0200,919,871,10.092,48.1413783,-2.0527433,49.02,34.03,41.14,54.39,79.8,129,2,,
2025-07-25T08:38:17.055+0200,999,910,11.185,4780.573,53.71,37.23,44.01,59.21,,1.13,128.50,10.83,16.00,1392,89,26,,,54,,,,,,0,2025-07-25T08:38:16.000+0200,919,871,10.092,48.1413783,-2.0527433,49.02,34.03,41.14,54.39,79.8,129,2,,
2025-07-25T08:38:17.651+0200,1000,911,11.194,4780.583,54.39,37.24,44.02,59.21,,3.48,128.50,10.46,15.29,1344,89,26,,,53,,,,,,0,2025-07-25T08:38:16.000+0200,919,871,10.092,48.1413783,-2.0527433,49.02,34.03,41.14,54.39,79.8,129,2,,
2025-07-25T08:38:17.677+0200,1000,911,11.194,4780.583,54.39,37.24,44.02,59.21,,3.48,128.50,10.46,15.29,1344,89,26,,,53,,,,,,0,2025-07-25T08:38:17.000+0200,919,871,10.106,48.1412983,-2.0525983,50.19,34.05,41.15,54.39,79.4,126,2,,
2025-07-25T08:38:18.267+0200,1000,911,11.203,4780.592,53.35,37.25,44.03,59.21,,0.11,128.59,13.33,19.79,1714,89,26,,,54,,,,,,0,2025-07-25T08:38:17.000+0200,920,872,10.106,48.1412983,-2.0525983,50.19,34.05,41.15,54.39,79.4,126,2,,
2025-07-25T08:38:18.285+0200,1000,911,11.203,4780.592,53.35,37.25,44.03,59.21,,0.11,128.59,13.33,19.79,1714,89,26,,,54,,,,,,0,2025-07-25T08:38:17.000+0200,920,872,10.106,48.1412983,-2.0525983,50.19,34.05,41.15,54.39,79.4,126,2,,
2025-07-25T08:38:18.889+0200,1001,912,11.213,4780.601,53.46,37.26,44.03,59.21,,-0.45,128.59,11.33,16.79,1457,89,26,,,54,,,,,,0,2025-07-25T08:38:18.000+0200,921,873,10.120,48.1412233,-2.0524467,48.14,34.06,41.16,54.39,80.0,126,2,,
2025-07-25T08:38:18.911+0200,1001,912,11.213,4780.601,53.46,37.26,44.03,59.21,,-0.45,128.59,11.33,16.79,1457,89,26,,,54,,,,,,0,2025-07-25T08:38:18.000+0200,921,873,10.120,48.1412233,-2.0524467,48.14,34.06,41.16,54.39,80.0,126,2,,
2025-07-25T08:38:19.513+0200,1002,913,11.222,4780.611,53.17,37.27,44.04,59.21,,-0.79,128.80,11.82,17.60,1522,89,26,,,55,,,,,,0,2025-07-25T08:38:18.000+0200,921,873,10.120,48.1412233,-2.0524467,48.14,34.06,41.16,54.39,80.0,126,2,,
2025-07-25T08:38:19.536+0200,1002,913,11.222,4780.611,53.17,37.27,44.04,59.21,,-0.79,128.80,11.82,17.60,1522,89,26,,,55,,,,,,0,2025-07-25T08:38:18.000+0200,921,873,10.120,48.1412233,-2.0524467,48.14,34.06,41.16,54.39,80.0,126,2,,
2025-07-25T08:38:20.132+0200,1002,913,11.231,4780.620,53.31,37.28,44.05,59.21,,0.11,128.80,7.06,10.50,909,89,26,,,54,,,,,,0,2025-07-25T08:38:19.000+0200,922,874,10.134,48.1411500,-2.0523000,51.66,34.08,41.17,54.39,80.6,130,2,,
2025-07-25T08:38:20.154+0200,1002,913,11.231,4780.620,53.31,37.28,44.05,59.21,,0.11,128.80,7.06,10.50,909,89,26,,,54,,,,,,0,2025-07-25T08:38:19.000+0200,922,874,10.134,48.1411500,-2.0523000,51.66,34.08,41.17,54.39,80.6,130,2,,
2025-07-25T08:38:20.770+0200,1003,914,11.240,4780.629,53.31,37.29,44.05,59.21,,1.08,128.80,7.87,11.70,1014,89,26,,,54,,,,,,0,2025-07-25T08:38:20.000+0200,922,874,10.148,48.1410750,-2.0521517,47.50,34.09,41.18,54.39,81.1,127,2,,
2025-07-25T08:38:20.792+0200,1003,914,11.240,4780.629,53.31,37.29,44.05,59.21,,1.08,128.80,7.87,11.70,1014,89,26,,,54,,,,,,0,2025-07-25T08:38:20.000+0200,922,874,10.148,48.1410750,-2.0521517,47.50,34.09,41.18,54.39,81.1,127,2,,
2025-07-25T08:38:21.386+0200,1004,914,11.250,4780.638,53.13,37.30,44.06,59.21,,-0.48,128.80,8.99,13.40,1158,89,26,,,55,,,,,,0,2025-07-25T08:38:20.000+0200,923,875,10.148,48.1410750,-2.0521517,47.50,34.09,41.18,54.39,81.1,127,2,,
2025-07-25T08:38:21.410+0200,1004,914,11.250,4780.638,53.13,37.30,44.06,59.21,,-0.48,128.80,8.99,13.40,1158,89,26,,,55,,,,,,0,2025-07-25T08:38:20.000+0200,923,875,10.148,48.1410750,-2.0521517,47.50,34.09,41.18,54.39,81.1,127,2,,
2025-07-25T08:38:22.010+0200,1004,915,11.259,4780.647,53.35,37.31,44.07,59.21,,0.12,128.70,10.91,16.19,1404,89,26,,,54,,,,,,0,2025-07-25T08:38:21.000+0200,924,876,10.161,48.1410017,-2.0520083,49.80,34.11,41.19,54.39,81.7,127,2,,
2025-07-25T08:38:22.034+0200,1004,915,11.259,4780.647,53.35,37.31,44.07,59.21,,0.12,128.70,10.91,16.19,1404,89,26,,,54,,,,,,0,2025-07-25T08:38:21.000+0200,924,876,10.161,48.1410017,-2.0520083,49.80,34.11,41.19,54.39,81.7,127,2,,
2025-07-25T08:38:22.627+0200,1005,916,11.268,4780.657,53.10,37.32,44.07,59.21,,2.86,128.80,4.09,6.10,527,89,26,,,55,,,,,,0,2025-07-25T08:38:21.000+0200,924,876,10.161,48.1410017,-2.0520083,49.80,34.11,41.19,54.39,81.7,127,2,,
2025-07-25T08:38:22.647+0200,1005,916,11.268,4780.657,53.10,37.32,44.07,59.21,,2.86,128.80,4.09,6.10,527,89,26,,,55,,,,,,0,2025-07-25T08:38:21.000+0200,924,876,10.161,48.1410017,-2.0520083,49.80,34.11,41.19,54.39,81.7,127,2,,
2025-07-25T08:38:23.250+0200,1005,916,11.277,4780.666,53.28,37.33,44.08,59.21,,1.08,128.80,10.83,16.10,1395,89,26,,,54,,,,,,0,2025-07-25T08:38:22.000+0200,925,877,10.175,48.1409333,-2.0518583,48.15,34.12,41.19,54.39,82.0,124,2,,
2025-07-25T08:38:23.275+0200,1005,916,11.277,4780.666,53.28,37.33,44.08,59.21,,1.08,128.80,10.83,16.10,1395,89,26,,,54,,,,,,0,2025-07-25T08:38:22.000+0200,925,877,10.175,48.1409333,-2.0518583,48.15,34.12,41.19,54.39,82.0,124,2,,
2025-07-25T08:38:23.870+0200,1006,917,11.286,4780.675,51.80,37.33,44.08,59.21,,-2.36,128.70,12.63,19.19,1625,89,26,,,56,,,,,,0,2025-07-25T08:38:23.000+0200,926,878,10.188,48.1408667,-2.0517100,48.21,34.13,41.20,54.39,82.7,127,2,,
2025-07-25T08:38:23.894+0200,1006,917,11.286,4780.675,51.80,37.33,44.08,59.21,,-2.36,128.70,12.63,19.19,1625,89,26,,,56,,,,,,0,2025-07-25T08:38:23.000+0200,926,878,10.188,48.1408667,-2.0517100,48.21,34.13,41.20,54.39,82.7,127,2,,
2025-07-25T08:38:24.511+0200,1007,918,11.296,4780.684,53.24,37.34,44.09,59.21,,0.24,128.59,17.55,26.09,2257,89,26,,,54,,,,,,0,2025-07-25T08:38:23.000+0200,926,878,10.188,48.1408667,-2.0517100,48.21,34.13,41.20,54.39,82.7,127,2,,
2025-07-25T08:38:24.534+0200,1007,918,11.296,4780.684,53.24,37.34,44.09,59.21,,0.24,128.59,17.55,26.09,2257,89,26,,,54,,,,,,0,2025-07-25T08:38:23.000+0200,926,878,10.188,48.1408667,-2.0517100,48.21,34.13,41.20,54.39,82.7,127,2,,
2025-07-25T08:38:25.108+0200,1007,918,11.305,4780.693,52.74,37.35,44.09,59.21,,1.69,128.70,10.74,16.10,1382,89,26,,,55,,,,,,0,2025-07-25T08:38:24.000+0200,927,879,10.201,48.1407967,-2.0515700,47.01,34.15,41.21,54.39,82.9,128,2,,
2025-07-25T08:38:25.131+0200,1007,918,11.305,4780.693,52.74,37.35,44.09,59.21,,1.69,128.70,10.74,16.10,1382,89,26,,,55,,,,,,0,2025-07-25T08:38:24.000+0200,927,879,10.201,48.1407967,-2.0515700,47.01,34.15,41.21,54.39,82.9,128,2,,
2025-07-25T08:38:25.748+0200,1008,919,11.314,4780.703,51.98,37.36,44.10,59.21,,-1.20,128.80,5.93,9.00,764,89,26,,,56,,,,,,0,2025-07-25T08:38:25.000+0200,927,879,10.214,48.1407300,-2.0514300,47.61,34.16,41.22,54.39,83.1,127,2,,
2025-07-25T08:38:25.770+0200,1008,919,11.314,4780.703,51.98,37.36,44.10,59.21,,-1.20,128.80,5.93,9.00,764,89,26,,,56,,,,,,0,2025-07-25T08:38:25.000+0200,927,879,10.214,48.1407300,-2.0514300,47.61,34.16,41.22,54.39,83.1,127,2,,
2025-07-25T08:38:26.372+0200,1008,919,11.323,4780.712,52.77,37.37,44.11,59.21,,-0.36,128.80,8.28,12.40,1066,89,26,,,55,,,,,,0,2025-07-25T08:38:25.000+0200,928,880,10.214,48.1407300,-2.0514300,47.61,34.16,41.22,54.39,83.1,127,2,,
2025-07-25T08:38:26.394+0200,1008,919,11.323,4780.712,52.77,37.37,44.11,59.21,,-0.36,128.80,8.28,12.40,1066,89,26,,,55,,,,,,0,2025-07-25T08:38:25.000+0200,928,880,10.214,48.1407300,-2.0514300,47.61,34.16,41.22,54.39,83.1,127,2,,
2025-07-25T08:38:26.992+0200,1009,920,11.332,4780.721,52.52,37.38,44.11,59.21,,0.95,128.89,10.97,16.50,1414,89,26,,,55,,,,,,0,2025-07-25T08:38:26.000+0200,929,881,10.227,48.1406600,-2.0512883,50.11,34.17,41.23,54.39,83.4,128,2,,
2025-07-25T08:38:27.015+0200,1009,920,11.332,4780.721,52.52,37.38,44.11,59.21,,0.95,128.89,10.97,16.50,1414,89,26,,,55,,,,,,0,2025-07-25T08:38:26.000+0200,929,881,10.227,48.1406600,-2.0512883,50.11,34.17,41.23,54.39,83.4,128,2,,
2025-07-25T08:38:27.614+0200,1010,921,11.341,4780.730,51.80,37.39,44.12,59.21,,1.43,128.89,7.37,11.20,950,89,26,,,56,,,,,,0,2025-07-25T08:38:26.000+0200,929,881,10.227,48.1406600,-2.0512883,50.11,34.17,41.23,54.39,83.4,128,2,,
2025-07-25T08:38:27.642+0200,1010,921,11.341,4780.730,51.80,37.39,44.12,59.21,,1.43,128.89,7.37,11.20,950,89,26,,,56,,,,,,0,2025-07-25T08:38:26.000+0200,929,881,10.227,48.1406600,-2.0512883,50.11,34.17,41.23,54.39,83.4,128,2,,
2025-07-25T08:38:28.225+0200,1010,921,11.350,4780.739,51.48,37.39,44.12,59.21,,-2.39,128.89,4.45,6.80,574,89,26,,,56,,,,,,0,2025-07-25T08:38:27.000+0200,930,882,10.240,48.1405883,-2.0511383,46.68,34.18,41.23,54.39,84.0,124,2,,
2025-07-25T08:38:28.250+0200,1010,921,11.350,4780.739,51.48,37.39,44.12,59.21,,-2.39,128.89,4.45,6.80,574,89,26,,,56,,,,,,0,2025-07-25T08:38:27.000+0200,930,882,10.240,48.1405883,-2.0511383,46.68,34.18,41.23,54.39,84.0,124,2,,
2025-07-25T08:38:28.847+0200,1011,922,11.359,4780.748,51.19,37.40,44.13,59.21,,-0.36,129.00,6.32,9.70,815,89,26,,,56,,,,,,0,2025-07-25T08:38:28.000+0200,931,883,10.253,48.1405233,-2.0510000,46.78,34.20,41.24,54.39,83.7,127,2,,
2025-07-25T08:38:28.868+0200,1011,922,11.359,4780.748,51.19,37.40,44.13,59.21,,-0.36,129.00,6.32,9.70,815,89,26,,,56,,,,,,0,2025-07-25T08:38:28.000+0200,931,883,10.253,48.1405233,-2.0510000,46.78,34.20,41.24,54.39,83.7,127,2,,
2025-07-25T08:38:29.464+0200,1012,923,11.368,4780.757,50.61,37.41,44.13,59.21,,-2.02,129.09,4.91,7.60,634,89,26,,,57,,,,,,0,2025-07-25T08:38:28.000+0200,931,883,10.253,48.1405233,-2.0510000,46.78,34.20,41.24,54.39,83.7,127,2,,
2025-07-25T08:38:29.485+0200,1012,923,11.368,4780.757,50.61,37.41,44.13,59.21,,-2.02,129.09,4.91,7.60,634,89,26,,,57,,,,,,0,2025-07-25T08:38:28.000+0200,931,883,10.253,48.1405233,-2.0510000,46.78,34.20,41.24,54.39,83.7,127,2,,
2025-07-25T08:38:30.088+0200,1012,923,11.377,4780.765,50.07,37.42,44.14,59.21,,-2.64,129.09,7.11,11.10,918,89,26,,,57,,,,,,0,2025-07-25T08:38:29.000+0200,932,884,10.266,48.1404550,-2.0508617,46.74,34.21,41.24,54.39,83.0,127,2,,
2025-07-25T08:38:30.109+0200,1012,923,11.377,4780.765,50.07,37.42,44.14,59.21,,-2.64,129.09,7.11,11.10,918,89,26,,,57,,,,,,0,2025-07-25T08:38:29.000+0200,932,884,10.266,48.1404550,-2.0508617,46.74,34.21,41.24,54.39,83.0,127,2,,
2025-07-25T08:38:30.710+0200,1013,924,11.386,4780.774,49.24,37.42,44.14,59.21,,-3.72,129.20,4.04,6.39,522,89,26,,,58,,,,,,0,2025-07-25T08:38:30.000+0200,932,884,10.278,48.1403867,-2.0507283,44.76,34.22,41.25,54.39,83.0,127,2,,
2025-07-25T08:38:30.733+0200,1013,924,11.386,4780.774,49.24,37.42,44.14,59.21,,-3.72,129.20,4.04,6.39,522,89,26,,,58,,,,,,0,2025-07-25T08:38:30.000+0200,932,884,10.278,48.1403867,-2.0507283,44.76,34.22,41.25,54.39,83.0,127,2,,
2025-07-25T08:38:31.331+0200,1013,924,11.394,4780.783,49.93,37.43,44.14,59.21,,1.01,129.09,12.59,19.69,1625,89,26,,,57,,,,,,0,2025-07-25T08:38:30.000+0200,933,885,10.278,48.1403867,-2.0507283,44.76,34.22,41.25,54.39,83.0,127,2,,
2025-07-25T08:38:31.354+0200,1013,924,11.394,4780.783,49.93,37.43,44.14,59.21,,1.01,129.09,12.59,19.69,1625,89,26,,,57,,,,,,0,2025-07-25T08:38:30.000+0200,933,885,10.278,48.1403867,-2.0507283,44.76,34.22,41.25,54.39,83.0,127,2,,
2025-07-25T08:38:31.954+0200,1014,925,11.403,4780.791,48.96,37.44,44.15,59.21,,-0.91,129.20,3.33,5.30,430,89,26,,,58,,,,,,0,2025-07-25T08:38:31.000+0200,934,886,10.291,48.1403217,-2.0505933,46.12,34.23,41.25,54.39,82.8,126,2,,
2025-07-25T08:38:31.978+0200,1014,925,11.403,4780.791,48.96,37.44,44.15,59.21,,-0.91,129.20,3.33,5.30,430,89,26,,,58,,,,,,0,2025-07-25T08:38:31.000+0200,934,886,10.291,48.1403217,-2.0505933,46.12,34.23,41.25,54.39,82.8,126,2,,
2025-07-25T08:38:32.588+0200,1015,926,11.412,4780.800,49.21,37.45,44.15,59.21,,1.20,129.20,4.23,6.70,547,89,26,,,58,,,,,,0,2025-07-25T08:38:31.000+0200,934,886,10.291,48.1403217,-2.0505933,46.12,34.23,41.25,54.39,82.8,126,2,,
2025-07-25T08:38:32.617+0200,1015,926,11.412,4780.800,49.21,37.45,44.15,59.21,,1.20,129.20,4.23,6.70,547,89,26,,,58,,,,,,0,2025-07-25T08:38:31.000+0200,934,886,10.291,48.1403217,-2.0505933,46.12,34.23,41.25,54.39,82.8,126,2,,
2025-07-25T08:38:33.211+0200,1015,926,11.420,4780.808,49.42,37.45,44.15,59.21,,0.72,129.20,3.67,5.80,474,90,26,,,58,,,,,,0,2025-07-25T08:38:32.000+0200,935,887,10.303,48.1402567,-2.0504583,43.96,34.24,41.26,54.39,82.5,125,2,,
2025-07-25T08:38:33.234+0200,1015,926,11.420,4780.808,49.42,37.45,44.15,59.21,,0.72,129.20,3.67,5.80,474,90,26,,,58,,,,,,0,2025-07-25T08:38:32.000+0200,935,887,10.303,48.1402567,-2.0504583,43.96,34.24,41.26,54.39,82.5,125,2,,
2025-07-25T08:38:33.827+0200,1016,927,11.429,4780.817,47.19,37.46,44.16,59.21,,-4.50,129.50,-3.51,-11.50,-455,90,26,,,60,,,,,,0,2025-07-25T08:38:33.000+0200,936,888,10.315,48.1401933,-2.0503267,42.46,34.25,41.26,54.39,82.0,125,2,,
2025-07-25T08:38:33.847+0200,1016,927,11.429,4780.817,47.19,37.46,44.16,59.21,,-4.50,129.50,-3.51,-11.50,-455,90,26,,,60,,,,,,0,2025-07-25T08:38:33.000+0200,936,888,10.315,48.1401933,-2.0503267,42.46,34.25,41.26,54.39,82.0,125,2,,
2025-07-25T08:38:34.452+0200,1017,928,11.437,4780.825,45.14,37.46,44.16,59.21,,-2.49,129.80,-2.72,-9.20,-353,90,26,,,62,,,,,,0,2025-07-25T08:38:33.000+0200,936,888,10.315,48.1401933,-2.0503267,42.46,34.25,41.26,54.39,82.0,125,2,,
2025-07-25T08:38:34.474+0200,1017,928,11.437,4780.825,45.14,37.46,44.16,59.21,,-2.49,129.80,-2.72,-9.20,-353,90,26,,,62,,,,,,0,2025-07-25T08:38:33.000+0200,936,888,10.315,48.1401933,-2.0503267,42.46,34.25,41.26,54.39,82.0,125,2,,
2025-07-25T08:38:35.070+0200,1017,928,11.445,4780.833,44.24,37.47,44.16,59.21,,1.24,129.80,4.77,8.20,619,90,26,,,62,,,,,,0,2025-07-25T08:38:34.000+0200,937,889,10.326,48.1401367,-2.0502000,39.97,34.25,41.26,54.39,81.3,124,2,,
2025-07-25T08:38:35.095+0200,1017,928,11.445,4780.833,44.24,37.47,44.16,59.21,,1.24,129.80,4.77,8.20,619,90,26,,,62,,,,,,0,2025-07-25T08:38:34.000+0200,937,889,10.326,48.1401367,-2.0502000,39.97,34.25,41.26,54.39,81.3,124,2,,
2025-07-25T08:38:35.688+0200,1018,929,11.453,4780.841,43.88,37.47,44.16,59.21,,-2.36,129.89,-0.95,-3.30,-123,90,26,,,63,,,,,,0,2025-07-25T08:38:35.000+0200,937,889,10.338,48.1400750,-2.0500800,41.71,34.26,41.26,54.39,81.4,130,2,,
2025-07-25T08:38:35.712+0200,1018,929,11.453,4780.841,43.88,37.47,44.16,59.21,,-2.36,129.89,-0.95,-3.30,-123,90,26,,,63,,,,,,0,2025-07-25T08:38:35.000+0200,937,889,10.338,48.1400750,-2.0500800,41.71,34.26,41.26,54.39,81.4,130,2,,
2025-07-25T08:38:36.311+0200,1018,929,11.460,4780.848,42.33,37.47,44.16,59.21,,-2.36,129.89,5.35,9.50,695,90,26,,,64,,,,,,0,2025-07-25T08:38:35.000+0200,938,890,10.338,48.1400750,-2.0500800,41.71,34.26,41.26,54.39,81.4,130,2,,
2025-07-25T08:38:36.335+0200,1018,929,11.460,4780.848,42.33,37.47,44.16,59.21,,-2.36,129.89,5.35,9.50,695,90,26,,,64,,,,,,0,2025-07-25T08:38:35.000+0200,938,890,10.338,48.1400750,-2.0500800,41.71,34.26,41.26,54.39,81.4,130,2,,
2025-07-25T08:38:36.950+0200,1019,930,11.468,4780.856,43.12,37.48,44.15,59.21,,2.15,129.70,6.34,11.10,822,90,26,,,63,,,,,,0,2025-07-25T08:38:36.000+0200,939,891,10.349,48.1400133,-2.0499617,38.68,34.26,41.25,54.39,81.2,127,2,,
2025-07-25T08:38:36.974+0200,1019,930,11.468,4780.856,43.12,37.48,44.15,59.21,,2.15,129.70,6.34,11.10,822,90,26,,,63,,,,,,0,2025-07-25T08:38:36.000+0200,939,891,10.349,48.1400133,-2.0499617,38.68,34.26,41.25,54.39,81.2,127,2,,
2025-07-25T08:38:37.578+0200,1020,931,11.475,4780.863,41.43,37.48,44.15,59.21,,-3.39,129.89,0.77,1.40,100,90,26,,,65,,,,,,0,2025-07-25T08:38:36.000+0200,939,891,10.349,48.1400133,-2.0499617,38.68,34.26,41.25,54.39,81.2,127,2,,
2025-07-25T08:38:37.603+0200,1020,931,11.475,4780.863,41.43,37.48,44.15,59.21,,-3.39,129.89,0.77,1.40,100,90,26,,,65,,,,,,0,2025-07-25T08:38:36.000+0200,939,891,10.349,48.1400133,-2.0499617,38.68,34.26,41.25,54.39,81.2,127,2,,
2025-07-25T08:38:38.186+0200,1020,931,11.483,4780.870,41.36,37.48,44.15,59.21,,0.67,129.80,7.30,13.20,948,90,26,,,65,,,,,,0,2025-07-25T08:38:37.000+0200,940,892,10.360,48.1399517,-2.0498450,40.51,34.27,41.25,54.39,80.2,128,2,,
2025-07-25T08:38:38.210+0200,1020,931,11.483,4780.870,41.36,37.48,44.15,59.21,,0.67,129.80,7.30,13.20,948,90,26,,,65,,,,,,0,2025-07-25T08:38:37.000+0200,940,892,10.360,48.1399517,-2.0498450,40.51,34.27,41.25,54.39,80.2,128,2,,
2025-07-25T08:38:38.805+0200,1021,932,11.490,4780.878,41.50,37.48,44.15,59.21,,0.45,129.70,8.71,15.70,1130,90,26,,,65,,,,,,0,2025-07-25T08:38:38.000+0200,940,892,10.371,48.1398900,-2.0497283,39.13,34.27,41.25,54.39,79.9,128,2,,
2025-07-25T08:38:38.830+0200,1021,932,11.490,4780.878,41.50,37.48,44.15,59.21,,0.45,129.70,8.71,15.70,1130,90,26,,,65,,,,,,0,2025-07-25T08:38:38.000+0200,941,893,10.371,48.1398900,-2.0497283,39.13,34.27,41.25,54.39,79.9,128,2,,
2025-07-25T08:38:39.428+0200,1022,933,11.497,4780.885,42.83,37.49,44.15,59.21,,2.30,129.59,6.19,10.90,802,90,25,,,64,,,,,,0,2025-07-25T08:38:38.000+0200,941,893,10.371,48.1398900,-2.0497283,39.13,34.27,41.25,54.39,79.9,128,2,,
2025-07-25T08:38:39.452+0200,1022,933,11.497,4780.885,42.83,37.49,44.15,59.21,,2.30,129.59,6.19,10.90,802,90,25,,,64,,,,,,0,2025-07-25T08:38:38.000+0200,941,893,10.371,48.1398900,-2.0497283,39.13,34.27,41.25,54.39,79.9,128,2,,
2025-07-25T08:38:40.071+0200,1022,933,11.505,4780.892,42.44,37.49,44.15,59.21,,-0.96,129.59,9.31,16.50,1206,90,26,,,64,,,,,,0,2025-07-25T08:38:39.000+0200,942,894,10.382,48.1398317,-2.0496133,39.13,34.28,41.25,54.39,79.3,124,2,,
2025-07-25T08:38:40.095+0200,1022,933,11.505,4780.892,42.44,37.49,44.15,59.21,,-0.96,129.59,9.31,16.50,1206,90,26,,,64,,,,,,0,2025-07-25T08:38:39.000+0200,942,894,10.382,48.1398317,-2.0496133,39.13,34.28,41.25,54.39,79.3,124,2,,
2025-07-25T08:38:40.690+0200,1023,934,11.512,4780.900,43.05,37.49,44.15,59.21,,0.36,129.39,11.63,20.40,1505,90,26,,,63,,,,,,0,2025-07-25T08:38:40.000+0200,942,894,10.393,48.1397750,-2.0494950,37.67,34.28,41.24,54.39,79.3,123,2,,
2025-07-25T08:38:40.714+0200,1023,934,11.512,4780.900,43.05,37.49,44.15,59.21,,0.36,129.39,11.63,20.40,1505,90,26,,,63,,,,,,0,2025-07-25T08:38:40.000+0200,942,894,10.393,48.1397750,-2.0494950,37.67,34.28,41.24,54.39,79.3,123,2,,
2025-07-25T08:38:41.311+0200,1023,934,11.519,4780.907,43.09,37.50,44.15,59.21,,-0.96,129.39,11.07,19.40,1432,90,25,,,63,,,,,,0,2025-07-25T08:38:40.000+0200,943,895,10.393,48.1397750,-2.0494950,37.67,34.28,41.24,54.39,79.3,123,2,,
2025-07-25T08:38:41.334+0200,1023,934,11.519,4780.907,43.09,37.50,44.15,59.21,,-0.96,129.39,11.07,19.40,1432,90,25,,,63,,,,,,0,2025-07-25T08:38:40.000+0200,943,895,10.393,48.1397750,-2.0494950,37.67,34.28,41.24,54.39,79.3,123,2,,
2025-07-25T08:38:41.932+0200,1024,935,11.527,4780.915,43.56,37.50,44.15,59.21,,0.67,129.30,9.15,15.90,1183,90,25,,,63,,,,,,0,2025-07-25T08:38:41.000+0200,944,896,10.403,48.1397167,-2.0493783,38.42,34.28,41.24,54.39,79.1,124,2,,
2025-07-25T08:38:41.953+0200,1024,935,11.527,4780.915,43.56,37.50,44.15,59.21,,0.67,129.30,9.15,15.90,1183,90,25,,,63,,,,,,0,2025-07-25T08:38:41.000+0200,944,896,10.403,48.1397167,-2.0493783,38.42,34.28,41.24,54.39,79.1,124,2,,
2025-07-25T08:38:42.546+0200,1025,936,11.535,4780.922,44.42,37.50,44.15,59.21,,1.80,129.30,7.59,13.00,981,90,25,,,62,,,,,,0,2025-07-25T08:38:41.000+0200,944,896,10.403,48.1397167,-2.0493783,38.42,34.28,41.24,54.39,79.1,124,2,,
2025-07-25T08:38:42.571+0200,1025,936,11.535,4780.922,44.42,37.50,44.15,59.21,,1.80,129.30,7.59,13.00,981,90,25,,,62,,,,,,0,2025-07-25T08:38:41.000+0200,944,896,10.403,48.1397167,-2.0493783,38.42,34.28,41.24,54.39,79.1,124,2,,
2025-07-25T08:38:43.168+0200,1025,936,11.542,4780.930,43.70,37.51,44.14,59.21,,1.12,129.30,10.09,17.50,1305,90,25,,,63,,,,,,0,2025-07-25T08:38:42.000+0200,945,897,10.414,48.1396583,-2.0492600,39.51,34.29,41.24,54.39,78.8,128,2,,
2025-07-25T08:38:43.191+0200,1025,936,11.542,4780.930,43.70,37.51,44.14,59.21,,1.12,129.30,10.09,17.50,1305,90,25,,,63,,,,,,0,2025-07-25T08:38:42.000+0200,945,897,10.414,48.1396583,-2.0492600,39.51,34.29,41.24,54.39,78.8,128,2,,
2025-07-25T08:38:43.791+0200,1026,937,11.550,4780.938,43.59,37.51,44.14,59.21,,-1.91,129.30,7.60,13.20,983,90,25,,,63,,,,,,0,2025-07-25T08:38:43.000+0200,945,897,10.425,48.1396000,-2.0491417,37.87,34.29,41.24,54.39,78.5,124,2,,
2025-07-25T08:38:43.814+0200,1026,937,11.550,4780.938,43.59,37.51,44.14,59.21,,-1.91,129.30,7.60,13.20,983,90,25,,,63,,,,,,0,2025-07-25T08:38:43.000+0200,945,897,10.425,48.1396000,-2.0491417,37.87,34.29,41.24,54.39,78.5,124,2,,
2025-07-25T08:38:44.428+0200,1027,938,11.557,4780.945,44.49,37.51,44.15,59.21,,-1.08,129.39,2.57,4.40,333,91,25,,,62,,,,,,0,2025-07-25T08:38:43.000+0200,946,898,10.425,48.1396000,-2.0491417,37.87,34.29,41.24,54.39,78.5,124,2,,
2025-07-25T08:38:44.452+0200,1027,938,11.557,4780.945,44.49,37.51,44.15,59.21,,-1.08,129.39,2.57,4.40,333,91,25,,,62,,,,,,0,2025-07-25T08:38:43.000+0200,946,898,10.425,48.1396000,-2.0491417,37.87,34.29,41.24,54.39,78.5,124,2,,
2025-07-25T08:38:45.045+0200,1027,938,11.565,4780.953,43.52,37.52,44.14,59.21,,0.48,129.50,6.38,11.10,826,91,25,,,63,,,,,,0,2025-07-25T08:38:44.000+0200,947,899,10.436,48.1395400,-2.0490267,40.03,34.30,41.23,54.39,78.0,128,2,,
2025-07-25T08:38:45.068+0200,1027,938,11.565,4780.953,43.52,37.52,44.14,59.21,,0.48,129.50,6.38,11.10,826,91,25,,,63,,,,,,0,2025-07-25T08:38:44.000+0200,947,899,10.436,48.1395400,-2.0490267,40.03,34.30,41.23,54.39,78.0,128,2,,
2025-07-25T08:38:45.655+0200,1028,939,11.573,4780.960,43.59,37.52,44.14,59.21,,-0.89,129.50,6.10,10.60,790,91,25,,,63,,,,,,0,2025-07-25T08:38:45.000+0200,947,899,10.447,48.1394800,-2.0489150,38.61,34.30,41.23,54.39,77.2,125,2,,
2025-07-25T08:38:45.677+0200,1028,939,11.573,4780.960,43.59,37.52,44.14,59.21,,-0.89,129.50,6.10,10.60,790,91,25,,,63,,,,,,0,2025-07-25T08:38:45.000+0200,947,899,10.447,48.1394800,-2.0489150,38.61,34.30,41.23,54.39,77.2,125,2,,
2025-07-25T08:38:46.291+0200,1028,939,11.580,4780.968,43.59,37.52,44.14,59.21,,1.32,129.59,3.97,6.89,514,91,25,,,63,,,,,,0,2025-07-25T08:38:45.000+0200,948,900,10.447,48.1394800,-2.0489150,38.61,34.30,41.23,54.39,77.2,125,2,,
2025-07-25T08:38:46.315+0200,1028,939,11.580,4780.968,43.59,37.52,44.14,59.21,,1.32,129.59,3.97,6.89,514,91,25,,,63,,,,,,0,2025-07-25T08:38:45.000+0200,948,900,10.447,48.1394800,-2.0489150,38.61,34.30,41.23,54.39,77.2,125,2,,
2025-07-25T08:38:46.909+0200,1029,940,11.588,4780.976,43.09,37.53,44.14,59.21,,-0.22,129.59,6.56,11.50,850,91,25,,,63,,,,,,0,2025-07-25T08:38:46.000+0200,949,901,10.457,48.1394217,-2.0488067,37.80,34.31,41.23,54.39,76.1,129,2,,
2025-07-25T08:38:46.933+0200,1029,940,11.588,4780.976,43.09,37.53,44.14,59.21,,-0.22,129.59,6.56,11.50,850,91,25,,,63,,,,,,0,2025-07-25T08:38:46.000+0200,949,901,10.457,48.1394217,-2.0488067,37.80,34.31,41.23,54.39,76.1,129,2,,
2025-07-25T08:38:47.544+0200,1030,941,11.595,4780.983,43.12,37.53,44.14,59.21,,0.13,129.59,4.05,7.10,525,91,25,,,63,,,,,,0,2025-07-25T08:38:46.000+0200,949,901,10.457,48.1394217,-2.0488067,37.80,34.31,41.23,54.39,76.1,129,2,,
2025-07-25T08:38:47.567+0200,1030,941,11.595,4780.983,43.12,37.53,44.14,59.21,,0.13,129.59,4.05,7.10,525,91,25,,,63,,,,,,0,2025-07-25T08:38:46.000+0200,949,901,10.457,48.1394217,-2.0488067,37.80,34.31,41.23,54.39,76.1,129,2,,
2025-07-25T08:38:48.151+0200,1030,941,11.603,4780.991,43.70,37.53,44.14,59.21,,0.90,129.59,5.19,9.00,673,91,25,,,63,,,,,,0,2025-07-25T08:38:47.000+0200,950,902,10.468,48.1393533,-2.0487017,37.94,34.31,41.22,54.39,75.7,136,2,,
2025-07-25T08:38:48.175+0200,1030,941,11.603,4780.991,43.70,37.53,44.14,59.21,,0.90,129.59,5.19,9.00,673,91,25,,,63,,,,,,0,2025-07-25T08:38:47.000+0200,950,902,10.468,48.1393533,-2.0487017,37.94,34.31,41.22,54.39,75.7,136,2,,
2025-07-25T08:38:48.786+0200,1031,942,11.610,4780.998,44.31,37.54,44.14,59.21,,1.68,129.70,-0.11,-0.39,-14,91,25,,,62,,,,,,0,2025-07-25T08:38:48.000+0200,950,902,10.479,48.1392817,-2.0486083,39.81,34.31,41.22,54.39,75.4,143,2,,
2025-07-25T08:38:48.809+0200,1031,942,11.610,4780.998,44.31,37.54,44.14,59.21,,1.68,129.70,-0.11,-0.39,-14,91,25,,,62,,,,,,0,2025-07-25T08:38:48.000+0200,950,902,10.479,48.1392817,-2.0486083,39.81,34.31,41.22,54.39,75.4,143,2,,
2025-07-25T08:38:49.395+0200,1032,942,11.618,4781.006,41.79,37.54,44.14,59.21,,-4.04,129.80,3.23,5.80,419,91,25,,,65,,,,,,0,2025-07-25T08:38:48.000+0200,951,903,10.479,48.1392817,-2.0486083,39.81,34.31,41.22,54.39,75.4,143,2,,
2025-07-25T08:38:49.414+0200,1032,942,11.618,4781.006,41.79,37.54,44.14,59.21,,-4.04,129.80,3.23,5.80,419,91,25,,,65,,,,,,0,2025-07-25T08:38:48.000+0200,951,903,10.479,48.1392817,-2.0486083,39.81,34.31,41.22,54.39,75.4,143,2,,
2025-07-25T08:38:50.034+0200,1032,943,11.626,4781.013,43.05,37.54,44.14,59.21,,0.96,129.89,4.84,8.50,629,91,25,,,63,,,,,,0,2025-07-25T08:38:49.000+0200,952,904,10.490,48.1391983,-2.0485283,39.37,34.32,41.22,54.39,75.1,150,2,,
2025-07-25T08:38:50.059+0200,1032,943,11.626,4781.013,43.05,37.54,44.14,59.21,,0.96,129.89,4.84,8.50,629,91,25,,,63,,,,,,0,2025-07-25T08:38:49.000+0200,952,904,10.490,48.1391983,-2.0485283,39.37,34.32,41.22,54.39,75.1,150,2,,
2025-07-25T08:38:50.649+0200,1033,944,11.633,4781.021,43.05,37.55,44.14,59.21,,0.12,129.80,9.24,16.19,1199,91,25,,,63,,,,,,0,2025-07-25T08:38:49.000+0200,952,904,10.490,48.1391983,-2.0485283,39.37,34.32,41.22,54.39,75.1,150,2,,
2025-07-25T08:38:50.671+0200,1033,944,11.633,4781.021,43.05,37.55,44.14,59.21,,0.12,129.80,9.24,16.19,1199,91,25,,,63,,,,,,0,2025-07-25T08:38:50.000+0200,952,904,10.500,48.1391167,-2.0484633,37.34,34.32,41.22,54.39,74.8,154,2,,
2025-07-25T08:38:51.283+0200,1033,944,11.640,4781.028,43.48,37.55,44.14,59.21,,-1.81,129.80,2.18,3.80,283,91,25,,,63,,,,,,0,2025-07-25T08:38:50.000+0200,953,905,10.500,48.1391167,-2.0484633,37.34,34.32,41.22,54.39,74.8,154,2,,
2025-07-25T08:38:51.308+0200,1033,944,11.640,4781.028,43.48,37.55,44.14,59.21,,-1.81,129.80,2.18,3.80,283,91,25,,,63,,,,,,0,2025-07-25T08:38:50.000+0200,953,905,10.500,48.1391167,-2.0484633,37.34,34.32,41.22,54.39,74.8,154,2,,
2025-07-25T08:38:51.924+0200,1034,945,11.648,4781.036,41.68,37.55,44.14,59.21,,-4.95,129.80,-0.44,-1.59,-57,91,25,,,65,,,,,,0,2025-07-25T08:38:51.000+0200,954,906,10.511,48.1390283,-2.0484083,37.68,34.32,41.21,54.39,74.4,160,2,,
2025-07-25T08:38:51.992+0200,1034,945,11.652,4781.039,42.40,37.55,44.14,59.21,,2.40,129.80,6.09,10.80,790,91,25,,,64,,,,,,0,2025-07-25T08:38:51.000+0200,954,906,10.511,48.1390283,-2.0484083,37.68,34.32,41.21,54.39,74.4,160,2,,
2025-07-25T08:38:52.515+0200,1035,946,11.655,4781.043,43.05,37.55,44.14,59.21,,2.03,129.80,4.84,8.50,628,91,25,,,63,,,,,,0,2025-07-25T08:38:51.000+0200,954,906,10.511,48.1390283,-2.0484083,37.68,34.32,41.21,54.39,74.4,160,2,,
2025-07-25T08:38:52.531+0200,1035,946,11.655,4781.043,43.05,37.55,44.14,59.21,,2.03,129.80,4.84,8.50,628,91,25,,,63,,,,,,0,2025-07-25T08:38:51.000+0200,954,906,10.511,48.1390283,-2.0484083,37.68,34.32,41.21,54.39,74.4,160,2,,
2025-07-25T08:38:53.129+0200,1035,946,11.663,4781.051,42.91,37.56,44.14,59.21,,-0.45,129.89,0.73,1.30,95,91,25,,,64,,,,,,0,2025-07-25T08:38:52.000+0200,955,907,10.521,48.1389367,-2.0483567,42.72,34.33,41.21,54.39,74.1,163,2,,
2025-07-25T08:38:53.150+0200,1035,946,11.663,4781.051,42.91,37.56,44.14,59.21,,-0.45,129.89,0.73,1.30,95,91,25,,,64,,,,,,0,2025-07-25T08:38:52.000+0200,955,907,10.521,48.1389367,-2.0483567,42.72,34.33,41.21,54.39,74.1,163,2,,
2025-07-25T08:38:53.771+0200,1036,947,11.670,4781.058,43.05,37.56,44.14,59.21,,-0.12,129.89,6.67,11.70,866,91,25,,,63,,,,,,0,2025-07-25T08:38:53.000+0200,955,907,10.533,48.1388367,-2.0483100,37.17,34.33,41.21,54.39,73.6,164,2,,
2025-07-25T08:38:53.790+0200,1036,947,11.670,4781.058,43.05,37.56,44.14,59.21,,-0.12,129.89,6.67,11.70,866,91,25,,,63,,,,,,0,2025-07-25T08:38:53.000+0200,955,907,10.533,48.1388367,-2.0483100,37.17,34.33,41.21,54.39,73.6,164,2,,
2025-07-25T08:38:54.385+0200,1037,947,11.678,4781.066,41.86,37.56,44.13,59.21,,-0.36,129.89,6.98,12.50,907,91,25,,,64,,,,,,0,2025-07-25T08:38:53.000+0200,956,908,10.533,48.1388367,-2.0483100,37.17,34.33,41.21,54.39,73.6,164,2,,
2025-07-25T08:38:54.404+0200,1037,947,11.678,4781.066,41.86,37.56,44.13,59.21,,-0.36,129.89,6.98,12.50,907,91,25,,,64,,,,,,0,2025-07-25T08:38:53.000+0200,956,908,10.533,48.1388367,-2.0483100,37.17,34.33,41.21,54.39,73.6,164,2,,
2025-07-25T08:38:55.002+0200,1037,948,11.685,4781.073,44.46,37.57,44.13,59.21,,1.44,129.80,6.60,11.30,857,91,25,,,62,,,,,,0,2025-07-25T08:38:54.000+0200,957,909,10.544,48.1387383,-2.0482817,39.68,34.34,41.21,54.39,73.2,165,2,,
2025-07-25T08:38:55.021+0200,1037,948,11.685,4781.073,44.46,37.57,44.13,59.21,,1.44,129.80,6.60,11.30,857,91,25,,,62,,,,,,0,2025-07-25T08:38:54.000+0200,957,909,10.544,48.1387383,-2.0482817,39.68,34.34,41.21,54.39,73.2,165,2,,
2025-07-25T08:38:55.645+0200,1038,949,11.693,4781.081,44.56,37.57,44.13,59.21,,2.87,129.70,10.36,17.69,1344,91,25,,,62,,,,,,0,2025-07-25T08:38:55.000+0200,957,909,10.556,48.1386383,-2.0482417,40.89,34.35,41.21,54.39,72.9,162,2,,
2025-07-25T08:38:55.666+0200,1038,949,11.693,4781.081,44.56,37.57,44.13,59.21,,2.87,129.70,10.36,17.69,1344,91,25,,,62,,,,,,0,2025-07-25T08:38:55.000+0200,957,909,10.556,48.1386383,-2.0482417,40.89,34.35,41.21,54.39,72.9,162,2,,
2025-07-25T08:38:56.265+0200,1038,949,11.700,4781.088,43.84,37.57,44.13,59.21,,-3.06,129.70,6.99,12.10,907,91,25,,,63,,,,,,0,2025-07-25T08:38:55.000+0200,958,910,10.556,48.1386383,-2.0482417,40.89,34.35,41.21,54.39,72.9,162,2,,
2025-07-25T08:38:56.286+0200,1038,949,11.700,4781.088,43.84,37.57,44.13,59.21,,-3.06,129.70,6.99,12.10,907,91,25,,,63,,,,,,0,2025-07-25T08:38:55.000+0200,958,910,10.556,48.1386383,-2.0482417,40.89,34.35,41.21,54.39,72.9,162,2,,
2025-07-25T08:38:56.870+0200,1039,950,11.708,4781.096,44.64,37.58,44.13,59.21,,2.60,129.59,11.55,19.69,1497,92,25,,,62,,,,,,0,2025-07-25T08:38:56.000+0200,959,911,10.567,48.1385400,-2.0481917,39.61,34.35,41.21,54.39,72.8,158,2,,
2025-07-25T08:38:56.893+0200,1039,950,11.708,4781.096,44.64,37.58,44.13,59.21,,2.60,129.59,11.55,19.69,1497,92,25,,,62,,,,,,0,2025-07-25T08:38:56.000+0200,959,911,10.567,48.1385400,-2.0481917,39.61,34.35,41.21,54.39,72.8,158,2,,
2025-07-25T08:38:57.507+0200,1040,951,11.716,4781.104,44.60,37.58,44.13,59.21,,-2.93,129.59,6.15,10.50,797,92,25,,,62,,,,,,0,2025-07-25T08:38:56.000+0200,959,911,10.567,48.1385400,-2.0481917,39.61,34.35,41.21,54.39,72.8,158,2,,
2025-07-25T08:38:57.530+0200,1040,951,11.716,4781.104,44.60,37.58,44.13,59.21,,-2.93,129.59,6.15,10.50,797,92,25,,,62,,,,,,0,2025-07-25T08:38:56.000+0200,959,911,10.567,48.1385400,-2.0481917,39.61,34.35,41.21,54.39,72.8,158,2,,
2025-07-25T08:38:58.153+0200,1040,951,11.724,4781.112,44.99,37.59,44.14,59.21,,-0.11,129.59,6.13,10.40,794,92,25,,,62,,,,,,0,2025-07-25T08:38:57.000+0200,960,912,10.578,48.1384483,-2.0481367,36.72,34.35,41.20,54.39,72.8,136,2,,
2025-07-25T08:38:58.177+0200,1040,951,11.724,4781.112,44.99,37.59,44.14,59.21,,-0.11,129.59,6.13,10.40,794,92,25,,,62,,,,,,0,2025-07-25T08:38:57.000+0200,960,912,10.578,48.1384483,-2.0481367,36.72,34.35,41.20,54.39,72.8,136,2,,
2025-07-25T08:38:58.748+0200,1041,952,11.731,4781.119,45.10,37.59,44.14,59.21,,0.00,129.59,5.14,8.70,666,92,25,,,62,,,,,,0,2025-07-25T08:38:58.000+0200,960,912,10.591,48.1383467,-2.0480717,38.91,34.36,41.20,54.39,72.4,155,3,,
2025-07-25T08:38:58.768+0200,1041,952,11.731,4781.119,45.10,37.59,44.14,59.21,,0.00,129.59,5.14,8.70,666,92,25,,,62,,,,,,0,2025-07-25T08:38:58.000+0200,960,912,10.591,48.1383467,-2.0480717,38.91,34.36,41.20,54.39,72.4,155,3,,
2025-07-25T08:38:59.367+0200,1042,952,11.739,4781.127,45.07,37.59,44.14,59.21,,0.21,129.59,11.22,19.00,1454,92,25,,,62,,,,,,0,2025-07-25T08:38:58.000+0200,961,913,10.591,48.1383467,-2.0480717,38.91,34.36,41.20,54.39,72.4,155,3,,
2025-07-25T08:38:59.382+0200,1042,952,11.739,4781.127,45.07,37.59,44.14,59.21,,0.21,129.59,11.22,19.00,1454,92,25,,,62,,,,,,0,2025-07-25T08:38:58.000+0200,961,913,10.591,48.1383467,-2.0480717,38.91,34.36,41.20,54.39,72.4,155,3,,
2025-07-25T08:39:00.012+0200,1042,953,11.747,4781.135,45.97,37.60,44.14,59.21,,2.76,129.59,6.77,11.30,877,92,25,,,61,,,,,,0,2025-07-25T08:38:59.000+0200,962,914,10.603,48.1382450,-2.0480183,41.26,34.36,41.20,54.39,72.1,163,3,,
2025-07-25T08:39:00.033+0200,1042,953,11.747,4781.135,45.97,37.60,44.14,59.21,,2.76,129.59,6.77,11.30,877,92,25,,,61,,,,,,0,2025-07-25T08:38:59.000+0200,962,914,10.603,48.1382450,-2.0480183,41.26,34.36,41.20,54.39,72.1,163,3,,
2025-07-25T08:39:00.631+0200,1043,954,11.755,4781.143,46.08,37.60,44.14,59.21,,2.81,129.59,3.60,6.00,467,92,25,,,61,,,,,,0,2025-07-25T08:38:59.000+0200,962,914,10.603,48.1382450,-2.0480183,41.26,34.36,41.20,54.39,72.1,163,3,,
2025-07-25T08:39:00.658+0200,1043,954,11.755,4781.143,46.08,37.60,44.14,59.21,,2.81,129.59,3.60,6.00,467,92,25,,,61,,,,,,0,2025-07-25T08:39:00.000+0200,962,914,10.613,48.1381483,-2.0479950,41.29,34.37,41.20,54.39,71.8,164,3,,
2025-07-25T08:39:01.252+0200,1043,954,11.763,4781.151,46.26,37.61,44.14,59.21,,1.58,129.59,6.68,11.10,866,92,25,,,61,,,,,,0,2025-07-25T08:39:00.000+0200,963,915,10.613,48.1381483,-2.0479950,41.29,34.37,41.20,54.39,71.8,164,3,,
2025-07-25T08:39:01.274+0200,1043,954,11.763,4781.151,46.26,37.61,44.14,59.21,,1.58,129.59,6.68,11.10,866,92,25,,,61,,,,,,0,2025-07-25T08:39:00.000+0200,963,915,10.613,48.1381483,-2.0479950,41.29,34.37,41.20,54.39,71.8,164,3,,
2025-07-25T08:39:01.863+0200,1044,955,11.771,4781.159,45.90,37.61,44.14,59.21,,0.00,129.70,-0.74,-2.50,-96,92,25,,,61,,,,,,0,2025-07-25T08:39:01.000+0200,964,916,10.625,48.1380533,-2.0479417,42.18,34.38,41.20,54.39,71.8,161,2,,
2025-07-25T08:39:01.879+0200,1044,955,11.771,4781.159,45.90,37.61,44.14,59.21,,0.00,129.70,-0.74,-2.50,-96,92,25,,,61,,,,,,0,2025-07-25T08:39:01.000+0200,964,916,10.625,48.1380533,-2.0479417,42.18,34.38,41.20,54.39,71.8,161,2,,
2025-07-25T08:39:02.487+0200,1045,956,11.779,4781.167,43.45,37.62,44.14,59.21,,-7.74,129.89,-0.71,-2.50,-92,92,25,,,63,,,,,,0,2025-07-25T08:39:01.000+0200,964,916,10.625,48.1380533,-2.0479417,42.18,34.38,41.20,54.39,71.8,161,2,,
2025-07-25T08:39:02.513+0200,1045,956,11.779,4781.167,43.45,37.62,44.14,59.21,,-7.74,129.89,-0.71,-2.50,-92,92,25,,,63,,,,,,0,2025-07-25T08:39:01.000+0200,964,916,10.625,48.1380533,-2.0479417,42.18,34.38,41.20,54.39,71.8,161,2,,
2025-07-25T08:39:03.132+0200,1045,956,11.787,4781.175,43.09,37.62,44.14,59.21,,-2.64,130.09,4.39,7.70,571,92,25,,,64,,,,,,0,2025-07-25T08:39:02.000+0200,965,917,10.636,48.1379600,-2.0478900,38.86,34.38,41.20,54.39,72.0,161,2,,
2025-07-25T08:39:03.156+0200,1045,956,11.787,4781.175,43.09,37.62,44.14,59.21,,-2.64,130.09,4.39,7.70,571,92,25,,,64,,,,,,0,2025-07-25T08:39:02.000+0200,965,917,10.636,48.1379600,-2.0478900,38.86,34.38,41.20,54.39,72.0,161,2,,
2025-07-25T08:39:03.731+0200,1046,957,11.794,4781.182,43.52,37.62,44.14,59.21,,0.45,130.00,9.43,16.40,1226,92,25,,,63,,,,,,0,2025-07-25T08:39:03.000+0200,965,917,10.647,48.1378667,-2.0478433,40.93,34.39,41.20,54.39,72.1,162,2,,
2025-07-25T08:39:03.763+0200,1046,957,11.794,4781.182,43.52,37.62,44.14,59.21,,0.45,130.00,9.43,16.40,1226,92,25,,,63,,,,,,0,2025-07-25T08:39:03.000+0200,965,917,10.647,48.1378667,-2.0478433,40.93,34.39,41.20,54.39,72.1,162,2,,
2025-07-25T08:39:04.364+0200,1046,957,11.802,4781.190,43.70,37.63,44.14,59.21,,-0.96,129.89,7.55,13.10,981,92,25,,,63,,,,,,0,2025-07-25T08:39:03.000+0200,966,918,10.647,48.1378667,-2.0478433,40.93,34.39,41.20,54.39,72.1,162,2,,
2025-07-25T08:39:04.378+0200,1046,957,11.802,4781.190,43.70,37.63,44.14,59.21,,-0.96,129.89,7.55,13.10,981,92,25,,,63,,,,,,0,2025-07-25T08:39:03.000+0200,966,918,10.647,48.1378667,-2.0478433,40.93,34.39,41.20,54.39,72.1,162,2,,
2025-07-25T08:39:04.988+0200,1047,958,11.810,4781.197,45.07,37.63,44.14,59.21,,3.38,129.70,14.17,24.00,1838,92,25,,,62,,,,,,0,2025-07-25T08:39:04.000+0200,967,919,10.658,48.1377700,-2.0477967,41.54,34.39,41.20,54.39,72.1,163,2,,
2025-07-25T08:39:05.003+0200,1047,958,11.810,4781.197,45.07,37.63,44.14,59.21,,3.38,129.70,14.17,24.00,1838,92,25,,,62,,,,,,0,2025-07-25T08:39:04.000+0200,967,919,10.658,48.1377700,-2.0477967,41.54,34.39,41.20,54.39,72.1,163,2,,
2025-07-25T08:39:05.613+0200,1048,959,11.817,4781.205,45.10,37.63,44.14,59.21,,0.00,129.59,10.93,18.50,1416,92,25,,,62,,,,,,0,2025-07-25T08:39:04.000+0200,967,919,10.658,48.1377700,-2.0477967,41.54,34.39,41.20,54.39,72.1,163,2,,
2025-07-25T08:39:05.631+0200,1048,959,11.817,4781.205,45.10,37.63,44.14,59.21,,0.00,129.59,10.93,18.50,1416,92,25,,,62,,,,,,0,2025-07-25T08:39:04.000+0200,967,919,10.658,48.1377700,-2.0477967,41.54,34.39,41.20,54.39,72.1,163,2,,
2025-07-25T08:39:06.229+0200,1048,959,11.825,4781.213,45.28,37.64,44.14,59.21,,-0.60,129.50,6.46,10.90,837,92,25,,,61,,,,,,0,2025-07-25T08:39:05.000+0200,968,920,10.669,48.1376717,-2.0477533,45.63,34.40,41.20,54.39,71.8,162,2,,
2025-07-25T08:39:06.248+0200,1048,959,11.825,4781.213,45.28,37.64,44.14,59.21,,-0.60,129.50,6.46,10.90,837,92,25,,,61,,,,,,0,2025-07-25T08:39:05.000+0200,968,920,10.669,48.1376717,-2.0477533,45.63,34.40,41.20,54.39,71.8,162,2,,
2025-07-25T08:39:06.850+0200,1049,960,11.833,4781.221,46.54,37.64,44.14,59.21,,3.49,129.39,11.26,18.60,1457,92,25,,,60,,,,,,0,2025-07-25T08:39:06.000+0200,969,921,10.681,48.1375733,-2.0476967,42.70,34.41,41.20,54.39,71.8,160,2,,
2025-07-25T08:39:06.868+0200,1049,960,11.833,4781.221,46.54,37.64,44.14,59.21,,3.49,129.39,11.26,18.60,1457,92,25,,,60,,,,,,0,2025-07-25T08:39:06.000+0200,969,921,10.681,48.1375733,-2.0476967,42.70,34.41,41.20,54.39,71.8,160,2,,
2025-07-25T08:39:07.469+0200,1050,961,11.841,4781.229,47.16,37.65,44.15,59.21,,0.45,129.39,5.87,9.59,760,92,25,,,60,,,,,,0,2025-07-25T08:39:06.000+0200,969,921,10.681,48.1375733,-2.0476967,42.70,34.41,41.20,54.39,71.8,160,2,,
2025-07-25T08:39:07.492+0200,1050,961,11.841,4781.229,47.16,37.65,44.15,59.21,,0.45,129.39,5.87,9.59,760,92,25,,,60,,,,,,0,2025-07-25T08:39:06.000+0200,969,921,10.681,48.1375733,-2.0476967,42.70,34.41,41.20,54.39,71.8,160,2,,
2025-07-25T08:39:08.090+0200,1050,961,11.849,4781.237,45.82,37.65,44.15,59.21,,-2.71,129.50,8.19,13.70,1061,92,25,,,61,,,,,,0,2025-07-25T08:39:07.000+0200,970,922,10.693,48.1374683,-2.0476467,43.70,34.42,41.21,54.39,71.8,163,2,,
2025-07-25T08:39:08.109+0200,1050,961,11.849,4781.237,45.82,37.65,44.15,59.21,,-2.71,129.50,8.19,13.70,1061,92,25,,,61,,,,,,0,2025-07-25T08:39:07.000+0200,970,922,10.693,48.1374683,-2.0476467,43.70,34.42,41.21,54.39,71.8,163,2,,
2025-07-25T08:39:08.713+0200,1051,962,11.857,4781.245,46.90,37.66,44.15,59.21,,1.35,129.39,11.32,18.60,1465,92,25,,,60,,,,,,0,2025-07-25T08:39:08.000+0200,970,922,10.703,48.1373833,-2.0476050,42.95,34.43,41.21,54.39,71.0,160,2,,
2025-07-25T08:39:08.734+0200,1051,962,11.857,4781.245,46.90,37.66,44.15,59.21,,1.35,129.39,11.32,18.60,1465,92,25,,,60,,,,,,0,2025-07-25T08:39:08.000+0200,970,922,10.703,48.1373833,-2.0476050,42.95,34.43,41.21,54.39,71.0,160,2,,
2025-07-25T08:39:09.344+0200,1051,962,11.865,4781.253,46.90,37.66,44.15,59.21,,0.85,129.39,9.44,15.50,1221,92,25,,,60,,,,,,0,2025-07-25T08:39:08.000+0200,971,923,10.703,48.1373833,-2.0476050,42.95,34.43,41.21,54.39,71.0,160,2,,
2025-07-25T08:39:09.365+0200,1051,962,11.865,4781.253,46.90,37.66,44.15,59.21,,0.85,129.39,9.44,15.50,1221,92,25,,,60,,,,,,0,2025-07-25T08:39:08.000+0200,971,923,10.703,48.1373833,-2.0476050,42.95,34.43,41.21,54.39,71.0,160,2,,
2025-07-25T08:39:09.973+0200,1052,963,11.873,4781.261,46.87,37.67,44.15,59.21,,3.47,129.39,5.78,9.50,748,92,25,,,60,,,,,,0,2025-07-25T08:39:09.000+0200,972,924,10.714,48.1372933,-2.0475433,42.19,34.43,41.21,54.39,71.3,159,2,,
2025-07-25T08:39:09.992+0200,1052,963,11.873,4781.261,46.87,37.67,44.15,59.21,,3.47,129.39,5.78,9.50,748,92,25,,,60,,,,,,0,2025-07-25T08:39:09.000+0200,972,924,10.714,48.1372933,-2.0475433,42.19,34.43,41.21,54.39,71.3,159,2,,
2025-07-25T08:39:10.585+0200,1053,964,11.881,4781.269,46.22,37.67,44.15,59.21,,-2.50,129.39,8.43,14.00,1091,92,25,,,61,,,,,,0,2025-07-25T08:39:09.000+0200,972,924,10.714,48.1372933,-2.0475433,42.19,34.43,41.21,54.39,71.3,159,2,,
2025-07-25T08:39:10.610+0200,1053,964,11.881,4781.269,46.22,37.67,44.15,59.21,,-2.50,129.39,8.43,14.00,1091,92,25,,,61,,,,,,0,2025-07-25T08:39:09.000+0200,972,924,10.714,48.1372933,-2.0475433,42.19,34.43,41.21,54.39,71.3,159,2,,
2025-07-25T08:39:11.205+0200,1053,964,11.889,4781.277,46.36,37.68,44.15,59.21,,-0.79,129.50,6.70,11.10,868,92,25,,,61,,,,,,0,2025-07-25T08:39:10.000+0200,973,925,10.726,48.1372000,-2.0474800,41.76,34.44,41.21,54.39,71.6,157,2,,
2025-07-25T08:39:11.227+0200,1053,964,11.889,4781.277,46.36,37.68,44.15,59.21,,-0.79,129.50,6.70,11.10,868,92,25,,,61,,,,,,0,2025-07-25T08:39:10.000+0200,973,925,10.726,48.1372000,-2.0474800,41.76,34.44,41.21,54.39,71.6,157,2,,
2025-07-25T08:39:11.932+0200,1054,965,11.902,4781.289,45.50,37.68,44.16,59.21,,0.71,129.50,7.43,12.50,962,92,25,,,61,,,,,,0,2025-07-25T08:39:11.000+0200,974,926,10.737,48.1371067,-2.0474117,40.39,34.45,41.21,54.39,71.6,148,2,,
2025-07-25T08:39:12.016+0200,1054,965,11.902,4781.289,45.50,37.68,44.16,59.21,,0.71,129.50,7.43,12.50,962,92,25,,,61,,,,,,0,2025-07-25T08:39:11.000+0200,974,926,10.737,48.1371067,-2.0474117,40.39,34.45,41.21,54.39,71.6,148,2,,
2025-07-25T08:39:12.465+0200,1055,966,11.905,4781.293,45.14,37.69,44.16,59.21,,-1.14,129.59,5.38,9.09,697,92,25,,,62,,,,,,0,2025-07-25T08:39:11.000+0200,974,926,10.737,48.1371067,-2.0474117,40.39,34.45,41.21,54.39,71.6,148,2,,
2025-07-25T08:39:12.487+0200,1055,966,11.905,4781.293,45.14,37.69,44.16,59.21,,-1.14,129.59,5.38,9.09,697,92,25,,,62,,,,,,0,2025-07-25T08:39:11.000+0200,974,926,10.737,48.1371067,-2.0474117,40.39,34.45,41.21,54.39,71.6,148,2,,
2025-07-25T08:39:13.081+0200,1055,966,11.913,4781.301,43.92,37.69,44.16,59.21,,-3.84,129.59,7.99,13.79,1035,92,25,,,63,,,,,,0,2025-07-25T08:39:12.000+0200,975,927,10.749,48.1370183,-2.0473317,42.50,34.45,41.21,54.39,71.7,147,2,,
2025-07-25T08:39:13.099+0200,1055,966,11.913,4781.301,43.92,37.69,44.16,59.21,,-3.84,129.59,7.99,13.79,1035,92,25,,,63,,,,,,0,2025-07-25T08:39:12.000+0200,975,927,10.749,48.1370183,-2.0473317,42.50,34.45,41.21,54.39,71.7,147,2,,
2025-07-25T08:39:13.682+0200,1056,967,11.921,4781.309,44.38,37.69,44.16,59.21,,-1.24,129.59,3.21,5.50,416,92,25,,,62,,,,,,0,2025-07-25T08:39:13.000+0200,975,927,10.761,48.1369300,-2.0472417,40.39,34.46,41.21,54.39,71.5,143,2,,
2025-07-25T08:39:13.705+0200,1056,967,11.921,4781.309,44.38,37.69,44.16,59.21,,-1.24,129.59,3.21,5.50,416,92,25,,,62,,,,,,0,2025-07-25T08:39:13.000+0200,975,927,10.761,48.1369300,-2.0472417,40.39,34.46,41.21,54.39,71.5,143,2,,
2025-07-25T08:39:14.347+0200,1056,967,11.929,4781.317,43.09,37.70,44.16,59.21,,-0.11,129.70,6.45,11.30,837,92,25,,,63,,,,,,0,2025-07-25T08:39:13.000+0200,976,928,10.761,48.1369300,-2.0472417,40.39,34.46,41.21,54.39,71.5,143,2,,
2025-07-25T08:39:14.374+0200,1056,967,11.929,4781.317,43.09,37.70,44.16,59.21,,-0.11,129.70,6.45,11.30,837,92,25,,,63,,,,,,0,2025-07-25T08:39:13.000+0200,976,928,10.761,48.1369300,-2.0472417,40.39,34.46,41.21,54.39,71.5,143,2,,
2025-07-25T08:39:14.949+0200,1057,968,11.936,4781.324,43.09,37.70,44.16,59.21,,0.00,129.70,6.96,12.20,903,92,25,,,63,,,,,,0,2025-07-25T08:39:14.000+0200,977,929,10.772,48.1368483,-2.0471483,39.29,34.46,41.21,54.39,71.6,144,2,,
2025-07-25T08:39:14.968+0200,1057,968,11.936,4781.324,43.09,37.70,44.16,59.21,,0.00,129.70,6.96,12.20,903,92,25,,,63,,,,,,0,2025-07-25T08:39:14.000+0200,977,929,10.772,48.1368483,-2.0471483,39.29,34.46,41.21,54.39,71.6,144,2,,
2025-07-25T08:39:15.678+0200,1058,969,11.948,4781.335,41.83,37.70,44.15,59.21,,1.70,129.59,18.48,33.09,2395,92,25,,,64,,,,,,0,2025-07-25T08:39:15.000+0200,977,929,10.783,48.1367683,-2.0470617,40.13,34.47,41.21,54.39,71.2,144,2,,
2025-07-25T08:39:15.708+0200,1058,969,11.948,4781.335,41.83,37.70,44.15,59.21,,1.70,129.59,18.48,33.09,2395,92,25,,,64,,,,,,0,2025-07-25T08:39:15.000+0200,977,929,10.783,48.1367683,-2.0470617,40.13,34.47,41.21,54.39,71.2,144,2,,
2025-07-25T08:39:16.208+0200,1058,969,11.951,4781.339,43.77,37.71,44.15,59.21,,6.08,129.50,2.31,4.00,299,92,25,,,63,,,,,,0,2025-07-25T08:39:15.000+0200,978,930,10.783,48.1367683,-2.0470617,40.13,34.47,41.21,54.39,71.2,144,2,,
2025-07-25T08:39:16.228+0200,1058,969,11.951,4781.339,43.77,37.71,44.15,59.21,,6.08,129.50,2.31,4.00,299,92,25,,,63,,,,,,0,2025-07-25T08:39:15.000+0200,978,930,10.783,48.1367683,-2.0470617,40.13,34.47,41.21,54.39,71.2,144,2,,
2025-07-25T08:39:16.805+0200,1059,970,11.959,4781.346,41.90,37.71,44.15,59.21,,-5.25,129.70,6.03,10.80,782,92,25,,,64,,,,,,0,2025-07-25T08:39:16.000+0200,978,930,10.794,48.1366883,-2.0469717,39.48,34.47,41.20,54.39,71.8,144,2,,
2025-07-25T08:39:16.820+0200,1059,970,11.959,4781.346,41.90,37.71,44.15,59.21,,-5.25,129.70,6.03,10.80,782,92,25,,,64,,,,,,0,2025-07-25T08:39:16.000+0200,978,930,10.794,48.1366883,-2.0469717,39.48,34.47,41.20,54.39,71.8,144,2,,
2025-07-25T08:39:17.425+0200,1060,970,11.966,4781.354,42.94,37.71,44.15,59.21,,0.72,129.59,14.35,25.20,1860,92,25,,,63,,,,,,0,2025-07-25T08:39:16.000+0200,979,931,10.794,48.1366883,-2.0469717,39.48,34.47,41.20,54.39,71.8,144,2,,
2025-07-25T08:39:17.454+0200,1060,971,11.966,4781.354,42.94,37.71,44.15,59.21,,0.72,129.59,14.35,25.20,1860,92,25,,,63,,,,,,0,2025-07-25T08:39:16.000+0200,979,931,10.794,48.1366883,-2.0469717,39.48,34.47,41.20,54.39,71.8,144,2,,
2025-07-25T08:39:18.057+0200,1060,971,11.973,4781.361,42.26,37.71,44.15,59.21,,-2.25,129.59,10.57,18.79,1370,93,25,,,64,,,,,,0,2025-07-25T08:39:17.000+0200,980,932,10.805,48.1366167,-2.0468850,38.34,34.48,41.20,54.39,71.6,142,2,,
2025-07-25T08:39:18.079+0200,1060,971,11.973,4781.361,42.26,37.71,44.15,59.21,,-2.25,129.59,10.57,18.79,1370,93,25,,,64,,,,,,0,2025-07-25T08:39:17.000+0200,980,932,10.805,48.1366167,-2.0468850,38.34,34.48,41.20,54.39,71.6,142,2,,
2025-07-25T08:39:18.673+0200,1061,972,11.981,4781.369,43.77,37.72,44.15,59.21,,2.14,129.50,4.33,7.50,561,93,25,,,63,,,,,,0,2025-07-25T08:39:18.000+0200,980,932,10.815,48.1365383,-2.0468017,39.59,34.48,41.20,54.39,72.4,143,2,,
2025-07-25T08:39:18.689+0200,1061,972,11.981,4781.369,43.77,37.72,44.15,59.21,,2.14,129.50,4.33,7.50,561,93,25,,,63,,,,,,0,2025-07-25T08:39:18.000+0200,980,932,10.815,48.1365383,-2.0468017,39.59,34.48,41.20,54.39,72.4,143,2,,
2025-07-25T08:39:19.301+0200,1061,972,11.988,4781.376,43.05,37.72,44.15,59.21,,0.00,129.50,10.49,18.40,1358,93,25,,,63,,,,,,0,2025-07-25T08:39:18.000+0200,981,933,10.815,48.1365383,-2.0468017,39.59,34.48,41.20,54.39,72.4,143,2,,
2025-07-25T08:39:19.322+0200,1061,972,11.988,4781.376,43.05,37.72,44.15,59.21,,0.00,129.50,10.49,18.40,1358,93,25,,,63,,,,,,0,2025-07-25T08:39:18.000+0200,981,933,10.815,48.1365383,-2.0468017,39.59,34.48,41.20,54.39,72.4,143,2,,
2025-07-25T08:39:19.927+0200,1062,973,11.996,4781.384,42.98,37.72,44.15,59.21,,-0.24,129.59,7.57,13.29,981,93,25,,,63,,,,,,0,2025-07-25T08:39:19.000+0200,982,934,10.827,48.1364550,-2.0467133,40.77,34.49,41.20,54.39,72.7,143,2,,
2025-07-25T08:39:19.967+0200,1062,973,11.996,4781.384,42.98,37.72,44.15,59.21,,-0.24,129.59,7.57,13.29,981,93,25,,,63,,,,,,0,2025-07-25T08:39:19.000+0200,982,934,10.827,48.1364550,-2.0467133,40.77,34.49,41.20,54.39,72.7,143,2,,
2025-07-25T08:39:20.548+0200,1063,974,12.003,4781.391,43.05,37.73,44.15,59.21,,0.00,129.59,6.16,10.80,798,93,25,,,63,,,,,,0,2025-07-25T08:39:19.000+0200,982,934,10.827,48.1364550,-2.0467133,40.77,34.49,41.20,54.39,72.7,143,2,,
2025-07-25T08:39:20.570+0200,1063,974,12.003,4781.391,43.05,37.73,44.15,59.21,,0.00,129.59,6.16,10.80,798,93,25,,,63,,,,,,0,2025-07-25T08:39:19.000+0200,982,934,10.827,48.1364550,-2.0467133,40.77,34.49,41.20,54.39,72.7,143,2,,
2025-07-25T08:39:21.168+0200,1063,974,12.011,4781.399,42.26,37.73,44.15,59.21,,-2.46,129.70,1.51,2.70,196,93,25,,,64,,,,,,0,2025-07-25T08:39:20.000+0200,983,935,10.838,48.1363750,-2.0466233,39.89,34.49,41.20,54.39,73.1,142,2,,
2025-07-25T08:39:21.188+0200,1063,974,12.011,4781.399,42.26,37.73,44.15,59.21,,-2.46,129.70,1.51,2.70,196,93,25,,,64,,,,,,0,2025-07-25T08:39:20.000+0200,983,935,10.838,48.1363750,-2.0466233,39.89,34.49,41.20,54.39,73.1,142,2,,
2025-07-25T08:39:21.785+0200,1064,975,12.018,4781.406,41.90,37.73,44.15,59.21,,-1.47,129.70,9.39,16.79,1218,93,25,,,64,,,,,,0,2025-07-25T08:39:21.000+0200,983,935,10.850,48.1362867,-2.0465350,39.03,34.49,41.20,54.39,73.8,143,2,,
2025-07-25T08:39:21.803+0200,1064,975,12.018,4781.406,41.90,37.73,44.15,59.21,,-1.47,129.70,9.39,16.79,1218,93,25,,,64,,,,,,0,2025-07-25T08:39:21.000+0200,983,935,10.850,48.1362867,-2.0465350,39.03,34.49,41.20,54.39,73.8,143,2,,
2025-07-25T08:39:22.440+0200,1065,976,12.026,4781.413,43.09,37.73,44.14,59.21,,0.22,129.50,12.04,21.10,1559,93,25,,,63,,,,,,0,2025-07-25T08:39:21.000+0200,984,936,10.850,48.1362867,-2.0465350,39.03,34.49,41.20,54.39,73.8,143,2,,
2025-07-25T08:39:22.468+0200,1065,976,12.026,4781.413,43.09,37.73,44.14,59.21,,0.22,129.50,12.04,21.10,1559,93,25,,,63,,,,,,0,2025-07-25T08:39:21.000+0200,984,936,10.850,48.1362867,-2.0465350,39.03,34.49,41.20,54.39,73.8,143,2,,
2025-07-25T08:39:23.039+0200,1065,976,12.033,4781.421,43.16,37.74,44.14,59.21,,-3.46,129.50,9.03,15.79,1169,93,25,,,63,,,,,,0,2025-07-25T08:39:22.000+0200,985,937,10.861,48.1362033,-2.0464450,43.22,34.50,41.20,54.39,74.8,143,2,,
2025-07-25T08:39:23.068+0200,1065,976,12.033,4781.421,43.16,37.74,44.14,59.21,,-3.46,129.50,9.03,15.79,1169,93,25,,,63,,,,,,0,2025-07-25T08:39:22.000+0200,985,937,10.861,48.1362033,-2.0464450,43.22,34.50,41.20,54.39,74.8,143,2,,
2025-07-25T08:39:23.660+0200,1066,977,12.041,4781.428,43.16,37.74,44.14,59.21,,0.11,129.50,9.77,17.10,1265,93,25,,,63,,,,,,0,2025-07-25T08:39:23.000+0200,985,937,10.872,48.1361233,-2.0463517,40.12,34.51,41.20,54.39,75.4,144,2,,
2025-07-25T08:39:23.678+0200,1066,977,12.041,4781.428,43.16,37.74,44.14,59.21,,0.11,129.50,9.77,17.10,1265,93,25,,,63,,,,,,0,2025-07-25T08:39:23.000+0200,985,937,10.872,48.1361233,-2.0463517,40.12,34.51,41.20,54.39,75.4,144,2,,
2025-07-25T08:39:24.277+0200,1066,977,12.048,4781.436,43.16,37.74,44.14,59.21,,-2.27,129.50,7.03,12.30,910,93,25,,,63,,,,,,0,2025-07-25T08:39:23.000+0200,986,938,10.872,48.1361233,-2.0463517,40.12,34.51,41.20,54.39,75.4,144,2,,
2025-07-25T08:39:24.297+0200,1066,977,12.048,4781.436,43.16,37.74,44.14,59.21,,-2.27,129.50,7.03,12.30,910,93,25,,,63,,,,,,0,2025-07-25T08:39:23.000+0200,986,938,10.872,48.1361233,-2.0463517,40.12,34.51,41.20,54.39,75.4,144,2,,
2025-07-25T08:39:24.910+0200,1067,978,12.056,4781.444,42.80,37.75,44.14,59.21,,-0.96,129.59,4.37,7.70,566,93,25,,,64,,,,,,0,2025-07-25T08:39:24.000+0200,987,939,10.883,48.1360417,-2.0462683,38.19,34.51,41.19,54.39,75.5,142,2,,
2025-07-25T08:39:24.934+0200,1067,978,12.056,4781.444,42.80,37.75,44.14,59.21,,-0.96,129.59,4.37,7.70,566,93,25,,,64,,,,,,0,2025-07-25T08:39:24.000+0200,987,939,10.883,48.1360417,-2.0462683,38.19,34.51,41.19,54.39,75.5,142,2,,
2025-07-25T08:39:25.524+0200,1068,979,12.063,4781.451,41.86,37.75,44.14,59.21,,-3.96,129.70,4.58,8.20,594,93,25,,,64,,,,,,0,2025-07-25T08:39:24.000+0200,987,939,10.883,48.1360417,-2.0462683,38.19,34.51,41.19,54.39,75.5,142,2,,
2025-07-25T08:39:25.546+0200,1068,979,12.063,4781.451,41.86,37.75,44.14,59.21,,-3.96,129.70,4.58,8.20,594,93,25,,,64,,,,,,0,2025-07-25T08:39:24.000+0200,987,939,10.883,48.1360417,-2.0462683,38.19,34.51,41.19,54.39,75.5,142,2,,
2025-07-25T08:39:26.140+0200,1068,979,12.071,4781.458,43.09,37.75,44.14,59.21,,0.11,129.59,4.45,7.80,577,93,25,,,63,,,,,,0,2025-07-25T08:39:25.000+0200,988,940,10.894,48.1359600,-2.0461800,38.99,34.51,41.19,54.39,75.7,140,2,,
2025-07-25T08:39:26.178+0200,1068,979,12.071,4781.458,43.09,37.75,44.14,59.21,,0.11,129.59,4.45,7.80,577,93,25,,,63,,,,,,0,2025-07-25T08:39:25.000+0200,988,940,10.894,48.1359600,-2.0461800,38.99,34.51,41.19,54.39,75.7,140,2,,
2025-07-25T08:39:26.766+0200,1069,980,12.078,4781.466,44.17,37.75,44.14,59.21,,0.34,129.59,7.32,12.60,949,93,25,,,62,,,,,,0,2025-07-25T08:39:26.000+0200,988,940,10.905,48.1358933,-2.0460817,40.03,34.52,41.19,54.39,75.5,142,2,,
2025-07-25T08:39:26.791+0200,1069,980,12.078,4781.466,44.17,37.75,44.14,59.21,,0.34,129.59,7.32,12.60,949,93,25,,,62,,,,,,0,2025-07-25T08:39:26.000+0200,988,940,10.905,48.1358933,-2.0460817,40.03,34.52,41.19,54.39,75.5,142,2,,
2025-07-25T08:39:27.387+0200,1070,980,12.086,4781.474,43.63,37.76,44.14,59.21,,-1.57,129.59,6.39,11.10,828,93,25,,,63,,,,,,0,2025-07-25T08:39:26.000+0200,989,941,10.905,48.1358933,-2.0460817,40.03,34.52,41.19,54.39,75.5,142,2,,
2025-07-25T08:39:27.408+0200,1070,980,12.086,4781.474,43.63,37.76,44.14,59.21,,-1.57,129.59,6.39,11.10,828,93,25,,,63,,,,,,0,2025-07-25T08:39:26.000+0200,989,941,10.905,48.1358933,-2.0460817,40.03,34.52,41.19,54.39,75.5,142,2,,
2025-07-25T08:39:28.004+0200,1070,981,12.093,4781.481,43.27,37.76,44.14,59.21,,0.23,129.59,5.55,9.70,719,93,25,,,63,,,,,,0,2025-07-25T08:39:27.000+0200,990,942,10.916,48.1358167,-2.0459933,39.69,34.52,41.19,54.39,75.0,144,2,,
2025-07-25T08:39:28.026+0200,1070,981,12.093,4781.481,43.27,37.76,44.14,59.21,,0.23,129.59,5.55,9.70,719,93,25,,,63,,,,,,0,2025-07-25T08:39:27.000+0200,990,942,10.916,48.1358167,-2.0459933,39.69,34.52,41.19,54.39,75.0,144,2,,
2025-07-25T08:39:28.659+0200,1071,982,12.101,4781.489,43.63,37.76,44.14,59.21,,0.48,129.70,3.74,6.50,485,93,25,,,63,,,,,,0,2025-07-25T08:39:28.000+0200,990,942,10.927,48.1357283,-2.0459083,39.31,34.53,41.19,54.39,75.3,145,2,,
2025-07-25T08:39:28.681+0200,1071,982,12.101,4781.489,43.63,37.76,44.14,59.21,,0.48,129.70,3.74,6.50,485,93,25,,,63,,,,,,0,2025-07-25T08:39:28.000+0200,990,942,10.927,48.1357283,-2.0459083,39.31,34.53,41.19,54.39,75.3,145,2,,
2025-07-25T08:39:29.272+0200,1071,982,12.108,4781.496,43.27,37.77,44.14,59.21,,0.22,129.70,4.86,8.50,630,93,25,,,63,,,,,,0,2025-07-25T08:39:28.000+0200,991,943,10.927,48.1357283,-2.0459083,39.31,34.53,41.19,54.39,75.3,145,2,,
2025-07-25T08:39:29.295+0200,1071,982,12.108,4781.496,43.27,37.77,44.14,59.21,,0.22,129.70,4.86,8.50,630,93,25,,,63,,,,,,0,2025-07-25T08:39:28.000+0200,991,943,10.927,48.1357283,-2.0459083,39.31,34.53,41.19,54.39,75.3,145,2,,
2025-07-25T08:39:29.892+0200,1072,983,12.116,4781.504,43.12,37.77,44.14,59.21,,-3.24,129.80,5.54,9.70,719,93,25,,,63,,,,,,0,2025-07-25T08:39:29.000+0200,992,944,10.938,48.1356450,-2.0458283,40.07,34.53,41.18,54.39,75.6,147,2,,
2025-07-25T08:39:29.915+0200,1072,983,12.116,4781.504,43.12,37.77,44.14,59.21,,-3.24,129.80,5.54,9.70,719,93,25,,,63,,,,,,0,2025-07-25T08:39:29.000+0200,992,944,10.938,48.1356450,-2.0458283,40.07,34.53,41.18,54.39,75.6,147,2,,
2025-07-25T08:39:30.508+0200,1073,984,12.124,4781.511,44.46,37.77,44.14,59.21,,0.12,129.80,8.00,13.70,1038,93,25,,,62,,,,,,0,2025-07-25T08:39:29.000+0200,992,944,10.938,48.1356450,-2.0458283,40.07,34.53,41.18,54.39,75.6,147,2,,
2025-07-25T08:39:30.530+0200,1073,984,12.124,4781.511,44.46,37.77,44.14,59.21,,0.12,129.80,8.00,13.70,1038,93,25,,,62,,,,,,0,2025-07-25T08:39:29.000+0200,992,944,10.938,48.1356450,-2.0458283,40.07,34.53,41.18,54.39,75.6,147,2,,
2025-07-25T08:39:31.127+0200,1073,984,12.131,4781.519,44.46,37.78,44.14,59.21,,-0.67,129.80,3.56,6.10,462,93,25,,,62,,,,,,0,2025-07-25T08:39:30.000+0200,993,945,10.950,48.1355567,-2.0457517,40.98,34.54,41.18,54.39,75.6,152,2,,
2025-07-25T08:39:31.148+0200,1073,984,12.131,4781.519,44.46,37.78,44.14,59.21,,-0.67,129.80,3.56,6.10,462,93,25,,,62,,,,,,0,2025-07-25T08:39:30.000+0200,993,945,10.950,48.1355567,-2.0457517,40.98,34.54,41.18,54.39,75.6,152,2,,
2025-07-25T08:39:31.743+0200,1074,985,12.139,4781.527,43.95,37.78,44.14,59.21,,-1.57,130.00,1.91,3.30,248,93,25,,,63,,,,,,0,2025-07-25T08:39:31.000+0200,993,945,10.961,48.1354650,-2.0456850,38.65,34.54,41.18,54.39,75.6,156,2,,
2025-07-25T08:39:31.768+0200,1074,985,12.139,4781.527,43.95,37.78,44.14,59.21,,-1.57,130.00,1.91,3.30,248,93,25,,,63,,,,,,0,2025-07-25T08:39:31.000+0200,993,945,10.961,48.1354650,-2.0456850,38.65,34.54,41.18,54.39,75.6,156,2,,
2025-07-25T08:39:32.368+0200,1075,985,12.147,4781.534,43.88,37.78,44.14,59.21,,0.90,130.09,1.56,2.70,203,93,25,,,63,,,,,,0,2025-07-25T08:39:31.000+0200,994,946,10.961,48.1354650,-2.0456850,38.65,34.54,41.18,54.39,75.6,156,2,,
2025-07-25T08:39:32.390+0200,1075,985,12.147,4781.534,43.88,37.78,44.14,59.21,,0.90,130.09,1.56,2.70,203,93,25,,,63,,,,,,0,2025-07-25T08:39:31.000+0200,994,946,10.961,48.1354650,-2.0456850,38.65,34.54,41.18,54.39,75.6,156,2,,
2025-07-25T08:39:33.000+0200,1075,986,12.154,4781.542,43.88,37.79,44.14,59.21,,0.90,130.09,-0.20,-0.70,-26,93,25,,,63,,,,,,0,2025-07-25T08:39:32.000+0200,995,947,10.972,48.1353783,-2.0456300,40.02,34.55,41.18,54.39,75.5,159,2,,
2025-07-25T08:39:33.024+0200,1075,986,12.154,4781.542,43.88,37.79,44.14,59.21,,0.90,130.09,-0.20,-0.70,-26,93,25,,,63,,,,,,0,2025-07-25T08:39:32.000+0200,995,947,10.972,48.1353783,-2.0456300,40.02,34.55,41.18,54.39,75.5,159,2,,
2025-07-25T08:39:33.626+0200,1076,987,12.162,4781.550,43.74,37.79,44.14,59.21,,-2.27,130.20,-1.53,-5.30,-199,93,25,,,63,,,,,,0,2025-07-25T08:39:32.000+0200,995,947,10.972,48.1353783,-2.0456300,40.02,34.55,41.18,54.39,75.5,159,2,,
2025-07-25T08:39:33.649+0200,1076,987,12.162,4781.550,43.74,37.79,44.14,59.21,,-2.27,130.20,-1.53,-5.30,-199,93,25,,,63,,,,,,0,2025-07-25T08:39:32.000+0200,995,947,10.972,48.1353783,-2.0456300,40.02,34.55,41.18,54.39,75.5,159,2,,
2025-07-25T08:39:34.252+0200,1076,987,12.170,4781.557,43.77,37.79,44.14,59.21,,2.27,130.30,0.46,0.79,60,93,25,,,63,,,,,,0,2025-07-25T08:39:33.000+0200,996,948,10.983,48.1352867,-2.0455750,41.90,34.55,41.18,54.39,75.3,157,2,,
2025-07-25T08:39:34.275+0200,1076,987,12.170,4781.557,43.77,37.79,44.14,59.21,,2.27,130.30,0.46,0.79,60,93,25,,,63,,,,,,0,2025-07-25T08:39:33.000+0200,996,948,10.983,48.1352867,-2.0455750,41.90,34.55,41.18,54.39,75.3,157,2,,
2025-07-25T08:39:34.869+0200,1077,988,12.177,4781.565,43.09,37.80,44.14,59.21,,-0.36,130.39,-1.51,-5.30,-197,93,24,,,64,,,,,,0,2025-07-25T08:39:34.000+0200,997,949,10.994,48.1351950,-2.0455133,37.79,34.56,41.18,54.39,75.3,158,2,,
2025-07-25T08:39:34.893+0200,1077,988,12.177,4781.565,43.09,37.80,44.14,59.21,,-0.36,130.39,-1.51,-5.30,-197,93,24,,,64,,,,,,0,2025-07-25T08:39:34.000+0200,997,949,10.994,48.1351950,-2.0455133,37.79,34.56,41.18,54.39,75.3,158,2,,
2025-07-25T08:39:35.490+0200,1078,989,12.185,4781.572,43.30,37.80,44.14,59.21,,0.72,130.39,1.31,2.30,171,93,24,,,63,,,,,,0,2025-07-25T08:39:34.000+0200,997,949,10.994,48.1351950,-2.0455133,37.79,34.56,41.18,54.39,75.3,158,2,,
2025-07-25T08:39:35.513+0200,1078,989,12.185,4781.572,43.30,37.80,44.14,59.21,,0.72,130.39,1.31,2.30,171,93,24,,,63,,,,,,0,2025-07-25T08:39:34.000+0200,997,949,10.994,48.1351950,-2.0455133,37.79,34.56,41.18,54.39,75.3,158,2,,
2025-07-25T08:39:36.115+0200,1078,989,12.192,4781.580,44.28,37.80,44.14,59.21,,3.72,130.39,4.89,8.39,638,93,24,,,63,,,,,,0,2025-07-25T08:39:35.000+0200,998,950,11.004,48.1351050,-2.0454600,40.14,34.56,41.18,54.39,74.9,159,2,,
2025-07-25T08:39:36.134+0200,1078,989,12.192,4781.580,44.28,37.80,44.14,59.21,,3.72,130.39,4.89,8.39,638,93,24,,,63,,,,,,0,2025-07-25T08:39:35.000+0200,998,950,11.004,48.1351050,-2.0454600,40.14,34.56,41.18,54.39,74.9,159,2,,
2025-07-25T08:39:36.732+0200,1079,990,12.200,4781.588,43.56,37.81,44.14,59.21,,-0.45,130.30,2.70,4.69,352,93,24,,,63,,,,,,0,2025-07-25T08:39:36.000+0200,998,950,11.015,48.1350150,-2.0454067,39.33,34.57,41.18,54.39,74.4,157,2,,
2025-07-25T08:39:36.754+0200,1079,990,12.200,4781.588,43.56,37.81,44.14,59.21,,-0.45,130.30,2.70,4.69,352,93,24,,,63,,,,,,0,2025-07-25T08:39:36.000+0200,998,950,11.015,48.1350150,-2.0454067,39.33,34.57,41.18,54.39,74.4,157,2,,
2025-07-25T08:39:37.371+0200,1079,990,12.207,4781.595,43.74,37.81,44.14,59.21,,-2.16,130.30,-0.86,-3.00,-112,93,24,,,63,,,,,,0,2025-07-25T08:39:36.000+0200,999,951,11.015,48.1350150,-2.0454067,39.33,34.57,41.18,54.39,74.4,157,2,,
2025-07-25T08:39:37.395+0200,1079,990,12.207,4781.595,43.74,37.81,44.14,59.21,,-2.16,130.30,-0.86,-3.00,-112,93,24,,,63,,,,,,0,2025-07-25T08:39:36.000+0200,999,951,11.015,48.1350150,-2.0454067,39.33,34.57,41.18,54.39,74.4,157,2,,
2025-07-25T08:39:37.986+0200,1080,991,12.215,4781.603,43.09,37.81,44.14,59.21,,-2.16,130.50,-2.05,-7.20,-268,94,24,,,64,,,,,,0,2025-07-25T08:39:37.000+0200,1000,952,11.026,48.1349250,-2.0453600,38.00,34.57,41.17,54.39,73.9,160,2,,
2025-07-25T08:39:38.016+0200,1080,991,12.215,4781.603,43.09,37.81,44.14,59.21,,-2.16,130.50,-2.05,-7.20,-268,94,24,,,64,,,,,,0,2025-07-25T08:39:37.000+0200,1000,952,11.026,48.1349250,-2.0453600,38.00,34.57,41.17,54.39,73.9,160,2,,
2025-07-25T08:39:38.679+0200,1081,992,12.223,4781.610,42.87,37.82,44.14,59.21,,-0.60,130.59,-3.04,-10.70,-397,94,24,,,64,,,,,,0,2025-07-25T08:39:38.000+0200,1000,952,11.036,48.1348383,-2.0453033,38.14,34.57,41.17,54.39,73.7,158,2,,
2025-07-25T08:39:38.703+0200,1081,992,12.226,4781.614,41.32,37.82,44.13,59.21,,-4.85,130.59,-0.80,-2.90,-104,94,24,,,65,,,,,,0,2025-07-25T08:39:38.000+0200,1000,952,11.036,48.1348383,-2.0453033,38.14,34.57,41.17,54.39,73.7,158,2,,
2025-07-25T08:39:39.226+0200,1081,992,12.230,4781.618,41.58,37.82,44.13,59.21,,0.78,130.70,-0.97,-3.50,-127,94,24,,,65,,,,,,0,2025-07-25T08:39:38.000+0200,1001,953,11.036,48.1348383,-2.0453033,38.14,34.57,41.17,54.39,73.7,158,2,,
2025-07-25T08:39:39.252+0200,1081,992,12.230,4781.618,41.58,37.82,44.13,59.21,,0.78,130.70,-0.97,-3.50,-127,94,24,,,65,,,,,,0,2025-07-25T08:39:38.000+0200,1001,953,11.036,48.1348383,-2.0453033,38.14,34.57,41.17,54.39,73.7,158,2,,
2025-07-25T08:39:39.849+0200,1082,993,12.237,4781.625,40.82,37.82,44.13,59.21,,-3.71,130.80,-4.71,-17.19,-616,94,24,,,66,,,,,,0,2025-07-25T08:39:39.000+0200,1002,954,11.047,48.1347500,-2.0452633,36.43,34.57,41.16,54.39,73.2,161,2,,
2025-07-25T08:39:39.872+0200,1082,993,12.237,4781.625,40.82,37.82,44.13,59.21,,-3.71,130.80,-4.71,-17.19,-616,94,24,,,66,,,,,,0,2025-07-25T08:39:39.000+0200,1002,954,11.047,48.1347500,-2.0452633,36.43,34.57,41.16,54.39,73.2,161,2,,
2025-07-25T08:39:40.473+0200,1083,994,12.245,4781.632,40.21,37.82,44.13,59.21,,1.01,131.00,-6.99,-25.80,-916,94,24,,,66,,,,,,0,2025-07-25T08:39:39.000+0200,1002,954,11.047,48.1347500,-2.0452633,36.43,34.57,41.16,54.39,73.2,161,2,,
2025-07-25T08:39:40.496+0200,1083,994,12.245,4781.632,40.21,37.82,44.13,59.21,,1.01,131.00,-6.99,-25.80,-916,94,24,,,66,,,,,,0,2025-07-25T08:39:39.000+0200,1002,954,11.047,48.1347500,-2.0452633,36.43,34.57,41.16,54.39,73.2,161,2,,
2025-07-25T08:39:41.111+0200,1083,994,12.252,4781.639,36.93,37.82,44.13,59.21,,-5.64,131.20,-7.46,-29.30,-979,94,24,,,69,,,,,,0,2025-07-25T08:39:40.000+0200,1003,955,11.057,48.1346650,-2.0452150,34.98,34.57,41.16,54.39,72.7,160,2,,
2025-07-25T08:39:41.136+0200,1083,994,12.252,4781.639,36.93,37.82,44.13,59.21,,-5.64,131.20,-7.46,-29.30,-979,94,24,,,69,,,,,,0,2025-07-25T08:39:40.000+0200,1003,955,11.057,48.1346650,-2.0452150,34.98,34.57,41.16,54.39,72.7,160,2,,
2025-07-25T08:39:41.717+0200,1084,995,12.258,4781.645,34.77,37.82,44.12,59.21,,-3.15,131.39,-9.24,-37.89,-1214,94,24,,,71,,,,,,0,2025-07-25T08:39:41.000+0200,1003,955,11.066,48.1345917,-2.0451667,33.92,34.57,41.15,54.39,71.8,157,2,,
2025-07-25T08:39:41.735+0200,1084,995,12.258,4781.645,34.77,37.82,44.12,59.21,,-3.15,131.39,-9.24,-37.89,-1214,94,24,,,71,,,,,,0,2025-07-25T08:39:41.000+0200,1003,955,11.066,48.1345917,-2.0451667,33.92,34.57,41.15,54.39,71.8,157,2,,
2025-07-25T08:39:42.350+0200,1084,995,12.264,4781.651,30.96,37.82,44.11,59.21,,-6.24,131.59,-8.34,-37.09,-1097,94,24,,,74,,,,,,0,2025-07-25T08:39:41.000+0200,1004,956,11.066,48.1345917,-2.0451667,33.92,34.57,41.15,54.39,71.8,157,2,,
2025-07-25T08:39:42.375+0200,1084,995,12.264,4781.651,30.96,37.82,44.11,59.21,,-6.24,131.59,-8.34,-37.09,-1097,94,24,,,74,,,,,,0,2025-07-25T08:39:41.000+0200,1004,956,11.066,48.1345917,-2.0451667,33.92,34.57,41.15,54.39,71.8,157,2,,
2025-07-25T08:39:42.971+0200,1085,996,12.270,4781.657,28.76,37.81,44.10,59.21,,-3.59,131.59,-6.09,-28.50,-801,94,24,,,76,,,,,,0,2025-07-25T08:39:42.000+0200,1005,957,11.074,48.1345183,-2.0451233,30.39,34.57,41.14,54.39,70.9,159,2,,
2025-07-25T08:39:42.994+0200,1085,996,12.270,4781.657,28.76,37.81,44.10,59.21,,-3.59,131.59,-6.09,-28.50,-801,94,24,,,76,,,,,,0,2025-07-25T08:39:42.000+0200,1005,957,11.074,48.1345183,-2.0451233,30.39,34.57,41.14,54.39,70.9,159,2,,
2025-07-25T08:39:43.591+0200,1086,997,12.275,4781.662,27.64,37.81,44.09,59.21,,-2.98,131.59,-2.14,-10.30,-282,94,25,,,77,,,,,,0,2025-07-25T08:39:42.000+0200,1005,957,11.074,48.1345183,-2.0451233,30.39,34.57,41.14,54.39,70.9,159,2,,
2025-07-25T08:39:43.616+0200,1086,997,12.275,4781.662,27.64,37.81,44.09,59.21,,-2.98,131.59,-2.14,-10.30,-282,94,25,,,77,,,,,,0,2025-07-25T08:39:42.000+0200,1005,957,11.074,48.1345183,-2.0451233,30.39,34.57,41.14,54.39,70.9,159,2,,
2025-07-25T08:39:44.211+0200,1086,997,12.280,4781.666,28.58,37.80,44.08,59.21,,5.06,131.39,-0.10,-0.50,-13,94,25,,,76,,,,,,0,2025-07-25T08:39:43.000+0200,1006,958,11.082,48.1344617,-2.0450633,26.96,34.56,41.12,54.39,70.2,148,2,,
2025-07-25T08:39:44.235+0200,1086,997,12.280,4781.666,28.58,37.80,44.08,59.21,,5.06,131.39,-0.10,-0.50,-13,94,25,,,76,,,,,,0,2025-07-25T08:39:43.000+0200,1006,958,11.082,48.1344617,-2.0450633,26.96,34.56,41.12,54.39,70.2,148,2,,
2025-07-25T08:39:44.830+0200,1087,998,12.285,4781.671,29.62,37.80,44.07,59.21,,2.15,131.30,-4.34,-19.90,-570,94,25,,,75,,,,,,0,2025-07-25T08:39:44.000+0200,1006,958,11.090,48.1344000,-2.0450233,24.79,34.55,41.11,54.39,69.8,153,2,,
2025-07-25T08:39:44.853+0200,1087,998,12.285,4781.671,29.62,37.80,44.07,59.21,,2.15,131.30,-4.34,-19.90,-570,94,25,,,75,,,,,,0,2025-07-25T08:39:44.000+0200,1007,959,11.090,48.1344000,-2.0450233,24.79,34.55,41.11,54.39,69.8,153,2,,
2025-07-25T08:39:45.452+0200,1088,999,12.290,4781.676,27.86,37.79,44.06,59.21,,-1.35,131.30,-5.52,-26.40,-725,94,25,,,77,,,,,,0,2025-07-25T08:39:44.000+0200,1007,959,11.090,48.1344000,-2.0450233,24.79,34.55,41.11,54.39,69.8,153,2,,
2025-07-25T08:39:45.474+0200,1088,999,12.290,4781.676,27.86,37.79,44.06,59.21,,-1.35,131.30,-5.52,-26.40,-725,94,25,,,77,,,,,,0,2025-07-25T08:39:44.000+0200,1007,959,11.090,48.1344000,-2.0450233,24.79,34.55,41.11,54.39,69.8,153,2,,
2025-07-25T08:39:46.074+0200,1088,999,12.295,4781.681,27.61,37.79,44.05,59.21,,-2.24,131.30,-0.91,-4.40,-119,95,25,,,77,,,,,,0,2025-07-25T08:39:45.000+0200,1008,960,11.096,48.1343433,-2.0449950,25.38,34.55,41.09,54.39,68.9,151,2,,
2025-07-25T08:39:46.096+0200,1088,999,12.295,4781.681,27.61,37.79,44.05,59.21,,-2.24,131.30,-0.91,-4.40,-119,95,25,,,77,,,,,,0,2025-07-25T08:39:45.000+0200,1008,960,11.096,48.1343433,-2.0449950,25.38,34.55,41.09,54.39,68.9,151,2,,
2025-07-25T08:39:46.686+0200,1089,1000,12.300,4781.686,27.68,37.78,44.04,59.21,,2.70,131.09,10.46,25.10,1371,95,25,,,77,,,,,,0,2025-07-25T08:39:46.000+0200,1008,960,11.103,48.1342900,-2.0449433,26.12,34.54,41.07,54.39,68.4,139,2,,
2025-07-25T08:39:46.709+0200,1089,1000,12.300,4781.686,27.68,37.78,44.04,59.21,,2.70,131.09,10.46,25.10,1371,95,25,,,77,,,,,,0,2025-07-25T08:39:46.000+0200,1008,960,11.103,48.1342900,-2.0449433,26.12,34.54,41.07,54.39,68.4,139,2,,
2025-07-25T08:39:47.311+0200,1089,1000,12.304,4781.691,29.98,37.78,44.03,59.21,,3.81,130.50,15.48,35.20,2020,95,25,,,75,,,,,,0,2025-07-25T08:39:46.000+0200,1009,961,11.103,48.1342900,-2.0449433,26.12,34.54,41.07,54.39,68.4,139,2,,
2025-07-25T08:39:47.337+0200,1089,1000,12.304,4781.691,29.98,37.78,44.03,59.21,,3.81,130.50,15.48,35.20,2020,95,25,,,75,,,,,,0,2025-07-25T08:39:46.000+0200,1009,961,11.103,48.1342900,-2.0449433,26.12,34.54,41.07,54.39,68.4,139,2,,
2025-07-25T08:39:47.930+0200,1090,1001,12.309,4781.696,33.76,37.77,44.03,59.21,,4.84,130.09,11.98,25.10,1558,95,25,,,71,,,,,,0,2025-07-25T08:39:47.000+0200,1010,962,11.110,48.1342617,-2.0448617,27.72,34.53,41.06,54.39,67.6,112,2,,
2025-07-25T08:39:47.954+0200,1090,1001,12.309,4781.696,33.76,37.77,44.03,59.21,,4.84,130.09,11.98,25.10,1558,95,25,,,71,,,,,,0,2025-07-25T08:39:47.000+0200,1010,962,11.110,48.1342617,-2.0448617,27.72,34.53,41.06,54.39,67.6,112,2,,
2025-07-25T08:39:48.554+0200,1091,1002,12.315,4781.702,35.53,37.77,44.02,59.21,,2.02,130.00,3.71,7.50,482,95,25,,,70,,,,,,0,2025-07-25T08:39:47.000+0200,1010,962,11.110,48.1342617,-2.0448617,27.72,34.53,41.06,54.39,67.6,112,2,,
2025-07-25T08:39:48.573+0200,1091,1002,12.315,4781.702,35.53,37.77,44.02,59.21,,2.02,130.00,3.71,7.50,482,95,25,,,70,,,,,,0,2025-07-25T08:39:47.000+0200,1010,962,11.110,48.1342617,-2.0448617,27.72,34.53,41.06,54.39,67.6,112,2,,
2025-07-25T08:39:49.193+0200,1091,1002,12.321,4781.708,35.96,37.77,44.02,59.21,,1.45,129.89,17.08,34.20,2219,95,25,,,70,,,,,,0,2025-07-25T08:39:48.000+0200,1011,963,11.119,48.1342533,-2.0447500,31.63,34.53,41.05,54.39,66.4,99,2,,
2025-07-25T08:39:49.215+0200,1091,1002,12.321,4781.708,35.96,37.77,44.02,59.21,,1.45,129.89,17.08,34.20,2219,95,25,,,70,,,,,,0,2025-07-25T08:39:48.000+0200,1011,963,11.119,48.1342533,-2.0447500,31.63,34.53,41.05,54.39,66.4,99,2,,
2025-07-25T08:39:49.831+0200,1092,1003,12.327,4781.715,38.34,37.77,44.01,59.21,,0.96,129.70,15.07,28.80,1955,95,25,,,67,,,,,,0,2025-07-25T08:39:49.000+0200,1011,963,11.126,48.1342583,-2.0446467,30.86,34.53,41.04,54.39,62.2,99,2,,
2025-07-25T08:39:49.854+0200,1092,1003,12.327,4781.715,38.34,37.77,44.01,59.21,,0.96,129.70,15.07,28.80,1955,95,25,,,67,,,,,,0,2025-07-25T08:39:49.000+0200,1012,964,11.126,48.1342583,-2.0446467,30.86,34.53,41.04,54.39,62.2,99,2,,
2025-07-25T08:39:50.428+0200,1093,1003,12.334,4781.721,40.03,37.77,44.01,59.21,,0.00,129.59,6.97,12.90,903,95,25,,,66,,,,,,0,2025-07-25T08:39:49.000+0200,1012,964,11.126,48.1342583,-2.0446467,30.86,34.53,41.04,54.39,62.2,99,2,,
2025-07-25T08:39:50.454+0200,1093,1004,12.334,4781.721,40.03,37.77,44.01,59.21,,0.00,129.59,6.97,12.90,903,95,25,,,66,,,,,,0,2025-07-25T08:39:49.000+0200,1012,964,11.126,48.1342583,-2.0446467,30.86,34.53,41.04,54.39,62.2,99,2,,
2025-07-25T08:39:51.070+0200,1093,1004,12.341,4781.728,40.06,37.77,44.01,59.21,,-2.40,129.70,7.13,13.20,925,95,25,,,66,,,,,,0,2025-07-25T08:39:50.000+0200,1013,965,11.136,48.1342450,-2.0445217,34.63,34.53,41.03,54.39,61.0,103,2,,
2025-07-25T08:39:51.094+0200,1093,1004,12.341,4781.728,40.06,37.77,44.01,59.21,,-2.40,129.70,7.13,13.20,925,95,25,,,66,,,,,,0,2025-07-25T08:39:50.000+0200,1013,965,11.136,48.1342450,-2.0445217,34.63,34.53,41.03,54.39,61.0,103,2,,
2025-07-25T08:39:51.692+0200,1094,1005,12.348,4781.735,42.04,37.78,44.01,59.21,,3.27,129.59,15.35,27.40,1989,95,25,,,64,,,,,,0,2025-07-25T08:39:51.000+0200,1013,965,11.146,48.1342200,-2.0443867,37.92,34.53,41.03,54.39,59.9,104,2,,
2025-07-25T08:39:51.710+0200,1094,1005,12.348,4781.735,42.04,37.78,44.01,59.21,,3.27,129.59,15.35,27.40,1989,95,25,,,64,,,,,,0,2025-07-25T08:39:51.000+0200,1013,965,11.146,48.1342200,-2.0443867,37.92,34.53,41.03,54.39,59.9,104,2,,
2025-07-25T08:39:52.308+0200,1094,1005,12.355,4781.743,43.05,37.78,44.01,59.21,,1.69,129.39,11.58,20.29,1498,95,25,,,63,,,,,,0,2025-07-25T08:39:51.000+0200,1014,966,11.146,48.1342200,-2.0443867,37.92,34.53,41.03,54.39,59.9,104,2,,
2025-07-25T08:39:52.333+0200,1094,1005,12.355,4781.743,43.05,37.78,44.01,59.21,,1.69,129.39,11.58,20.29,1498,95,25,,,63,,,,,,0,2025-07-25T08:39:51.000+0200,1014,966,11.146,48.1342200,-2.0443867,37.92,34.53,41.03,54.39,59.9,104,2,,
2025-07-25T08:39:52.947+0200,1095,1006,12.362,4781.750,43.37,37.78,44.01,59.21,,0.96,129.30,13.19,23.00,1705,95,25,,,63,,,,,,0,2025-07-25T08:39:52.000+0200,1015,967,11.157,48.1341967,-2.0442483,37.93,34.53,41.03,54.39,59.0,104,2,,
2025-07-25T08:39:52.970+0200,1095,1006,12.362,4781.750,43.37,37.78,44.01,59.21,,0.96,129.30,13.19,23.00,1705,95,25,,,63,,,,,,0,2025-07-25T08:39:52.000+0200,1015,967,11.157,48.1341967,-2.0442483,37.93,34.53,41.03,54.39,59.0,104,2,,
2025-07-25T08:39:53.570+0200,1096,1007,12.370,4781.758,43.41,37.78,44.01,59.21,,-3.04,129.39,7.57,13.20,979,95,25,,,63,,,,,,0,2025-07-25T08:39:52.000+0200,1015,967,11.157,48.1341967,-2.0442483,37.93,34.53,41.03,54.39,59.0,104,2,,
2025-07-25T08:39:53.596+0200,1096,1007,12.370,4781.758,43.41,37.78,44.01,59.21,,-3.04,129.39,7.57,13.20,979,95,25,,,63,,,,,,0,2025-07-25T08:39:52.000+0200,1015,967,11.157,48.1341967,-2.0442483,37.93,34.53,41.03,54.39,59.0,104,2,,
2025-07-25T08:39:54.188+0200,1096,1007,12.378,4781.765,43.41,37.79,44.01,59.21,,-3.23,129.50,10.33,18.00,1338,95,25,,,63,,,,,,0,2025-07-25T08:39:53.000+0200,1016,968,11.168,48.1341733,-2.0441033,39.36,34.54,41.03,54.39,58.1,104,2,,
2025-07-25T08:39:54.210+0200,1096,1007,12.378,4781.765,43.41,37.79,44.01,59.21,,-3.23,129.50,10.33,18.00,1338,95,25,,,63,,,,,,0,2025-07-25T08:39:53.000+0200,1016,968,11.168,48.1341733,-2.0441033,39.36,34.54,41.03,54.39,58.1,104,2,,
2025-07-25T08:39:54.811+0200,1097,1008,12.385,4781.773,43.81,37.79,44.01,59.21,,-1.57,129.50,6.93,12.00,897,95,25,,,63,,,,,,0,2025-07-25T08:39:54.000+0200,1016,968,11.179,48.1341517,-2.0439617,39.05,34.54,41.02,54.39,57.5,103,2,,
2025-07-25T08:39:54.834+0200,1097,1008,12.385,4781.773,43.81,37.79,44.01,59.21,,-1.57,129.50,6.93,12.00,897,95,25,,,63,,,,,,0,2025-07-25T08:39:54.000+0200,1016,968,11.179,48.1341517,-2.0439617,39.05,34.54,41.02,54.39,57.5,103,2,,
2025-07-25T08:39:55.432+0200,1098,1008,12.393,4781.781,43.09,37.79,44.01,59.21,,-3.49,129.50,10.50,18.40,1360,95,25,,,63,,,,,,0,2025-07-25T08:39:54.000+0200,1017,969,11.179,48.1341517,-2.0439617,39.05,34.54,41.02,54.39,57.5,103,2,,
2025-07-25T08:39:55.457+0200,1098,1009,12.393,4781.781,43.09,37.79,44.01,59.21,,-3.49,129.50,10.50,18.40,1360,95,25,,,63,,,,,,0,2025-07-25T08:39:54.000+0200,1017,969,11.179,48.1341517,-2.0439617,39.05,34.54,41.02,54.39,57.5,103,2,,
2025-07-25T08:39:56.054+0200,1098,1009,12.400,4781.788,43.37,37.80,44.00,59.21,,-0.84,129.50,7.45,13.00,965,95,25,,,63,,,,,,0,2025-07-25T08:39:55.000+0200,1018,970,11.190,48.1341250,-2.0438167,39.04,34.55,41.02,54.39,56.6,103,2,,
2025-07-25T08:39:56.080+0200,1098,1009,12.400,4781.788,43.37,37.80,44.00,59.21,,-0.84,129.50,7.45,13.00,965,95,25,,,63,,,,,,0,2025-07-25T08:39:55.000+0200,1018,970,11.190,48.1341250,-2.0438167,39.04,34.55,41.02,54.39,56.6,103,2,,
2025-07-25T08:39:56.685+0200,1099,1010,12.408,4781.796,43.05,37.80,44.00,59.21,,0.00,129.50,10.04,17.60,1300,95,25,,,63,,,,,,0,2025-07-25T08:39:56.000+0200,1018,970,11.201,48.1341067,-2.0436667,40.12,34.55,41.02,54.39,56.1,102,2,,
2025-07-25T08:39:56.707+0200,1099,1010,12.408,4781.796,43.05,37.80,44.00,59.21,,0.00,129.50,10.04,17.60,1300,95,25,,,63,,,,,,0,2025-07-25T08:39:56.000+0200,1018,970,11.201,48.1341067,-2.0436667,40.12,34.55,41.02,54.39,56.1,102,2,,
2025-07-25T08:39:57.313+0200,1099,1010,12.415,4781.803,42.15,37.80,44.00,59.21,,-2.89,129.50,7.13,12.70,923,95,25,,,64,,,,,,0,2025-07-25T08:39:56.000+0200,1019,971,11.201,48.1341067,-2.0436667,40.12,34.55,41.02,54.39,56.1,102,2,,
2025-07-25T08:39:57.338+0200,1099,1010,12.415,4781.803,42.15,37.80,44.00,59.21,,-2.89,129.50,7.13,12.70,923,95,25,,,64,,,,,,0,2025-07-25T08:39:56.000+0200,1019,971,11.201,48.1341067,-2.0436667,40.12,34.55,41.02,54.39,56.1,102,2,,
2025-07-25T08:39:57.930+0200,1100,1011,12.423,4781.810,42.73,37.80,44.00,59.21,,3.37,129.50,14.52,25.59,1880,95,25,,,64,,,,,,0,2025-07-25T08:39:57.000+0200,1020,972,11.213,48.1340900,-2.0435150,40.69,34.56,41.02,54.39,55.3,99,2,,
2025-07-25T08:39:57.952+0200,1100,1011,12.423,4781.810,42.73,37.80,44.00,59.21,,3.37,129.50,14.52,25.59,1880,95,25,,,64,,,,,,0,2025-07-25T08:39:57.000+0200,1020,972,11.213,48.1340900,-2.0435150,40.69,34.56,41.02,54.39,55.3,99,2,,
2025-07-25T08:39:58.548+0200,1101,1012,12.430,4781.818,44.67,37.81,44.00,59.21,,5.38,129.00,23.41,39.89,3020,95,25,,,62,,,,,,0,2025-07-25T08:39:57.000+0200,1020,972,11.213,48.1340900,-2.0435150,40.69,34.56,41.02,54.39,55.3,99,2,,
2025-07-25T08:39:58.570+0200,1101,1012,12.430,4781.818,44.67,37.81,44.00,59.21,,5.38,129.00,23.41,39.89,3020,95,25,,,62,,,,,,0,2025-07-25T08:39:57.000+0200,1020,972,11.213,48.1340900,-2.0435150,40.69,34.56,41.02,54.39,55.3,99,2,,
2025-07-25T08:39:59.171+0200,1101,1012,12.438,4781.826,45.17,37.81,44.00,59.21,,-0.22,129.00,4.97,8.39,641,94,25,,,61,,,,,,0,2025-07-25T08:39:58.000+0200,1021,973,11.224,48.1340750,-2.0433600,41.20,34.56,41.02,54.39,54.6,99,2,,
2025-07-25T08:39:59.194+0200,1101,1012,12.438,4781.826,45.17,37.81,44.00,59.21,,-0.22,129.00,4.97,8.39,641,94,25,,,61,,,,,,0,2025-07-25T08:39:58.000+0200,1021,973,11.224,48.1340750,-2.0433600,41.20,34.56,41.02,54.39,54.6,99,2,,
2025-07-25T08:39:59.792+0200,1102,1013,12.446,4781.834,44.92,37.82,44.00,59.21,,-0.45,129.20,1.94,3.30,251,94,25,,,62,,,,,,0,2025-07-25T08:39:59.000+0200,1021,973,11.235,48.1340567,-2.0432167,37.90,34.56,41.02,54.39,54.7,102,2,,
2025-07-25T08:39:59.812+0200,1102,1013,12.446,4781.834,44.92,37.82,44.00,59.21,,-0.45,129.20,1.94,3.30,251,94,25,,,62,,,,,,0,2025-07-25T08:39:59.000+0200,1021,973,11.235,48.1340567,-2.0432167,37.90,34.56,41.02,54.39,54.7,102,2,,
2025-07-25T08:40:00.414+0200,1103,1013,12.453,4781.841,43.09,37.82,44.00,59.21,,-1.12,129.30,7.76,13.60,1003,94,25,,,63,,,,,,0,2025-07-25T08:39:59.000+0200,1022,974,11.235,48.1340567,-2.0432167,37.90,34.56,41.02,54.39,54.7,102,2,,
2025-07-25T08:40:00.438+0200,1103,1013,12.453,4781.841,43.09,37.82,44.00,59.21,,-1.12,129.30,7.76,13.60,1003,94,25,,,63,,,,,,0,2025-07-25T08:39:59.000+0200,1022,974,11.235,48.1340567,-2.0432167,37.90,34.56,41.02,54.39,54.7,102,2,,
2025-07-25T08:40:01.050+0200,1103,1014,12.461,4781.849,42.48,37.82,44.00,59.21,,-1.91,129.20,12.99,23.00,1678,94,25,,,64,,,,,,0,2025-07-25T08:40:00.000+0200,1023,975,11.246,48.1340400,-2.0430767,37.85,34.57,41.01,54.39,55.0,101,2,,
2025-07-25T08:40:01.070+0200,1103,1014,12.461,4781.849,42.48,37.82,44.00,59.21,,-1.91,129.20,12.99,23.00,1678,94,25,,,64,,,,,,0,2025-07-25T08:40:00.000+0200,1023,975,11.246,48.1340400,-2.0430767,37.85,34.57,41.01,54.39,55.0,101,2,,
2025-07-25T08:40:01.667+0200,1104,1015,12.468,4781.856,41.03,37.82,44.00,59.21,,-6.56,129.39,9.85,17.90,1274,94,25,,,65,,,,,,0,2025-07-25T08:40:01.000+0200,1023,975,11.256,48.1340267,-2.0429367,38.23,34.57,41.01,54.39,55.4,96,2,,
2025-07-25T08:40:01.691+0200,1104,1015,12.468,4781.856,41.03,37.82,44.00,59.21,,-6.56,129.39,9.85,17.90,1274,94,25,,,65,,,,,,0,2025-07-25T08:40:01.000+0200,1023,975,11.256,48.1340267,-2.0429367,38.23,34.57,41.01,54.39,55.4,96,2,,
2025-07-25T08:40:02.290+0200,1104,1015,12.476,4781.863,41.58,37.82,44.00,59.21,,1.91,129.09,31.73,57.10,4096,94,25,,,65,,,,,,0,2025-07-25T08:40:01.000+0200,1024,976,11.256,48.1340267,-2.0429367,38.23,34.57,41.01,54.39,55.4,96,2,,
2025-07-25T08:40:02.313+0200,1104,1015,12.476,4781.863,41.58,37.82,44.00,59.21,,1.91,129.09,31.73,57.10,4096,94,25,,,65,,,,,,0,2025-07-25T08:40:01.000+0200,1024,976,11.256,48.1340267,-2.0429367,38.23,34.57,41.01,54.39,55.4,96,2,,
2025-07-25T08:40:02.907+0200,1105,1016,12.483,4781.871,43.27,37.83,44.00,59.21,,0.67,128.59,26.00,45.40,3343,94,25,,,63,,,,,,0,2025-07-25T08:40:02.000+0200,1025,977,11.266,48.1340167,-2.0428000,39.35,34.57,41.01,54.39,55.8,95,2,,
2025-07-25T08:40:02.930+0200,1105,1016,12.483,4781.871,43.27,37.83,44.00,59.21,,0.67,128.59,26.00,45.40,3343,94,25,,,63,,,,,,0,2025-07-25T08:40:02.000+0200,1025,977,11.266,48.1340167,-2.0428000,39.35,34.57,41.01,54.39,55.8,95,2,,
2025-07-25T08:40:03.530+0200,1106,1017,12.490,4781.878,45.32,37.83,44.00,59.21,,1.69,128.30,22.18,37.39,2846,94,25,,,61,,,,,,0,2025-07-25T08:40:02.000+0200,1025,977,11.266,48.1340167,-2.0428000,39.35,34.57,41.01,54.39,55.8,95,2,,
2025-07-25T08:40:03.551+0200,1106,1017,12.490,4781.878,45.32,37.83,44.00,59.21,,1.69,128.30,22.18,37.39,2846,94,25,,,61,,,,,,0,2025-07-25T08:40:02.000+0200,1025,977,11.266,48.1340167,-2.0428000,39.35,34.57,41.01,54.39,55.8,95,2,,
2025-07-25T08:40:04.151+0200,1106,1017,12.498,4781.886,46.94,37.84,44.00,59.21,,3.26,128.09,24.31,39.89,3114,94,25,,,60,,,,,,0,2025-07-25T08:40:03.000+0200,1026,978,11.278,48.1340067,-2.0426517,39.83,34.58,41.01,54.39,56.5,93,2,,
2025-07-25T08:40:04.173+0200,1106,1017,12.498,4781.886,46.94,37.84,44.00,59.21,,3.26,128.09,24.31,39.89,3114,94,25,,,60,,,,,,0,2025-07-25T08:40:03.000+0200,1026,978,11.278,48.1340067,-2.0426517,39.83,34.58,41.01,54.39,56.5,93,2,,
2025-07-25T08:40:04.770+0200,1107,1018,12.506,4781.894,47.23,37.84,44.00,59.21,,0.56,127.89,21.98,35.89,2811,94,25,,,59,,,,,,0,2025-07-25T08:40:04.000+0200,1026,978,11.289,48.1340000,-2.0424967,43.31,34.59,41.01,54.39,56.9,93,2,,
2025-07-25T08:40:04.790+0200,1107,1018,12.506,4781.894,47.23,37.84,44.00,59.21,,0.56,127.89,21.98,35.89,2811,94,25,,,59,,,,,,0,2025-07-25T08:40:04.000+0200,1026,978,11.289,48.1340000,-2.0424967,43.31,34.59,41.01,54.39,56.9,93,2,,
2025-07-25T08:40:05.394+0200,1108,1018,12.514,4781.903,49.75,37.85,44.01,59.21,,4.73,127.60,36.21,56.80,4620,94,25,,,57,,,,,,0,2025-07-25T08:40:04.000+0200,1027,979,11.289,48.1340000,-2.0424967,43.31,34.59,41.01,54.39,56.9,93,2,,
2025-07-25T08:40:05.418+0200,1108,1018,12.514,4781.903,49.75,37.85,44.01,59.21,,4.73,127.60,36.21,56.80,4620,94,25,,,57,,,,,,0,2025-07-25T08:40:04.000+0200,1027,979,11.289,48.1340000,-2.0424967,43.31,34.59,41.01,54.39,56.9,93,2,,
2025-07-25T08:40:06.031+0200,1108,1019,12.523,4781.911,50.07,37.85,44.01,59.21,,-0.48,127.30,28.06,43.80,3572,94,26,,,57,,,,,,0,2025-07-25T08:40:05.000+0200,1028,980,11.302,48.1339967,-2.0423283,45.06,34.60,41.01,54.39,57.7,89,2,,
2025-07-25T08:40:06.054+0200,1108,1019,12.523,4781.911,50.07,37.85,44.01,59.21,,-0.48,127.30,28.06,43.80,3572,94,26,,,57,,,,,,0,2025-07-25T08:40:05.000+0200,1028,980,11.302,48.1339967,-2.0423283,45.06,34.60,41.01,54.39,57.7,89,2,,
2025-07-25T08:40:06.652+0200,1109,1020,12.532,4781.920,52.74,37.86,44.01,59.21,,4.44,127.10,26.69,40.00,3392,94,26,,,54,,,,,,0,2025-07-25T08:40:06.000+0200,1028,980,11.315,48.1340000,-2.0421550,46.56,34.61,41.02,54.39,58.4,87,2,,
2025-07-25T08:40:06.671+0200,1109,1020,12.532,4781.920,52.74,37.86,44.01,59.21,,4.44,127.10,26.69,40.00,3392,94,26,,,54,,,,,,0,2025-07-25T08:40:06.000+0200,1028,980,11.315,48.1340000,-2.0421550,46.56,34.61,41.02,54.39,58.4,87,2,,
2025-07-25T08:40:07.274+0200,1109,1020,12.541,4781.929,51.30,37.87,44.02,59.21,,-3.23,127.39,4.17,6.39,531,94,26,,,56,,,,,,0,2025-07-25T08:40:06.000+0200,1029,981,11.315,48.1340000,-2.0421550,46.56,34.61,41.02,54.39,58.4,87,2,,
2025-07-25T08:40:07.292+0200,1109,1020,12.541,4781.929,51.30,37.87,44.02,59.21,,-3.23,127.39,4.17,6.39,531,94,26,,,56,,,,,,0,2025-07-25T08:40:06.000+0200,1029,981,11.315,48.1340000,-2.0421550,46.56,34.61,41.02,54.39,58.4,87,2,,
2025-07-25T08:40:07.890+0200,1110,1021,12.550,4781.938,50.36,37.87,44.02,59.21,,0.23,127.89,13.32,20.70,1703,94,26,,,57,,,,,,0,2025-07-25T08:40:07.000+0200,1030,982,11.327,48.1340033,-2.0419833,43.22,34.61,41.02,54.39,59.2,87,2,,
2025-07-25T08:40:07.910+0200,1110,1021,12.550,4781.938,50.36,37.87,44.02,59.21,,0.23,127.89,13.32,20.70,1703,94,26,,,57,,,,,,0,2025-07-25T08:40:07.000+0200,1030,982,11.327,48.1340033,-2.0419833,43.22,34.61,41.02,54.39,59.2,87,2,,
2025-07-25T08:40:08.512+0200,1111,1022,12.558,4781.947,49.14,37.88,44.03,59.21,,-0.34,128.09,17.17,27.20,2199,93,26,,,58,,,,,,0,2025-07-25T08:40:07.000+0200,1030,982,11.327,48.1340033,-2.0419833,43.22,34.61,41.02,54.39,59.2,87,2,,
2025-07-25T08:40:08.534+0200,1111,1022,12.558,4781.947,49.14,37.88,44.03,59.21,,-0.34,128.09,17.17,27.20,2199,93,26,,,58,,,,,,0,2025-07-25T08:40:07.000+0200,1030,982,11.327,48.1340033,-2.0419833,43.22,34.61,41.02,54.39,59.2,87,2,,
2025-07-25T08:40:09.132+0200,1111,1022,12.567,4781.955,49.21,37.89,44.03,59.21,,0.00,128.20,19.27,30.50,2470,93,26,,,58,,,,,,0,2025-07-25T08:40:08.000+0200,1031,983,11.340,48.1340083,-2.0418200,44.62,34.62,41.03,54.39,60.2,87,2,,
2025-07-25T08:40:09.155+0200,1111,1022,12.567,4781.955,49.21,37.89,44.03,59.21,,0.00,128.20,19.27,30.50,2470,93,26,,,58,,,,,,0,2025-07-25T08:40:08.000+0200,1031,983,11.340,48.1340083,-2.0418200,44.62,34.62,41.03,54.39,60.2,87,2,,
2025-07-25T08:40:09.751+0200,1112,1023,12.575,4781.964,49.24,37.89,44.03,59.21,,-3.05,128.20,18.53,29.30,2376,93,26,,,58,,,,,,0,2025-07-25T08:40:09.000+0200,1031,983,11.352,48.1340133,-2.0416533,46.14,34.63,41.03,54.39,61.3,86,2,,
2025-07-25T08:40:09.775+0200,1112,1023,12.575,4781.964,49.24,37.89,44.03,59.21,,-3.05,128.20,18.53,29.30,2376,93,26,,,58,,,,,,0,2025-07-25T08:40:09.000+0200,1031,983,11.352,48.1340133,-2.0416533,46.14,34.63,41.03,54.39,61.3,86,2,,
2025-07-25T08:40:10.377+0200,1113,1023,12.584,4781.972,49.17,37.90,44.04,59.21,,-0.21,128.30,20.34,32.20,2610,93,26,,,58,,,,,,0,2025-07-25T08:40:09.000+0200,1032,984,11.352,48.1340133,-2.0416533,46.14,34.63,41.03,54.39,61.3,86,2,,
2025-07-25T08:40:10.401+0200,1113,1023,12.584,4781.972,49.17,37.90,44.04,59.21,,-0.21,128.30,20.34,32.20,2610,93,26,,,58,,,,,,0,2025-07-25T08:40:09.000+0200,1032,984,11.352,48.1340133,-2.0416533,46.14,34.63,41.03,54.39,61.3,86,2,,
2025-07-25T08:40:11.014+0200,1113,1024,12.593,4781.981,49.60,37.90,44.04,59.21,,1.13,128.20,15.96,25.10,2046,93,26,,,57,,,,,,0,2025-07-25T08:40:10.000+0200,1033,985,11.364,48.1340200,-2.0414850,44.53,34.64,41.03,54.39,61.7,87,2,,
2025-07-25T08:40:11.037+0200,1113,1024,12.593,4781.981,49.60,37.90,44.04,59.21,,1.13,128.20,15.96,25.10,2046,93,26,,,57,,,,,,0,2025-07-25T08:40:10.000+0200,1033,985,11.364,48.1340200,-2.0414850,44.53,34.64,41.03,54.39,61.7,87,2,,
2025-07-25T08:40:11.630+0200,1114,1025,12.601,4781.990,48.20,37.91,44.04,59.21,,-3.94,128.39,7.58,12.20,973,93,26,,,59,,,,,,0,2025-07-25T08:40:10.000+0200,1033,985,11.364,48.1340200,-2.0414850,44.53,34.64,41.03,54.39,61.7,87,2,,
2025-07-25T08:40:11.652+0200,1114,1025,12.601,4781.990,48.20,37.91,44.04,59.21,,-3.94,128.39,7.58,12.20,973,93,26,,,59,,,,,,0,2025-07-25T08:40:10.000+0200,1033,985,11.364,48.1340200,-2.0414850,44.53,34.64,41.03,54.39,61.7,87,2,,
2025-07-25T08:40:12.255+0200,1114,1025,12.610,4781.998,48.45,37.92,44.05,59.21,,0.22,128.59,8.49,13.60,1092,93,26,,,58,,,,,,0,2025-07-25T08:40:11.000+0200,1034,986,11.377,48.1340250,-2.0413183,44.43,34.65,41.04,54.39,62.2,87,2,,
2025-07-25T08:40:12.274+0200,1114,1025,12.610,4781.998,48.45,37.92,44.05,59.21,,0.22,128.59,8.49,13.60,1092,93,26,,,58,,,,,,0,2025-07-25T08:40:11.000+0200,1034,986,11.377,48.1340250,-2.0413183,44.43,34.65,41.04,54.39,62.2,87,2,,
2025-07-25T08:40:12.870+0200,1115,1026,12.618,4782.006,47.59,37.92,44.05,59.21,,1.23,128.59,10.96,17.79,1409,93,26,,,59,,,,,,0,2025-07-25T08:40:12.000+0200,1035,987,11.389,48.1340283,-2.0411567,41.89,34.65,41.04,54.39,63.0,88,2,,
2025-07-25T08:40:12.894+0200,1115,1026,12.618,4782.006,47.59,37.92,44.05,59.21,,1.23,128.59,10.96,17.79,1409,93,26,,,59,,,,,,0,2025-07-25T08:40:12.000+0200,1035,987,11.389,48.1340283,-2.0411567,41.89,34.65,41.04,54.39,63.0,88,2,,
2025-07-25T08:40:13.494+0200,1116,1027,12.626,4782.015,47.19,37.93,44.05,59.21,,-2.70,128.70,11.74,19.19,1511,93,26,,,60,,,,,,0,2025-07-25T08:40:12.000+0200,1035,987,11.389,48.1340283,-2.0411567,41.89,34.65,41.04,54.39,63.0,88,2,,
2025-07-25T08:40:13.516+0200,1116,1027,12.626,4782.015,47.19,37.93,44.05,59.21,,-2.70,128.70,11.74,19.19,1511,93,26,,,60,,,,,,0,2025-07-25T08:40:12.000+0200,1035,987,11.389,48.1340283,-2.0411567,41.89,34.65,41.04,54.39,63.0,88,2,,
2025-07-25T08:40:14.133+0200,1116,1027,12.635,4782.023,47.12,37.93,44.05,59.21,,-0.24,128.70,13.32,21.80,1714,93,26,,,60,,,,,,0,2025-07-25T08:40:13.000+0200,1036,988,11.401,48.1340367,-2.0409967,43.18,34.66,41.04,54.39,63.4,86,2,,
2025-07-25T08:40:14.159+0200,1116,1027,12.635,4782.023,47.12,37.93,44.05,59.21,,-0.24,128.70,13.32,21.80,1714,93,26,,,60,,,,,,0,2025-07-25T08:40:13.000+0200,1036,988,11.401,48.1340367,-2.0409967,43.18,34.66,41.04,54.39,63.4,86,2,,
2025-07-25T08:40:14.752+0200,1117,1028,12.643,4782.031,47.16,37.94,44.05,59.21,,0.00,128.70,15.84,25.90,2039,93,26,,,60,,,,,,0,2025-07-25T08:40:14.000+0200,1036,988,11.413,48.1340433,-2.0408333,41.86,34.67,41.04,54.39,63.7,84,2,,
2025-07-25T08:40:14.773+0200,1117,1028,12.643,4782.031,47.16,37.94,44.05,59.21,,0.00,128.70,15.84,25.90,2039,93,26,,,60,,,,,,0,2025-07-25T08:40:14.000+0200,1036,988,11.413,48.1340433,-2.0408333,41.86,34.67,41.04,54.39,63.7,84,2,,
2025-07-25T08:40:15.372+0200,1117,1028,12.651,4782.039,47.19,37.94,44.05,59.21,,2.04,128.80,13.03,21.30,1678,93,26,,,60,,,,,,0,2025-07-25T08:40:14.000+0200,1037,989,11.413,48.1340433,-2.0408333,41.86,34.67,41.04,54.39,63.7,84,2,,
2025-07-25T08:40:15.394+0200,1117,1028,12.651,4782.039,47.19,37.94,44.05,59.21,,2.04,128.80,13.03,21.30,1678,93,26,,,60,,,,,,0,2025-07-25T08:40:14.000+0200,1037,989,11.413,48.1340433,-2.0408333,41.86,34.67,41.04,54.39,63.7,84,2,,
2025-07-25T08:40:15.991+0200,1118,1029,12.659,4782.047,47.12,37.94,44.06,59.21,,2.59,128.80,8.86,14.50,1141,93,26,,,60,,,,,,0,2025-07-25T08:40:15.000+0200,1038,990,11.425,48.1340450,-2.0406750,42.97,34.67,41.04,54.39,64.3,89,2,,
2025-07-25T08:40:16.012+0200,1118,1029,12.659,4782.047,47.12,37.94,44.06,59.21,,2.59,128.80,8.86,14.50,1141,93,26,,,60,,,,,,0,2025-07-25T08:40:15.000+0200,1038,990,11.425,48.1340450,-2.0406750,42.97,34.67,41.04,54.39,64.3,89,2,,
2025-07-25T08:40:16.611+0200,1119,1030,12.667,4782.055,46.62,37.95,44.06,59.21,,3.38,128.80,8.54,14.10,1100,93,26,,,60,,,,,,0,2025-07-25T08:40:15.000+0200,1038,990,11.425,48.1340450,-2.0406750,42.97,34.67,41.04,54.39,64.3,89,2,,
2025-07-25T08:40:16.639+0200,1119,1030,12.667,4782.055,46.62,37.95,44.06,59.21,,3.38,128.80,8.54,14.10,1100,93,26,,,60,,,,,,0,2025-07-25T08:40:15.000+0200,1038,990,11.425,48.1340450,-2.0406750,42.97,34.67,41.04,54.39,64.3,89,2,,
2025-07-25T08:40:17.224+0200,1119,1030,12.675,4782.063,47.12,37.95,44.06,59.21,,3.04,128.80,13.75,22.50,1771,93,26,,,60,,,,,,0,2025-07-25T08:40:16.000+0200,1039,991,11.437,48.1340467,-2.0405133,41.97,34.68,41.05,54.39,64.3,88,2,,
2025-07-25T08:40:17.248+0200,1119,1030,12.675,4782.063,47.12,37.95,44.06,59.21,,3.04,128.80,13.75,22.50,1771,93,26,,,60,,,,,,0,2025-07-25T08:40:16.000+0200,1039,991,11.437,48.1340467,-2.0405133,41.97,34.68,41.05,54.39,64.3,88,2,,
2025-07-25T08:40:17.852+0200,1120,1031,12.684,4782.072,45.90,37.96,44.06,59.21,,-1.35,128.89,8.80,14.70,1134,93,26,,,61,,,,,,0,2025-07-25T08:40:17.000+0200,1039,991,11.449,48.1340517,-2.0403533,42.02,34.69,41.05,54.39,64.7,88,2,,
2025-07-25T08:40:17.874+0200,1120,1031,12.684,4782.072,45.90,37.96,44.06,59.21,,-1.35,128.89,8.80,14.70,1134,93,26,,,61,,,,,,0,2025-07-25T08:40:17.000+0200,1040,992,11.449,48.1340517,-2.0403533,42.02,34.69,41.05,54.39,64.7,88,2,,
2025-07-25T08:40:18.473+0200,1121,1032,12.692,4782.080,46.65,37.96,44.06,59.21,,-1.24,129.09,6.97,11.50,900,93,26,,,60,,,,,,0,2025-07-25T08:40:17.000+0200,1040,992,11.449,48.1340517,-2.0403533,42.02,34.69,41.05,54.39,64.7,88,2,,
2025-07-25T08:40:18.497+0200,1121,1032,12.692,4782.080,46.65,37.96,44.06,59.21,,-1.24,129.09,6.97,11.50,900,93,26,,,60,,,,,,0,2025-07-25T08:40:17.000+0200,1040,992,11.449,48.1340517,-2.0403533,42.02,34.69,41.05,54.39,64.7,88,2,,
2025-07-25T08:40:19.090+0200,1121,1032,12.700,4782.088,45.57,37.97,44.06,59.21,,-1.69,129.30,3.57,6.00,462,93,26,,,61,,,,,,0,2025-07-25T08:40:18.000+0200,1041,993,11.461,48.1340550,-2.0401950,42.45,34.69,41.05,54.39,65.1,87,2,,
2025-07-25T08:40:19.123+0200,1121,1032,12.700,4782.088,45.57,37.97,44.06,59.21,,-1.69,129.30,3.57,6.00,462,93,26,,,61,,,,,,0,2025-07-25T08:40:18.000+0200,1041,993,11.461,48.1340550,-2.0401950,42.45,34.69,41.05,54.39,65.1,87,2,,
2025-07-25T08:40:19.739+0200,1122,1033,12.708,4782.096,45.14,37.97,44.06,59.21,,0.00,129.39,10.29,17.40,1331,93,26,,,62,,,,,,0,2025-07-25T08:40:19.000+0200,1041,993,11.472,48.1340583,-2.0400400,41.67,34.70,41.05,54.39,65.3,87,2,,
2025-07-25T08:40:19.762+0200,1122,1033,12.708,4782.096,45.14,37.97,44.06,59.21,,0.00,129.39,10.29,17.40,1331,93,26,,,62,,,,,,0,2025-07-25T08:40:19.000+0200,1041,993,11.472,48.1340583,-2.0400400,41.67,34.70,41.05,54.39,65.3,87,2,,
2025-07-25T08:40:20.353+0200,1122,1033,12.716,4782.103,45.10,37.97,44.06,59.21,,-0.12,129.39,6.67,11.30,863,93,26,,,62,,,,,,0,2025-07-25T08:40:19.000+0200,1042,994,11.472,48.1340583,-2.0400400,41.67,34.70,41.05,54.39,65.3,87,2,,
2025-07-25T08:40:20.376+0200,1122,1033,12.716,4782.103,45.10,37.97,44.06,59.21,,-0.12,129.39,6.67,11.30,863,93,26,,,62,,,,,,0,2025-07-25T08:40:19.000+0200,1042,994,11.472,48.1340583,-2.0400400,41.67,34.70,41.05,54.39,65.3,87,2,,
2025-07-25T08:40:20.969+0200,1123,1034,12.723,4782.111,43.92,37.98,44.06,59.21,,-6.34,129.59,2.02,3.50,262,93,26,,,63,,,,,,0,2025-07-25T08:40:20.000+0200,1043,995,11.484,48.1340600,-2.0398850,40.51,34.70,41.05,54.39,65.7,88,2,,
2025-07-25T08:40:20.989+0200,1123,1034,12.723,4782.111,43.92,37.98,44.06,59.21,,-6.34,129.59,2.02,3.50,262,93,26,,,63,,,,,,0,2025-07-25T08:40:20.000+0200,1043,995,11.484,48.1340600,-2.0398850,40.51,34.70,41.05,54.39,65.7,88,2,,
2025-07-25T08:40:21.609+0200,1124,1035,12.731,4782.119,43.09,37.98,44.06,59.21,,-3.46,129.70,3.14,5.50,407,93,25,,,63,,,,,,0,2025-07-25T08:40:20.000+0200,1043,995,11.484,48.1340600,-2.0398850,40.51,34.70,41.05,54.39,65.7,88,2,,
2025-07-25T08:40:21.641+0200,1124,1035,12.731,4782.119,43.09,37.98,44.06,59.21,,-3.46,129.70,3.14,5.50,407,93,25,,,63,,,,,,0,2025-07-25T08:40:20.000+0200,1043,995,11.484,48.1340600,-2.0398850,40.51,34.70,41.05,54.39,65.7,88,2,,
2025-07-25T08:40:22.227+0200,1124,1035,12.739,4782.127,41.97,37.98,44.06,59.21,,-3.71,129.80,0.05,0.09,6,93,25,,,64,,,,,,0,2025-07-25T08:40:21.000+0200,1044,996,11.495,48.1340617,-2.0397333,40.06,34.71,41.05,54.39,66.2,88,2,,
2025-07-25T08:40:22.250+0200,1124,1035,12.739,4782.127,41.97,37.98,44.06,59.21,,-3.71,129.80,0.05,0.09,6,93,25,,,64,,,,,,0,2025-07-25T08:40:21.000+0200,1044,996,11.495,48.1340617,-2.0397333,40.06,34.71,41.05,54.39,66.2,88,2,,
2025-07-25T08:40:22.852+0200,1125,1036,12.746,4782.134,41.14,37.98,44.06,59.21,,-3.97,130.00,-1.18,-4.29,-153,93,25,,,65,,,,,,0,2025-07-25T08:40:22.000+0200,1044,996,11.506,48.1340667,-2.0395900,38.89,34.71,41.04,54.39,66.4,88,2,,
2025-07-25T08:40:22.870+0200,1125,1036,12.746,4782.134,41.14,37.98,44.06,59.21,,-3.97,130.00,-1.18,-4.29,-153,93,25,,,65,,,,,,0,2025-07-25T08:40:22.000+0200,1045,997,11.506,48.1340667,-2.0395900,38.89,34.71,41.04,54.39,66.4,88,2,,
2025-07-25T08:40:23.471+0200,1126,1037,12.754,4782.141,40.57,37.99,44.06,59.21,,2.76,130.09,2.78,5.10,362,93,25,,,66,,,,,,0,2025-07-25T08:40:22.000+0200,1045,997,11.506,48.1340667,-2.0395900,38.89,34.71,41.04,54.39,66.4,88,2,,
2025-07-25T08:40:23.493+0200,1126,1037,12.754,4782.141,40.57,37.99,44.06,59.21,,2.76,130.09,2.78,5.10,362,93,25,,,66,,,,,,0,2025-07-25T08:40:22.000+0200,1045,997,11.506,48.1340667,-2.0395900,38.89,34.71,41.04,54.39,66.4,88,2,,
2025-07-25T08:40:24.093+0200,1126,1037,12.761,4782.148,40.35,37.99,44.06,59.21,,0.00,130.09,0.48,0.90,62,93,25,,,66,,,,,,0,2025-07-25T08:40:23.000+0200,1046,998,11.516,48.1340617,-2.0394500,36.72,34.71,41.04,54.39,66.8,94,2,,
2025-07-25T08:40:24.115+0200,1126,1037,12.761,4782.148,40.35,37.99,44.06,59.21,,0.00,130.09,0.48,0.90,62,93,25,,,66,,,,,,0,2025-07-25T08:40:23.000+0200,1046,998,11.516,48.1340617,-2.0394500,36.72,34.71,41.04,54.39,66.8,94,2,,
2025-07-25T08:40:24.708+0200,1127,1038,12.768,4782.155,38.59,37.99,44.05,59.21,,-1.55,130.30,-3.52,-13.40,-459,93,25,,,67,,,,,,0,2025-07-25T08:40:24.000+0200,1046,998,11.525,48.1340633,-2.0393267,35.84,34.72,41.03,54.39,67.0,87,2,,
2025-07-25T08:40:24.732+0200,1127,1038,12.768,4782.155,38.59,37.99,44.05,59.21,,-1.55,130.30,-3.52,-13.40,-459,93,25,,,67,,,,,,0,2025-07-25T08:40:24.000+0200,1046,998,11.525,48.1340633,-2.0393267,35.84,34.72,41.03,54.39,67.0,87,2,,
2025-07-25T08:40:25.334+0200,1127,1038,12.774,4782.162,36.43,37.99,44.05,59.21,,-1.57,130.50,-4.58,-18.19,-598,93,25,,,69,,,,,,0,2025-07-25T08:40:24.000+0200,1047,999,11.525,48.1340633,-2.0393267,35.84,34.72,41.03,54.39,67.0,87,2,,
2025-07-25T08:40:25.356+0200,1127,1038,12.774,4782.162,36.43,37.99,44.05,59.21,,-1.57,130.50,-4.58,-18.19,-598,93,25,,,69,,,,,,0,2025-07-25T08:40:24.000+0200,1047,999,11.525,48.1340633,-2.0393267,35.84,34.72,41.03,54.39,67.0,87,2,,
2025-07-25T08:40:25.954+0200,1128,1039,12.781,4782.168,34.37,37.98,44.04,59.21,,-1.69,130.70,-4.59,-19.00,-600,93,25,,,71,,,,,,0,2025-07-25T08:40:25.000+0200,1048,1000,11.535,48.1340667,-2.0391933,36.33,34.72,41.03,54.39,67.3,88,2,,
2025-07-25T08:40:25.978+0200,1128,1039,12.781,4782.168,34.37,37.98,44.04,59.21,,-1.69,130.70,-4.59,-19.00,-600,93,25,,,71,,,,,,0,2025-07-25T08:40:25.000+0200,1048,1000,11.535,48.1340667,-2.0391933,36.33,34.72,41.03,54.39,67.3,88,2,,
2025-07-25T08:40:26.568+0200,1129,1040,12.787,4782.174,32.29,37.98,44.04,59.21,,-4.40,130.80,-7.75,-33.50,-1014,93,25,,,73,,,,,,0,2025-07-25T08:40:25.000+0200,1048,1000,11.535,48.1340667,-2.0391933,36.33,34.72,41.03,54.39,67.3,88,2,,
2025-07-25T08:40:26.590+0200,1129,1040,12.787,4782.174,32.29,37.98,44.04,59.21,,-4.40,130.80,-7.75,-33.50,-1014,93,25,,,73,,,,,,0,2025-07-25T08:40:25.000+0200,1048,1000,11.535,48.1340667,-2.0391933,36.33,34.72,41.03,54.39,67.3,88,2,,
2025-07-25T08:40:27.194+0200,1129,1040,12.793,4782.179,28.90,37.98,44.03,59.21,,-5.83,131.00,-7.25,-33.80,-950,93,25,,,76,,,,,,0,2025-07-25T08:40:26.000+0200,1049,1001,11.544,48.1340667,-2.0390717,29.62,34.71,41.02,54.39,67.0,90,2,,
2025-07-25T08:40:27.217+0200,1129,1040,12.793,4782.179,28.90,37.98,44.03,59.21,,-5.83,131.00,-7.25,-33.80,-950,93,25,,,76,,,,,,0,2025-07-25T08:40:26.000+0200,1049,1001,11.544,48.1340667,-2.0390717,29.62,34.71,41.02,54.39,67.0,90,2,,
2025-07-25T08:40:27.814+0200,1130,1041,12.798,4782.184,26.42,37.97,44.02,59.21,,-3.81,131.20,-7.76,-38.39,-1018,93,25,,,78,,,,,,0,2025-07-25T08:40:27.000+0200,1049,1001,11.551,48.1340683,-2.0389800,25.15,34.70,41.00,54.39,66.6,89,2,,
2025-07-25T08:40:27.836+0200,1130,1041,12.798,4782.184,26.42,37.97,44.02,59.21,,-3.81,131.20,-7.76,-38.39,-1018,93,25,,,78,,,,,,0,2025-07-25T08:40:27.000+0200,1049,1001,11.551,48.1340683,-2.0389800,25.15,34.70,41.00,54.39,66.6,89,2,,
2025-07-25T08:40:28.426+0200,1131,1041,12.803,4782.189,21.67,37.96,44.01,59.21,,-5.98,131.30,-10.27,-57.60,-1348,94,25,,,82,,,,,,0,2025-07-25T08:40:27.000+0200,1050,1002,11.551,48.1340683,-2.0389800,25.15,34.70,41.00,54.39,66.6,89,2,,
2025-07-25T08:40:28.449+0200,1131,1041,12.803,4782.189,21.67,37.96,44.01,59.21,,-5.98,131.30,-10.27,-57.60,-1348,94,25,,,82,,,,,,0,2025-07-25T08:40:27.000+0200,1050,1002,11.551,48.1340683,-2.0389800,25.15,34.70,41.00,54.39,66.6,89,2,,
2025-07-25T08:40:29.070+0200,1131,1042,12.807,4782.192,15.80,37.95,43.99,59.21,,-9.09,131.30,-4.97,-33.39,-653,94,25,,,87,,,,,,0,2025-07-25T08:40:28.000+0200,1051,1003,11.557,48.1340700,-2.0388967,20.15,34.69,40.98,54.39,66.6,87,2,,
2025-07-25T08:40:29.093+0200,1131,1042,12.807,4782.192,15.80,37.95,43.99,59.21,,-9.09,131.30,-4.97,-33.39,-653,94,25,,,87,,,,,,0,2025-07-25T08:40:28.000+0200,1051,1003,11.557,48.1340700,-2.0388967,20.15,34.69,40.98,54.39,66.6,87,2,,
2025-07-25T08:40:29.691+0200,1132,1043,12.810,4782.195,13.60,37.94,43.97,59.21,,-3.59,131.20,5.07,18.40,665,94,26,,,89,,,,,,0,2025-07-25T08:40:29.000+0200,1051,1003,11.562,48.1340667,-2.0388367,15.71,34.68,40.96,54.39,66.2,94,2,,
2025-07-25T08:40:29.714+0200,1132,1043,12.810,4782.195,13.60,37.94,43.97,59.21,,-3.59,131.20,5.07,18.40,665,94,26,,,89,,,,,,0,2025-07-25T08:40:29.000+0200,1051,1003,11.562,48.1340667,-2.0388367,15.71,34.68,40.96,54.39,66.2,94,2,,
2025-07-25T08:40:30.312+0200,1132,1043,12.812,4782.198,17.89,37.93,43.96,59.21,,5.96,130.70,15.34,48.10,2005,94,26,,,85,,,,,,0,2025-07-25T08:40:29.000+0200,1052,1004,11.562,48.1340667,-2.0388367,15.71,34.68,40.96,54.39,66.2,94,2,,
2025-07-25T08:40:30.335+0200,1132,1043,12.812,4782.198,17.89,37.93,43.96,59.21,,5.96,130.70,15.34,48.10,2005,94,26,,,85,,,,,,0,2025-07-25T08:40:29.000+0200,1052,1004,11.562,48.1340667,-2.0388367,15.71,34.68,40.96,54.39,66.2,94,2,,
2025-07-25T08:40:30.930+0200,1133,1044,12.815,4782.201,21.06,37.92,43.94,59.21,,2.93,130.30,11.85,33.80,1544,94,26,,,82,,,,,,0,2025-07-25T08:40:30.000+0200,1053,1005,11.566,48.1340600,-2.0387783,18.37,34.66,40.93,54.39,66.1,98,2,,
2025-07-25T08:40:30.950+0200,1133,1044,12.815,4782.201,21.06,37.92,43.94,59.21,,2.93,130.30,11.85,33.80,1544,94,26,,,82,,,,,,0,2025-07-25T08:40:30.000+0200,1053,1005,11.566,48.1340600,-2.0387783,18.37,34.66,40.93,54.39,66.1,98,2,,
2025-07-25T08:40:31.548+0200,1134,1045,12.819,4782.205,23.90,37.91,43.93,59.21,,4.61,129.89,13.60,35.89,1767,94,26,,,80,,,,,,0,2025-07-25T08:40:30.000+0200,1053,1005,11.566,48.1340600,-2.0387783,18.37,34.66,40.93,54.39,66.1,98,2,,
2025-07-25T08:40:31.569+0200,1134,1045,12.819,4782.205,23.90,37.91,43.93,59.21,,4.61,129.89,13.60,35.89,1767,94,26,,,80,,,,,,0,2025-07-25T08:40:30.000+0200,1053,1005,11.566,48.1340600,-2.0387783,18.37,34.66,40.93,54.39,66.1,98,2,,
2025-07-25T08:40:32.174+0200,1134,1045,12.823,4782.209,25.95,37.91,43.92,59.21,,4.37,129.70,16.22,40.59,2104,94,26,,,78,,,,,,0,2025-07-25T08:40:31.000+0200,1054,1006,11.572,48.1340467,-2.0387017,21.27,34.65,40.92,54.39,65.9,109,2,,
2025-07-25T08:40:32.198+0200,1134,1045,12.823,4782.209,25.95,37.91,43.92,59.21,,4.37,129.70,16.22,40.59,2104,94,26,,,78,,,,,,0,2025-07-25T08:40:31.000+0200,1054,1006,11.572,48.1340467,-2.0387017,21.27,34.65,40.92,54.39,65.9,109,2,,
2025-07-25T08:40:32.794+0200,1135,1046,12.827,4782.213,28.65,37.90,43.91,59.21,,6.30,129.50,14.67,34.39,1900,94,26,,,76,,,,,,0,2025-07-25T08:40:32.000+0200,1054,1006,11.578,48.1340283,-2.0386300,21.29,34.64,40.90,54.39,65.7,119,2,,
2025-07-25T08:40:32.818+0200,1135,1046,12.827,4782.213,28.65,37.90,43.91,59.21,,6.30,129.50,14.67,34.39,1900,94,26,,,76,,,,,,0,2025-07-25T08:40:32.000+0200,1054,1006,11.578,48.1340283,-2.0386300,21.29,34.64,40.90,54.39,65.7,119,2,,
2025-07-25T08:40:33.434+0200,1136,1046,12.832,4782.218,30.27,37.90,43.90,59.21,,2.36,129.39,11.73,26.50,1518,94,26,,,74,,,,,,0,2025-07-25T08:40:32.000+0200,1055,1007,11.578,48.1340283,-2.0386300,21.29,34.64,40.90,54.39,65.7,119,2,,
2025-07-25T08:40:33.459+0200,1136,1046,12.832,4782.218,30.27,37.90,43.90,59.21,,2.36,129.39,11.73,26.50,1518,94,26,,,74,,,,,,0,2025-07-25T08:40:32.000+0200,1055,1007,11.578,48.1340283,-2.0386300,21.29,34.64,40.90,54.39,65.7,119,2,,
2025-07-25T08:40:34.053+0200,1136,1047,12.837,4782.223,31.85,37.89,43.89,59.21,,3.48,129.30,15.54,33.89,2009,94,26,,,73,,,,,,0,2025-07-25T08:40:33.000+0200,1056,1008,11.584,48.1339967,-2.0385617,24.43,34.63,40.88,54.39,65.8,127,2,,
2025-07-25T08:40:34.072+0200,1136,1047,12.837,4782.223,31.85,37.89,43.89,59.21,,3.48,129.30,15.54,33.89,2009,94,26,,,73,,,,,,0,2025-07-25T08:40:33.000+0200,1056,1008,11.584,48.1339967,-2.0385617,24.43,34.63,40.88,54.39,65.8,127,2,,
2025-07-25T08:40:34.666+0200,1137,1048,12.842,4782.229,33.51,37.89,43.89,59.21,,2.25,129.20,16.77,35.30,2167,94,26,,,71,,,,,,0,2025-07-25T08:40:34.000+0200,1056,1008,11.591,48.1339517,-2.0384967,24.78,34.62,40.86,54.39,65.7,136,2,,
2025-07-25T08:40:34.688+0200,1137,1048,12.842,4782.229,33.51,37.89,43.89,59.21,,2.25,129.20,16.77,35.30,2167,94,26,,,71,,,,,,0,2025-07-25T08:40:34.000+0200,1056,1008,11.591,48.1339517,-2.0384967,24.78,34.62,40.86,54.39,65.7,136,2,,
2025-07-25T08:40:35.292+0200,1137,1048,12.848,4782.235,34.84,37.89,43.88,59.21,,2.03,129.09,14.01,28.70,1809,94,26,,,70,,,,,,0,2025-07-25T08:40:34.000+0200,1057,1009,11.591,48.1339517,-2.0384967,24.78,34.62,40.86,54.39,65.7,136,2,,
2025-07-25T08:40:35.315+0200,1137,1048,12.848,4782.235,34.84,37.89,43.88,59.21,,2.03,129.09,14.01,28.70,1809,94,26,,,70,,,,,,0,2025-07-25T08:40:34.000+0200,1057,1009,11.591,48.1339517,-2.0384967,24.78,34.62,40.86,54.39,65.7,136,2,,
2025-07-25T08:40:35.913+0200,1138,1049,12.854,4782.241,36.89,37.89,43.88,59.21,,1.79,129.00,11.40,22.40,1471,94,26,,,68,,,,,,0,2025-07-25T08:40:35.000+0200,1058,1010,11.598,48.1338983,-2.0384433,27.19,34.62,40.85,54.39,65.5,145,2,,
2025-07-25T08:40:35.935+0200,1138,1049,12.854,4782.241,36.89,37.89,43.88,59.21,,1.79,129.00,11.40,22.40,1471,94,26,,,68,,,,,,0,2025-07-25T08:40:35.000+0200,1058,1010,11.598,48.1338983,-2.0384433,27.19,34.62,40.85,54.39,65.5,145,2,,
2025-07-25T08:40:36.528+0200,1139,1050,12.860,4782.247,36.93,37.89,43.87,59.21,,-1.69,129.09,3.41,6.70,440,94,26,,,68,,,,,,0,2025-07-25T08:40:35.000+0200,1058,1010,11.598,48.1338983,-2.0384433,27.19,34.62,40.85,54.39,65.5,145,2,,
2025-07-25T08:40:36.550+0200,1139,1050,12.860,4782.247,36.93,37.89,43.87,59.21,,-1.69,129.09,3.41,6.70,440,94,26,,,68,,,,,,0,2025-07-25T08:40:35.000+0200,1058,1010,11.598,48.1338983,-2.0384433,27.19,34.62,40.85,54.39,65.5,145,2,,
2025-07-25T08:40:37.171+0200,1139,1050,12.867,4782.254,38.66,37.89,43.87,59.21,,5.76,129.09,19.16,36.39,2473,94,26,,,67,,,,,,0,2025-07-25T08:40:36.000+0200,1059,1011,11.606,48.1338300,-2.0383983,27.52,34.61,40.84,54.39,65.6,152,2,,
2025-07-25T08:40:37.192+0200,1139,1050,12.867,4782.254,38.66,37.89,43.87,59.21,,5.76,129.09,19.16,36.39,2473,94,26,,,67,,,,,,0,2025-07-25T08:40:36.000+0200,1059,1011,11.606,48.1338300,-2.0383983,27.52,34.61,40.84,54.39,65.6,152,2,,
2025-07-25T08:40:37.790+0200,1140,1051,12.873,4782.261,41.00,37.89,43.87,59.21,,5.11,128.80,21.34,38.80,2749,94,26,,,65,,,,,,0,2025-07-25T08:40:37.000+0200,1059,1011,11.615,48.1337533,-2.0383617,29.58,34.61,40.83,54.39,65.6,157,2,,
2025-07-25T08:40:37.812+0200,1140,1051,12.873,4782.261,41.00,37.89,43.87,59.21,,5.11,128.80,21.34,38.80,2749,94,26,,,65,,,,,,0,2025-07-25T08:40:37.000+0200,1059,1011,11.615,48.1337533,-2.0383617,29.58,34.61,40.83,54.39,65.6,157,2,,
2025-07-25T08:40:38.417+0200,1141,1051,12.880,4782.268,44.02,37.89,43.87,59.21,,4.73,128.50,21.29,36.70,2736,94,26,,,62,,,,,,0,2025-07-25T08:40:37.000+0200,1060,1012,11.615,48.1337533,-2.0383617,29.58,34.61,40.83,54.39,65.6,157,2,,
2025-07-25T08:40:38.440+0200,1141,1051,12.880,4782.268,44.02,37.89,43.87,59.21,,4.73,128.50,21.29,36.70,2736,94,26,,,62,,,,,,0,2025-07-25T08:40:37.000+0200,1060,1012,11.615,48.1337533,-2.0383617,29.58,34.61,40.83,54.39,65.6,157,2,,
2025-07-25T08:40:39.034+0200,1141,1052,12.887,4782.275,45.39,37.90,43.87,59.21,,0.91,128.39,12.47,21.00,1601,94,26,,,61,,,,,,0,2025-07-25T08:40:38.000+0200,1061,1013,11.626,48.1336633,-2.0383300,32.11,34.60,40.82,54.39,65.7,165,3,,
2025-07-25T08:40:39.058+0200,1141,1052,12.887,4782.275,45.39,37.90,43.87,59.21,,0.91,128.39,12.47,21.00,1601,94,26,,,61,,,,,,0,2025-07-25T08:40:38.000+0200,1061,1013,11.626,48.1336633,-2.0383300,32.11,34.60,40.82,54.39,65.7,165,3,,
2025-07-25T08:40:39.655+0200,1142,1053,12.895,4782.283,45.90,37.90,43.87,59.21,,0.56,128.70,8.50,14.20,1094,94,26,,,61,,,,,,0,2025-07-25T08:40:39.000+0200,1061,1013,11.634,48.1336333,-2.0382333,30.46,34.60,40.81,54.39,65.4,151,3,,
2025-07-25T08:40:39.676+0200,1142,1053,12.895,4782.283,45.90,37.90,43.87,59.21,,0.56,128.70,8.50,14.20,1094,94,26,,,61,,,,,,0,2025-07-25T08:40:39.000+0200,1061,1013,11.634,48.1336333,-2.0382333,30.46,34.60,40.81,54.39,65.4,151,3,,
2025-07-25T08:40:40.292+0200,1142,1053,12.903,4782.291,46.29,37.91,43.87,59.21,,2.15,128.80,7.65,12.70,985,94,26,,,60,,,,,,0,2025-07-25T08:40:39.000+0200,1062,1014,11.634,48.1336333,-2.0382333,30.46,34.60,40.81,54.39,65.4,151,3,,
2025-07-25T08:40:40.319+0200,1142,1053,12.903,4782.291,46.29,37.91,43.87,59.21,,2.15,128.80,7.65,12.70,985,94,26,,,60,,,,,,0,2025-07-25T08:40:39.000+0200,1062,1014,11.634,48.1336333,-2.0382333,30.46,34.60,40.81,54.39,65.4,151,3,,
2025-07-25T08:40:40.893+0200,1143,1054,12.911,4782.299,47.12,37.91,43.87,59.21,,1.80,128.89,11.00,18.00,1418,94,26,,,60,,,,,,0,2025-07-25T08:40:40.000+0200,1063,1015,11.645,48.1335467,-2.0381500,33.03,34.60,40.80,54.39,65.5,154,3,,
2025-07-25T08:40:40.914+0200,1143,1054,12.911,4782.299,47.12,37.91,43.87,59.21,,1.80,128.89,11.00,18.00,1418,94,26,,,60,,,,,,0,2025-07-25T08:40:40.000+0200,1063,1015,11.645,48.1335467,-2.0381500,33.03,34.60,40.80,54.39,65.5,154,3,,
2025-07-25T08:40:41.530+0200,1144,1055,12.919,4782.307,46.40,37.91,43.87,59.21,,-2.53,128.89,10.08,16.69,1299,94,26,,,60,,,,,,0,2025-07-25T08:40:40.000+0200,1063,1015,11.645,48.1335467,-2.0381500,33.03,34.60,40.80,54.39,65.5,154,3,,
2025-07-25T08:40:41.556+0200,1144,1055,12.919,4782.307,46.40,37.91,43.87,59.21,,-2.53,128.89,10.08,16.69,1299,94,26,,,60,,,,,,0,2025-07-25T08:40:40.000+0200,1063,1015,11.645,48.1335467,-2.0381500,33.03,34.60,40.80,54.39,65.5,154,3,,
2025-07-25T08:40:42.156+0200,1144,1055,12.927,4782.315,47.12,37.92,43.88,59.21,,3.81,129.00,10.57,17.29,1364,93,26,,,60,,,,,,0,2025-07-25T08:40:41.000+0200,1064,1016,11.657,48.1334533,-2.0380800,36.54,34.60,40.79,54.39,65.6,153,3,,
2025-07-25T08:40:42.180+0200,1144,1055,12.927,4782.315,47.12,37.92,43.88,59.21,,3.81,129.00,10.57,17.29,1364,93,26,,,60,,,,,,0,2025-07-25T08:40:41.000+0200,1064,1016,11.657,48.1334533,-2.0380800,36.54,34.60,40.79,54.39,65.6,153,3,,
2025-07-25T08:40:42.772+0200,1145,1056,12.936,4782.324,48.02,37.92,43.88,59.21,,2.99,129.00,10.17,16.40,1312,93,26,,,59,,,,,,0,2025-07-25T08:40:42.000+0200,1064,1016,11.671,48.1333500,-2.0379667,44.93,34.61,40.80,54.39,65.7,145,3,,
2025-07-25T08:40:42.791+0200,1145,1056,12.936,4782.324,48.02,37.92,43.88,59.21,,2.99,129.00,10.17,16.40,1312,93,26,,,59,,,,,,0,2025-07-25T08:40:42.000+0200,1064,1016,11.671,48.1333500,-2.0379667,44.93,34.61,40.80,54.39,65.7,145,3,,
2025-07-25T08:40:43.388+0200,1146,1056,12.944,4782.332,47.19,37.93,43.88,59.21,,-1.45,129.00,11.32,18.50,1460,93,26,,,60,,,,,,0,2025-07-25T08:40:42.000+0200,1065,1017,11.671,48.1333500,-2.0379667,44.93,34.61,40.80,54.39,65.7,145,3,,
2025-07-25T08:40:43.411+0200,1146,1056,12.944,4782.332,47.19,37.93,43.88,59.21,,-1.45,129.00,11.32,18.50,1460,93,26,,,60,,,,,,0,2025-07-25T08:40:42.000+0200,1065,1017,11.671,48.1333500,-2.0379667,44.93,34.61,40.80,54.39,65.7,145,3,,
2025-07-25T08:40:44.036+0200,1146,1057,12.952,4782.340,47.98,37.93,43.88,59.21,,2.05,128.89,12.45,20.10,1605,93,26,,,59,,,,,,0,2025-07-25T08:40:43.000+0200,1066,1018,11.683,48.1332600,-2.0378633,46.13,34.62,40.80,54.39,65.9,145,3,,
2025-07-25T08:40:44.061+0200,1146,1057,12.952,4782.340,47.98,37.93,43.88,59.21,,2.05,128.89,12.45,20.10,1605,93,26,,,59,,,,,,0,2025-07-25T08:40:43.000+0200,1066,1018,11.683,48.1332600,-2.0378633,46.13,34.62,40.80,54.39,65.9,145,3,,
2025-07-25T08:40:44.656+0200,1147,1058,12.960,4782.348,47.59,37.94,43.88,59.21,,-3.12,128.89,15.33,24.90,1976,93,26,,,59,,,,,,0,2025-07-25T08:40:44.000+0200,1066,1018,11.694,48.1331950,-2.0377583,44.54,34.63,40.81,54.39,65.7,142,3,,
2025-07-25T08:40:44.677+0200,1147,1058,12.960,4782.348,47.59,37.94,43.88,59.21,,-3.12,128.89,15.33,24.90,1976,93,26,,,59,,,,,,0,2025-07-25T08:40:44.000+0200,1066,1018,11.694,48.1331950,-2.0377583,44.54,34.63,40.81,54.39,65.7,142,3,,
2025-07-25T08:40:45.272+0200,1147,1058,12.969,4782.357,48.38,37.94,43.89,59.21,,-2.64,128.89,12.53,20.10,1615,93,26,,,59,,,,,,0,2025-07-25T08:40:44.000+0200,1067,1019,11.694,48.1331950,-2.0377583,44.54,34.63,40.81,54.39,65.7,142,3,,
2025-07-25T08:40:45.296+0200,1147,1058,12.969,4782.357,48.38,37.94,43.89,59.21,,-2.64,128.89,12.53,20.10,1615,93,26,,,59,,,,,,0,2025-07-25T08:40:44.000+0200,1067,1019,11.694,48.1331950,-2.0377583,44.54,34.63,40.81,54.39,65.7,142,3,,
2025-07-25T08:40:45.925+0200,1148,1059,12.977,4782.365,49.06,37.95,43.89,59.21,,1.08,129.00,3.15,5.00,406,93,26,,,58,,,,,,0,2025-07-25T08:40:45.000+0200,1068,1020,11.705,48.1331083,-2.0376800,41.96,34.63,40.81,54.39,65.4,143,3,,
2025-07-25T08:40:45.953+0200,1148,1059,12.977,4782.365,49.06,37.95,43.89,59.21,,1.08,129.00,3.15,5.00,406,93,26,,,58,,,,,,0,2025-07-25T08:40:45.000+0200,1068,1020,11.705,48.1331083,-2.0376800,41.96,34.63,40.81,54.39,65.4,143,3,,
2025-07-25T08:40:46.531+0200,1149,1060,12.986,4782.374,47.23,37.95,43.89,59.21,,-0.84,129.20,6.36,10.40,822,93,26,,,60,,,,,,0,2025-07-25T08:40:45.000+0200,1068,1020,11.705,48.1331083,-2.0376800,41.96,34.63,40.81,54.39,65.4,143,3,,
2025-07-25T08:40:46.554+0200,1149,1060,12.986,4782.374,47.23,37.95,43.89,59.21,,-0.84,129.20,6.36,10.40,822,93,26,,,60,,,,,,0,2025-07-25T08:40:45.000+0200,1068,1020,11.705,48.1331083,-2.0376800,41.96,34.63,40.81,54.39,65.4,143,3,,
2025-07-25T08:40:47.154+0200,1149,1060,12.994,4782.382,47.19,37.96,43.89,59.21,,-0.24,129.30,9.11,14.90,1178,93,26,,,60,,,,,,0,2025-07-25T08:40:46.000+0200,1069,1021,11.718,48.1330117,-2.0375950,41.23,34.64,40.81,54.39,65.1,143,3,,
2025-07-25T08:40:47.178+0200,1149,1060,12.994,4782.382,47.19,37.96,43.89,59.21,,-0.24,129.30,9.11,14.90,1178,93,26,,,60,,,,,,0,2025-07-25T08:40:46.000+0200,1069,1021,11.718,48.1330117,-2.0375950,41.23,34.64,40.81,54.39,65.1,143,3,,
2025-07-25T08:40:47.773+0200,1150,1061,13.002,4782.390,47.16,37.96,43.90,59.21,,0.00,129.20,11.86,19.40,1532,93,26,,,60,,,,,,0,2025-07-25T08:40:47.000+0200,1069,1021,11.731,48.1329183,-2.0374867,43.87,34.65,40.81,54.39,64.9,132,3,,
2025-07-25T08:40:47.799+0200,1150,1061,13.002,4782.390,47.16,37.96,43.90,59.21,,0.00,129.20,11.86,19.40,1532,93,26,,,60,,,,,,0,2025-07-25T08:40:47.000+0200,1069,1021,11.731,48.1329183,-2.0374867,43.87,34.65,40.81,54.39,64.9,132,3,,
2025-07-25T08:40:48.381+0200,1151,1061,13.010,4782.398,47.16,37.97,43.90,59.21,,0.00,129.09,13.94,22.80,1800,93,26,,,60,,,,,,0,2025-07-25T08:40:47.000+0200,1070,1022,11.731,48.1329183,-2.0374867,43.87,34.65,40.81,54.39,64.9,132,3,,
2025-07-25T08:40:48.403+0200,1151,1061,13.010,4782.398,47.16,37.97,43.90,59.21,,0.00,129.09,13.94,22.80,1800,93,26,,,60,,,,,,0,2025-07-25T08:40:47.000+0200,1070,1022,11.731,48.1329183,-2.0374867,43.87,34.65,40.81,54.39,64.9,132,3,,
2025-07-25T08:40:49.014+0200,1151,1062,13.019,4782.407,47.12,37.97,43.90,59.21,,-0.12,129.09,12.40,20.29,1601,93,26,,,60,,,,,,0,2025-07-25T08:40:48.000+0200,1071,1023,11.745,48.1328433,-2.0373417,42.77,34.65,40.81,54.39,65.1,128,3,,
2025-07-25T08:40:49.039+0200,1151,1062,13.019,4782.407,47.12,37.97,43.90,59.21,,-0.12,129.09,12.40,20.29,1601,93,26,,,60,,,,,,0,2025-07-25T08:40:48.000+0200,1071,1023,11.745,48.1328433,-2.0373417,42.77,34.65,40.81,54.39,65.1,128,3,,
2025-07-25T08:40:49.634+0200,1152,1063,13.027,4782.415,47.16,37.98,43.90,59.21,,0.12,129.00,10.76,17.60,1388,93,26,,,60,,,,,,0,2025-07-25T08:40:48.000+0200,1071,1023,11.745,48.1328433,-2.0373417,42.77,34.65,40.81,54.39,65.1,128,3,,
2025-07-25T08:40:49.649+0200,1152,1063,13.027,4782.415,47.16,37.98,43.90,59.21,,0.12,129.00,10.76,17.60,1388,93,26,,,60,,,,,,0,2025-07-25T08:40:48.000+0200,1071,1023,11.745,48.1328433,-2.0373417,42.77,34.65,40.81,54.39,65.1,128,3,,
2025-07-25T08:40:50.251+0200,1152,1063,13.035,4782.423,45.28,37.98,43.90,59.21,,-3.15,129.20,0.94,1.59,121,93,26,,,61,,,,,,0,2025-07-25T08:40:49.000+0200,1072,1024,11.756,48.1327767,-2.0372217,41.45,34.66,40.81,54.39,64.9,125,3,,
2025-07-25T08:40:50.274+0200,1152,1063,13.035,4782.423,45.28,37.98,43.90,59.21,,-3.15,129.20,0.94,1.59,121,93,26,,,61,,,,,,0,2025-07-25T08:40:49.000+0200,1072,1024,11.756,48.1327767,-2.0372217,41.45,34.66,40.81,54.39,64.9,125,3,,
2025-07-25T08:40:50.874+0200,1153,1064,13.043,4782.431,43.70,37.98,43.90,59.21,,-1.58,129.39,5.07,8.80,656,93,26,,,63,,,,,,0,2025-07-25T08:40:50.000+0200,1073,1025,11.768,48.1327167,-2.0370983,39.63,34.66,40.81,54.39,64.8,122,3,,
2025-07-25T08:40:50.898+0200,1153,1064,13.043,4782.431,43.70,37.98,43.90,59.21,,-1.58,129.39,5.07,8.80,656,93,26,,,63,,,,,,0,2025-07-25T08:40:50.000+0200,1073,1025,11.768,48.1327167,-2.0370983,39.63,34.66,40.81,54.39,64.8,122,3,,
2025-07-25T08:40:51.519+0200,1154,1065,13.051,4782.438,43.09,37.99,43.90,59.21,,-0.84,129.50,4.96,8.70,642,93,26,,,63,,,,,,0,2025-07-25T08:40:50.000+0200,1073,1025,11.768,48.1327167,-2.0370983,39.63,34.66,40.81,54.39,64.8,122,3,,
2025-07-25T08:40:51.543+0200,1154,1065,13.051,4782.438,43.09,37.99,43.90,59.21,,-0.84,129.50,4.96,8.70,642,93,26,,,63,,,,,,0,2025-07-25T08:40:50.000+0200,1073,1025,11.768,48.1327167,-2.0370983,39.63,34.66,40.81,54.39,64.8,122,3,,
2025-07-25T08:40:52.130+0200,1154,1065,13.058,4782.446,42.48,37.99,43.90,59.21,,0.72,129.59,6.43,11.40,833,93,26,,,64,,,,,,0,2025-07-25T08:40:51.000+0200,1074,1026,11.778,48.1326633,-2.0369817,37.99,34.67,40.81,54.39,64.3,116,3,,
2025-07-25T08:40:52.154+0200,1154,1065,13.058,4782.446,42.48,37.99,43.90,59.21,,0.72,129.59,6.43,11.40,833,93,26,,,64,,,,,,0,2025-07-25T08:40:51.000+0200,1074,1026,11.778,48.1326633,-2.0369817,37.99,34.67,40.81,54.39,64.3,116,3,,
2025-07-25T08:40:52.732+0200,1155,1066,13.066,4782.453,42.40,37.99,43.90,59.21,,0.79,129.59,3.49,6.20,452,93,26,,,64,,,,,,0,2025-07-25T08:40:52.000+0200,1074,1026,11.789,48.1326133,-2.0368617,36.66,34.67,40.81,54.39,64.4,118,3,,
2025-07-25T08:40:52.757+0200,1155,1066,13.066,4782.453,42.40,37.99,43.90,59.21,,0.79,129.59,3.49,6.20,452,93,26,,,64,,,,,,0,2025-07-25T08:40:52.000+0200,1074,1026,11.789,48.1326133,-2.0368617,36.66,34.67,40.81,54.39,64.4,118,3,,
2025-07-25T08:40:53.374+0200,1155,1066,13.073,4782.460,41.00,37.99,43.90,59.21,,-1.08,129.80,1.37,2.50,178,93,26,,,65,,,,,,0,2025-07-25T08:40:52.000+0200,1075,1027,11.789,48.1326133,-2.0368617,36.66,34.67,40.81,54.39,64.4,118,3,,
2025-07-25T08:40:53.399+0200,1155,1066,13.073,4782.460,41.00,37.99,43.90,59.21,,-1.08,129.80,1.37,2.50,178,93,26,,,65,,,,,,0,2025-07-25T08:40:52.000+0200,1075,1027,11.789,48.1326133,-2.0368617,36.66,34.67,40.81,54.39,64.4,118,3,,
2025-07-25T08:40:53.985+0200,1156,1067,13.080,4782.468,40.42,37.99,43.90,59.21,,2.29,129.80,8.43,15.50,1094,93,26,,,66,,,,,,0,2025-07-25T08:40:53.000+0200,1076,1028,11.799,48.1325717,-2.0367333,36.30,34.67,40.80,54.39,64.0,115,3,,
2025-07-25T08:40:54.004+0200,1156,1067,13.080,4782.468,40.42,37.99,43.90,59.21,,2.29,129.80,8.43,15.50,1094,93,26,,,66,,,,,,0,2025-07-25T08:40:53.000+0200,1076,1028,11.799,48.1325717,-2.0367333,36.30,34.67,40.80,54.39,64.0,115,3,,
2025-07-25T08:40:54.613+0200,1157,1068,13.087,4782.475,40.42,38.00,43.89,59.21,,0.79,129.70,8.65,15.90,1122,93,26,,,66,,,,,,0,2025-07-25T08:40:53.000+0200,1076,1028,11.799,48.1325717,-2.0367333,36.30,34.67,40.80,54.39,64.0,115,3,,
2025-07-25T08:40:54.630+0200,1157,1068,13.087,4782.475,40.42,38.00,43.89,59.21,,0.79,129.70,8.65,15.90,1122,93,26,,,66,,,,,,0,2025-07-25T08:40:53.000+0200,1076,1028,11.799,48.1325717,-2.0367333,36.30,34.67,40.80,54.39,64.0,115,3,,
2025-07-25T08:40:55.231+0200,1157,1068,13.094,4782.481,39.56,38.00,43.89,59.21,,0.79,129.70,5.99,11.20,777,93,26,,,66,,,,,,0,2025-07-25T08:40:54.000+0200,1077,1029,11.810,48.1325350,-2.0366033,35.59,34.67,40.80,54.39,63.6,110,2,,
2025-07-25T08:40:55.256+0200,1157,1068,13.094,4782.481,39.56,38.00,43.89,59.21,,0.79,129.70,5.99,11.20,777,93,26,,,66,,,,,,0,2025-07-25T08:40:54.000+0200,1077,1029,11.810,48.1325350,-2.0366033,35.59,34.67,40.80,54.39,63.6,110,2,,
2025-07-25T08:40:55.854+0200,1158,1069,13.101,4782.488,39.67,38.00,43.89,59.21,,-0.96,129.59,12.07,22.50,1564,93,26,,,66,,,,,,0,2025-07-25T08:40:55.000+0200,1077,1029,11.820,48.1325083,-2.0364700,36.60,34.67,40.79,54.39,63.4,103,2,,
2025-07-25T08:40:55.875+0200,1158,1069,13.101,4782.488,39.67,38.00,43.89,59.21,,-0.96,129.59,12.07,22.50,1564,93,26,,,66,,,,,,0,2025-07-25T08:40:55.000+0200,1078,1030,11.820,48.1325083,-2.0364700,36.60,34.67,40.79,54.39,63.4,103,2,,
2025-07-25T08:40:56.475+0200,1159,1069,13.108,4782.495,41.79,38.00,43.89,59.21,,2.44,129.20,14.45,25.90,1867,93,26,,,64,,,,,,0,2025-07-25T08:40:55.000+0200,1078,1030,11.820,48.1325083,-2.0364700,36.60,34.67,40.79,54.39,63.4,103,2,,
2025-07-25T08:40:56.495+0200,1159,1070,13.108,4782.495,41.79,38.00,43.89,59.21,,2.44,129.20,14.45,25.90,1867,93,26,,,64,,,,,,0,2025-07-25T08:40:55.000+0200,1078,1030,11.820,48.1325083,-2.0364700,36.60,34.67,40.79,54.39,63.4,103,2,,
2025-07-25T08:40:57.093+0200,1159,1070,13.115,4782.503,39.88,38.00,43.89,59.21,,-7.20,129.39,-0.72,-2.70,-93,93,26,,,66,,,,,,0,2025-07-25T08:40:56.000+0200,1079,1031,11.830,48.1324950,-2.0363317,37.18,34.67,40.79,54.39,63.1,97,2,,
2025-07-25T08:40:57.114+0200,1159,1070,13.115,4782.503,39.88,38.00,43.89,59.21,,-7.20,129.39,-0.72,-2.70,-93,93,26,,,66,,,,,,0,2025-07-25T08:40:56.000+0200,1079,1031,11.830,48.1324950,-2.0363317,37.18,34.67,40.79,54.39,63.1,97,2,,
2025-07-25T08:40:57.734+0200,1160,1071,13.122,4782.510,38.98,38.00,43.88,59.21,,0.00,129.59,9.27,17.50,1201,93,26,,,67,,,,,,0,2025-07-25T08:40:57.000+0200,1079,1031,11.841,48.1324867,-2.0361867,37.64,34.68,40.79,54.39,63.4,90,2,,
2025-07-25T08:40:57.755+0200,1160,1071,13.122,4782.510,38.98,38.00,43.88,59.21,,0.00,129.59,9.27,17.50,1201,93,26,,,67,,,,,,0,2025-07-25T08:40:57.000+0200,1079,1031,11.841,48.1324867,-2.0361867,37.64,34.68,40.79,54.39,63.4,90,2,,
2025-07-25T08:40:58.353+0200,1160,1071,13.129,4782.517,41.00,38.00,43.88,59.21,,2.70,129.39,9.84,17.90,1273,93,26,,,65,,,,,,0,2025-07-25T08:40:57.000+0200,1080,1032,11.841,48.1324867,-2.0361867,37.64,34.68,40.79,54.39,63.4,90,2,,
2025-07-25T08:40:58.374+0200,1160,1071,13.129,4782.517,41.00,38.00,43.88,59.21,,2.70,129.39,9.84,17.90,1273,93,26,,,65,,,,,,0,2025-07-25T08:40:57.000+0200,1080,1032,11.841,48.1324867,-2.0361867,37.64,34.68,40.79,54.39,63.4,90,2,,
2025-07-25T08:40:58.975+0200,1161,1072,13.136,4782.524,40.78,38.00,43.88,59.21,,-0.68,129.39,5.64,10.30,730,93,26,,,65,,,,,,0,2025-07-25T08:40:58.000+0200,1081,1033,11.852,48.1324817,-2.0360483,36.87,34.68,40.78,54.39,63.6,92,2,,
2025-07-25T08:40:58.998+0200,1161,1072,13.136,4782.524,40.78,38.00,43.88,59.21,,-0.68,129.39,5.64,10.30,730,93,26,,,65,,,,,,0,2025-07-25T08:40:58.000+0200,1081,1033,11.852,48.1324817,-2.0360483,36.87,34.68,40.78,54.39,63.6,92,2,,
2025-07-25T08:40:59.592+0200,1162,1073,13.143,4782.531,40.96,38.01,43.88,59.21,,2.93,129.59,-2.36,-8.59,-306,93,26,,,65,,,,,,0,2025-07-25T08:40:58.000+0200,1081,1033,11.852,48.1324817,-2.0360483,36.87,34.68,40.78,54.39,63.6,92,2,,
2025-07-25T08:40:59.613+0200,1162,1073,13.143,4782.531,40.96,38.01,43.88,59.21,,2.93,129.59,-2.36,-8.59,-306,93,26,,,65,,,,,,0,2025-07-25T08:40:58.000+0200,1081,1033,11.852,48.1324817,-2.0360483,36.87,34.68,40.78,54.39,63.6,92,2,,
2025-07-25T08:41:00.215+0200,1162,1073,13.150,4782.538,38.51,38.01,43.88,59.21,,1.35,129.70,8.29,15.79,1075,93,26,,,67,,,,,,0,2025-07-25T08:40:59.000+0200,1082,1034,11.862,48.1324700,-2.0359117,35.67,34.68,40.78,54.39,63.8,97,2,,
2025-07-25T08:41:00.238+0200,1162,1073,13.150,4782.538,38.51,38.01,43.88,59.21,,1.35,129.70,8.29,15.79,1075,93,26,,,67,,,,,,0,2025-07-25T08:40:59.000+0200,1082,1034,11.862,48.1324700,-2.0359117,35.67,34.68,40.78,54.39,63.8,97,2,,
2025-07-25T08:41:00.853+0200,1163,1074,13.157,4782.544,38.95,38.01,43.87,59.21,,0.00,129.59,10.96,20.70,1420,93,26,,,67,,,,,,0,2025-07-25T08:41:00.000+0200,1082,1034,11.872,48.1324567,-2.0357800,35.34,34.68,40.77,54.39,64.2,99,2,,
2025-07-25T08:41:00.877+0200,1163,1074,13.157,4782.544,38.95,38.01,43.87,59.21,,0.00,129.59,10.96,20.70,1420,93,26,,,67,,,,,,0,2025-07-25T08:41:00.000+0200,1083,1035,11.872,48.1324567,-2.0357800,35.34,34.68,40.77,54.39,64.2,99,2,,
2025-07-25T08:41:01.452+0200,1164,1074,13.164,4782.551,40.39,38.01,43.87,59.21,,2.24,129.30,20.94,38.50,2708,93,26,,,66,,,,,,0,2025-07-25T08:41:00.000+0200,1083,1035,11.872,48.1324567,-2.0357800,35.34,34.68,40.77,54.39,64.2,99,2,,
2025-07-25T08:41:01.474+0200,1164,1074,13.164,4782.551,40.39,38.01,43.87,59.21,,2.24,129.30,20.94,38.50,2708,93,26,,,66,,,,,,0,2025-07-25T08:41:00.000+0200,1083,1035,11.872,48.1324567,-2.0357800,35.34,34.68,40.77,54.39,64.2,99,2,,
2025-07-25T08:41:02.095+0200,1164,1075,13.170,4782.558,41.00,38.01,43.87,59.21,,1.08,129.20,7.81,14.20,1009,93,26,,,65,,,,,,0,2025-07-25T08:41:01.000+0200,1084,1036,11.882,48.1324350,-2.0356450,36.90,34.68,40.77,54.39,64.1,98,2,,
2025-07-25T08:41:02.128+0200,1164,1075,13.170,4782.558,41.00,38.01,43.87,59.21,,1.08,129.20,7.81,14.20,1009,93,26,,,65,,,,,,0,2025-07-25T08:41:01.000+0200,1084,1036,11.882,48.1324350,-2.0356450,36.90,34.68,40.77,54.39,64.1,98,2,,
2025-07-25T08:41:02.711+0200,1165,1076,13.178,4782.565,39.49,38.01,43.87,59.21,,-2.00,129.39,-0.45,-1.70,-58,93,26,,,66,,,,,,0,2025-07-25T08:41:02.000+0200,1084,1036,11.892,48.1324250,-2.0355100,35.43,34.68,40.76,54.39,64.1,93,2,,
2025-07-25T08:41:02.733+0200,1165,1076,13.178,4782.565,39.49,38.01,43.87,59.21,,-2.00,129.39,-0.45,-1.70,-58,93,26,,,66,,,,,,0,2025-07-25T08:41:02.000+0200,1084,1036,11.892,48.1324250,-2.0355100,35.43,34.68,40.76,54.39,64.1,93,2,,
2025-07-25T08:41:03.335+0200,1165,1076,13.185,4782.572,37.33,38.01,43.86,59.21,,-5.18,129.70,-3.54,-13.79,-459,93,26,,,68,,,,,,0,2025-07-25T08:41:02.000+0200,1085,1037,11.892,48.1324250,-2.0355100,35.43,34.68,40.76,54.39,64.1,93,2,,
2025-07-25T08:41:03.359+0200,1165,1076,13.185,4782.572,37.33,38.01,43.86,59.21,,-5.18,129.70,-3.54,-13.79,-459,93,26,,,68,,,,,,0,2025-07-25T08:41:02.000+0200,1085,1037,11.892,48.1324250,-2.0355100,35.43,34.68,40.76,54.39,64.1,93,2,,
2025-07-25T08:41:03.953+0200,1166,1077,13.191,4782.578,35.31,38.01,43.86,59.21,,-2.02,130.00,-3.62,-14.70,-471,93,26,,,70,,,,,,0,2025-07-25T08:41:03.000+0200,1086,1038,11.902,48.1324133,-2.0353817,32.54,34.68,40.76,54.39,63.8,97,2,,
2025-07-25T08:41:03.977+0200,1166,1077,13.191,4782.578,35.31,38.01,43.86,59.21,,-2.02,130.00,-3.62,-14.70,-471,93,26,,,70,,,,,,0,2025-07-25T08:41:03.000+0200,1086,1038,11.902,48.1324133,-2.0353817,32.54,34.68,40.76,54.39,63.8,97,2,,
2025-07-25T08:41:04.573+0200,1167,1078,13.198,4782.585,32.75,38.01,43.85,59.21,,-1.24,130.30,-2.15,-9.20,-280,94,26,,,72,,,,,,0,2025-07-25T08:41:03.000+0200,1086,1038,11.902,48.1324133,-2.0353817,32.54,34.68,40.76,54.39,63.8,97,2,,
2025-07-25T08:41:04.601+0200,1167,1078,13.198,4782.585,32.75,38.01,43.85,59.21,,-1.24,130.30,-2.15,-9.20,-280,94,26,,,72,,,,,,0,2025-07-25T08:41:03.000+0200,1086,1038,11.902,48.1324133,-2.0353817,32.54,34.68,40.76,54.39,63.8,97,2,,
2025-07-25T08:41:05.192+0200,1167,1078,13.203,4782.590,30.78,38.00,43.84,59.21,,-1.01,130.39,-1.85,-8.30,-241,94,26,,,74,,,,,,0,2025-07-25T08:41:04.000+0200,1087,1039,11.911,48.1324083,-2.0352633,30.22,34.68,40.75,54.39,63.6,93,2,,
2025-07-25T08:41:05.216+0200,1167,1078,13.203,4782.590,30.78,38.00,43.84,59.21,,-1.01,130.39,-1.85,-8.30,-241,94,26,,,74,,,,,,0,2025-07-25T08:41:04.000+0200,1087,1039,11.911,48.1324083,-2.0352633,30.22,34.68,40.75,54.39,63.6,93,2,,
2025-07-25T08:41:05.816+0200,1168,1079,13.209,4782.595,28.72,38.00,43.84,59.21,,-1.12,130.39,0.21,0.50,27,94,26,,,76,,,,,,0,2025-07-25T08:41:05.000+0200,1087,1039,11.918,48.1323967,-2.0351617,26.93,34.67,40.73,54.39,63.3,100,2,,
2025-07-25T08:41:05.838+0200,1168,1079,13.209,4782.595,28.72,38.00,43.84,59.21,,-1.12,130.39,0.21,0.50,27,94,26,,,76,,,,,,0,2025-07-25T08:41:05.000+0200,1087,1039,11.918,48.1323967,-2.0351617,26.93,34.67,40.73,54.39,63.3,100,2,,
2025-07-25T08:41:06.436+0200,1169,1079,13.214,4782.600,28.62,37.99,43.83,59.21,,1.01,130.39,-0.29,-1.40,-38,94,26,,,76,,,,,,0,2025-07-25T08:41:05.000+0200,1088,1040,11.918,48.1323967,-2.0351617,26.93,34.67,40.73,54.39,63.3,100,2,,
2025-07-25T08:41:06.461+0200,1169,1079,13.214,4782.600,28.62,37.99,43.83,59.21,,1.01,130.39,-0.29,-1.40,-38,94,26,,,76,,,,,,0,2025-07-25T08:41:05.000+0200,1088,1040,11.918,48.1323967,-2.0351617,26.93,34.67,40.73,54.39,63.3,100,2,,
2025-07-25T08:41:07.073+0200,1169,1080,13.219,4782.605,26.89,37.99,43.82,59.21,,-1.92,130.50,-1.43,-7.00,-187,94,26,,,77,,,,,,0,2025-07-25T08:41:06.000+0200,1089,1041,11.926,48.1323717,-2.0350683,24.77,34.66,40.72,54.39,62.8,113,2,,
2025-07-25T08:41:07.094+0200,1169,1080,13.219,4782.605,26.89,37.99,43.82,59.21,,-1.92,130.50,-1.43,-7.00,-187,94,26,,,77,,,,,,0,2025-07-25T08:41:06.000+0200,1089,1041,11.926,48.1323717,-2.0350683,24.77,34.66,40.72,54.39,62.8,113,2,,
2025-07-25T08:41:07.689+0200,1170,1081,13.224,4782.610,25.20,37.98,43.81,59.21,,-0.84,130.59,-5.05,-25.80,-659,94,26,,,79,,,,,,0,2025-07-25T08:41:07.000+0200,1089,1041,11.932,48.1323433,-2.0349950,21.73,34.65,40.70,54.39,63.0,127,2,,
2025-07-25T08:41:07.711+0200,1170,1081,13.224,4782.610,25.20,37.98,43.81,59.21,,-0.84,130.59,-5.05,-25.80,-659,94,26,,,79,,,,,,0,2025-07-25T08:41:07.000+0200,1089,1041,11.932,48.1323433,-2.0349950,21.73,34.65,40.70,54.39,63.0,127,2,,
2025-07-25T08:41:08.315+0200,1170,1081,13.228,4782.614,21.13,37.97,43.79,59.21,,-5.16,130.80,-4.14,-23.60,-542,94,25,,,82,,,,,,0,2025-07-25T08:41:07.000+0200,1090,1042,11.932,48.1323433,-2.0349950,21.73,34.65,40.70,54.39,63.0,127,2,,
2025-07-25T08:41:08.339+0200,1170,1081,13.228,4782.614,21.13,37.97,43.79,59.21,,-5.16,130.80,-4.14,-23.60,-542,94,25,,,82,,,,,,0,2025-07-25T08:41:07.000+0200,1090,1042,11.932,48.1323433,-2.0349950,21.73,34.65,40.70,54.39,63.0,127,2,,
2025-07-25T08:41:08.953+0200,1171,1082,13.232,4782.618,18.50,37.96,43.78,59.21,,-3.60,130.80,0.00,0.00,0,94,25,,,84,,,,,,0,2025-07-25T08:41:08.000+0200,1091,1043,11.938,48.1323133,-2.0349283,19.25,34.64,40.68,54.39,63.0,120,2,,
2025-07-25T08:41:08.978+0200,1171,1082,13.232,4782.618,18.50,37.96,43.78,59.21,,-3.60,130.80,0.00,0.00,0,94,25,,,84,,,,,,0,2025-07-25T08:41:08.000+0200,1091,1043,11.938,48.1323133,-2.0349283,19.25,34.64,40.68,54.39,63.0,120,2,,
2025-07-25T08:41:09.573+0200,1172,1083,13.236,4782.621,20.48,37.95,43.77,59.21,,3.72,130.50,17.10,49.60,2232,94,26,,,83,,,,,,0,2025-07-25T08:41:08.000+0200,1091,1043,11.938,48.1323133,-2.0349283,19.25,34.64,40.68,54.39,63.0,120,2,,
2025-07-25T08:41:09.591+0200,1172,1083,13.236,4782.621,20.48,37.95,43.77,59.21,,3.72,130.50,17.10,49.60,2232,94,26,,,83,,,,,,0,2025-07-25T08:41:08.000+0200,1091,1043,11.938,48.1323133,-2.0349283,19.25,34.64,40.68,54.39,63.0,120,2,,
2025-07-25T08:41:10.196+0200,1172,1083,13.239,4782.625,22.82,37.95,43.75,59.21,,4.64,129.89,19.88,54.00,2582,94,26,,,81,,,,,,0,2025-07-25T08:41:09.000+0200,1092,1044,11.943,48.1323050,-2.0348683,17.10,34.62,40.66,54.39,63.1,93,2,,
2025-07-25T08:41:10.221+0200,1172,1083,13.239,4782.625,22.82,37.95,43.75,59.21,,4.64,129.89,19.88,54.00,2582,94,26,,,81,,,,,,0,2025-07-25T08:41:09.000+0200,1092,1044,11.943,48.1323050,-2.0348683,17.10,34.62,40.66,54.39,63.1,93,2,,
2025-07-25T08:41:10.812+0200,1173,1084,13.243,4782.629,26.53,37.94,43.74,59.21,,5.05,129.50,22.45,55.40,2907,94,26,,,77,,,,,,0,2025-07-25T08:41:10.000+0200,1092,1044,11.948,48.1323083,-2.0348033,19.33,34.61,40.64,54.39,63.7,74,2,,
2025-07-25T08:41:10.836+0200,1173,1084,13.243,4782.629,26.53,37.94,43.74,59.21,,5.05,129.50,22.45,55.40,2907,94,26,,,77,,,,,,0,2025-07-25T08:41:10.000+0200,1092,1044,11.948,48.1323083,-2.0348033,19.33,34.61,40.64,54.39,63.7,74,2,,
2025-07-25T08:41:11.433+0200,1174,1084,13.247,4782.634,27.79,37.94,43.73,59.21,,3.02,129.30,16.75,40.09,2166,94,26,,,76,,,,,,0,2025-07-25T08:41:10.000+0200,1093,1045,11.948,48.1323083,-2.0348033,19.33,34.61,40.64,54.39,63.7,74,2,,
2025-07-25T08:41:11.454+0200,1174,1084,13.247,4782.634,27.79,37.94,43.73,59.21,,3.02,129.30,16.75,40.09,2166,94,26,,,76,,,,,,0,2025-07-25T08:41:10.000+0200,1093,1045,11.948,48.1323083,-2.0348033,19.33,34.61,40.64,54.39,63.7,74,2,,
2025-07-25T08:41:12.052+0200,1174,1085,13.252,4782.639,30.74,37.93,43.73,59.21,,1.58,129.00,17.94,40.09,2314,94,26,,,74,,,,,,0,2025-07-25T08:41:11.000+0200,1094,1046,11.954,48.1323333,-2.0347233,25.10,34.60,40.62,54.39,64.3,66,2,,
2025-07-25T08:41:12.076+0200,1174,1085,13.252,4782.639,30.74,37.93,43.73,59.21,,1.58,129.00,17.94,40.09,2314,94,26,,,74,,,,,,0,2025-07-25T08:41:11.000+0200,1094,1046,11.954,48.1323333,-2.0347233,25.10,34.60,40.62,54.39,64.3,66,2,,
2025-07-25T08:41:12.672+0200,1175,1086,13.257,4782.644,32.75,37.93,43.72,59.21,,1.58,128.80,19.17,41.00,2469,94,26,,,72,,,,,,0,2025-07-25T08:41:12.000+0200,1094,1046,11.962,48.1323617,-2.0346333,25.88,34.60,40.61,54.39,64.8,66,2,,
2025-07-25T08:41:12.694+0200,1175,1086,13.257,4782.644,32.75,37.93,43.72,59.21,,1.58,128.80,19.17,41.00,2469,94,26,,,72,,,,,,0,2025-07-25T08:41:12.000+0200,1094,1046,11.962,48.1323617,-2.0346333,25.88,34.60,40.61,54.39,64.8,66,2,,
2025-07-25T08:41:13.312+0200,1175,1086,13.263,4782.650,34.55,37.93,43.71,59.21,,5.26,128.70,17.72,36.50,2281,94,26,,,70,,,,,,0,2025-07-25T08:41:12.000+0200,1095,1047,11.962,48.1323617,-2.0346333,25.88,34.60,40.61,54.39,64.8,66,2,,
2025-07-25T08:41:13.334+0200,1175,1086,13.263,4782.650,34.55,37.93,43.71,59.21,,5.26,128.70,17.72,36.50,2281,94,26,,,70,,,,,,0,2025-07-25T08:41:12.000+0200,1095,1047,11.962,48.1323617,-2.0346333,25.88,34.60,40.61,54.39,64.8,66,2,,
2025-07-25T08:41:13.935+0200,1176,1087,13.269,4782.656,36.89,37.93,43.71,59.21,,2.15,128.59,15.57,30.59,2002,94,26,,,68,,,,,,0,2025-07-25T08:41:13.000+0200,1096,1048,11.970,48.1323817,-2.0345300,28.30,34.59,40.60,54.39,65.3,76,2,,
2025-07-25T08:41:13.958+0200,1176,1087,13.269,4782.656,36.89,37.93,43.71,59.21,,2.15,128.59,15.57,30.59,2002,94,26,,,68,,,,,,0,2025-07-25T08:41:13.000+0200,1096,1048,11.970,48.1323817,-2.0345300,28.30,34.59,40.60,54.39,65.3,76,2,,
2025-07-25T08:41:14.561+0200,1177,1088,13.275,4782.662,36.93,37.93,43.71,59.21,,-0.12,128.70,10.49,20.60,1350,94,26,,,68,,,,,,0,2025-07-25T08:41:13.000+0200,1096,1048,11.970,48.1323817,-2.0345300,28.30,34.59,40.60,54.39,65.3,76,2,,
2025-07-25T08:41:14.582+0200,1177,1088,13.275,4782.662,36.93,37.93,43.71,59.21,,-0.12,128.70,10.49,20.60,1350,94,26,,,68,,,,,,0,2025-07-25T08:41:13.000+0200,1096,1048,11.970,48.1323817,-2.0345300,28.30,34.59,40.60,54.39,65.3,76,2,,
2025-07-25T08:41:15.176+0200,1177,1088,13.281,4782.668,37.29,37.93,43.70,59.21,,0.72,128.70,15.49,30.20,1994,94,26,,,68,,,,,,0,2025-07-25T08:41:14.000+0200,1097,1049,11.978,48.1324017,-2.0344167,32.82,34.59,40.59,54.39,65.3,78,2,,
2025-07-25T08:41:15.200+0200,1177,1088,13.281,4782.668,37.29,37.93,43.70,59.21,,0.72,128.70,15.49,30.20,1994,94,26,,,68,,,,,,0,2025-07-25T08:41:14.000+0200,1097,1049,11.978,48.1324017,-2.0344167,32.82,34.59,40.59,54.39,65.3,78,2,,
2025-07-25T08:41:15.795+0200,1178,1089,13.288,4782.675,38.95,37.93,43.70,59.21,,4.05,128.59,18.85,35.59,2424,94,26,,,67,,,,,,0,2025-07-25T08:41:15.000+0200,1097,1049,11.987,48.1324233,-2.0342983,33.19,34.59,40.58,54.39,65.4,74,2,,
2025-07-25T08:41:15.819+0200,1178,1089,13.288,4782.675,38.95,37.93,43.70,59.21,,4.05,128.59,18.85,35.59,2424,94,26,,,67,,,,,,0,2025-07-25T08:41:15.000+0200,1097,1049,11.987,48.1324233,-2.0342983,33.19,34.59,40.58,54.39,65.4,74,2,,
2025-07-25T08:41:16.415+0200,1179,1089,13.294,4782.682,39.63,37.93,43.70,59.21,,2.28,128.59,13.89,25.90,1786,94,26,,,66,,,,,,0,2025-07-25T08:41:15.000+0200,1098,1050,11.987,48.1324233,-2.0342983,33.19,34.59,40.58,54.39,65.4,74,2,,
2025-07-25T08:41:16.438+0200,1179,1089,13.294,4782.682,39.63,37.93,43.70,59.21,,2.28,128.59,13.89,25.90,1786,94,26,,,66,,,,,,0,2025-07-25T08:41:15.000+0200,1098,1050,11.987,48.1324233,-2.0342983,33.19,34.59,40.58,54.39,65.4,74,2,,
2025-07-25T08:41:17.038+0200,1179,1090,13.301,4782.689,40.46,37.93,43.69,59.21,,2.38,128.59,11.76,21.60,1512,94,26,,,65,,,,,,0,2025-07-25T08:41:16.000+0200,1099,1051,11.997,48.1324517,-2.0341733,36.27,34.59,40.58,54.39,65.5,71,2,,
2025-07-25T08:41:17.062+0200,1179,1090,13.301,4782.689,40.46,37.93,43.69,59.21,,2.38,128.59,11.76,21.60,1512,94,26,,,65,,,,,,0,2025-07-25T08:41:16.000+0200,1099,1051,11.997,48.1324517,-2.0341733,36.27,34.59,40.58,54.39,65.5,71,2,,
2025-07-25T08:41:17.660+0200,1180,1091,13.308,4782.696,41.03,37.93,43.69,59.21,,1.92,128.59,8.64,15.70,1111,94,27,,,65,,,,,,0,2025-07-25T08:41:17.000+0200,1099,1051,12.007,48.1324800,-2.0340517,36.68,34.59,40.57,54.39,65.5,74,2,,
2025-07-25T08:41:17.682+0200,1180,1091,13.308,4782.696,41.03,37.93,43.69,59.21,,1.92,128.59,8.64,15.70,1111,94,27,,,65,,,,,,0,2025-07-25T08:41:17.000+0200,1099,1051,12.007,48.1324800,-2.0340517,36.68,34.59,40.57,54.39,65.5,74,2,,
2025-07-25T08:41:18.275+0200,1180,1091,13.315,4782.703,41.18,37.93,43.69,59.21,,-0.11,128.70,11.09,20.10,1427,94,26,,,65,,,,,,0,2025-07-25T08:41:17.000+0200,1100,1052,12.007,48.1324800,-2.0340517,36.68,34.59,40.57,54.39,65.5,74,2,,
2025-07-25T08:41:18.299+0200,1180,1091,13.315,4782.703,41.18,37.93,43.69,59.21,,-0.11,128.70,11.09,20.10,1427,94,26,,,65,,,,,,0,2025-07-25T08:41:17.000+0200,1100,1052,12.007,48.1324800,-2.0340517,36.68,34.59,40.57,54.39,65.5,74,2,,
2025-07-25T08:41:18.916+0200,1181,1092,13.322,4782.710,42.22,37.93,43.69,59.21,,3.16,128.70,13.32,23.70,1714,94,27,,,64,,,,,,0,2025-07-25T08:41:18.000+0200,1101,1053,12.017,48.1325050,-2.0339233,36.82,34.59,40.57,54.39,65.5,75,2,,
2025-07-25T08:41:18.938+0200,1181,1092,13.322,4782.710,42.22,37.93,43.69,59.21,,3.16,128.70,13.32,23.70,1714,94,27,,,64,,,,,,0,2025-07-25T08:41:18.000+0200,1101,1053,12.017,48.1325050,-2.0339233,36.82,34.59,40.57,54.39,65.5,75,2,,
2025-07-25T08:41:19.517+0200,1182,1093,13.330,4782.717,41.47,37.93,43.69,59.21,,-2.44,128.80,7.98,14.40,1028,93,26,,,65,,,,,,0,2025-07-25T08:41:18.000+0200,1101,1053,12.017,48.1325050,-2.0339233,36.82,34.59,40.57,54.39,65.5,75,2,,
2025-07-25T08:41:19.544+0200,1182,1093,13.330,4782.717,41.47,37.93,43.69,59.21,,-2.44,128.80,7.98,14.40,1028,93,26,,,65,,,,,,0,2025-07-25T08:41:18.000+0200,1101,1053,12.017,48.1325050,-2.0339233,36.82,34.59,40.57,54.39,65.5,75,2,,
2025-07-25T08:41:20.154+0200,1182,1093,13.337,4782.725,41.43,37.94,43.69,59.21,,-0.56,129.00,4.76,8.59,614,93,26,,,65,,,,,,0,2025-07-25T08:41:19.000+0200,1102,1054,12.027,48.1325350,-2.0337967,39.58,34.60,40.57,54.39,65.6,73,2,,
2025-07-25T08:41:20.178+0200,1182,1093,13.337,4782.725,41.43,37.94,43.69,59.21,,-0.56,129.00,4.76,8.59,614,93,26,,,65,,,,,,0,2025-07-25T08:41:19.000+0200,1102,1054,12.027,48.1325350,-2.0337967,39.58,34.60,40.57,54.39,65.6,73,2,,
2025-07-25T08:41:20.774+0200,1183,1094,13.344,4782.732,40.14,37.94,43.69,59.21,,-2.32,129.20,4.00,7.39,517,93,26,,,66,,,,,,0,2025-07-25T08:41:20.000+0200,1102,1054,12.037,48.1325667,-2.0336617,37.41,34.60,40.57,54.39,65.9,74,2,,
2025-07-25T08:41:20.798+0200,1183,1094,13.344,4782.732,40.14,37.94,43.69,59.21,,-2.32,129.20,4.00,7.39,517,93,26,,,66,,,,,,0,2025-07-25T08:41:20.000+0200,1102,1054,12.037,48.1325667,-2.0336617,37.41,34.60,40.57,54.39,65.9,74,2,,
2025-07-25T08:41:21.422+0200,1184,1094,13.352,4782.739,40.60,37.94,43.68,59.21,,2.02,129.20,9.33,17.10,1205,93,26,,,65,,,,,,0,2025-07-25T08:41:20.000+0200,1103,1055,12.037,48.1325667,-2.0336617,37.41,34.60,40.57,54.39,65.9,74,2,,
2025-07-25T08:41:21.444+0200,1184,1094,13.352,4782.739,40.60,37.94,43.68,59.21,,2.02,129.20,9.33,17.10,1205,93,26,,,65,,,,,,0,2025-07-25T08:41:20.000+0200,1103,1055,12.037,48.1325667,-2.0336617,37.41,34.60,40.57,54.39,65.9,74,2,,
2025-07-25T08:41:22.043+0200,1184,1095,13.358,4782.746,40.82,37.94,43.68,59.21,,0.34,129.30,9.53,17.40,1232,93,26,,,65,,,,,,0,2025-07-25T08:41:21.000+0200,1104,1056,12.048,48.1325917,-2.0335267,36.49,34.60,40.56,54.39,66.1,76,2,,
2025-07-25T08:41:22.066+0200,1184,1095,13.358,4782.746,40.82,37.94,43.68,59.21,,0.34,129.30,9.53,17.40,1232,93,26,,,65,,,,,,0,2025-07-25T08:41:21.000+0200,1104,1056,12.048,48.1325917,-2.0335267,36.49,34.60,40.56,54.39,66.1,76,2,,
2025-07-25T08:41:22.656+0200,1185,1096,13.365,4782.753,40.82,37.94,43.68,59.21,,4.81,129.30,4.00,7.30,517,93,26,,,65,,,,,,0,2025-07-25T08:41:22.000+0200,1104,1056,12.058,48.1326150,-2.0334017,33.75,34.60,40.56,54.39,66.5,71,2,,
2025-07-25T08:41:22.678+0200,1185,1096,13.365,4782.753,40.82,37.94,43.68,59.21,,4.81,129.30,4.00,7.30,517,93,26,,,65,,,,,,0,2025-07-25T08:41:22.000+0200,1104,1056,12.058,48.1326150,-2.0334017,33.75,34.60,40.56,54.39,66.5,71,2,,
2025-07-25T08:41:23.274+0200,1185,1096,13.372,4782.760,39.16,37.94,43.68,59.21,,-4.70,129.39,5.47,10.30,708,93,26,,,67,,,,,,0,2025-07-25T08:41:22.000+0200,1105,1057,12.058,48.1326150,-2.0334017,33.75,34.60,40.56,54.39,66.5,71,2,,
2025-07-25T08:41:23.298+0200,1185,1096,13.372,4782.760,39.16,37.94,43.68,59.21,,-4.70,129.39,5.47,10.30,708,93,26,,,67,,,,,,0,2025-07-25T08:41:22.000+0200,1105,1057,12.058,48.1326150,-2.0334017,33.75,34.60,40.56,54.39,66.5,71,2,,
2025-07-25T08:41:23.894+0200,1186,1097,13.379,4782.767,39.38,37.94,43.68,59.21,,-1.80,129.50,4.80,9.00,622,93,26,,,66,,,,,,0,2025-07-25T08:41:23.000+0200,1106,1058,12.068,48.1326417,-2.0332717,35.72,34.60,40.55,54.39,66.8,74,2,,
2025-07-25T08:41:23.917+0200,1186,1097,13.379,4782.767,39.38,37.94,43.68,59.21,,-1.80,129.50,4.80,9.00,622,93,26,,,66,,,,,,0,2025-07-25T08:41:23.000+0200,1106,1058,12.068,48.1326417,-2.0332717,35.72,34.60,40.55,54.39,66.8,74,2,,
2025-07-25T08:41:24.514+0200,1187,1098,13.386,4782.774,38.44,37.94,43.67,59.21,,-1.68,129.59,3.25,6.20,421,93,26,,,67,,,,,,0,2025-07-25T08:41:23.000+0200,1106,1058,12.068,48.1326417,-2.0332717,35.72,34.60,40.55,54.39,66.8,74,2,,
2025-07-25T08:41:24.537+0200,1187,1098,13.386,4782.774,38.44,37.94,43.67,59.21,,-1.68,129.59,3.25,6.20,421,93,26,,,67,,,,,,0,2025-07-25T08:41:23.000+0200,1106,1058,12.068,48.1326417,-2.0332717,35.72,34.60,40.55,54.39,66.8,74,2,,
2025-07-25T08:41:25.137+0200,1187,1098,13.393,4782.780,37.62,37.94,43.67,59.21,,-3.05,129.70,3.56,6.89,462,93,26,,,68,,,,,,0,2025-07-25T08:41:24.000+0200,1107,1059,12.078,48.1326633,-2.0331417,34.64,34.60,40.55,54.39,66.6,78,2,,
2025-07-25T08:41:25.154+0200,1187,1098,13.393,4782.780,37.62,37.94,43.67,59.21,,-3.05,129.70,3.56,6.89,462,93,26,,,68,,,,,,0,2025-07-25T08:41:24.000+0200,1107,1059,12.078,48.1326633,-2.0331417,34.64,34.60,40.55,54.39,66.6,78,2,,
2025-07-25T08:41:25.754+0200,1188,1099,13.400,4782.787,36.25,37.94,43.67,59.21,,-2.14,129.89,-0.70,-2.80,-91,93,26,,,69,,,,,,0,2025-07-25T08:41:25.000+0200,1107,1059,12.088,48.1326800,-2.0330083,34.75,34.60,40.54,54.39,66.6,81,2,,
2025-07-25T08:41:25.778+0200,1188,1099,13.400,4782.787,36.25,37.94,43.67,59.21,,-2.14,129.89,-0.70,-2.80,-91,93,26,,,69,,,,,,0,2025-07-25T08:41:25.000+0200,1107,1059,12.088,48.1326800,-2.0330083,34.75,34.60,40.54,54.39,66.6,81,2,,
2025-07-25T08:41:26.394+0200,1189,1099,13.406,4782.793,34.88,37.94,43.66,59.21,,-2.87,130.00,-1.85,-7.60,-241,94,26,,,70,,,,,,0,2025-07-25T08:41:25.000+0200,1108,1060,12.088,48.1326800,-2.0330083,34.75,34.60,40.54,54.39,66.6,81,2,,
2025-07-25T08:41:26.418+0200,1189,1099,13.406,4782.793,34.88,37.94,43.66,59.21,,-2.87,130.00,-1.85,-7.60,-241,94,26,,,70,,,,,,0,2025-07-25T08:41:25.000+0200,1108,1060,12.088,48.1326800,-2.0330083,34.75,34.60,40.54,54.39,66.6,81,2,,
2025-07-25T08:41:26.995+0200,1189,1100,13.412,4782.799,32.61,37.94,43.66,59.21,,-5.40,130.30,-5.36,-23.00,-698,94,26,,,72,,,,,,0,2025-07-25T08:41:26.000+0200,1109,1061,12.097,48.1327000,-2.0328850,32.64,34.60,40.53,54.39,66.7,76,2,,
2025-07-25T08:41:27.018+0200,1189,1100,13.412,4782.799,32.61,37.94,43.66,59.21,,-5.40,130.30,-5.36,-23.00,-698,94,26,,,72,,,,,,0,2025-07-25T08:41:26.000+0200,1109,1061,12.097,48.1327000,-2.0328850,32.64,34.60,40.53,54.39,66.7,76,2,,
2025-07-25T08:41:27.633+0200,1190,1101,13.418,4782.805,28.72,37.93,43.65,59.21,,-4.61,130.59,-6.21,-29.09,-811,94,26,,,76,,,,,,0,2025-07-25T08:41:26.000+0200,1109,1061,12.097,48.1327000,-2.0328850,32.64,34.60,40.53,54.39,66.7,76,2,,
2025-07-25T08:41:27.655+0200,1190,1101,13.418,4782.805,28.72,37.93,43.65,59.21,,-4.61,130.59,-6.21,-29.09,-811,94,26,,,76,,,,,,0,2025-07-25T08:41:26.000+0200,1109,1061,12.097,48.1327000,-2.0328850,32.64,34.60,40.53,54.39,66.7,76,2,,
2025-07-25T08:41:28.249+0200,1190,1101,13.423,4782.810,23.43,37.93,43.64,59.21,,-10.12,130.80,-7.88,-42.10,-1031,94,26,,,80,,,,,,0,2025-07-25T08:41:27.000+0200,1110,1062,12.106,48.1327167,-2.0327650,31.80,34.60,40.52,54.39,66.6,77,2,,
2025-07-25T08:41:28.273+0200,1190,1101,13.423,4782.810,23.43,37.93,43.64,59.21,,-10.12,130.80,-7.88,-42.10,-1031,94,26,,,80,,,,,,0,2025-07-25T08:41:27.000+0200,1110,1062,12.106,48.1327167,-2.0327650,31.80,34.60,40.52,54.39,66.6,77,2,,
2025-07-25T08:41:28.874+0200,1191,1102,13.428,4782.814,20.30,37.92,43.62,59.21,,-4.84,130.89,-5.50,-32.09,-720,94,26,,,83,,,,,,0,2025-07-25T08:41:28.000+0200,1110,1062,12.112,48.1327317,-2.0326900,23.35,34.59,40.51,54.39,66.6,77,2,,
2025-07-25T08:41:28.897+0200,1191,1102,13.428,4782.814,20.30,37.92,43.62,59.21,,-4.84,130.89,-5.50,-32.09,-720,94,26,,,83,,,,,,0,2025-07-25T08:41:28.000+0200,1111,1063,12.112,48.1327317,-2.0326900,23.35,34.59,40.51,54.39,66.6,77,2,,
2025-07-25T08:41:29.516+0200,1192,1103,13.432,4782.817,17.78,37.91,43.61,59.21,,-0.96,130.89,-0.28,-1.80,-37,94,26,,,85,,,,,,0,2025-07-25T08:41:28.000+0200,1111,1063,12.112,48.1327317,-2.0326900,23.35,34.59,40.51,54.39,66.6,77,2,,
2025-07-25T08:41:29.540+0200,1192,1103,13.432,4782.817,17.78,37.91,43.61,59.21,,-0.96,130.89,-0.28,-1.80,-37,94,26,,,85,,,,,,0,2025-07-25T08:41:28.000+0200,1111,1063,12.112,48.1327317,-2.0326900,23.35,34.59,40.51,54.39,66.6,77,2,,
2025-07-25T08:41:30.131+0200,1192,1103,13.435,4782.820,18.21,37.90,43.60,59.21,,-0.36,130.80,-3.91,-24.30,-511,94,26,,,85,,,,,,0,2025-07-25T08:41:29.000+0200,1112,1064,12.117,48.1327500,-2.0326333,21.23,34.58,40.49,54.39,66.5,75,2,,
2025-07-25T08:41:30.149+0200,1192,1103,13.435,4782.820,18.21,37.90,43.60,59.21,,-0.36,130.80,-3.91,-24.30,-511,94,26,,,85,,,,,,0,2025-07-25T08:41:29.000+0200,1112,1064,12.117,48.1327500,-2.0326333,21.23,34.58,40.49,54.39,66.5,75,2,,
2025-07-25T08:41:30.750+0200,1193,1104,13.438,4782.823,12.49,37.89,43.58,59.21,,-8.94,130.89,-5.33,-40.30,-698,94,26,,,89,,,,,,0,2025-07-25T08:41:30.000+0200,1112,1064,12.120,48.1327700,-2.0325933,17.11,34.57,40.47,54.39,65.9,72,2,,
2025-07-25T08:41:30.771+0200,1193,1104,13.438,4782.823,12.49,37.89,43.58,59.21,,-8.94,130.89,-5.33,-40.30,-698,94,26,,,89,,,,,,0,2025-07-25T08:41:30.000+0200,1112,1064,12.120,48.1327700,-2.0325933,17.11,34.57,40.47,54.39,65.9,72,2,,
2025-07-25T08:41:31.371+0200,1193,1104,13.440,4782.825,8.38,37.87,43.56,59.21,,-6.60,130.80,-3.16,-28.30,-413,94,26,,,93,,,,,,0,2025-07-25T08:41:30.000+0200,1113,1065,12.120,48.1327700,-2.0325933,17.11,34.57,40.47,54.39,65.9,72,2,,
2025-07-25T08:41:31.394+0200,1193,1104,13.440,4782.825,8.38,37.87,43.56,59.21,,-6.60,130.80,-3.16,-28.30,-413,94,26,,,93,,,,,,0,2025-07-25T08:41:30.000+0200,1113,1065,12.120,48.1327700,-2.0325933,17.11,34.57,40.47,54.39,65.9,72,2,,
2025-07-25T08:41:32.016+0200,1194,1105,13.442,4782.827,6.76,37.86,43.54,59.21,,-0.72,130.80,4.40,21.20,576,94,26,,,94,,,,,,0,2025-07-25T08:41:31.000+0200,1114,1066,12.124,48.1327883,-2.0325550,12.43,34.55,40.44,54.39,65.7,64,2,,
2025-07-25T08:41:32.040+0200,1194,1105,13.442,4782.827,6.76,37.86,43.54,59.21,,-0.72,130.80,4.40,21.20,576,94,26,,,94,,,,,,0,2025-07-25T08:41:31.000+0200,1114,1066,12.124,48.1327883,-2.0325550,12.43,34.55,40.44,54.39,65.7,64,2,,
2025-07-25T08:41:32.631+0200,1195,1106,13.444,4782.828,10.22,37.85,43.52,59.21,,6.94,130.39,15.04,62.10,1961,94,26,,,91,,,,,,0,2025-07-25T08:41:31.000+0200,1114,1066,12.124,48.1327883,-2.0325550,12.43,34.55,40.44,54.39,65.7,64,2,,
2025-07-25T08:41:32.649+0200,1195,1106,13.444,4782.828,10.22,37.85,43.52,59.21,,6.94,130.39,15.04,62.10,1961,94,26,,,91,,,,,,0,2025-07-25T08:41:31.000+0200,1114,1066,12.124,48.1327883,-2.0325550,12.43,34.55,40.44,54.39,65.7,64,2,,
2025-07-25T08:41:33.250+0200,1195,1106,13.445,4782.830,15.04,37.83,43.50,59.21,,8.16,130.00,14.11,48.60,1834,94,26,,,87,,,,,,0,2025-07-25T08:41:32.000+0200,1115,1067,12.127,48.1328017,-2.0325267,10.69,34.53,40.41,54.39,66.4,75,2,,
2025-07-25T08:41:33.274+0200,1195,1106,13.445,4782.830,15.04,37.83,43.50,59.21,,8.16,130.00,14.11,48.60,1834,94,26,,,87,,,,,,0,2025-07-25T08:41:32.000+0200,1115,1067,12.127,48.1328017,-2.0325267,10.69,34.53,40.41,54.39,66.4,75,2,,
2025-07-25T08:41:33.873+0200,1196,1107,13.447,4782.833,19.25,37.82,43.49,59.21,,7.53,129.59,16.19,48.70,2098,94,27,,,84,,,,,,0,2025-07-25T08:41:33.000+0200,1115,1067,12.130,48.1328100,-2.0324883,15.17,34.51,40.39,54.39,66.6,83,2,,
2025-07-25T08:41:33.896+0200,1196,1107,13.447,4782.833,19.25,37.82,43.49,59.21,,7.53,129.59,16.19,48.70,2098,94,27,,,84,,,,,,0,2025-07-25T08:41:33.000+0200,1116,1068,12.130,48.1328100,-2.0324883,15.17,34.51,40.39,54.39,66.6,83,2,,
2025-07-25T08:41:34.490+0200,1197,1107,13.450,4782.836,22.53,37.82,43.48,59.21,,6.22,129.30,14.72,40.30,1903,94,27,,,81,,,,,,0,2025-07-25T08:41:33.000+0200,1116,1068,12.130,48.1328100,-2.0324883,15.17,34.51,40.39,54.39,66.6,83,2,,
2025-07-25T08:41:34.514+0200,1197,1108,13.450,4782.836,22.53,37.82,43.48,59.21,,6.22,129.30,14.72,40.30,1903,94,27,,,81,,,,,,0,2025-07-25T08:41:33.000+0200,1116,1068,12.130,48.1328100,-2.0324883,15.17,34.51,40.39,54.39,66.6,83,2,,
2025-07-25T08:41:35.113+0200,1197,1108,13.454,4782.840,25.41,37.81,43.47,59.21,,2.81,129.00,26.84,68.10,3462,94,27,,,78,,,,,,0,2025-07-25T08:41:34.000+0200,1117,1069,12.134,48.1328133,-2.0324350,20.17,34.50,40.37,54.39,66.7,77,2,,
2025-07-25T08:41:35.137+0200,1197,1108,13.454,4782.840,25.41,37.81,43.47,59.21,,2.81,129.00,26.84,68.10,3462,94,27,,,78,,,,,,0,2025-07-25T08:41:34.000+0200,1117,1069,12.134,48.1328133,-2.0324350,20.17,34.50,40.37,54.39,66.7,77,2,,
2025-07-25T08:41:35.733+0200,1198,1109,13.458,4782.845,29.51,37.81,43.46,59.21,,4.61,128.59,30.85,70.90,3967,94,27,,,75,,,,,,0,2025-07-25T08:41:35.000+0200,1117,1069,12.140,48.1328250,-2.0323550,25.06,34.49,40.36,54.39,66.9,75,2,,
2025-07-25T08:41:35.753+0200,1198,1109,13.458,4782.845,29.51,37.81,43.46,59.21,,4.61,128.59,30.85,70.90,3967,94,27,,,75,,,,,,0,2025-07-25T08:41:35.000+0200,1117,1069,12.140,48.1328250,-2.0323550,25.06,34.49,40.36,54.39,66.9,75,2,,
2025-07-25T08:41:36.353+0200,1198,1109,13.463,4782.850,32.83,37.80,43.45,59.21,,1.90,128.39,19.90,42.50,2555,94,27,,,72,,,,,,0,2025-07-25T08:41:35.000+0200,1118,1070,12.140,48.1328250,-2.0323550,25.06,34.49,40.36,54.39,66.9,75,2,,
2025-07-25T08:41:36.376+0200,1198,1109,13.463,4782.850,32.83,37.80,43.45,59.21,,1.90,128.39,19.90,42.50,2555,94,27,,,72,,,,,,0,2025-07-25T08:41:35.000+0200,1118,1070,12.140,48.1328250,-2.0323550,25.06,34.49,40.36,54.39,66.9,75,2,,
2025-07-25T08:41:36.972+0200,1199,1110,13.469,4782.856,35.53,37.80,43.45,59.21,,2.38,128.20,18.12,36.59,2323,94,27,,,69,,,,,,0,2025-07-25T08:41:36.000+0200,1119,1071,12.147,48.1328383,-2.0322583,28.23,34.49,40.35,54.39,67.2,76,2,,
2025-07-25T08:41:36.991+0200,1199,1110,13.469,4782.856,35.53,37.80,43.45,59.21,,2.38,128.20,18.12,36.59,2323,94,27,,,69,,,,,,0,2025-07-25T08:41:36.000+0200,1119,1071,12.147,48.1328383,-2.0322583,28.23,34.49,40.35,54.39,67.2,76,2,,
2025-07-25T08:41:37.608+0200,1200,1111,13.475,4782.862,37.80,37.80,43.44,59.21,,3.22,128.09,26.46,51.10,3389,94,28,,,67,,,,,,0,2025-07-25T08:41:36.000+0200,1119,1071,12.147,48.1328383,-2.0322583,28.23,34.49,40.35,54.39,67.2,76,2,,
2025-07-25T08:41:37.634+0200,1200,1111,13.475,4782.862,37.80,37.80,43.44,59.21,,3.22,128.09,26.46,51.10,3389,94,28,,,67,,,,,,0,2025-07-25T08:41:36.000+0200,1119,1071,12.147,48.1328383,-2.0322583,28.23,34.49,40.35,54.39,67.2,76,2,,
2025-07-25T08:41:38.231+0200,1200,1111,13.481,4782.868,39.38,37.80,43.44,59.21,,-1.80,128.00,21.99,41.20,2815,94,28,,,66,,,,,,0,2025-07-25T08:41:37.000+0200,1120,1072,12.155,48.1328583,-2.0321483,30.27,34.49,40.34,54.39,67.5,74,2,,
2025-07-25T08:41:38.254+0200,1200,1111,13.481,4782.868,39.38,37.80,43.44,59.21,,-1.80,128.00,21.99,41.20,2815,94,28,,,66,,,,,,0,2025-07-25T08:41:37.000+0200,1120,1072,12.155,48.1328583,-2.0321483,30.27,34.49,40.34,54.39,67.5,74,2,,
2025-07-25T08:41:38.859+0200,1201,1112,13.488,4782.875,40.21,37.80,43.44,59.21,,-0.48,128.30,7.69,14.20,987,94,28,,,65,,,,,,0,2025-07-25T08:41:38.000+0200,1120,1072,12.165,48.1328767,-2.0320283,33.98,34.49,40.33,54.39,67.5,75,2,,
2025-07-25T08:41:38.885+0200,1201,1112,13.488,4782.875,40.21,37.80,43.44,59.21,,-0.48,128.30,7.69,14.20,987,94,28,,,65,,,,,,0,2025-07-25T08:41:38.000+0200,1120,1072,12.165,48.1328767,-2.0320283,33.98,34.49,40.33,54.39,67.5,75,2,,
2025-07-25T08:41:39.473+0200,1202,1112,13.495,4782.882,39.63,37.80,43.44,59.21,,-1.32,128.50,7.34,13.70,943,94,28,,,66,,,,,,0,2025-07-25T08:41:38.000+0200,1121,1073,12.165,48.1328767,-2.0320283,33.98,34.49,40.33,54.39,67.5,75,2,,
2025-07-25T08:41:39.496+0200,1202,1112,13.495,4782.882,39.63,37.80,43.44,59.21,,-1.32,128.50,7.34,13.70,943,94,28,,,66,,,,,,0,2025-07-25T08:41:38.000+0200,1121,1073,12.165,48.1328767,-2.0320283,33.98,34.49,40.33,54.39,67.5,75,2,,
2025-07-25T08:41:40.095+0200,1202,1113,13.502,4782.889,38.98,37.81,43.43,59.21,,-0.12,128.80,7.10,13.40,914,94,28,,,67,,,,,,0,2025-07-25T08:41:39.000+0200,1122,1074,12.175,48.1328983,-2.0318867,35.40,34.49,40.33,54.39,67.3,77,2,,
2025-07-25T08:41:40.118+0200,1202,1113,13.502,4782.889,38.98,37.81,43.43,59.21,,-0.12,128.80,7.10,13.40,914,94,28,,,67,,,,,,0,2025-07-25T08:41:39.000+0200,1122,1074,12.175,48.1328983,-2.0318867,35.40,34.49,40.33,54.39,67.3,77,2,,
2025-07-25T08:41:40.719+0200,1203,1114,13.508,4782.896,40.28,37.81,43.43,59.21,,1.79,128.89,8.25,15.20,1063,94,28,,,66,,,,,,0,2025-07-25T08:41:40.000+0200,1122,1074,12.186,48.1329200,-2.0317483,35.07,34.49,40.32,54.39,67.0,77,2,,
2025-07-25T08:41:40.737+0200,1203,1114,13.508,4782.896,40.28,37.81,43.43,59.21,,1.79,128.89,8.25,15.20,1063,94,28,,,66,,,,,,0,2025-07-25T08:41:40.000+0200,1122,1074,12.186,48.1329200,-2.0317483,35.07,34.49,40.32,54.39,67.0,77,2,,
2025-07-25T08:41:41.333+0200,1203,1114,13.515,4782.903,39.02,37.81,43.43,59.21,,-3.16,129.00,10.39,19.60,1340,94,28,,,67,,,,,,0,2025-07-25T08:41:40.000+0200,1123,1075,12.186,48.1329200,-2.0317483,35.07,34.49,40.32,54.39,67.0,77,2,,
2025-07-25T08:41:41.357+0200,1203,1114,13.515,4782.903,39.02,37.81,43.43,59.21,,-3.16,129.00,10.39,19.60,1340,94,28,,,67,,,,,,0,2025-07-25T08:41:40.000+0200,1123,1075,12.186,48.1329200,-2.0317483,35.07,34.49,40.32,54.39,67.0,77,2,,
2025-07-25T08:41:41.956+0200,1204,1115,13.522,4782.910,38.98,37.81,43.43,59.21,,-2.13,129.20,4.34,8.20,561,94,28,,,67,,,,,,0,2025-07-25T08:41:41.000+0200,1124,1076,12.196,48.1329467,-2.0316167,37.57,34.49,40.32,54.39,66.4,74,2,,
2025-07-25T08:41:41.976+0200,1204,1115,13.522,4782.910,38.98,37.81,43.43,59.21,,-2.13,129.20,4.34,8.20,561,94,28,,,67,,,,,,0,2025-07-25T08:41:41.000+0200,1124,1076,12.196,48.1329467,-2.0316167,37.57,34.49,40.32,54.39,66.4,74,2,,
2025-07-25T08:41:42.576+0200,1205,1116,13.529,4782.916,39.02,37.81,43.43,59.21,,-1.92,129.20,7.21,13.60,932,94,28,,,67,,,,,,0,2025-07-25T08:41:41.000+0200,1124,1076,12.196,48.1329467,-2.0316167,37.57,34.49,40.32,54.39,66.4,74,2,,
2025-07-25T08:41:42.602+0200,1205,1116,13.529,4782.916,39.02,37.81,43.43,59.21,,-1.92,129.20,7.21,13.60,932,94,28,,,67,,,,,,0,2025-07-25T08:41:41.000+0200,1124,1076,12.196,48.1329467,-2.0316167,37.57,34.49,40.32,54.39,66.4,74,2,,
2025-07-25T08:41:43.195+0200,1205,1116,13.536,4782.923,40.24,37.81,43.42,59.21,,2.96,129.39,6.94,12.79,898,94,27,,,66,,,,,,0,2025-07-25T08:41:42.000+0200,1125,1077,12.206,48.1329750,-2.0314883,34.86,34.49,40.31,54.39,66.8,76,2,,
2025-07-25T08:41:43.220+0200,1205,1116,13.536,4782.923,40.24,37.81,43.42,59.21,,2.96,129.39,6.94,12.79,898,94,27,,,66,,,,,,0,2025-07-25T08:41:42.000+0200,1125,1077,12.206,48.1329750,-2.0314883,34.86,34.49,40.31,54.39,66.8,76,2,,
2025-07-25T08:41:43.810+0200,1206,1117,13.543,4782.930,38.98,37.81,43.42,59.21,,-3.04,129.50,3.28,6.20,425,94,27,,,67,,,,,,0,2025-07-25T08:41:43.000+0200,1125,1077,12.216,48.1330000,-2.0313683,35.51,34.49,40.31,54.39,67.0,73,2,,
2025-07-25T08:41:43.831+0200,1206,1117,13.543,4782.930,38.98,37.81,43.42,59.21,,-3.04,129.50,3.28,6.20,425,94,27,,,67,,,,,,0,2025-07-25T08:41:43.000+0200,1125,1077,12.216,48.1330000,-2.0313683,35.51,34.49,40.31,54.39,67.0,73,2,,
2025-07-25T08:41:44.458+0200,1207,1117,13.550,4782.937,38.80,37.81,43.42,59.21,,-4.16,129.59,4.48,8.50,581,94,27,,,67,,,,,,0,2025-07-25T08:41:43.000+0200,1126,1078,12.216,48.1330000,-2.0313683,35.51,34.49,40.31,54.39,67.0,73,2,,
2025-07-25T08:41:44.484+0200,1207,1117,13.550,4782.937,38.80,37.81,43.42,59.21,,-4.16,129.59,4.48,8.50,581,94,27,,,67,,,,,,0,2025-07-25T08:41:43.000+0200,1126,1078,12.216,48.1330000,-2.0313683,35.51,34.49,40.31,54.39,67.0,73,2,,
2025-07-25T08:41:45.074+0200,1207,1118,13.556,4782.944,38.08,37.81,43.42,59.21,,-2.01,129.80,-0.28,-1.10,-36,94,27,,,68,,,,,,0,2025-07-25T08:41:44.000+0200,1127,1079,12.225,48.1330300,-2.0312483,32.15,34.49,40.30,54.39,67.3,69,2,,
2025-07-25T08:41:45.099+0200,1207,1118,13.556,4782.944,38.08,37.81,43.42,59.21,,-2.01,129.80,-0.28,-1.10,-36,94,27,,,68,,,,,,0,2025-07-25T08:41:44.000+0200,1127,1079,12.225,48.1330300,-2.0312483,32.15,34.49,40.30,54.39,67.3,69,2,,
2025-07-25T08:41:45.708+0200,1208,1119,13.563,4782.950,36.50,37.81,43.41,59.21,,-1.35,130.00,-2.57,-10.20,-334,94,27,,,69,,,,,,0,2025-07-25T08:41:45.000+0200,1127,1079,12.234,48.1330533,-2.0311300,30.87,34.49,40.29,54.39,67.4,75,2,,
2025-07-25T08:41:45.738+0200,1208,1119,13.563,4782.950,36.50,37.81,43.41,59.21,,-1.35,130.00,-2.57,-10.20,-334,94,27,,,69,,,,,,0,2025-07-25T08:41:45.000+0200,1127,1079,12.234,48.1330533,-2.0311300,30.87,34.49,40.29,54.39,67.4,75,2,,
2025-07-25T08:41:46.317+0200,1208,1119,13.570,4782.957,34.16,37.81,43.41,59.21,,-1.35,130.30,-3.92,-16.29,-511,94,27,,,71,,,,,,0,2025-07-25T08:41:45.000+0200,1128,1080,12.234,48.1330533,-2.0311300,30.87,34.49,40.29,54.39,67.4,75,2,,
2025-07-25T08:41:46.342+0200,1208,1119,13.570,4782.957,34.16,37.81,43.41,59.21,,-1.35,130.30,-3.92,-16.29,-511,94,27,,,71,,,,,,0,2025-07-25T08:41:45.000+0200,1128,1080,12.234,48.1330533,-2.0311300,30.87,34.49,40.29,54.39,67.4,75,2,,
2025-07-25T08:41:46.942+0200,1209,1120,13.576,4782.963,31.64,37.81,43.40,59.21,,-4.27,130.50,-3.67,-16.10,-479,94,27,,,73,,,,,,0,2025-07-25T08:41:46.000+0200,1129,1081,12.243,48.1330667,-2.0310183,30.89,34.48,40.28,54.39,67.1,83,2,,
2025-07-25T08:41:46.966+0200,1209,1120,13.576,4782.963,31.64,37.81,43.40,59.21,,-4.27,130.50,-3.67,-16.10,-479,94,27,,,73,,,,,,0,2025-07-25T08:41:46.000+0200,1129,1081,12.243,48.1330667,-2.0310183,30.89,34.48,40.28,54.39,67.1,83,2,,
2025-07-25T08:41:47.571+0200,1210,1121,13.581,4782.968,30.02,37.80,43.39,59.21,,-2.63,130.70,-4.31,-19.60,-563,94,27,,,75,,,,,,0,2025-07-25T08:41:46.000+0200,1129,1081,12.243,48.1330667,-2.0310183,30.89,34.48,40.28,54.39,67.1,83,2,,
2025-07-25T08:41:47.596+0200,1210,1121,13.581,4782.968,30.02,37.80,43.39,59.21,,-2.63,130.70,-4.31,-19.60,-563,94,27,,,75,,,,,,0,2025-07-25T08:41:46.000+0200,1129,1081,12.243,48.1330667,-2.0310183,30.89,34.48,40.28,54.39,67.1,83,2,,
2025-07-25T08:41:48.192+0200,1210,1121,13.587,4782.973,26.82,37.80,43.39,59.21,,-6.36,130.80,-2.51,-12.30,-328,94,27,,,77,,,,,,0,2025-07-25T08:41:47.000+0200,1130,1082,12.251,48.1330667,-2.0309067,27.52,34.48,40.27,54.39,67.5,90,2,,
2025-07-25T08:41:48.218+0200,1210,1121,13.587,4782.973,26.82,37.80,43.39,59.21,,-6.36,130.80,-2.51,-12.30,-328,94,27,,,77,,,,,,0,2025-07-25T08:41:47.000+0200,1130,1082,12.251,48.1330667,-2.0309067,27.52,34.48,40.27,54.39,67.5,90,2,,
2025-07-25T08:41:48.813+0200,1211,1122,13.592,4782.978,25.01,37.79,43.38,59.21,,-5.54,130.80,-3.41,-17.50,-446,94,27,,,79,,,,,,0,2025-07-25T08:41:48.000+0200,1130,1082,12.259,48.1330533,-2.0308017,23.98,34.47,40.26,54.39,68.2,96,2,,
2025-07-25T08:41:48.834+0200,1211,1122,13.592,4782.978,25.01,37.79,43.38,59.21,,-5.54,130.80,-3.41,-17.50,-446,94,27,,,79,,,,,,0,2025-07-25T08:41:48.000+0200,1130,1082,12.259,48.1330533,-2.0308017,23.98,34.47,40.26,54.39,68.2,96,2,,
2025-07-25T08:41:49.434+0200,1212,1122,13.596,4782.982,23.04,37.79,43.37,59.21,,-1.91,130.89,-3.64,-19.69,-476,94,27,,,81,,,,,,0,2025-07-25T08:41:48.000+0200,1131,1083,12.259,48.1330533,-2.0308017,23.98,34.47,40.26,54.39,68.2,96,2,,
2025-07-25T08:41:49.457+0200,1212,1122,13.596,4782.982,23.04,37.79,43.37,59.21,,-1.91,130.89,-3.64,-19.69,-476,94,27,,,81,,,,,,0,2025-07-25T08:41:48.000+0200,1131,1083,12.259,48.1330533,-2.0308017,23.98,34.47,40.26,54.39,68.2,96,2,,
2025-07-25T08:41:50.055+0200,1212,1123,13.600,4782.986,20.55,37.78,43.35,59.21,,-5.40,130.89,-3.47,-20.10,-454,94,27,,,83,,,,,,0,2025-07-25T08:41:49.000+0200,1132,1084,12.265,48.1330317,-2.0307350,20.19,34.46,40.24,54.39,68.0,114,2,,
2025-07-25T08:41:50.078+0200,1212,1123,13.600,4782.986,20.55,37.78,43.35,59.21,,-5.40,130.89,-3.47,-20.10,-454,94,27,,,83,,,,,,0,2025-07-25T08:41:49.000+0200,1132,1084,12.265,48.1330317,-2.0307350,20.19,34.46,40.24,54.39,68.0,114,2,,
2025-07-25T08:41:50.673+0200,1213,1124,13.604,4782.990,16.77,37.77,43.34,59.21,,-8.07,131.00,-3.89,-25.30,-510,94,27,,,86,,,,,,0,2025-07-25T08:41:50.000+0200,1132,1084,12.270,48.1330050,-2.0306733,19.67,34.45,40.22,54.39,67.9,119,2,,
2025-07-25T08:41:50.694+0200,1213,1124,13.604,4782.990,16.77,37.77,43.34,59.21,,-8.07,131.00,-3.89,-25.30,-510,94,27,,,86,,,,,,0,2025-07-25T08:41:50.000+0200,1132,1084,12.270,48.1330050,-2.0306733,19.67,34.45,40.22,54.39,67.9,119,2,,
2025-07-25T08:41:51.293+0200,1213,1124,13.608,4782.993,14.36,37.76,43.32,59.21,,-6.37,131.00,-2.66,-18.79,-348,94,27,,,88,,,,,,0,2025-07-25T08:41:50.000+0200,1133,1085,12.270,48.1330050,-2.0306733,19.67,34.45,40.22,54.39,67.9,119,2,,
2025-07-25T08:41:51.318+0200,1213,1124,13.608,4782.993,14.36,37.76,43.32,59.21,,-6.37,131.00,-2.66,-18.79,-348,94,27,,,88,,,,,,0,2025-07-25T08:41:50.000+0200,1133,1085,12.270,48.1330050,-2.0306733,19.67,34.45,40.22,54.39,67.9,119,2,,
2025-07-25T08:41:51.934+0200,1214,1125,13.610,4782.996,13.10,37.75,43.31,59.21,,-4.43,130.89,-2.92,-21.60,-382,94,27,,,89,,,,,,0,2025-07-25T08:41:51.000+0200,1134,1086,12.274,48.1329900,-2.0306250,13.43,34.43,40.19,54.39,67.7,120,2,,
2025-07-25T08:41:51.955+0200,1214,1125,13.610,4782.996,13.10,37.75,43.31,59.21,,-4.43,130.89,-2.92,-21.60,-382,94,27,,,89,,,,,,0,2025-07-25T08:41:51.000+0200,1134,1086,12.274,48.1329900,-2.0306250,13.43,34.43,40.19,54.39,67.7,120,2,,
2025-07-25T08:41:52.538+0200,1215,1126,13.613,4782.998,10.18,37.73,43.29,59.21,,-6.62,130.89,-2.60,-21.50,-340,94,27,,,91,,,,,,0,2025-07-25T08:41:51.000+0200,1134,1086,12.274,48.1329900,-2.0306250,13.43,34.43,40.19,54.39,67.7,120,2,,
2025-07-25T08:41:52.563+0200,1215,1126,13.613,4782.998,10.18,37.73,43.29,59.21,,-6.62,130.89,-2.60,-21.50,-340,94,27,,,91,,,,,,0,2025-07-25T08:41:51.000+0200,1134,1086,12.274,48.1329900,-2.0306250,13.43,34.43,40.19,54.39,67.7,120,2,,
2025-07-25T08:41:53.173+0200,1215,1126,13.615,4783.000,10.15,37.72,43.27,59.21,,4.05,130.80,11.64,48.20,1523,94,27,,,91,,,,,,0,2025-07-25T08:41:52.000+0200,1135,1087,12.278,48.1329750,-2.0305800,10.67,34.41,40.17,54.39,67.9,112,2,,
2025-07-25T08:41:53.195+0200,1215,1126,13.615,4783.000,10.15,37.72,43.27,59.21,,4.05,130.80,11.64,48.20,1523,94,27,,,91,,,,,,0,2025-07-25T08:41:52.000+0200,1135,1087,12.278,48.1329750,-2.0305800,10.67,34.41,40.17,54.39,67.9,112,2,,
2025-07-25T08:41:53.795+0200,1216,1127,13.616,4783.001,16.19,37.71,43.26,59.21,,13.04,130.30,7.88,26.09,1027,95,27,,,86,,,,,,0,2025-07-25T08:41:53.000+0200,1135,1087,12.281,48.1329683,-2.0305400,11.92,34.39,40.14,54.39,68.0,97,2,,
2025-07-25T08:41:53.817+0200,1216,1127,13.616,4783.001,16.19,37.71,43.26,59.21,,13.04,130.30,7.88,26.09,1027,95,27,,,86,,,,,,0,2025-07-25T08:41:53.000+0200,1135,1087,12.281,48.1329683,-2.0305400,11.92,34.39,40.14,54.39,68.0,97,2,,
2025-07-25T08:41:54.434+0200,1217,1127,13.619,4783.004,19.11,37.70,43.24,59.21,,7.95,129.80,22.55,68.10,2927,95,27,,,84,,,,,,0,2025-07-25T08:41:53.000+0200,1136,1088,12.281,48.1329683,-2.0305400,11.92,34.39,40.14,54.39,68.0,97,2,,
2025-07-25T08:41:54.454+0200,1217,1127,13.619,4783.004,19.11,37.70,43.24,59.21,,7.95,129.80,22.55,68.10,2927,95,27,,,84,,,,,,0,2025-07-25T08:41:53.000+0200,1136,1088,12.281,48.1329683,-2.0305400,11.92,34.39,40.14,54.39,68.0,97,2,,
2025-07-25T08:41:55.035+0200,1217,1128,13.622,4783.008,23.07,37.69,43.23,59.21,,5.07,129.50,9.86,26.59,1277,95,27,,,80,,,,,,0,2025-07-25T08:41:54.000+0200,1137,1089,12.284,48.1329717,-2.0304983,13.49,34.38,40.12,54.39,67.2,69,2,,
2025-07-25T08:41:55.058+0200,1217,1128,13.622,4783.008,23.07,37.69,43.23,59.21,,5.07,129.50,9.86,26.59,1277,95,27,,,80,,,,,,0,2025-07-25T08:41:54.000+0200,1137,1089,12.284,48.1329717,-2.0304983,13.49,34.38,40.12,54.39,67.2,69,2,,
2025-07-25T08:41:55.672+0200,1218,1129,13.626,4783.012,23.32,37.68,43.22,59.21,,-4.50,129.50,5.59,15.00,724,95,27,,,80,,,,,,0,2025-07-25T08:41:55.000+0200,1137,1089,12.290,48.1329767,-2.0304200,17.95,34.36,40.10,54.39,67.5,75,2,,
2025-07-25T08:41:55.694+0200,1218,1129,13.626,4783.012,23.32,37.68,43.22,59.21,,-4.50,129.50,5.59,15.00,724,95,27,,,80,,,,,,0,2025-07-25T08:41:55.000+0200,1137,1089,12.290,48.1329767,-2.0304200,17.95,34.36,40.10,54.39,67.5,75,2,,
2025-07-25T08:41:56.293+0200,1218,1129,13.630,4783.016,27.82,37.68,43.21,59.21,,12.36,129.20,16.56,39.59,2140,95,28,,,76,,,,,,0,2025-07-25T08:41:55.000+0200,1138,1090,12.290,48.1329767,-2.0304200,17.95,34.36,40.10,54.39,67.5,75,2,,
2025-07-25T08:41:56.310+0200,1218,1129,13.630,4783.016,27.82,37.68,43.21,59.21,,12.36,129.20,16.56,39.59,2140,95,28,,,76,,,,,,0,2025-07-25T08:41:55.000+0200,1138,1090,12.290,48.1329767,-2.0304200,17.95,34.36,40.10,54.39,67.5,75,2,,
2025-07-25T08:41:56.914+0200,1219,1130,13.634,4783.021,25.56,37.67,43.20,59.21,,-10.41,129.30,-0.79,-4.00,-102,94,28,,,78,,,,,,0,2025-07-25T08:41:56.000+0200,1139,1091,12.296,48.1329733,-2.0303317,21.13,34.35,40.08,54.39,67.4,92,2,,
2025-07-25T08:41:56.936+0200,1219,1130,13.634,4783.021,25.56,37.67,43.20,59.21,,-10.41,129.30,-0.79,-4.00,-102,94,28,,,78,,,,,,0,2025-07-25T08:41:56.000+0200,1139,1091,12.296,48.1329733,-2.0303317,21.13,34.35,40.08,54.39,67.4,92,2,,
2025-07-25T08:41:57.534+0200,1220,1131,13.639,4783.025,26.60,37.67,43.19,59.21,,0.45,129.59,6.61,16.29,857,94,28,,,77,,,,,,0,2025-07-25T08:41:56.000+0200,1139,1091,12.296,48.1329733,-2.0303317,21.13,34.35,40.08,54.39,67.4,92,2,,
2025-07-25T08:41:57.557+0200,1220,1131,13.639,4783.025,26.60,37.67,43.19,59.21,,0.45,129.59,6.61,16.29,857,94,28,,,77,,,,,,0,2025-07-25T08:41:56.000+0200,1139,1091,12.296,48.1329733,-2.0303317,21.13,34.35,40.08,54.39,67.4,92,2,,
2025-07-25T08:41:58.166+0200,1220,1131,13.644,4783.030,29.41,37.66,43.18,59.21,,6.47,129.50,14.02,32.30,1816,94,28,,,75,,,,,,0,2025-07-25T08:41:57.000+0200,1140,1092,12.304,48.1329667,-2.0302333,23.23,34.34,40.06,54.39,68.0,96,2,,
2025-07-25T08:41:58.189+0200,1220,1131,13.644,4783.030,29.41,37.66,43.18,59.21,,6.47,129.50,14.02,32.30,1816,94,28,,,75,,,,,,0,2025-07-25T08:41:57.000+0200,1140,1092,12.304,48.1329667,-2.0302333,23.23,34.34,40.06,54.39,68.0,96,2,,
2025-07-25T08:41:58.776+0200,1221,1132,13.649,4783.035,29.77,37.66,43.18,59.21,,-1.91,129.50,8.01,18.29,1037,94,28,,,75,,,,,,0,2025-07-25T08:41:58.000+0200,1140,1092,12.312,48.1329383,-2.0301350,24.78,34.34,40.05,54.39,68.6,114,2,,
2025-07-25T08:41:58.798+0200,1221,1132,13.649,4783.035,29.77,37.66,43.18,59.21,,-1.91,129.50,8.01,18.29,1037,94,28,,,75,,,,,,0,2025-07-25T08:41:58.000+0200,1140,1092,12.312,48.1329383,-2.0301350,24.78,34.34,40.05,54.39,68.6,114,2,,
2025-07-25T08:41:59.392+0200,1222,1132,13.654,4783.040,31.64,37.66,43.17,59.21,,2.81,129.50,10.13,22.20,1312,94,28,,,73,,,,,,0,2025-07-25T08:41:58.000+0200,1141,1093,12.312,48.1329383,-2.0301350,24.78,34.34,40.05,54.39,68.6,114,2,,
2025-07-25T08:41:59.415+0200,1222,1132,13.654,4783.040,31.64,37.66,43.17,59.21,,2.81,129.50,10.13,22.20,1312,94,28,,,73,,,,,,0,2025-07-25T08:41:58.000+0200,1141,1093,12.312,48.1329383,-2.0301350,24.78,34.34,40.05,54.39,68.6,114,2,,
2025-07-25T08:42:00.013+0200,1222,1133,13.659,4783.046,32.79,37.65,43.16,59.21,,3.72,129.50,3.46,7.39,448,94,28,,,72,,,,,,0,2025-07-25T08:41:59.000+0200,1142,1094,12.320,48.1329000,-2.0300367,28.77,34.33,40.04,54.39,68.9,120,2,,
2025-07-25T08:42:00.034+0200,1222,1133,13.659,4783.046,32.79,37.65,43.16,59.21,,3.72,129.50,3.46,7.39,448,94,28,,,72,,,,,,0,2025-07-25T08:41:59.000+0200,1142,1094,12.320,48.1329000,-2.0300367,28.77,34.33,40.04,54.39,68.9,120,2,,
2025-07-25T08:42:00.660+0200,1223,1134,13.665,4783.052,32.83,37.65,43.16,59.21,,-1.55,129.70,1.45,3.10,188,94,28,,,72,,,,,,0,2025-07-25T08:42:00.000+0200,1142,1094,12.329,48.1328633,-2.0299333,28.90,34.33,40.03,54.39,68.9,120,2,,
2025-07-25T08:42:00.683+0200,1223,1134,13.665,4783.052,32.83,37.65,43.16,59.21,,-1.55,129.70,1.45,3.10,188,94,28,,,72,,,,,,0,2025-07-25T08:42:00.000+0200,1142,1094,12.329,48.1328633,-2.0299333,28.90,34.33,40.03,54.39,68.9,120,2,,
2025-07-25T08:42:01.274+0200,1223,1134,13.671,4783.057,33.48,37.65,43.15,59.21,,2.27,129.70,7.16,15.10,929,94,28,,,72,,,,,,0,2025-07-25T08:42:00.000+0200,1143,1095,12.329,48.1328633,-2.0299333,28.90,34.33,40.03,54.39,68.9,120,2,,
2025-07-25T08:42:01.299+0200,1223,1134,13.671,4783.057,33.48,37.65,43.15,59.21,,2.27,129.70,7.16,15.10,929,94,28,,,72,,,,,,0,2025-07-25T08:42:00.000+0200,1143,1095,12.329,48.1328633,-2.0299333,28.90,34.33,40.03,54.39,68.9,120,2,,
2025-07-25T08:42:01.893+0200,1224,1135,13.676,4783.063,33.84,37.65,43.15,59.21,,1.45,129.80,5.40,11.30,701,94,28,,,71,,,,,,0,2025-07-25T08:42:01.000+0200,1143,1095,12.337,48.1328250,-2.0298383,26.43,34.32,40.02,54.39,68.8,120,2,,
2025-07-25T08:42:01.917+0200,1224,1135,13.676,4783.063,33.84,37.65,43.15,59.21,,1.45,129.80,5.40,11.30,701,94,28,,,71,,,,,,0,2025-07-25T08:42:01.000+0200,1144,1096,12.337,48.1328250,-2.0298383,26.43,34.32,40.02,54.39,68.8,120,2,,
2025-07-25T08:42:02.518+0200,1225,1136,13.682,4783.069,34.84,37.65,43.14,59.21,,4.07,129.80,4.05,8.30,526,94,27,,,70,,,,,,0,2025-07-25T08:42:01.000+0200,1144,1096,12.337,48.1328250,-2.0298383,26.43,34.32,40.02,54.39,68.8,120,2,,
2025-07-25T08:42:02.540+0200,1225,1136,13.682,4783.069,34.84,37.65,43.14,59.21,,4.07,129.80,4.05,8.30,526,94,27,,,70,,,,,,0,2025-07-25T08:42:01.000+0200,1144,1096,12.337,48.1328250,-2.0298383,26.43,34.32,40.02,54.39,68.8,120,2,,
2025-07-25T08:42:03.134+0200,1225,1136,13.688,4783.075,36.00,37.65,43.14,59.21,,-0.72,129.89,-0.27,-1.10,-35,94,27,,,69,,,,,,0,2025-07-25T08:42:02.000+0200,1145,1097,12.346,48.1327783,-2.0297367,30.74,34.32,40.01,54.39,68.8,125,2,,
2025-07-25T08:42:03.158+0200,1225,1136,13.688,4783.075,36.00,37.65,43.14,59.21,,-0.72,129.89,-0.27,-1.10,-35,94,27,,,69,,,,,,0,2025-07-25T08:42:02.000+0200,1145,1097,12.346,48.1327783,-2.0297367,30.74,34.32,40.01,54.39,68.8,125,2,,
2025-07-25T08:42:03.754+0200,1226,1137,13.694,4783.081,36.14,37.65,43.13,59.21,,0.00,130.00,-3.98,-15.90,-517,95,27,,,69,,,,,,0,2025-07-25T08:42:03.000+0200,1145,1097,12.356,48.1327317,-2.0296350,32.64,34.32,40.00,54.39,68.7,123,2,,
2025-07-25T08:42:03.777+0200,1226,1137,13.694,4783.081,36.14,37.65,43.13,59.21,,0.00,130.00,-3.98,-15.90,-517,95,27,,,69,,,,,,0,2025-07-25T08:42:03.000+0200,1145,1097,12.356,48.1327317,-2.0296350,32.64,34.32,40.00,54.39,68.7,123,2,,
2025-07-25T08:42:04.377+0200,1227,1137,13.701,4783.088,36.03,37.64,43.13,59.21,,3.48,130.20,2.40,4.79,312,95,27,,,70,,,,,,0,2025-07-25T08:42:03.000+0200,1146,1098,12.356,48.1327317,-2.0296350,32.64,34.32,40.00,54.39,68.7,123,2,,
2025-07-25T08:42:04.400+0200,1227,1137,13.701,4783.088,36.03,37.64,43.13,59.21,,3.48,130.20,2.40,4.79,312,95,27,,,70,,,,,,0,2025-07-25T08:42:03.000+0200,1146,1098,12.356,48.1327317,-2.0296350,32.64,34.32,40.00,54.39,68.7,123,2,,
2025-07-25T08:42:04.994+0200,1227,1138,13.707,4783.094,36.75,37.64,43.13,59.21,,3.15,130.20,0.40,0.79,52,95,27,,,69,,,,,,0,2025-07-25T08:42:04.000+0200,1147,1099,12.365,48.1326950,-2.0295267,32.51,34.32,40.00,54.39,68.5,118,2,,
2025-07-25T08:42:05.011+0200,1227,1138,13.707,4783.094,36.75,37.64,43.13,59.21,,3.15,130.20,0.40,0.79,52,95,27,,,69,,,,,,0,2025-07-25T08:42:04.000+0200,1147,1099,12.365,48.1326950,-2.0295267,32.51,34.32,40.00,54.39,68.5,118,2,,
2025-07-25T08:42:05.615+0200,1228,1139,13.713,4783.100,37.36,37.64,43.12,59.21,,1.46,130.20,-0.41,-1.59,-53,95,27,,,68,,,,,,0,2025-07-25T08:42:04.000+0200,1147,1099,12.365,48.1326950,-2.0295267,32.51,34.32,40.00,54.39,68.5,118,2,,
2025-07-25T08:42:05.637+0200,1228,1139,13.713,4783.100,37.36,37.64,43.12,59.21,,1.46,130.20,-0.41,-1.59,-53,95,27,,,68,,,,,,0,2025-07-25T08:42:04.000+0200,1147,1099,12.365,48.1326950,-2.0295267,32.51,34.32,40.00,54.39,68.5,118,2,,
2025-07-25T08:42:06.253+0200,1228,1139,13.719,4783.107,37.43,37.64,43.12,59.21,,-2.36,130.39,-1.38,-5.40,-180,95,27,,,68,,,,,,0,2025-07-25T08:42:05.000+0200,1148,1100,12.374,48.1326550,-2.0294167,31.46,34.31,39.99,54.39,68.4,117,2,,
2025-07-25T08:42:06.275+0200,1228,1139,13.719,4783.107,37.43,37.64,43.12,59.21,,-2.36,130.39,-1.38,-5.40,-180,95,27,,,68,,,,,,0,2025-07-25T08:42:05.000+0200,1148,1100,12.374,48.1326550,-2.0294167,31.46,34.31,39.99,54.39,68.4,117,2,,
2025-07-25T08:42:06.876+0200,1229,1140,13.726,4783.113,36.93,37.64,43.12,59.21,,0.00,130.50,2.80,5.50,365,95,27,,,69,,,,,,0,2025-07-25T08:42:06.000+0200,1148,1100,12.383,48.1326100,-2.0293100,34.05,34.31,39.98,54.39,67.9,126,2,,
2025-07-25T08:42:06.901+0200,1229,1140,13.726,4783.113,36.93,37.64,43.12,59.21,,0.00,130.50,2.80,5.50,365,95,27,,,69,,,,,,0,2025-07-25T08:42:06.000+0200,1148,1100,12.383,48.1326100,-2.0293100,34.05,34.31,39.98,54.39,67.9,126,2,,
2025-07-25T08:42:07.496+0200,1230,1140,13.732,4783.120,37.29,37.64,43.11,59.21,,1.01,130.50,-2.87,-11.20,-375,95,27,,,69,,,,,,0,2025-07-25T08:42:06.000+0200,1149,1101,12.383,48.1326100,-2.0293100,34.05,34.31,39.98,54.39,67.9,126,2,,
2025-07-25T08:42:07.520+0200,1230,1141,13.732,4783.120,37.29,37.64,43.11,59.21,,1.01,130.50,-2.87,-11.20,-375,95,27,,,69,,,,,,0,2025-07-25T08:42:06.000+0200,1149,1101,12.383,48.1326100,-2.0293100,34.05,34.31,39.98,54.39,67.9,126,2,,
2025-07-25T08:42:08.118+0200,1230,1141,13.739,4783.126,37.65,37.64,43.11,59.21,,2.14,130.59,-3.71,-14.40,-484,95,27,,,68,,,,,,0,2025-07-25T08:42:07.000+0200,1150,1102,12.393,48.1325550,-2.0292100,33.97,34.31,39.98,54.39,67.4,132,2,,
2025-07-25T08:42:08.142+0200,1230,1141,13.739,4783.126,37.65,37.64,43.11,59.21,,2.14,130.59,-3.71,-14.40,-484,95,27,,,68,,,,,,0,2025-07-25T08:42:07.000+0200,1150,1102,12.393,48.1325550,-2.0292100,33.97,34.31,39.98,54.39,67.4,132,2,,
2025-07-25T08:42:08.728+0200,1231,1142,13.746,4783.133,37.18,37.64,43.11,59.21,,-0.56,130.59,1.58,3.10,206,95,27,,,69,,,,,,0,2025-07-25T08:42:08.000+0200,1150,1102,12.402,48.1325050,-2.0291100,33.23,34.31,39.97,54.39,67.0,124,2,,
2025-07-25T08:42:08.752+0200,1231,1142,13.746,4783.133,37.18,37.64,43.11,59.21,,-0.56,130.59,1.58,3.10,206,95,27,,,69,,,,,,0,2025-07-25T08:42:08.000+0200,1150,1102,12.402,48.1325050,-2.0291100,33.23,34.31,39.97,54.39,67.0,124,2,,
2025-07-25T08:42:09.377+0200,1231,1142,13.752,4783.139,37.62,37.64,43.10,59.21,,-2.03,130.59,-0.85,-3.30,-111,95,27,,,68,,,,,,0,2025-07-25T08:42:08.000+0200,1151,1103,12.402,48.1325050,-2.0291100,33.23,34.31,39.97,54.39,67.0,124,2,,
2025-07-25T08:42:09.401+0200,1231,1142,13.752,4783.139,37.62,37.64,43.10,59.21,,-2.03,130.59,-0.85,-3.30,-111,95,27,,,68,,,,,,0,2025-07-25T08:42:08.000+0200,1151,1103,12.402,48.1325050,-2.0291100,33.23,34.31,39.97,54.39,67.0,124,2,,
2025-07-25T08:42:09.997+0200,1232,1143,13.758,4783.146,37.29,37.64,43.10,59.21,,-0.48,130.70,-2.51,-9.80,-328,95,27,,,69,,,,,,0,2025-07-25T08:42:09.000+0200,1152,1104,12.412,48.1324600,-2.0290033,34.99,34.31,39.97,54.39,66.4,122,2,,
2025-07-25T08:42:10.021+0200,1232,1143,13.758,4783.146,37.29,37.64,43.10,59.21,,-0.48,130.70,-2.51,-9.80,-328,95,27,,,69,,,,,,0,2025-07-25T08:42:09.000+0200,1152,1104,12.412,48.1324600,-2.0290033,34.99,34.31,39.97,54.39,66.4,122,2,,
2025-07-25T08:42:10.596+0200,1233,1144,13.765,4783.152,36.93,37.64,43.10,59.21,,0.00,130.80,-5.27,-20.70,-689,95,27,,,69,,,,,,0,2025-07-25T08:42:09.000+0200,1152,1104,12.412,48.1324600,-2.0290033,34.99,34.31,39.97,54.39,66.4,122,2,,
2025-07-25T08:42:10.619+0200,1233,1144,13.765,4783.152,36.93,37.64,43.10,59.21,,0.00,130.80,-5.27,-20.70,-689,95,27,,,69,,,,,,0,2025-07-25T08:42:09.000+0200,1152,1104,12.412,48.1324600,-2.0290033,34.99,34.31,39.97,54.39,66.4,122,2,,
2025-07-25T08:42:11.234+0200,1233,1144,13.771,4783.159,36.89,37.64,43.09,59.21,,0.60,130.89,-0.83,-3.30,-109,95,27,,,69,,,,,,0,2025-07-25T08:42:10.000+0200,1153,1105,12.421,48.1324150,-2.0288917,33.48,34.31,39.96,54.39,66.8,120,2,,
2025-07-25T08:42:11.258+0200,1233,1144,13.771,4783.159,36.89,37.64,43.09,59.21,,0.60,130.89,-0.83,-3.30,-109,95,27,,,69,,,,,,0,2025-07-25T08:42:10.000+0200,1153,1105,12.421,48.1324150,-2.0288917,33.48,34.31,39.96,54.39,66.8,120,2,,
2025-07-25T08:42:11.859+0200,1234,1145,13.778,4783.165,36.93,37.64,43.09,59.21,,0.00,130.89,-1.37,-5.40,-179,95,27,,,69,,,,,,0,2025-07-25T08:42:11.000+0200,1153,1105,12.431,48.1323700,-2.0287800,33.50,34.31,39.95,54.39,67.0,119,2,,
2025-07-25T08:42:11.877+0200,1234,1145,13.778,4783.165,36.93,37.64,43.09,59.21,,0.00,130.89,-1.37,-5.40,-179,95,27,,,69,,,,,,0,2025-07-25T08:42:11.000+0200,1153,1105,12.431,48.1323700,-2.0287800,33.50,34.31,39.95,54.39,67.0,119,2,,
2025-07-25T08:42:12.475+0200,1235,1145,13.784,4783.171,36.93,37.64,43.09,59.21,,0.11,130.89,-2.08,-8.20,-272,95,27,,,69,,,,,,0,2025-07-25T08:42:11.000+0200,1154,1106,12.431,48.1323700,-2.0287800,33.50,34.31,39.95,54.39,67.0,119,2,,
2025-07-25T08:42:12.495+0200,1235,1145,13.784,4783.171,36.93,37.64,43.09,59.21,,0.11,130.89,-2.08,-8.20,-272,95,27,,,69,,,,,,0,2025-07-25T08:42:11.000+0200,1154,1106,12.431,48.1323700,-2.0287800,33.50,34.31,39.95,54.39,67.0,119,2,,
2025-07-25T08:42:13.100+0200,1235,1146,13.791,4783.178,37.58,37.64,43.08,59.21,,1.91,130.89,-0.85,-3.30,-111,95,27,,,68,,,,,,0,2025-07-25T08:42:12.000+0200,1155,1107,12.440,48.1323267,-2.0286717,34.00,34.31,39.95,54.39,67.2,121,2,,
2025-07-25T08:42:13.123+0200,1235,1146,13.791,4783.178,37.58,37.64,43.08,59.21,,1.91,130.89,-0.85,-3.30,-111,95,27,,,68,,,,,,0,2025-07-25T08:42:12.000+0200,1155,1107,12.440,48.1323267,-2.0286717,34.00,34.31,39.95,54.39,67.2,121,2,,
2025-07-25T08:42:13.718+0200,1236,1147,13.797,4783.184,37.65,37.64,43.08,59.21,,2.24,130.89,-2.29,-8.89,-300,95,27,,,68,,,,,,0,2025-07-25T08:42:13.000+0200,1155,1107,12.450,48.1322783,-2.0285617,34.06,34.31,39.94,54.39,67.2,122,2,,
2025-07-25T08:42:13.743+0200,1236,1147,13.797,4783.184,37.65,37.64,43.08,59.21,,2.24,130.89,-2.29,-8.89,-300,95,27,,,68,,,,,,0,2025-07-25T08:42:13.000+0200,1155,1107,12.450,48.1322783,-2.0285617,34.06,34.31,39.94,54.39,67.2,122,2,,
2025-07-25T08:42:14.357+0200,1236,1147,13.804,4783.191,36.89,37.64,43.08,59.21,,0.00,130.89,-2.97,-11.70,-389,95,27,,,69,,,,,,0,2025-07-25T08:42:13.000+0200,1156,1108,12.450,48.1322783,-2.0285617,34.06,34.31,39.94,54.39,67.2,122,2,,
2025-07-25T08:42:14.381+0200,1236,1147,13.804,4783.191,36.89,37.64,43.08,59.21,,0.00,130.89,-2.97,-11.70,-389,95,27,,,69,,,,,,0,2025-07-25T08:42:13.000+0200,1156,1108,12.450,48.1322783,-2.0285617,34.06,34.31,39.94,54.39,67.2,122,2,,
2025-07-25T08:42:14.974+0200,1237,1148,13.810,4783.197,36.03,37.64,43.07,59.21,,-2.86,131.00,-4.87,-19.50,-638,95,26,,,70,,,,,,0,2025-07-25T08:42:14.000+0200,1157,1109,12.460,48.1322283,-2.0284467,33.93,34.31,39.94,54.39,67.2,121,2,,
2025-07-25T08:42:14.998+0200,1237,1148,13.810,4783.197,36.03,37.64,43.07,59.21,,-2.86,131.00,-4.87,-19.50,-638,95,26,,,70,,,,,,0,2025-07-25T08:42:14.000+0200,1157,1109,12.460,48.1322283,-2.0284467,33.93,34.31,39.94,54.39,67.2,121,2,,
2025-07-25T08:42:15.597+0200,1238,1149,13.816,4783.204,35.82,37.64,43.07,59.21,,-1.68,131.20,-9.16,-36.80,-1202,95,26,,,70,,,,,,0,2025-07-25T08:42:14.000+0200,1157,1109,12.460,48.1322283,-2.0284467,33.93,34.31,39.94,54.39,67.2,121,2,,
2025-07-25T08:42:15.618+0200,1238,1149,13.816,4783.204,35.82,37.64,43.07,59.21,,-1.68,131.20,-9.16,-36.80,-1202,95,26,,,70,,,,,,0,2025-07-25T08:42:14.000+0200,1157,1109,12.460,48.1322283,-2.0284467,33.93,34.31,39.94,54.39,67.2,121,2,,
2025-07-25T08:42:16.217+0200,1238,1149,13.823,4783.210,33.08,37.64,43.07,59.21,,-5.48,131.50,-9.76,-41.50,-1283,96,26,,,72,,,,,,0,2025-07-25T08:42:15.000+0200,1158,1110,12.470,48.1321783,-2.0283350,32.71,34.31,39.93,54.39,66.8,120,2,,
2025-07-25T08:42:16.243+0200,1238,1149,13.823,4783.210,33.08,37.64,43.07,59.21,,-5.48,131.50,-9.76,-41.50,-1283,96,26,,,72,,,,,,0,2025-07-25T08:42:15.000+0200,1158,1110,12.470,48.1321783,-2.0283350,32.71,34.31,39.93,54.39,66.8,120,2,,
2025-07-25T08:42:16.837+0200,1239,1150,13.829,4783.215,29.95,37.63,43.06,59.21,,-3.15,131.59,-8.26,-37.59,-1087,96,26,,,75,,,,,,0,2025-07-25T08:42:16.000+0200,1158,1110,12.479,48.1321383,-2.0282333,29.18,34.31,39.92,54.39,66.5,120,2,,
2025-07-25T08:42:16.860+0200,1239,1150,13.829,4783.215,29.95,37.63,43.06,59.21,,-3.15,131.59,-8.26,-37.59,-1087,96,26,,,75,,,,,,0,2025-07-25T08:42:16.000+0200,1158,1110,12.479,48.1321383,-2.0282333,29.18,34.31,39.92,54.39,66.5,120,2,,
2025-07-25T08:42:17.458+0200,1240,1150,13.834,4783.221,28.72,37.63,43.05,59.21,,-4.05,131.59,-4.12,-19.29,-542,96,27,,,76,,,,,,0,2025-07-25T08:42:16.000+0200,1159,1111,12.479,48.1321383,-2.0282333,29.18,34.31,39.92,54.39,66.5,120,2,,
2025-07-25T08:42:17.480+0200,1240,1150,13.834,4783.221,28.72,37.63,43.05,59.21,,-4.05,131.59,-4.12,-19.29,-542,96,27,,,76,,,,,,0,2025-07-25T08:42:16.000+0200,1159,1111,12.479,48.1321383,-2.0282333,29.18,34.31,39.92,54.39,66.5,120,2,,
2025-07-25T08:42:18.097+0200,1240,1151,13.839,4783.226,27.54,37.62,43.04,59.21,,0.12,131.59,-3.40,-16.40,-447,96,27,,,77,,,,,,0,2025-07-25T08:42:17.000+0200,1160,1112,12.487,48.1321100,-2.0281383,27.88,34.30,39.91,54.39,66.2,112,2,,
2025-07-25T08:42:18.118+0200,1240,1151,13.839,4783.226,27.54,37.62,43.04,59.21,,0.12,131.59,-3.40,-16.40,-447,96,27,,,77,,,,,,0,2025-07-25T08:42:17.000+0200,1160,1112,12.487,48.1321100,-2.0281383,27.88,34.30,39.91,54.39,66.2,112,2,,
2025-07-25T08:42:18.697+0200,1241,1152,13.844,4783.230,26.09,37.62,43.03,59.21,,-3.50,131.50,-2.48,-12.40,-326,96,27,,,78,,,,,,0,2025-07-25T08:42:18.000+0200,1160,1112,12.494,48.1320883,-2.0280433,26.49,34.30,39.90,54.39,65.8,103,2,,
2025-07-25T08:42:18.719+0200,1241,1152,13.844,4783.230,26.09,37.62,43.03,59.21,,-3.50,131.50,-2.48,-12.40,-326,96,27,,,78,,,,,,0,2025-07-25T08:42:18.000+0200,1160,1112,12.494,48.1320883,-2.0280433,26.49,34.30,39.90,54.39,65.8,103,2,,
2025-07-25T08:42:19.337+0200,1241,1152,13.849,4783.235,25.63,37.61,43.03,59.21,,0.96,131.30,8.48,21.40,1113,96,27,,,78,,,,,,0,2025-07-25T08:42:18.000+0200,1161,1113,12.494,48.1320883,-2.0280433,26.49,34.30,39.90,54.39,65.8,103,2,,
2025-07-25T08:42:19.362+0200,1241,1152,13.849,4783.235,25.63,37.61,43.03,59.21,,0.96,131.30,8.48,21.40,1113,96,27,,,78,,,,,,0,2025-07-25T08:42:18.000+0200,1161,1113,12.494,48.1320883,-2.0280433,26.49,34.30,39.90,54.39,65.8,103,2,,
2025-07-25T08:42:19.956+0200,1242,1153,13.853,4783.239,27.32,37.60,43.01,59.21,,63.93,130.89,13.38,32.39,1751,96,27,,,77,,,,,,0,2025-07-25T08:42:19.000+0200,1162,1114,12.501,48.1320800,-2.0279600,20.82,34.29,39.88,54.39,65.3,92,2,,
2025-07-25T08:42:19.978+0200,1242,1153,13.853,4783.239,27.32,37.60,43.01,59.21,,63.93,130.89,13.38,32.39,1751,96,27,,,77,,,,,,0,2025-07-25T08:42:19.000+0200,1162,1114,12.501,48.1320800,-2.0279600,20.82,34.29,39.88,54.39,65.3,92,2,,
2025-07-25T08:42:20.577+0200,1243,1154,13.858,4783.244,29.70,37.60,43.00,59.21,,3.15,130.50,10.13,23.20,1322,96,27,,,75,,,,,,0,2025-07-25T08:42:19.000+0200,1162,1114,12.501,48.1320800,-2.0279600,20.82,34.29,39.88,54.39,65.3,92,2,,
2025-07-25T08:42:20.601+0200,1243,1154,13.858,4783.244,29.70,37.60,43.00,59.21,,3.15,130.50,10.13,23.20,1322,96,27,,,75,,,,,,0,2025-07-25T08:42:19.000+0200,1162,1114,12.501,48.1320800,-2.0279600,20.82,34.29,39.88,54.39,65.3,92,2,,
2025-07-25T08:42:21.197+0200,1243,1154,13.863,4783.250,30.85,37.60,43.00,59.21,,0.34,130.20,11.30,25.20,1471,96,27,,,74,,,,,,0,2025-07-25T08:42:20.000+0200,1163,1115,12.507,48.1320917,-2.0278767,24.22,34.28,39.87,54.39,64.8,75,2,,
2025-07-25T08:42:21.220+0200,1243,1154,13.863,4783.250,30.85,37.60,43.00,59.21,,0.34,130.20,11.30,25.20,1471,96,27,,,74,,,,,,0,2025-07-25T08:42:20.000+0200,1163,1115,12.507,48.1320917,-2.0278767,24.22,34.28,39.87,54.39,64.8,75,2,,
2025-07-25T08:42:21.816+0200,1244,1155,13.868,4783.255,33.76,37.60,42.99,59.21,,6.48,129.89,13.37,28.00,1737,96,27,,,71,,,,,,0,2025-07-25T08:42:21.000+0200,1163,1115,12.514,48.1321200,-2.0277883,29.10,34.27,39.86,54.39,63.9,69,2,,
2025-07-25T08:42:21.837+0200,1244,1155,13.868,4783.255,33.76,37.60,42.99,59.21,,6.48,129.89,13.37,28.00,1737,96,27,,,71,,,,,,0,2025-07-25T08:42:21.000+0200,1163,1115,12.514,48.1321200,-2.0277883,29.10,34.27,39.86,54.39,63.9,69,2,,
2025-07-25T08:42:22.434+0200,1245,1155,13.874,4783.261,33.91,37.59,42.99,59.21,,-2.03,129.89,4.02,8.39,522,96,27,,,71,,,,,,0,2025-07-25T08:42:21.000+0200,1164,1116,12.514,48.1321200,-2.0277883,29.10,34.27,39.86,54.39,63.9,69,2,,
2025-07-25T08:42:22.458+0200,1245,1155,13.874,4783.261,33.91,37.59,42.99,59.21,,-2.03,129.89,4.02,8.39,522,96,27,,,71,,,,,,0,2025-07-25T08:42:21.000+0200,1164,1116,12.514,48.1321200,-2.0277883,29.10,34.27,39.86,54.39,63.9,69,2,,
2025-07-25T08:42:23.077+0200,1245,1156,13.880,4783.267,35.82,37.59,42.98,59.21,,7.10,129.89,10.36,20.80,1346,96,27,,,70,,,,,,0,2025-07-25T08:42:22.000+0200,1165,1117,12.522,48.1321483,-2.0276867,31.41,34.27,39.85,54.39,63.5,72,2,,
2025-07-25T08:42:23.101+0200,1245,1156,13.880,4783.267,35.82,37.59,42.98,59.21,,7.10,129.89,10.36,20.80,1346,96,27,,,70,,,,,,0,2025-07-25T08:42:22.000+0200,1165,1117,12.522,48.1321483,-2.0276867,31.41,34.27,39.85,54.39,63.5,72,2,,
2025-07-25T08:42:23.673+0200,1246,1157,13.886,4783.273,35.13,37.59,42.98,59.21,,-2.93,129.80,12.33,25.10,1600,96,27,,,70,,,,,,0,2025-07-25T08:42:23.000+0200,1165,1117,12.531,48.1321883,-2.0275833,33.20,34.27,39.84,54.39,62.8,58,2,,
2025-07-25T08:42:23.698+0200,1246,1157,13.886,4783.273,35.13,37.59,42.98,59.21,,-2.93,129.80,12.33,25.10,1600,96,27,,,70,,,,,,0,2025-07-25T08:42:23.000+0200,1165,1117,12.531,48.1321883,-2.0275833,33.20,34.27,39.84,54.39,62.8,58,2,,
2025-07-25T08:42:24.295+0200,1246,1157,13.892,4783.279,36.07,37.59,42.98,59.21,,-0.56,129.70,9.01,18.00,1169,96,27,,,69,,,,,,0,2025-07-25T08:42:23.000+0200,1166,1118,12.531,48.1321883,-2.0275833,33.20,34.27,39.84,54.39,62.8,58,2,,
2025-07-25T08:42:24.320+0200,1246,1157,13.892,4783.279,36.07,37.59,42.98,59.21,,-0.56,129.70,9.01,18.00,1169,96,27,,,69,,,,,,0,2025-07-25T08:42:23.000+0200,1166,1118,12.531,48.1321883,-2.0275833,33.20,34.27,39.84,54.39,62.8,58,2,,
2025-07-25T08:42:24.944+0200,1247,1158,13.898,4783.285,37.80,37.59,42.97,59.21,,2.99,129.59,6.88,13.29,892,96,27,,,68,,,,,,0,2025-07-25T08:42:24.000+0200,1167,1119,12.540,48.1322333,-2.0274833,34.39,34.27,39.84,54.39,62.2,61,2,,
2025-07-25T08:42:24.967+0200,1247,1158,13.898,4783.285,37.80,37.59,42.97,59.21,,2.99,129.59,6.88,13.29,892,96,27,,,68,,,,,,0,2025-07-25T08:42:24.000+0200,1167,1119,12.540,48.1322333,-2.0274833,34.39,34.27,39.84,54.39,62.2,61,2,,
2025-07-25T08:42:25.549+0200,1248,1159,13.905,4783.292,37.72,37.59,42.97,59.21,,0.00,129.70,4.08,7.89,529,96,27,,,68,,,,,,0,2025-07-25T08:42:24.000+0200,1167,1119,12.540,48.1322333,-2.0274833,34.39,34.27,39.84,54.39,62.2,61,2,,
2025-07-25T08:42:25.571+0200,1248,1159,13.905,4783.292,37.72,37.59,42.97,59.21,,0.00,129.70,4.08,7.89,529,96,27,,,68,,,,,,0,2025-07-25T08:42:24.000+0200,1167,1119,12.540,48.1322333,-2.0274833,34.39,34.27,39.84,54.39,62.2,61,2,,
2025-07-25T08:42:26.173+0200,1248,1159,13.911,4783.298,37.65,37.59,42.97,59.21,,1.01,129.80,5.06,9.80,657,96,27,,,68,,,,,,0,2025-07-25T08:42:25.000+0200,1168,1120,12.550,48.1322850,-2.0273733,33.62,34.27,39.83,54.39,61.2,56,2,,
2025-07-25T08:42:26.197+0200,1248,1159,13.911,4783.298,37.65,37.59,42.97,59.21,,1.01,129.80,5.06,9.80,657,96,27,,,68,,,,,,0,2025-07-25T08:42:25.000+0200,1168,1120,12.550,48.1322850,-2.0273733,33.62,34.27,39.83,54.39,61.2,56,2,,
2025-07-25T08:42:26.798+0200,1249,1160,13.918,4783.305,38.01,37.59,42.96,59.21,,2.14,129.80,7.64,14.70,992,96,27,,,68,,,,,,0,2025-07-25T08:42:26.000+0200,1168,1120,12.560,48.1323433,-2.0272783,33.49,34.27,39.83,54.39,60.6,53,2,,
2025-07-25T08:42:26.823+0200,1249,1160,13.918,4783.305,38.01,37.59,42.96,59.21,,2.14,129.80,7.64,14.70,992,96,27,,,68,,,,,,0,2025-07-25T08:42:26.000+0200,1168,1120,12.560,48.1323433,-2.0272783,33.49,34.27,39.83,54.39,60.6,53,2,,
2025-07-25T08:42:27.417+0200,1250,1160,13.924,4783.312,37.80,37.59,42.96,59.21,,-1.13,129.80,8.08,15.60,1049,96,27,,,68,,,,,,0,2025-07-25T08:42:26.000+0200,1169,1121,12.560,48.1323433,-2.0272783,33.49,34.27,39.83,54.39,60.6,53,2,,
2025-07-25T08:42:27.434+0200,1250,1160,13.924,4783.312,37.80,37.59,42.96,59.21,,-1.13,129.80,8.08,15.60,1049,96,27,,,68,,,,,,0,2025-07-25T08:42:26.000+0200,1169,1121,12.560,48.1323433,-2.0272783,33.49,34.27,39.83,54.39,60.6,53,2,,
2025-07-25T08:42:28.077+0200,1250,1161,13.931,4783.318,37.83,37.59,42.96,59.21,,-1.92,129.80,0.82,1.59,106,96,27,,,68,,,,,,0,2025-07-25T08:42:27.000+0200,1170,1122,12.570,48.1323983,-2.0271767,35.23,34.27,39.82,54.39,60.2,54,2,,
2025-07-25T08:42:28.098+0200,1250,1161,13.931,4783.318,37.83,37.59,42.96,59.21,,-1.92,129.80,0.82,1.59,106,96,27,,,68,,,,,,0,2025-07-25T08:42:27.000+0200,1170,1122,12.570,48.1323983,-2.0271767,35.23,34.27,39.82,54.39,60.2,54,2,,
2025-07-25T08:42:28.655+0200,1251,1162,13.937,4783.325,37.00,37.59,42.95,59.21,,0.22,129.89,9.84,19.29,1278,96,27,,,69,,,,,,0,2025-07-25T08:42:28.000+0200,1170,1122,12.579,48.1324483,-2.0270733,32.95,34.27,39.82,54.39,60.0,58,2,,
2025-07-25T08:42:28.679+0200,1251,1162,13.937,4783.325,37.00,37.59,42.95,59.21,,0.22,129.89,9.84,19.29,1278,96,27,,,69,,,,,,0,2025-07-25T08:42:28.000+0200,1170,1122,12.579,48.1324483,-2.0270733,32.95,34.27,39.82,54.39,60.0,58,2,,
2025-07-25T08:42:29.277+0200,1251,1162,13.944,4783.331,37.80,37.59,42.95,59.21,,2.12,129.80,15.22,29.40,1976,96,27,,,68,,,,,,0,2025-07-25T08:42:28.000+0200,1171,1123,12.579,48.1324483,-2.0270733,32.95,34.27,39.82,54.39,60.0,58,2,,
2025-07-25T08:42:29.301+0200,1251,1162,13.944,4783.331,37.80,37.59,42.95,59.21,,2.12,129.80,15.22,29.40,1976,96,27,,,68,,,,,,0,2025-07-25T08:42:28.000+0200,1171,1123,12.579,48.1324483,-2.0270733,32.95,34.27,39.82,54.39,60.0,58,2,,
2025-07-25T08:42:29.917+0200,1252,1163,13.950,4783.338,37.58,37.59,42.95,59.21,,0.56,129.70,11.09,21.50,1438,96,27,,,68,,,,,,0,2025-07-25T08:42:29.000+0200,1172,1124,12.588,48.1324983,-2.0269733,34.50,34.27,39.81,54.39,59.7,55,2,,
2025-07-25T08:42:29.939+0200,1252,1163,13.950,4783.338,37.58,37.59,42.95,59.21,,0.56,129.70,11.09,21.50,1438,96,27,,,68,,,,,,0,2025-07-25T08:42:29.000+0200,1172,1124,12.588,48.1324983,-2.0269733,34.50,34.27,39.81,54.39,59.7,55,2,,
2025-07-25T08:42:30.532+0200,1253,1164,13.957,4783.344,37.94,37.59,42.95,59.21,,-1.35,129.70,6.49,12.50,842,96,27,,,68,,,,,,0,2025-07-25T08:42:29.000+0200,1172,1124,12.588,48.1324983,-2.0269733,34.50,34.27,39.81,54.39,59.7,55,2,,
2025-07-25T08:42:30.554+0200,1253,1164,13.957,4783.344,37.94,37.59,42.95,59.21,,-1.35,129.70,6.49,12.50,842,96,27,,,68,,,,,,0,2025-07-25T08:42:29.000+0200,1172,1124,12.588,48.1324983,-2.0269733,34.50,34.27,39.81,54.39,59.7,55,2,,
2025-07-25T08:42:31.155+0200,1253,1164,13.963,4783.351,37.43,37.59,42.94,59.21,,-0.34,129.70,8.53,16.60,1106,96,27,,,68,,,,,,0,2025-07-25T08:42:30.000+0200,1173,1125,12.598,48.1325517,-2.0268700,34.42,34.27,39.81,54.39,59.5,56,2,,
2025-07-25T08:42:31.178+0200,1253,1164,13.963,4783.351,37.43,37.59,42.94,59.21,,-0.34,129.70,8.53,16.60,1106,96,27,,,68,,,,,,0,2025-07-25T08:42:30.000+0200,1173,1125,12.598,48.1325517,-2.0268700,34.42,34.27,39.81,54.39,59.5,56,2,,
2025-07-25T08:42:31.775+0200,1254,1165,13.970,4783.357,38.01,37.59,42.94,59.21,,-0.79,129.70,5.04,9.70,654,96,27,,,68,,,,,,0,2025-07-25T08:42:31.000+0200,1173,1125,12.608,48.1326033,-2.0267633,35.82,34.27,39.81,54.39,59.4,57,2,,
2025-07-25T08:42:31.798+0200,1254,1165,13.970,4783.357,38.01,37.59,42.94,59.21,,-0.79,129.70,5.04,9.70,654,96,27,,,68,,,,,,0,2025-07-25T08:42:31.000+0200,1173,1125,12.608,48.1326033,-2.0267633,35.82,34.27,39.81,54.39,59.4,57,2,,
2025-07-25T08:42:32.397+0200,1255,1165,13.977,4783.364,36.93,37.59,42.94,59.21,,0.00,129.70,11.91,23.40,1545,96,27,,,69,,,,,,0,2025-07-25T08:42:31.000+0200,1174,1126,12.608,48.1326033,-2.0267633,35.82,34.27,39.81,54.39,59.4,57,2,,
2025-07-25T08:42:32.420+0200,1255,1165,13.977,4783.364,36.93,37.59,42.94,59.21,,0.00,129.70,11.91,23.40,1545,96,27,,,69,,,,,,0,2025-07-25T08:42:31.000+0200,1174,1126,12.608,48.1326033,-2.0267633,35.82,34.27,39.81,54.39,59.4,57,2,,
2025-07-25T08:42:33.014+0200,1255,1166,13.983,4783.370,37.98,37.59,42.93,59.21,,2.59,129.59,8.05,15.50,1043,96,26,,,68,,,,,,0,2025-07-25T08:42:32.000+0200,1175,1127,12.618,48.1326550,-2.0266600,31.67,34.27,39.80,54.39,59.1,53,2,,
2025-07-25T08:42:33.038+0200,1255,1166,13.983,4783.370,37.98,37.59,42.93,59.21,,2.59,129.59,8.05,15.50,1043,96,26,,,68,,,,,,0,2025-07-25T08:42:32.000+0200,1175,1127,12.618,48.1326550,-2.0266600,31.67,34.27,39.80,54.39,59.1,53,2,,
2025-07-25T08:42:33.668+0200,1256,1167,13.990,4783.377,37.18,37.59,42.93,59.21,,-0.84,129.59,10.08,19.69,1306,96,26,,,68,,,,,,0,2025-07-25T08:42:33.000+0200,1175,1127,12.627,48.1327033,-2.0265550,34.60,34.27,39.79,54.39,59.0,57,2,,
2025-07-25T08:42:33.691+0200,1256,1167,13.990,4783.377,37.18,37.59,42.93,59.21,,-0.84,129.59,10.08,19.69,1306,96,26,,,68,,,,,,0,2025-07-25T08:42:33.000+0200,1175,1127,12.627,48.1327033,-2.0265550,34.60,34.27,39.79,54.39,59.0,57,2,,
2025-07-25T08:42:34.275+0200,1256,1167,13.996,4783.383,36.57,37.59,42.93,59.21,,-5.14,129.70,0.85,1.70,110,96,26,,,69,,,,,,0,2025-07-25T08:42:33.000+0200,1176,1128,12.627,48.1327033,-2.0265550,34.60,34.27,39.79,54.39,59.0,57,2,,
2025-07-25T08:42:34.299+0200,1256,1167,13.996,4783.383,36.57,37.59,42.93,59.21,,-5.14,129.70,0.85,1.70,110,96,26,,,69,,,,,,0,2025-07-25T08:42:33.000+0200,1176,1128,12.627,48.1327033,-2.0265550,34.60,34.27,39.79,54.39,59.0,57,2,,
2025-07-25T08:42:34.896+0200,1257,1168,14.003,4783.390,36.18,37.59,42.93,59.21,,-0.60,129.80,6.32,12.60,820,96,26,,,69,,,,,,0,2025-07-25T08:42:34.000+0200,1176,1128,12.637,48.1327517,-2.0264433,32.09,34.27,39.79,54.39,59.2,56,2,,
2025-07-25T08:42:34.919+0200,1257,1168,14.003,4783.390,36.18,37.59,42.93,59.21,,-0.60,129.80,6.32,12.60,820,96,26,,,69,,,,,,0,2025-07-25T08:42:34.000+0200,1177,1129,12.637,48.1327517,-2.0264433,32.09,34.27,39.79,54.39,59.2,56,2,,
2025-07-25T08:42:35.517+0200,1258,1168,14.009,4783.396,36.89,37.59,42.92,59.21,,3.95,129.70,10.07,19.79,1306,96,26,,,69,,,,,,0,2025-07-25T08:42:34.000+0200,1177,1129,12.637,48.1327517,-2.0264433,32.09,34.27,39.79,54.39,59.2,56,2,,
2025-07-25T08:42:35.537+0200,1258,1169,14.009,4783.396,36.89,37.59,42.92,59.21,,3.95,129.70,10.07,19.79,1306,96,26,,,69,,,,,,0,2025-07-25T08:42:34.000+0200,1177,1129,12.637,48.1327517,-2.0264433,32.09,34.27,39.79,54.39,59.2,56,2,,
2025-07-25T08:42:36.134+0200,1258,1169,14.015,4783.402,37.87,37.59,42.92,59.21,,3.24,129.70,7.15,13.79,927,96,26,,,68,,,,,,0,2025-07-25T08:42:35.000+0200,1178,1130,12.646,48.1327900,-2.0263400,32.02,34.27,39.78,54.39,59.5,65,2,,
2025-07-25T08:42:36.157+0200,1258,1169,14.015,4783.402,37.87,37.59,42.92,59.21,,3.24,129.70,7.15,13.79,927,96,26,,,68,,,,,,0,2025-07-25T08:42:35.000+0200,1178,1130,12.646,48.1327900,-2.0263400,32.02,34.27,39.78,54.39,59.5,65,2,,
2025-07-25T08:42:36.757+0200,1259,1170,14.022,4783.409,38.01,37.59,42.92,59.21,,-0.90,129.70,6.65,12.79,863,96,26,,,68,,,,,,0,2025-07-25T08:42:36.000+0200,1178,1130,12.655,48.1328200,-2.0262283,33.61,34.26,39.77,54.39,59.5,74,2,,
2025-07-25T08:42:36.779+0200,1259,1170,14.022,4783.409,38.01,37.59,42.92,59.21,,-0.90,129.70,6.65,12.79,863,96,26,,,68,,,,,,0,2025-07-25T08:42:36.000+0200,1178,1130,12.655,48.1328200,-2.0262283,33.61,34.26,39.77,54.39,59.5,74,2,,
2025-07-25T08:42:37.381+0200,1260,1170,14.028,4783.415,37.80,37.59,42.91,59.21,,2.17,129.80,6.52,12.60,846,96,26,,,68,,,,,,0,2025-07-25T08:42:36.000+0200,1179,1131,12.655,48.1328200,-2.0262283,33.61,34.26,39.77,54.39,59.5,74,2,,
2025-07-25T08:42:37.405+0200,1260,1170,14.028,4783.415,37.80,37.59,42.91,59.21,,2.17,129.80,6.52,12.60,846,96,26,,,68,,,,,,0,2025-07-25T08:42:36.000+0200,1179,1131,12.655,48.1328200,-2.0262283,33.61,34.26,39.77,54.39,59.5,74,2,,
2025-07-25T08:42:37.998+0200,1260,1171,14.035,4783.422,37.80,37.59,42.91,59.21,,1.02,129.89,1.13,2.20,147,96,26,,,68,,,,,,0,2025-07-25T08:42:37.000+0200,1180,1132,12.664,48.1328467,-2.0261117,35.14,34.27,39.77,54.39,59.0,74,2,,
2025-07-25T08:42:38.023+0200,1260,1171,14.035,4783.422,37.80,37.59,42.91,59.21,,1.02,129.89,1.13,2.20,147,96,26,,,68,,,,,,0,2025-07-25T08:42:37.000+0200,1180,1132,12.664,48.1328467,-2.0261117,35.14,34.27,39.77,54.39,59.0,74,2,,
2025-07-25T08:42:38.634+0200,1261,1172,14.041,4783.429,36.93,37.59,42.91,59.21,,-0.36,130.09,3.46,6.80,450,96,26,,,69,,,,,,0,2025-07-25T08:42:37.000+0200,1180,1132,12.664,48.1328467,-2.0261117,35.14,34.27,39.77,54.39,59.0,74,2,,
2025-07-25T08:42:38.661+0200,1261,1172,14.041,4783.429,36.93,37.59,42.91,59.21,,-0.36,130.09,3.46,6.80,450,96,26,,,69,,,,,,0,2025-07-25T08:42:37.000+0200,1180,1132,12.664,48.1328467,-2.0261117,35.14,34.27,39.77,54.39,59.0,74,2,,
2025-07-25T08:42:39.253+0200,1261,1172,14.048,4783.435,36.64,37.59,42.90,59.21,,3.38,130.20,0.65,1.30,85,96,26,,,69,,,,,,0,2025-07-25T08:42:38.000+0200,1181,1133,12.674,48.1328733,-2.0259850,34.81,34.27,39.77,54.39,58.7,74,2,,
2025-07-25T08:42:39.278+0200,1261,1172,14.048,4783.435,36.64,37.59,42.90,59.21,,3.38,130.20,0.65,1.30,85,96,26,,,69,,,,,,0,2025-07-25T08:42:38.000+0200,1181,1133,12.674,48.1328733,-2.0259850,34.81,34.27,39.77,54.39,58.7,74,2,,
2025-07-25T08:42:39.878+0200,1262,1173,14.054,4783.441,36.82,37.59,42.90,59.21,,-0.11,130.30,-4.19,-16.50,-546,96,26,,,69,,,,,,0,2025-07-25T08:42:39.000+0200,1181,1133,12.683,48.1328900,-2.0258617,32.47,34.26,39.76,54.39,58.3,80,2,,
2025-07-25T08:42:39.902+0200,1262,1173,14.054,4783.441,36.82,37.59,42.90,59.21,,-0.11,130.30,-4.19,-16.50,-546,96,26,,,69,,,,,,0,2025-07-25T08:42:39.000+0200,1181,1133,12.683,48.1328900,-2.0258617,32.47,34.26,39.76,54.39,58.3,80,2,,
2025-07-25T08:42:40.502+0200,1263,1173,14.060,4783.448,32.90,37.59,42.90,59.21,,-6.30,130.70,-6.89,-29.40,-901,96,26,,,72,,,,,,0,2025-07-25T08:42:39.000+0200,1182,1134,12.683,48.1328900,-2.0258617,32.47,34.26,39.76,54.39,58.3,80,2,,
2025-07-25T08:42:40.529+0200,1263,1174,14.060,4783.448,32.90,37.59,42.90,59.21,,-6.30,130.70,-6.89,-29.40,-901,96,26,,,72,,,,,,0,2025-07-25T08:42:39.000+0200,1182,1134,12.683,48.1328900,-2.0258617,32.47,34.26,39.76,54.39,58.3,80,2,,
2025-07-25T08:42:41.116+0200,1263,1174,14.067,4783.453,31.42,37.58,42.89,59.21,,-0.34,130.89,-5.08,-22.40,-665,96,26,,,74,,,,,,0,2025-07-25T08:42:40.000+0200,1183,1135,12.692,48.1329033,-2.0257450,29.97,34.26,39.75,54.39,57.8,83,2,,
2025-07-25T08:42:41.140+0200,1263,1174,14.067,4783.453,31.42,37.58,42.89,59.21,,-0.34,130.89,-5.08,-22.40,-665,96,26,,,74,,,,,,0,2025-07-25T08:42:40.000+0200,1183,1135,12.692,48.1329033,-2.0257450,29.97,34.26,39.75,54.39,57.8,83,2,,
2025-07-25T08:42:41.738+0200,1264,1175,14.072,4783.459,29.33,37.58,42.88,59.21,,-4.50,131.09,-4.46,-20.60,-585,96,26,,,75,,,,,,0,2025-07-25T08:42:41.000+0200,1183,1135,12.700,48.1329067,-2.0256367,27.16,34.26,39.74,54.39,57.3,92,2,,
2025-07-25T08:42:41.762+0200,1264,1175,14.072,4783.459,29.33,37.58,42.88,59.21,,-4.50,131.09,-4.46,-20.60,-585,96,26,,,75,,,,,,0,2025-07-25T08:42:41.000+0200,1183,1135,12.700,48.1329067,-2.0256367,27.16,34.26,39.74,54.39,57.3,92,2,,
2025-07-25T08:42:42.375+0200,1264,1175,14.078,4783.464,28.90,37.58,42.88,59.21,,-0.12,131.09,-0.08,-0.39,-10,96,26,,,76,,,,,,0,2025-07-25T08:42:41.000+0200,1184,1136,12.700,48.1329067,-2.0256367,27.16,34.26,39.74,54.39,57.3,92,2,,
2025-07-25T08:42:42.400+0200,1264,1175,14.078,4783.464,28.90,37.58,42.88,59.21,,-0.12,131.09,-0.08,-0.39,-10,96,26,,,76,,,,,,0,2025-07-25T08:42:41.000+0200,1184,1136,12.700,48.1329067,-2.0256367,27.16,34.26,39.74,54.39,57.3,92,2,,
2025-07-25T08:42:43.008+0200,1265,1176,14.083,4783.469,30.06,37.57,42.87,59.21,,3.73,130.89,4.71,10.70,616,96,26,,,75,,,,,,0,2025-07-25T08:42:42.000+0200,1185,1137,12.707,48.1328950,-2.0255433,25.37,34.25,39.73,54.39,57.0,100,2,,
2025-07-25T08:42:43.033+0200,1265,1176,14.083,4783.469,30.06,37.57,42.87,59.21,,3.73,130.89,4.71,10.70,616,96,26,,,75,,,,,,0,2025-07-25T08:42:42.000+0200,1185,1137,12.707,48.1328950,-2.0255433,25.37,34.25,39.73,54.39,57.0,100,2,,
2025-07-25T08:42:43.637+0200,1266,1177,14.088,4783.474,31.89,37.57,42.86,59.21,,4.24,130.59,10.32,22.50,1348,96,26,,,73,,,,,,0,2025-07-25T08:42:42.000+0200,1185,1137,12.707,48.1328950,-2.0255433,25.37,34.25,39.73,54.39,57.0,100,2,,
2025-07-25T08:42:43.659+0200,1266,1177,14.088,4783.474,31.89,37.57,42.86,59.21,,4.24,130.59,10.32,22.50,1348,96,26,,,73,,,,,,0,2025-07-25T08:42:42.000+0200,1185,1137,12.707,48.1328950,-2.0255433,25.37,34.25,39.73,54.39,57.0,100,2,,
2025-07-25T08:42:44.254+0200,1266,1177,14.093,4783.480,32.61,37.57,42.86,59.21,,2.39,130.50,3.86,8.30,504,96,26,,,72,,,,,,0,2025-07-25T08:42:43.000+0200,1186,1138,12.714,48.1328750,-2.0254550,25.68,34.24,39.72,54.39,56.5,106,2,,
2025-07-25T08:42:44.278+0200,1266,1177,14.093,4783.480,32.61,37.57,42.86,59.21,,2.39,130.50,3.86,8.30,504,96,26,,,72,,,,,,0,2025-07-25T08:42:43.000+0200,1186,1138,12.714,48.1328750,-2.0254550,25.68,34.24,39.72,54.39,56.5,106,2,,
2025-07-25T08:42:44.854+0200,1267,1178,14.099,4783.486,31.53,37.56,42.85,59.21,,-3.82,130.50,6.37,14.00,831,96,26,,,73,,,,,,0,2025-07-25T08:42:44.000+0200,1186,1138,12.722,48.1328267,-2.0253767,28.39,34.24,39.71,54.39,56.3,123,2,,
2025-07-25T08:42:44.879+0200,1267,1178,14.099,4783.486,31.53,37.56,42.85,59.21,,-3.82,130.50,6.37,14.00,831,96,26,,,73,,,,,,0,2025-07-25T08:42:44.000+0200,1186,1138,12.722,48.1328267,-2.0253767,28.39,34.24,39.71,54.39,56.3,123,2,,
2025-07-25T08:42:45.504+0200,1268,1178,14.104,4783.491,32.97,37.56,42.85,59.21,,-0.48,130.39,3.75,8.00,489,96,26,,,72,,,,,,0,2025-07-25T08:42:44.000+0200,1187,1139,12.722,48.1328267,-2.0253767,28.39,34.24,39.71,54.39,56.3,123,2,,
2025-07-25T08:42:45.532+0200,1268,1179,14.104,4783.491,32.97,37.56,42.85,59.21,,-0.48,130.39,3.75,8.00,489,96,26,,,72,,,,,,0,2025-07-25T08:42:44.000+0200,1187,1139,12.722,48.1328267,-2.0253767,28.39,34.24,39.71,54.39,56.3,123,2,,
2025-07-25T08:42:46.092+0200,1268,1179,14.110,4783.497,34.34,37.56,42.84,59.21,,0.67,130.39,2.61,5.40,340,96,26,,,71,,,,,,0,2025-07-25T08:42:45.000+0200,1188,1140,12.730,48.1327783,-2.0252917,29.01,34.23,39.70,54.39,56.0,124,2,,
2025-07-25T08:42:46.113+0200,1268,1179,14.110,4783.497,34.34,37.56,42.84,59.21,,0.67,130.39,2.61,5.40,340,96,26,,,71,,,,,,0,2025-07-25T08:42:45.000+0200,1188,1140,12.730,48.1327783,-2.0252917,29.01,34.23,39.70,54.39,56.0,124,2,,
2025-07-25T08:42:46.737+0200,1269,1180,14.116,4783.503,33.01,37.56,42.84,59.21,,-4.99,130.50,-0.39,-1.70,-51,96,26,,,72,,,,,,0,2025-07-25T08:42:46.000+0200,1188,1140,12.738,48.1327317,-2.0252167,27.92,34.23,39.69,54.39,55.9,132,2,,
2025-07-25T08:42:46.761+0200,1269,1180,14.116,4783.503,33.01,37.56,42.84,59.21,,-4.99,130.50,-0.39,-1.70,-51,96,26,,,72,,,,,,0,2025-07-25T08:42:46.000+0200,1188,1140,12.738,48.1327317,-2.0252167,27.92,34.23,39.69,54.39,55.9,132,2,,
2025-07-25T08:42:47.358+0200,1269,1180,14.122,4783.509,33.37,37.56,42.83,59.21,,-1.79,130.50,6.77,14.29,883,96,26,,,72,,,,,,0,2025-07-25T08:42:46.000+0200,1189,1141,12.738,48.1327317,-2.0252167,27.92,34.23,39.69,54.39,55.9,132,2,,
2025-07-25T08:42:47.379+0200,1269,1180,14.122,4783.509,33.37,37.56,42.83,59.21,,-1.79,130.50,6.77,14.29,883,96,26,,,72,,,,,,0,2025-07-25T08:42:46.000+0200,1189,1141,12.738,48.1327317,-2.0252167,27.92,34.23,39.69,54.39,55.9,132,2,,
2025-07-25T08:42:47.976+0200,1270,1181,14.128,4783.515,34.66,37.56,42.83,59.21,,2.36,130.50,1.60,3.30,209,96,26,,,71,,,,,,0,2025-07-25T08:42:47.000+0200,1190,1142,12.747,48.1326750,-2.0251367,30.71,34.23,39.68,54.39,55.9,134,2,,
2025-07-25T08:42:48.001+0200,1270,1181,14.128,4783.515,34.66,37.56,42.83,59.21,,2.36,130.50,1.60,3.30,209,96,26,,,71,,,,,,0,2025-07-25T08:42:47.000+0200,1190,1142,12.747,48.1326750,-2.0251367,30.71,34.23,39.68,54.39,55.9,134,2,,
2025-07-25T08:42:48.598+0200,1271,1182,14.134,4783.521,34.05,37.55,42.82,59.21,,0.36,130.59,1.15,2.39,150,96,26,,,71,,,,,,0,2025-07-25T08:42:47.000+0200,1190,1142,12.747,48.1326750,-2.0251367,30.71,34.23,39.68,54.39,55.9,134,2,,
2025-07-25T08:42:48.619+0200,1271,1182,14.134,4783.521,34.05,37.55,42.82,59.21,,0.36,130.59,1.15,2.39,150,96,26,,,71,,,,,,0,2025-07-25T08:42:47.000+0200,1190,1142,12.747,48.1326750,-2.0251367,30.71,34.23,39.68,54.39,55.9,134,2,,
2025-07-25T08:42:49.217+0200,1271,1182,14.140,4783.527,33.51,37.55,42.82,59.21,,-1.24,130.59,0.52,1.10,68,96,26,,,72,,,,,,0,2025-07-25T08:42:48.000+0200,1191,1143,12.755,48.1326167,-2.0250533,30.17,34.22,39.67,54.39,55.9,130,2,,
2025-07-25T08:42:49.241+0200,1271,1182,14.140,4783.527,33.51,37.55,42.82,59.21,,-1.24,130.59,0.52,1.10,68,96,26,,,72,,,,,,0,2025-07-25T08:42:48.000+0200,1191,1143,12.755,48.1326167,-2.0250533,30.17,34.22,39.67,54.39,55.9,130,2,,
2025-07-25T08:42:49.858+0200,1272,1183,14.146,4783.533,35.24,37.55,42.81,59.21,,4.21,130.39,8.27,16.79,1078,96,26,,,70,,,,,,0,2025-07-25T08:42:49.000+0200,1191,1143,12.764,48.1325600,-2.0249700,32.86,34.22,39.66,54.39,55.7,136,2,,
2025-07-25T08:42:49.881+0200,1272,1183,14.146,4783.533,35.24,37.55,42.81,59.21,,4.21,130.39,8.27,16.79,1078,96,26,,,70,,,,,,0,2025-07-25T08:42:49.000+0200,1191,1143,12.764,48.1325600,-2.0249700,32.86,34.22,39.66,54.39,55.7,136,2,,
2025-07-25T08:42:50.474+0200,1273,1183,14.152,4783.539,37.47,37.55,42.81,59.21,,2.99,130.09,18.63,36.20,2424,96,26,,,68,,,,,,0,2025-07-25T08:42:49.000+0200,1192,1144,12.764,48.1325600,-2.0249700,32.86,34.22,39.66,54.39,55.7,136,2,,
2025-07-25T08:42:50.498+0200,1273,1183,14.152,4783.539,37.47,37.55,42.81,59.21,,2.99,130.09,18.63,36.20,2424,96,26,,,68,,,,,,0,2025-07-25T08:42:49.000+0200,1192,1144,12.764,48.1325600,-2.0249700,32.86,34.22,39.66,54.39,55.7,136,2,,
2025-07-25T08:42:51.074+0200,1273,1184,14.158,4783.545,37.58,37.55,42.81,59.21,,-3.35,130.20,-2.78,-10.80,-362,96,26,,,68,,,,,,0,2025-07-25T08:42:50.000+0200,1193,1145,12.774,48.1324950,-2.0248850,34.10,34.22,39.66,54.39,55.9,139,2,,
2025-07-25T08:42:51.099+0200,1273,1184,14.158,4783.545,37.58,37.55,42.81,59.21,,-3.35,130.20,-2.78,-10.80,-362,96,26,,,68,,,,,,0,2025-07-25T08:42:50.000+0200,1193,1145,12.774,48.1324950,-2.0248850,34.10,34.22,39.66,54.39,55.9,139,2,,
2025-07-25T08:42:51.712+0200,1274,1185,14.165,4783.552,36.89,37.55,42.81,59.21,,-0.36,130.39,-0.12,-0.50,-16,96,26,,,69,,,,,,0,2025-07-25T08:42:51.000+0200,1193,1145,12.783,48.1324250,-2.0248183,31.17,34.22,39.65,54.39,55.7,141,2,,
2025-07-25T08:42:51.735+0200,1274,1185,14.165,4783.552,36.89,37.55,42.81,59.21,,-0.36,130.39,-0.12,-0.50,-16,96,26,,,69,,,,,,0,2025-07-25T08:42:51.000+0200,1193,1145,12.783,48.1324250,-2.0248183,31.17,34.22,39.65,54.39,55.7,141,2,,
2025-07-25T08:42:52.340+0200,1274,1185,14.171,4783.558,37.47,37.55,42.80,59.21,,1.92,130.39,5.91,11.50,771,96,26,,,68,,,,,,0,2025-07-25T08:42:51.000+0200,1194,1146,12.783,48.1324250,-2.0248183,31.17,34.22,39.65,54.39,55.7,141,2,,
2025-07-25T08:42:52.364+0200,1274,1185,14.171,4783.558,37.47,37.55,42.80,59.21,,1.92,130.39,5.91,11.50,771,96,26,,,68,,,,,,0,2025-07-25T08:42:51.000+0200,1194,1146,12.783,48.1324250,-2.0248183,31.17,34.22,39.65,54.39,55.7,141,2,,
2025-07-25T08:42:52.957+0200,1275,1186,14.177,4783.565,36.97,37.55,42.80,59.21,,-2.92,130.50,-2.42,-9.50,-316,96,26,,,69,,,,,,0,2025-07-25T08:42:52.000+0200,1195,1147,12.792,48.1323600,-2.0247417,33.90,34.22,39.65,54.39,55.5,139,2,,
2025-07-25T08:42:52.981+0200,1275,1186,14.177,4783.565,36.97,37.55,42.80,59.21,,-2.92,130.50,-2.42,-9.50,-316,96,26,,,69,,,,,,0,2025-07-25T08:42:52.000+0200,1195,1147,12.792,48.1323600,-2.0247417,33.90,34.22,39.65,54.39,55.5,139,2,,
2025-07-25T08:42:53.575+0200,1276,1187,14.184,4783.571,36.86,37.55,42.80,59.21,,2.13,130.59,-1.01,-4.00,-132,96,26,,,69,,,,,,0,2025-07-25T08:42:52.000+0200,1195,1147,12.792,48.1323600,-2.0247417,33.90,34.22,39.65,54.39,55.5,139,2,,
2025-07-25T08:42:53.600+0200,1276,1187,14.184,4783.571,36.86,37.55,42.80,59.21,,2.13,130.59,-1.01,-4.00,-132,96,26,,,69,,,,,,0,2025-07-25T08:42:52.000+0200,1195,1147,12.792,48.1323600,-2.0247417,33.90,34.22,39.65,54.39,55.5,139,2,,
2025-07-25T08:42:54.195+0200,1276,1187,14.190,4783.578,36.89,37.55,42.79,59.21,,0.00,130.70,-2.16,-8.50,-282,96,26,,,69,,,,,,0,2025-07-25T08:42:53.000+0200,1196,1148,12.802,48.1322967,-2.0246567,32.92,34.22,39.64,54.39,55.5,136,2,,
2025-07-25T08:42:54.219+0200,1276,1187,14.190,4783.578,36.89,37.55,42.79,59.21,,0.00,130.70,-2.16,-8.50,-282,96,26,,,69,,,,,,0,2025-07-25T08:42:53.000+0200,1196,1148,12.802,48.1322967,-2.0246567,32.92,34.22,39.64,54.39,55.5,136,2,,
2025-07-25T08:42:54.836+0200,1277,1188,14.197,4783.584,36.25,37.55,42.79,59.21,,0.24,130.70,0.60,1.19,78,96,26,,,69,,,,,,0,2025-07-25T08:42:54.000+0200,1196,1148,12.811,48.1322333,-2.0245800,33.64,34.22,39.64,54.39,55.2,142,2,,
2025-07-25T08:42:54.857+0200,1277,1188,14.197,4783.584,36.25,37.55,42.79,59.21,,0.24,130.70,0.60,1.19,78,96,26,,,69,,,,,,0,2025-07-25T08:42:54.000+0200,1196,1148,12.811,48.1322333,-2.0245800,33.64,34.22,39.64,54.39,55.2,142,2,,
2025-07-25T08:42:55.456+0200,1278,1188,14.203,4783.590,36.86,37.55,42.79,59.21,,1.19,130.70,-0.12,-0.50,-16,96,26,,,69,,,,,,0,2025-07-25T08:42:54.000+0200,1197,1149,12.811,48.1322333,-2.0245800,33.64,34.22,39.64,54.39,55.2,142,2,,
2025-07-25T08:42:55.479+0200,1278,1188,14.203,4783.590,36.86,37.55,42.79,59.21,,1.19,130.70,-0.12,-0.50,-16,96,26,,,69,,,,,,0,2025-07-25T08:42:54.000+0200,1197,1149,12.811,48.1322333,-2.0245800,33.64,34.22,39.64,54.39,55.2,142,2,,
2025-07-25T08:42:56.075+0200,1278,1189,14.209,4783.597,35.64,37.55,42.78,59.21,,-0.90,130.80,-1.48,-6.00,-194,96,26,,,70,,,,,,0,2025-07-25T08:42:55.000+0200,1198,1150,12.820,48.1321733,-2.0244950,33.62,34.22,39.63,54.39,55.1,133,2,,
2025-07-25T08:42:56.095+0200,1278,1189,14.209,4783.597,35.64,37.55,42.78,59.21,,-0.90,130.80,-1.48,-6.00,-194,96,26,,,70,,,,,,0,2025-07-25T08:42:55.000+0200,1198,1150,12.820,48.1321733,-2.0244950,33.62,34.22,39.63,54.39,55.1,133,2,,
2025-07-25T08:42:56.697+0200,1279,1190,14.216,4783.603,35.89,37.55,42.78,59.21,,-1.46,130.89,-2.29,-9.20,-300,97,26,,,70,,,,,,0,2025-07-25T08:42:56.000+0200,1198,1150,12.829,48.1321150,-2.0244083,31.88,34.22,39.62,54.39,54.8,137,2,,
2025-07-25T08:42:56.719+0200,1279,1190,14.216,4783.603,35.89,37.55,42.78,59.21,,-1.46,130.89,-2.29,-9.20,-300,97,26,,,70,,,,,,0,2025-07-25T08:42:56.000+0200,1198,1150,12.829,48.1321150,-2.0244083,31.88,34.22,39.62,54.39,54.8,137,2,,
2025-07-25T08:42:57.317+0200,1279,1190,14.222,4783.609,34.88,37.55,42.77,59.21,,-0.11,130.89,-0.58,-2.39,-76,97,26,,,71,,,,,,0,2025-07-25T08:42:56.000+0200,1199,1151,12.829,48.1321150,-2.0244083,31.88,34.22,39.62,54.39,54.8,137,2,,
2025-07-25T08:42:57.340+0200,1279,1190,14.222,4783.609,34.88,37.55,42.77,59.21,,-0.11,130.89,-0.58,-2.39,-76,97,26,,,71,,,,,,0,2025-07-25T08:42:56.000+0200,1199,1151,12.829,48.1321150,-2.0244083,31.88,34.22,39.62,54.39,54.8,137,2,,
2025-07-25T08:42:57.956+0200,1280,1191,14.228,4783.615,34.63,37.54,42.77,59.21,,-2.27,131.00,-8.75,-36.00,-1146,97,26,,,71,,,,,,0,2025-07-25T08:42:57.000+0200,1200,1152,12.838,48.1320500,-2.0243317,32.31,34.22,39.62,54.39,54.5,142,2,,
2025-07-25T08:42:57.980+0200,1280,1191,14.228,4783.615,34.63,37.54,42.77,59.21,,-2.27,131.00,-8.75,-36.00,-1146,97,26,,,71,,,,,,0,2025-07-25T08:42:57.000+0200,1200,1152,12.838,48.1320500,-2.0243317,32.31,34.22,39.62,54.39,54.5,142,2,,
2025-07-25T08:42:58.579+0200,1281,1192,14.234,4783.621,30.85,37.54,42.77,59.21,,-6.17,131.30,-9.39,-41.90,-1233,97,26,,,74,,,,,,0,2025-07-25T08:42:57.000+0200,1200,1152,12.838,48.1320500,-2.0243317,32.31,34.22,39.62,54.39,54.5,142,2,,
2025-07-25T08:42:58.597+0200,1281,1192,14.234,4783.621,30.85,37.54,42.77,59.21,,-6.17,131.30,-9.39,-41.90,-1233,97,26,,,74,,,,,,0,2025-07-25T08:42:57.000+0200,1200,1152,12.838,48.1320500,-2.0243317,32.31,34.22,39.62,54.39,54.5,142,2,,
2025-07-25T08:42:59.194+0200,1281,1192,14.240,4783.627,27.57,37.54,42.76,59.21,,-7.63,131.50,-5.75,-27.70,-756,97,26,,,77,,,,,,0,2025-07-25T08:42:58.000+0200,1201,1153,12.848,48.1319800,-2.0242517,28.53,34.21,39.61,54.39,54.3,141,2,,
2025-07-25T08:42:59.216+0200,1281,1192,14.240,4783.627,27.57,37.54,42.76,59.21,,-7.63,131.50,-5.75,-27.70,-756,97,26,,,77,,,,,,0,2025-07-25T08:42:58.000+0200,1201,1153,12.848,48.1319800,-2.0242517,28.53,34.21,39.61,54.39,54.3,141,2,,
2025-07-25T08:42:59.813+0200,1282,1193,14.245,4783.631,26.64,37.53,42.75,59.21,,-0.11,131.39,1.42,3.50,187,97,26,,,78,,,,,,0,2025-07-25T08:42:59.000+0200,1201,1153,12.855,48.1319283,-2.0242050,24.77,34.20,39.59,54.39,53.7,141,2,,
2025-07-25T08:42:59.832+0200,1282,1193,14.245,4783.631,26.64,37.53,42.75,59.21,,-0.11,131.39,1.42,3.50,187,97,26,,,78,,,,,,0,2025-07-25T08:42:59.000+0200,1201,1153,12.855,48.1319283,-2.0242050,24.77,34.20,39.59,54.39,53.7,141,2,,
2025-07-25T08:43:00.436+0200,1283,1193,14.250,4783.636,28.43,37.53,42.74,59.21,,5.06,131.20,-0.40,-1.90,-52,97,26,,,76,,,,,,0,2025-07-25T08:42:59.000+0200,1202,1154,12.855,48.1319283,-2.0242050,24.77,34.20,39.59,54.39,53.7,141,2,,
2025-07-25T08:43:00.460+0200,1283,1193,14.250,4783.636,28.43,37.53,42.74,59.21,,5.06,131.20,-0.40,-1.90,-52,97,26,,,76,,,,,,0,2025-07-25T08:42:59.000+0200,1202,1154,12.855,48.1319283,-2.0242050,24.77,34.20,39.59,54.39,53.7,141,2,,
2025-07-25T08:43:01.058+0200,1283,1194,14.254,4783.641,28.58,37.52,42.73,59.21,,3.83,131.09,-0.08,-0.39,-10,97,26,,,76,,,,,,0,2025-07-25T08:43:00.000+0200,1203,1155,12.862,48.1318767,-2.0241500,26.62,34.20,39.58,54.39,53.6,145,2,,
2025-07-25T08:43:01.082+0200,1283,1194,14.254,4783.641,28.58,37.52,42.73,59.21,,3.83,131.09,-0.08,-0.39,-10,97,26,,,76,,,,,,0,2025-07-25T08:43:00.000+0200,1203,1155,12.862,48.1318767,-2.0241500,26.62,34.20,39.58,54.39,53.6,145,2,,
2025-07-25T08:43:01.689+0200,1284,1195,14.259,4783.646,28.43,37.52,42.73,59.21,,-0.36,131.00,1.01,2.39,132,97,26,,,76,,,,,,0,2025-07-25T08:43:01.000+0200,1203,1155,12.869,48.1318217,-2.0240950,26.13,34.19,39.57,54.39,53.4,150,2,,
2025-07-25T08:43:01.712+0200,1284,1195,14.259,4783.646,28.43,37.52,42.73,59.21,,-0.36,131.00,1.01,2.39,132,97,26,,,76,,,,,,0,2025-07-25T08:43:01.000+0200,1203,1155,12.869,48.1318217,-2.0240950,26.13,34.19,39.57,54.39,53.4,150,2,,
2025-07-25T08:43:02.301+0200,1284,1195,14.264,4783.651,29.55,37.52,42.72,59.21,,-0.90,130.89,-0.21,-1.00,-27,97,26,,,75,,,,,,0,2025-07-25T08:43:01.000+0200,1204,1156,12.869,48.1318217,-2.0240950,26.13,34.19,39.57,54.39,53.4,150,2,,
2025-07-25T08:43:02.323+0200,1284,1195,14.264,4783.651,29.55,37.52,42.72,59.21,,-0.90,130.89,-0.21,-1.00,-27,97,26,,,75,,,,,,0,2025-07-25T08:43:01.000+0200,1204,1156,12.869,48.1318217,-2.0240950,26.13,34.19,39.57,54.39,53.4,150,2,,
2025-07-25T08:43:02.918+0200,1285,1196,14.269,4783.656,28.80,37.51,42.71,59.21,,0.23,130.89,-1.26,-5.90,-165,97,26,,,76,,,,,,0,2025-07-25T08:43:02.000+0200,1204,1156,12.875,48.1317833,-2.0240450,24.50,34.18,39.56,54.39,52.7,146,2,,
2025-07-25T08:43:02.942+0200,1285,1196,14.269,4783.656,28.80,37.51,42.71,59.21,,0.23,130.89,-1.26,-5.90,-165,97,26,,,76,,,,,,0,2025-07-25T08:43:02.000+0200,1205,1157,12.875,48.1317833,-2.0240450,24.50,34.18,39.56,54.39,52.7,146,2,,
2025-07-25T08:43:03.556+0200,1286,1197,14.274,4783.661,29.01,37.51,42.71,59.21,,0.90,130.89,1.80,4.19,236,97,26,,,76,,,,,,0,2025-07-25T08:43:02.000+0200,1205,1157,12.875,48.1317833,-2.0240450,24.50,34.18,39.56,54.39,52.7,146,2,,
2025-07-25T08:43:03.578+0200,1286,1197,14.274,4783.661,29.01,37.51,42.71,59.21,,0.90,130.89,1.80,4.19,236,97,26,,,76,,,,,,0,2025-07-25T08:43:02.000+0200,1205,1157,12.875,48.1317833,-2.0240450,24.50,34.18,39.56,54.39,52.7,146,2,,
2025-07-25T08:43:04.178+0200,1286,1197,14.279,4783.666,27.75,37.50,42.70,59.21,,-6.70,130.89,-3.13,-15.00,-410,97,26,,,77,,,,,,0,2025-07-25T08:43:03.000+0200,1206,1158,12.881,48.1317350,-2.0240150,23.25,34.18,39.54,54.39,52.0,157,2,,
2025-07-25T08:43:04.202+0200,1286,1197,14.279,4783.666,27.75,37.50,42.70,59.21,,-6.70,130.89,-3.13,-15.00,-410,97,26,,,77,,,,,,0,2025-07-25T08:43:03.000+0200,1206,1158,12.881,48.1317350,-2.0240150,23.25,34.18,39.54,54.39,52.0,157,2,,
2025-07-25T08:43:04.792+0200,1287,1198,14.284,4783.671,25.70,37.50,42.69,59.21,,-3.04,131.00,-1.36,-6.89,-178,97,26,,,78,,,,,,0,2025-07-25T08:43:04.000+0200,1206,1158,12.888,48.1316750,-2.0240117,23.35,34.17,39.53,54.39,51.3,175,2,,
2025-07-25T08:43:04.813+0200,1287,1198,14.284,4783.671,25.70,37.50,42.69,59.21,,-3.04,131.00,-1.36,-6.89,-178,97,26,,,78,,,,,,0,2025-07-25T08:43:04.000+0200,1206,1158,12.888,48.1316750,-2.0240117,23.35,34.17,39.53,54.39,51.3,175,2,,
2025-07-25T08:43:05.418+0200,1288,1198,14.289,4783.675,25.81,37.49,42.68,59.21,,-0.67,131.00,-1.23,-6.20,-161,97,26,,,78,,,,,,0,2025-07-25T08:43:04.000+0200,1207,1159,12.888,48.1316750,-2.0240117,23.35,34.17,39.53,54.39,51.3,175,2,,
2025-07-25T08:43:05.442+0200,1288,1198,14.289,4783.675,25.81,37.49,42.68,59.21,,-0.67,131.00,-1.23,-6.20,-161,97,26,,,78,,,,,,0,2025-07-25T08:43:04.000+0200,1207,1159,12.888,48.1316750,-2.0240117,23.35,34.17,39.53,54.39,51.3,175,2,,
2025-07-25T08:43:06.058+0200,1288,1199,14.293,4783.680,25.66,37.49,42.67,59.21,,-1.20,130.89,1.07,2.70,140,97,26,,,78,,,,,,0,2025-07-25T08:43:05.000+0200,1208,1160,12.894,48.1316167,-2.0239917,23.06,34.16,39.52,54.39,51.1,160,2,,
2025-07-25T08:43:06.079+0200,1288,1199,14.293,4783.680,25.66,37.49,42.67,59.21,,-1.20,130.89,1.07,2.70,140,97,26,,,78,,,,,,0,2025-07-25T08:43:05.000+0200,1208,1160,12.894,48.1316167,-2.0239917,23.06,34.16,39.52,54.39,51.1,160,2,,
2025-07-25T08:43:06.677+0200,1289,1200,14.298,4783.684,25.70,37.48,42.66,59.21,,3.48,130.80,2.77,7.00,362,97,26,,,78,,,,,,0,2025-07-25T08:43:06.000+0200,1208,1160,12.900,48.1315700,-2.0239550,21.65,34.15,39.50,54.39,50.8,134,2,,
2025-07-25T08:43:06.697+0200,1289,1200,14.298,4783.684,25.70,37.48,42.66,59.21,,3.48,130.80,2.77,7.00,362,97,26,,,78,,,,,,0,2025-07-25T08:43:06.000+0200,1208,1160,12.900,48.1315700,-2.0239550,21.65,34.15,39.50,54.39,50.8,134,2,,
2025-07-25T08:43:07.298+0200,1289,1200,14.302,4783.689,27.75,37.48,42.65,59.21,,3.72,130.70,8.89,21.30,1162,97,26,,,77,,,,,,0,2025-07-25T08:43:06.000+0200,1209,1161,12.900,48.1315700,-2.0239550,21.65,34.15,39.50,54.39,50.8,134,2,,
2025-07-25T08:43:07.322+0200,1289,1200,14.302,4783.689,27.75,37.48,42.65,59.21,,3.72,130.70,8.89,21.30,1162,97,26,,,77,,,,,,0,2025-07-25T08:43:06.000+0200,1209,1161,12.900,48.1315700,-2.0239550,21.65,34.15,39.50,54.39,50.8,134,2,,
2025-07-25T08:43:07.918+0200,1290,1201,14.307,4783.693,27.97,37.47,42.65,59.21,,1.58,130.39,15.61,37.20,2035,97,26,,,76,,,,,,0,2025-07-25T08:43:07.000+0200,1209,1161,12.906,48.1315333,-2.0238933,21.67,34.14,39.49,54.39,50.3,122,2,,
2025-07-25T08:43:07.942+0200,1290,1201,14.307,4783.693,27.97,37.47,42.65,59.21,,1.58,130.39,15.61,37.20,2035,97,26,,,76,,,,,,0,2025-07-25T08:43:07.000+0200,1210,1162,12.906,48.1315333,-2.0238933,21.67,34.14,39.49,54.39,50.3,122,2,,
2025-07-25T08:43:08.533+0200,1291,1201,14.312,4783.698,30.63,37.47,42.64,59.21,,3.12,130.00,17.94,40.20,2332,97,26,,,74,,,,,,0,2025-07-25T08:43:07.000+0200,1210,1162,12.906,48.1315333,-2.0238933,21.67,34.14,39.49,54.39,50.3,122,2,,
2025-07-25T08:43:08.557+0200,1291,1202,14.312,4783.698,30.63,37.47,42.64,59.21,,3.12,130.00,17.94,40.20,2332,97,26,,,74,,,,,,0,2025-07-25T08:43:07.000+0200,1210,1162,12.906,48.1315333,-2.0238933,21.67,34.14,39.49,54.39,50.3,122,2,,
2025-07-25T08:43:09.156+0200,1291,1202,14.317,4783.704,32.68,37.47,42.64,59.21,,1.91,129.59,18.16,38.89,2353,97,26,,,72,,,,,,0,2025-07-25T08:43:08.000+0200,1211,1163,12.912,48.1315117,-2.0238167,22.11,34.13,39.47,54.39,49.9,110,2,,
2025-07-25T08:43:09.179+0200,1291,1202,14.317,4783.704,32.68,37.47,42.64,59.21,,1.91,129.59,18.16,38.89,2353,97,26,,,72,,,,,,0,2025-07-25T08:43:08.000+0200,1211,1163,12.912,48.1315117,-2.0238167,22.11,34.13,39.47,54.39,49.9,110,2,,
2025-07-25T08:43:09.780+0200,1292,1203,14.322,4783.709,33.94,37.47,42.63,59.21,,2.49,129.39,10.64,22.20,1377,97,26,,,71,,,,,,0,2025-07-25T08:43:09.000+0200,1211,1163,12.920,48.1315367,-2.0237200,28.89,34.13,39.46,54.39,49.5,71,2,,
2025-07-25T08:43:09.800+0200,1292,1203,14.322,4783.709,33.94,37.47,42.63,59.21,,2.49,129.39,10.64,22.20,1377,97,26,,,71,,,,,,0,2025-07-25T08:43:09.000+0200,1211,1163,12.920,48.1315367,-2.0237200,28.89,34.13,39.46,54.39,49.5,71,2,,
2025-07-25T08:43:10.396+0200,1293,1203,14.328,4783.715,34.84,37.47,42.63,59.21,,4.40,129.39,16.65,34.09,2154,97,26,,,70,,,,,,0,2025-07-25T08:43:09.000+0200,1212,1164,12.920,48.1315367,-2.0237200,28.89,34.13,39.46,54.39,49.5,71,2,,
2025-07-25T08:43:10.418+0200,1293,1203,14.328,4783.715,34.84,37.47,42.63,59.21,,4.40,129.39,16.65,34.09,2154,97,26,,,70,,,,,,0,2025-07-25T08:43:09.000+0200,1212,1164,12.920,48.1315367,-2.0237200,28.89,34.13,39.46,54.39,49.5,71,2,,
2025-07-25T08:43:11.009+0200,1293,1204,14.334,4783.721,36.28,37.46,42.62,59.21,,0.34,129.30,15.68,31.20,2027,97,26,,,69,,,,,,0,2025-07-25T08:43:10.000+0200,1213,1165,12.928,48.1315633,-2.0236183,28.82,34.13,39.45,54.39,49.4,66,2,,
2025-07-25T08:43:11.032+0200,1293,1204,14.334,4783.721,36.28,37.46,42.62,59.21,,0.34,129.30,15.68,31.20,2027,97,26,,,69,,,,,,0,2025-07-25T08:43:10.000+0200,1213,1165,12.928,48.1315633,-2.0236183,28.82,34.13,39.45,54.39,49.4,66,2,,
2025-07-25T08:43:11.660+0200,1294,1205,14.340,4783.728,36.89,37.46,42.62,59.21,,0.00,129.30,11.35,22.30,1468,97,26,,,69,,,,,,0,2025-07-25T08:43:11.000+0200,1213,1165,12.936,48.1315883,-2.0235150,32.94,34.12,39.45,54.39,49.2,71,2,,
2025-07-25T08:43:11.680+0200,1294,1205,14.340,4783.728,36.89,37.46,42.62,59.21,,0.00,129.30,11.35,22.30,1468,97,26,,,69,,,,,,0,2025-07-25T08:43:11.000+0200,1213,1165,12.936,48.1315883,-2.0235150,32.94,34.12,39.45,54.39,49.2,71,2,,
2025-07-25T08:43:12.256+0200,1294,1205,14.347,4783.734,37.47,37.46,42.62,59.21,,1.35,129.30,8.64,16.79,1117,97,26,,,68,,,,,,0,2025-07-25T08:43:11.000+0200,1214,1166,12.936,48.1315883,-2.0235150,32.94,34.12,39.45,54.39,49.2,71,2,,
2025-07-25T08:43:12.279+0200,1294,1205,14.347,4783.734,37.47,37.46,42.62,59.21,,1.35,129.30,8.64,16.79,1117,97,26,,,68,,,,,,0,2025-07-25T08:43:11.000+0200,1214,1166,12.936,48.1315883,-2.0235150,32.94,34.12,39.45,54.39,49.2,71,2,,
2025-07-25T08:43:12.901+0200,1295,1206,14.353,4783.741,37.90,37.46,42.61,59.21,,-0.84,129.50,8.20,15.79,1062,97,26,,,68,,,,,,0,2025-07-25T08:43:12.000+0200,1214,1166,12.946,48.1316167,-2.0234000,35.91,34.13,39.44,54.39,48.8,73,2,,
2025-07-25T08:43:12.924+0200,1295,1206,14.353,4783.741,37.90,37.46,42.61,59.21,,-0.84,129.50,8.20,15.79,1062,97,26,,,68,,,,,,0,2025-07-25T08:43:12.000+0200,1214,1166,12.946,48.1316167,-2.0234000,35.91,34.13,39.44,54.39,48.8,73,2,,
2025-07-25T08:43:13.518+0200,1296,1206,14.360,4783.747,37.58,37.46,42.61,59.21,,-2.51,129.59,1.65,3.19,214,97,26,,,68,,,,,,0,2025-07-25T08:43:12.000+0200,1215,1167,12.946,48.1316167,-2.0234000,35.91,34.13,39.44,54.39,48.8,73,2,,
2025-07-25T08:43:13.544+0200,1296,1207,14.360,4783.747,37.58,37.46,42.61,59.21,,-2.51,129.59,1.65,3.19,214,97,26,,,68,,,,,,0,2025-07-25T08:43:12.000+0200,1215,1167,12.946,48.1316167,-2.0234000,35.91,34.13,39.44,54.39,48.8,73,2,,
2025-07-25T08:43:14.135+0200,1296,1207,14.366,4783.754,37.47,37.46,42.61,59.21,,1.23,129.80,4.16,8.09,540,97,26,,,68,,,,,,0,2025-07-25T08:43:13.000+0200,1216,1168,12.956,48.1316450,-2.0232717,34.55,34.13,39.44,54.39,48.5,72,2,,
2025-07-25T08:43:14.151+0200,1296,1207,14.366,4783.754,37.47,37.46,42.61,59.21,,1.23,129.80,4.16,8.09,540,97,26,,,68,,,,,,0,2025-07-25T08:43:13.000+0200,1216,1168,12.956,48.1316450,-2.0232717,34.55,34.13,39.44,54.39,48.5,72,2,,
2025-07-25T08:43:14.759+0200,1297,1208,14.373,4783.760,36.93,37.46,42.61,59.21,,-0.12,129.80,7.48,14.70,971,97,26,,,69,,,,,,0,2025-07-25T08:43:14.000+0200,1216,1168,12.965,48.1316733,-2.0231500,34.65,34.13,39.44,54.39,48.4,70,2,,
2025-07-25T08:43:14.782+0200,1297,1208,14.373,4783.760,36.93,37.46,42.61,59.21,,-0.12,129.80,7.48,14.70,971,97,26,,,69,,,,,,0,2025-07-25T08:43:14.000+0200,1216,1168,12.965,48.1316733,-2.0231500,34.65,34.13,39.44,54.39,48.4,70,2,,
2025-07-25T08:43:15.395+0200,1298,1208,14.379,4783.767,38.05,37.46,42.60,59.21,,-0.72,129.89,2.70,5.20,351,97,26,,,68,,,,,,0,2025-07-25T08:43:14.000+0200,1217,1169,12.965,48.1316733,-2.0231500,34.65,34.13,39.44,54.39,48.4,70,2,,
2025-07-25T08:43:15.417+0200,1298,1208,14.379,4783.767,38.05,37.46,42.60,59.21,,-0.72,129.89,2.70,5.20,351,97,26,,,68,,,,,,0,2025-07-25T08:43:14.000+0200,1217,1169,12.965,48.1316733,-2.0231500,34.65,34.13,39.44,54.39,48.4,70,2,,
2025-07-25T08:43:16.015+0200,1298,1209,14.386,4783.773,37.43,37.46,42.60,59.21,,-2.29,130.00,2.72,5.30,354,97,26,,,68,,,,,,0,2025-07-25T08:43:15.000+0200,1218,1170,12.975,48.1317033,-2.0230283,34.56,34.13,39.43,54.39,48.2,71,2,,
2025-07-25T08:43:16.036+0200,1298,1209,14.386,4783.773,37.43,37.46,42.60,59.21,,-2.29,130.00,2.72,5.30,354,97,26,,,68,,,,,,0,2025-07-25T08:43:15.000+0200,1218,1170,12.975,48.1317033,-2.0230283,34.56,34.13,39.43,54.39,48.2,71,2,,
2025-07-25T08:43:16.620+0200,1299,1210,14.393,4783.780,36.93,37.46,42.60,59.21,,0.00,130.09,0.15,0.29,20,97,26,,,69,,,,,,0,2025-07-25T08:43:15.000+0200,1218,1170,12.975,48.1317033,-2.0230283,34.56,34.13,39.43,54.39,48.2,71,2,,
2025-07-25T08:43:16.644+0200,1299,1210,14.393,4783.780,36.93,37.46,42.60,59.21,,0.00,130.09,0.15,0.29,20,97,26,,,69,,,,,,0,2025-07-25T08:43:15.000+0200,1218,1170,12.975,48.1317033,-2.0230283,34.56,34.13,39.43,54.39,48.2,71,2,,
2025-07-25T08:43:17.234+0200,1299,1210,14.399,4783.786,36.71,37.46,42.60,59.21,,-0.56,130.20,-1.67,-6.60,-217,97,26,,,69,,,,,,0,2025-07-25T08:43:16.000+0200,1219,1171,12.985,48.1317350,-2.0229050,34.68,34.13,39.43,54.39,47.9,71,2,,
2025-07-25T08:43:17.257+0200,1299,1210,14.399,4783.786,36.71,37.46,42.60,59.21,,-0.56,130.20,-1.67,-6.60,-217,97,26,,,69,,,,,,0,2025-07-25T08:43:16.000+0200,1219,1171,12.985,48.1317350,-2.0229050,34.68,34.13,39.43,54.39,47.9,71,2,,
2025-07-25T08:43:17.859+0200,1300,1211,14.405,4783.792,33.51,37.46,42.59,59.21,,-6.16,130.39,-2.75,-11.60,-359,97,26,,,72,,,,,,0,2025-07-25T08:43:17.000+0200,1219,1171,12.994,48.1317667,-2.0227883,32.34,34.13,39.42,54.39,47.8,71,2,,
2025-07-25T08:43:17.882+0200,1300,1211,14.405,4783.792,33.51,37.46,42.59,59.21,,-6.16,130.39,-2.75,-11.60,-359,97,26,,,72,,,,,,0,2025-07-25T08:43:17.000+0200,1219,1171,12.994,48.1317667,-2.0227883,32.34,34.13,39.42,54.39,47.8,71,2,,
2025-07-25T08:43:18.499+0200,1301,1211,14.411,4783.798,32.83,37.46,42.59,59.21,,-0.68,130.59,-3.34,-14.29,-436,97,26,,,72,,,,,,0,2025-07-25T08:43:17.000+0200,1220,1172,12.994,48.1317667,-2.0227883,32.34,34.13,39.42,54.39,47.8,71,2,,
2025-07-25T08:43:18.521+0200,1301,1211,14.411,4783.798,32.83,37.46,42.59,59.21,,-0.68,130.59,-3.34,-14.29,-436,97,26,,,72,,,,,,0,2025-07-25T08:43:17.000+0200,1220,1172,12.994,48.1317667,-2.0227883,32.34,34.13,39.42,54.39,47.8,71,2,,
2025-07-25T08:43:19.118+0200,1301,1212,14.417,4783.804,30.81,37.46,42.58,59.21,,-2.25,130.80,-4.70,-21.00,-615,97,26,,,74,,,,,,0,2025-07-25T08:43:18.000+0200,1221,1173,13.003,48.1317917,-2.0226750,29.64,34.12,39.41,54.39,47.6,74,2,,
2025-07-25T08:43:19.140+0200,1301,1212,14.417,4783.804,30.81,37.46,42.58,59.21,,-2.25,130.80,-4.70,-21.00,-615,97,26,,,74,,,,,,0,2025-07-25T08:43:18.000+0200,1221,1173,13.003,48.1317917,-2.0226750,29.64,34.12,39.41,54.39,47.6,74,2,,
2025-07-25T08:43:19.737+0200,1302,1213,14.423,4783.809,26.85,37.45,42.57,59.21,,-8.26,131.09,-10.86,-53.19,-1424,97,26,,,77,,,,,,0,2025-07-25T08:43:19.000+0200,1221,1173,13.011,48.1318150,-2.0225717,25.41,34.12,39.40,54.39,47.6,75,2,,
2025-07-25T08:43:19.757+0200,1302,1213,14.423,4783.809,26.85,37.45,42.57,59.21,,-8.26,131.09,-10.86,-53.19,-1424,97,26,,,77,,,,,,0,2025-07-25T08:43:19.000+0200,1221,1173,13.011,48.1318150,-2.0225717,25.41,34.12,39.40,54.39,47.6,75,2,,
2025-07-25T08:43:20.376+0200,1303,1213,14.428,4783.814,22.93,37.45,42.56,59.21,,-2.81,131.20,-5.52,-29.90,-724,97,26,,,81,,,,,,0,2025-07-25T08:43:19.000+0200,1222,1174,13.011,48.1318150,-2.0225717,25.41,34.12,39.40,54.39,47.6,75,2,,
2025-07-25T08:43:20.397+0200,1303,1213,14.428,4783.814,22.93,37.45,42.56,59.21,,-2.81,131.20,-5.52,-29.90,-724,97,26,,,81,,,,,,0,2025-07-25T08:43:19.000+0200,1222,1174,13.011,48.1318150,-2.0225717,25.41,34.12,39.40,54.39,47.6,75,2,,
2025-07-25T08:43:20.994+0200,1303,1214,14.432,4783.818,22.53,37.44,42.55,59.21,,2.14,131.20,1.05,2.90,138,97,26,,,81,,,,,,0,2025-07-25T08:43:20.000+0200,1223,1175,13.018,48.1318400,-2.0224800,20.95,34.11,39.39,54.39,48.1,70,2,,
2025-07-25T08:43:21.016+0200,1303,1214,14.432,4783.818,22.53,37.44,42.55,59.21,,2.14,131.20,1.05,2.90,138,97,26,,,81,,,,,,0,2025-07-25T08:43:20.000+0200,1223,1175,13.018,48.1318400,-2.0224800,20.95,34.11,39.39,54.39,48.1,70,2,,
2025-07-25T08:43:21.619+0200,1304,1215,14.436,4783.822,20.55,37.43,42.54,59.21,,-2.70,131.09,-0.88,-5.10,-115,97,26,,,83,,,,,,0,2025-07-25T08:43:20.000+0200,1223,1175,13.018,48.1318400,-2.0224800,20.95,34.11,39.39,54.39,48.1,70,2,,
2025-07-25T08:43:21.638+0200,1304,1215,14.436,4783.822,20.55,37.43,42.54,59.21,,-2.70,131.09,-0.88,-5.10,-115,97,26,,,83,,,,,,0,2025-07-25T08:43:20.000+0200,1223,1175,13.018,48.1318400,-2.0224800,20.95,34.11,39.39,54.39,48.1,70,2,,
2025-07-25T08:43:22.240+0200,1304,1215,14.440,4783.826,22.42,37.43,42.53,59.21,,2.59,131.00,-5.46,-30.00,-715,97,26,,,81,,,,,,0,2025-07-25T08:43:21.000+0200,1224,1176,13.024,48.1318517,-2.0224100,17.43,34.09,39.37,54.39,48.1,75,2,,
2025-07-25T08:43:22.262+0200,1304,1215,14.440,4783.826,22.42,37.43,42.53,59.21,,2.59,131.00,-5.46,-30.00,-715,97,26,,,81,,,,,,0,2025-07-25T08:43:21.000+0200,1224,1176,13.024,48.1318517,-2.0224100,17.43,34.09,39.37,54.39,48.1,75,2,,
2025-07-25T08:43:22.881+0200,1305,1216,14.444,4783.829,18.53,37.42,42.52,59.21,,-2.77,131.00,5.46,16.79,715,97,26,,,84,,,,,,0,2025-07-25T08:43:22.000+0200,1224,1176,13.028,48.1318667,-2.0223550,16.51,34.08,39.35,54.39,47.8,69,2,,
2025-07-25T08:43:22.902+0200,1305,1216,14.444,4783.829,18.53,37.42,42.52,59.21,,-2.77,131.00,5.46,16.79,715,97,26,,,84,,,,,,0,2025-07-25T08:43:22.000+0200,1224,1176,13.028,48.1318667,-2.0223550,16.51,34.08,39.35,54.39,47.8,69,2,,
2025-07-25T08:43:23.475+0200,1306,1216,14.447,4783.833,20.48,37.41,42.51,59.21,,0.34,130.80,-0.20,-1.19,-26,97,26,,,83,,,,,,0,2025-07-25T08:43:22.000+0200,1225,1177,13.028,48.1318667,-2.0223550,16.51,34.08,39.35,54.39,47.8,69,2,,
2025-07-25T08:43:23.499+0200,1306,1216,14.447,4783.833,20.48,37.41,42.51,59.21,,0.34,130.80,-0.20,-1.19,-26,97,26,,,83,,,,,,0,2025-07-25T08:43:22.000+0200,1225,1177,13.028,48.1318667,-2.0223550,16.51,34.08,39.35,54.39,47.8,69,2,,
2025-07-25T08:43:24.119+0200,1306,1217,14.450,4783.836,20.55,37.40,42.50,59.21,,-0.84,130.70,7.25,21.00,948,97,26,,,83,,,,,,0,2025-07-25T08:43:23.000+0200,1226,1178,13.033,48.1318833,-2.0223017,17.33,34.07,39.33,54.39,47.1,65,2,,
2025-07-25T08:43:24.143+0200,1306,1217,14.450,4783.836,20.55,37.40,42.50,59.21,,-0.84,130.70,7.25,21.00,948,97,26,,,83,,,,,,0,2025-07-25T08:43:23.000+0200,1226,1178,13.033,48.1318833,-2.0223017,17.33,34.07,39.33,54.39,47.1,65,2,,
2025-07-25T08:43:24.738+0200,1307,1218,14.454,4783.840,22.46,37.40,42.49,59.21,,4.07,130.50,19.07,52.30,2489,97,26,,,81,,,,,,0,2025-07-25T08:43:24.000+0200,1226,1178,13.038,48.1318983,-2.0222317,22.09,34.06,39.31,54.39,47.5,78,2,,
2025-07-25T08:43:24.760+0200,1307,1218,14.454,4783.840,22.46,37.40,42.49,59.21,,4.07,130.50,19.07,52.30,2489,97,26,,,81,,,,,,0,2025-07-25T08:43:24.000+0200,1226,1178,13.038,48.1318983,-2.0222317,22.09,34.06,39.31,54.39,47.5,78,2,,
2025-07-25T08:43:25.356+0200,1307,1218,14.458,4783.844,24.58,37.39,42.48,59.21,,4.26,130.09,16.05,41.60,2088,97,26,,,79,,,,,,0,2025-07-25T08:43:24.000+0200,1227,1179,13.038,48.1318983,-2.0222317,22.09,34.06,39.31,54.39,47.5,78,2,,
2025-07-25T08:43:25.380+0200,1307,1218,14.458,4783.844,24.58,37.39,42.48,59.21,,4.26,130.09,16.05,41.60,2088,97,26,,,79,,,,,,0,2025-07-25T08:43:24.000+0200,1227,1179,13.038,48.1318983,-2.0222317,22.09,34.06,39.31,54.39,47.5,78,2,,
2025-07-25T08:43:25.978+0200,1308,1219,14.462,4783.848,28.69,37.39,42.47,59.21,,3.39,129.59,24.33,57.00,3153,97,26,,,76,,,,,,0,2025-07-25T08:43:25.000+0200,1228,1180,13.045,48.1319150,-2.0221417,25.20,34.05,39.30,54.39,47.6,73,2,,
2025-07-25T08:43:25.998+0200,1308,1219,14.462,4783.848,28.69,37.39,42.47,59.21,,3.39,129.59,24.33,57.00,3153,97,26,,,76,,,,,,0,2025-07-25T08:43:25.000+0200,1228,1180,13.045,48.1319150,-2.0221417,25.20,34.05,39.30,54.39,47.6,73,2,,
2025-07-25T08:43:26.598+0200,1309,1220,14.467,4783.853,31.28,37.38,42.46,59.21,,5.18,129.30,16.43,36.30,2124,97,26,,,73,,,,,,0,2025-07-25T08:43:25.000+0200,1228,1180,13.045,48.1319150,-2.0221417,25.20,34.05,39.30,54.39,47.6,73,2,,
2025-07-25T08:43:26.619+0200,1309,1220,14.467,4783.853,31.28,37.38,42.46,59.21,,5.18,129.30,16.43,36.30,2124,97,26,,,73,,,,,,0,2025-07-25T08:43:25.000+0200,1228,1180,13.045,48.1319150,-2.0221417,25.20,34.05,39.30,54.39,47.6,73,2,,
2025-07-25T08:43:27.215+0200,1309,1220,14.472,4783.859,33.58,37.38,42.46,59.21,,0.79,129.09,19.79,41.60,2555,97,26,,,71,,,,,,0,2025-07-25T08:43:26.000+0200,1229,1181,13.053,48.1319317,-2.0220400,28.93,34.05,39.29,54.39,47.4,75,2,,
2025-07-25T08:43:27.239+0200,1309,1220,14.472,4783.859,33.58,37.38,42.46,59.21,,0.79,129.09,19.79,41.60,2555,97,26,,,71,,,,,,0,2025-07-25T08:43:26.000+0200,1229,1181,13.053,48.1319317,-2.0220400,28.93,34.05,39.29,54.39,47.4,75,2,,
2025-07-25T08:43:27.837+0200,1310,1221,14.478,4783.865,35.46,37.38,42.46,59.21,,1.91,129.00,17.60,35.59,2270,97,26,,,70,,,,,,0,2025-07-25T08:43:27.000+0200,1229,1181,13.061,48.1319517,-2.0219333,31.11,34.05,39.29,54.39,47.5,73,2,,
2025-07-25T08:43:27.858+0200,1310,1221,14.478,4783.865,35.46,37.38,42.46,59.21,,1.91,129.00,17.60,35.59,2270,97,26,,,70,,,,,,0,2025-07-25T08:43:27.000+0200,1229,1181,13.061,48.1319517,-2.0219333,31.11,34.05,39.29,54.39,47.5,73,2,,
2025-07-25T08:43:28.451+0200,1311,1221,14.484,4783.871,38.87,37.38,42.45,59.21,,5.85,128.80,23.79,45.00,3064,97,26,,,67,,,,,,0,2025-07-25T08:43:27.000+0200,1230,1182,13.061,48.1319517,-2.0219333,31.11,34.05,39.29,54.39,47.5,73,2,,
2025-07-25T08:43:28.474+0200,1311,1221,14.484,4783.871,38.87,37.38,42.45,59.21,,5.85,128.80,23.79,45.00,3064,97,26,,,67,,,,,,0,2025-07-25T08:43:27.000+0200,1230,1182,13.061,48.1319517,-2.0219333,31.11,34.05,39.29,54.39,47.5,73,2,,
2025-07-25T08:43:29.096+0200,1311,1222,14.490,4783.878,41.21,37.38,42.45,59.21,,2.27,128.50,20.26,36.70,2603,97,27,,,65,,,,,,0,2025-07-25T08:43:28.000+0200,1231,1183,13.071,48.1319767,-2.0218117,36.41,34.05,39.28,54.39,47.5,73,2,,
2025-07-25T08:43:29.117+0200,1311,1222,14.490,4783.878,41.21,37.38,42.45,59.21,,2.27,128.50,20.26,36.70,2603,97,27,,,65,,,,,,0,2025-07-25T08:43:28.000+0200,1231,1183,13.071,48.1319767,-2.0218117,36.41,34.05,39.28,54.39,47.5,73,2,,
2025-07-25T08:43:29.717+0200,1312,1223,14.497,4783.885,41.97,37.38,42.45,59.21,,-2.05,128.50,7.22,12.90,928,97,27,,,64,,,,,,0,2025-07-25T08:43:29.000+0200,1231,1183,13.081,48.1320050,-2.0216817,37.06,34.05,39.28,54.39,47.5,69,2,,
2025-07-25T08:43:29.735+0200,1312,1223,14.497,4783.885,41.97,37.38,42.45,59.21,,-2.05,128.50,7.22,12.90,928,97,27,,,64,,,,,,0,2025-07-25T08:43:29.000+0200,1231,1183,13.081,48.1320050,-2.0216817,37.06,34.05,39.28,54.39,47.5,69,2,,
2025-07-25T08:43:30.336+0200,1312,1223,14.505,4783.892,41.72,37.39,42.45,59.21,,0.12,128.89,10.25,18.40,1321,97,27,,,64,,,,,,0,2025-07-25T08:43:29.000+0200,1232,1184,13.081,48.1320050,-2.0216817,37.06,34.05,39.28,54.39,47.5,69,2,,
2025-07-25T08:43:30.357+0200,1312,1223,14.505,4783.892,41.72,37.39,42.45,59.21,,0.12,128.89,10.25,18.40,1321,97,27,,,64,,,,,,0,2025-07-25T08:43:29.000+0200,1232,1184,13.081,48.1320050,-2.0216817,37.06,34.05,39.28,54.39,47.5,69,2,,
2025-07-25T08:43:30.956+0200,1313,1224,14.512,4783.899,42.22,37.39,42.45,59.21,,-0.96,129.09,5.11,9.09,660,97,27,,,64,,,,,,0,2025-07-25T08:43:30.000+0200,1233,1185,13.091,48.1320317,-2.0215500,33.48,34.05,39.28,54.39,47.3,72,2,,
2025-07-25T08:43:30.979+0200,1313,1224,14.512,4783.899,42.22,37.39,42.45,59.21,,-0.96,129.09,5.11,9.09,660,97,27,,,64,,,,,,0,2025-07-25T08:43:30.000+0200,1233,1185,13.091,48.1320317,-2.0215500,33.48,34.05,39.28,54.39,47.3,72,2,,
2025-07-25T08:43:31.573+0200,1314,1225,14.519,4783.907,42.40,37.39,42.45,59.21,,3.27,129.20,2.70,4.79,349,96,27,,,64,,,,,,0,2025-07-25T08:43:30.000+0200,1233,1185,13.091,48.1320317,-2.0215500,33.48,34.05,39.28,54.39,47.3,72,2,,
2025-07-25T08:43:31.598+0200,1314,1225,14.519,4783.907,42.40,37.39,42.45,59.21,,3.27,129.20,2.70,4.79,349,96,27,,,64,,,,,,0,2025-07-25T08:43:30.000+0200,1233,1185,13.091,48.1320317,-2.0215500,33.48,34.05,39.28,54.39,47.3,72,2,,
2025-07-25T08:43:32.215+0200,1314,1225,14.526,4783.914,41.94,37.39,42.45,59.21,,2.26,129.30,13.25,23.70,1713,96,27,,,64,,,,,,0,2025-07-25T08:43:31.000+0200,1234,1186,13.102,48.1320583,-2.0214133,38.13,34.05,39.28,54.39,47.0,72,2,,
2025-07-25T08:43:32.239+0200,1314,1225,14.526,4783.914,41.94,37.39,42.45,59.21,,2.26,129.30,13.25,23.70,1713,96,27,,,64,,,,,,0,2025-07-25T08:43:31.000+0200,1234,1186,13.102,48.1320583,-2.0214133,38.13,34.05,39.28,54.39,47.0,72,2,,
2025-07-25T08:43:32.834+0200,1315,1226,14.534,4783.922,41.79,37.39,42.45,59.21,,-3.97,129.39,9.03,16.19,1168,96,27,,,64,,,,,,0,2025-07-25T08:43:32.000+0200,1234,1186,13.112,48.1320750,-2.0212700,38.26,34.06,39.28,54.39,46.5,80,2,,
2025-07-25T08:43:32.852+0200,1315,1226,14.534,4783.922,41.79,37.39,42.45,59.21,,-3.97,129.39,9.03,16.19,1168,96,27,,,64,,,,,,0,2025-07-25T08:43:32.000+0200,1234,1186,13.112,48.1320750,-2.0212700,38.26,34.06,39.28,54.39,46.5,80,2,,
2025-07-25T08:43:33.458+0200,1316,1226,14.541,4783.929,43.45,37.40,42.45,59.21,,1.24,129.20,17.40,30.30,2248,96,27,,,63,,,,,,0,2025-07-25T08:43:32.000+0200,1235,1187,13.112,48.1320750,-2.0212700,38.26,34.06,39.28,54.39,46.5,80,2,,
2025-07-25T08:43:33.481+0200,1316,1226,14.541,4783.929,43.45,37.40,42.45,59.21,,1.24,129.20,17.40,30.30,2248,96,27,,,63,,,,,,0,2025-07-25T08:43:32.000+0200,1235,1187,13.112,48.1320750,-2.0212700,38.26,34.06,39.28,54.39,46.5,80,2,,
2025-07-25T08:43:34.076+0200,1316,1227,14.549,4783.937,43.59,37.40,42.45,59.21,,-4.21,129.39,2.41,4.19,312,96,27,,,63,,,,,,0,2025-07-25T08:43:33.000+0200,1236,1188,13.123,48.1320883,-2.0211267,41.87,34.06,39.28,54.39,46.4,85,2,,
2025-07-25T08:43:34.098+0200,1316,1227,14.549,4783.937,43.59,37.40,42.45,59.21,,-4.21,129.39,2.41,4.19,312,96,27,,,63,,,,,,0,2025-07-25T08:43:33.000+0200,1236,1188,13.123,48.1320883,-2.0211267,41.87,34.06,39.28,54.39,46.4,85,2,,
2025-07-25T08:43:34.695+0200,1317,1228,14.556,4783.944,43.41,37.40,42.45,59.21,,-1.24,129.50,6.14,10.70,795,96,27,,,63,,,,,,0,2025-07-25T08:43:34.000+0200,1236,1188,13.134,48.1320983,-2.0209750,36.25,34.06,39.27,54.39,46.0,85,2,,
2025-07-25T08:43:34.717+0200,1317,1228,14.556,4783.944,43.41,37.40,42.45,59.21,,-1.24,129.50,6.14,10.70,795,96,27,,,63,,,,,,0,2025-07-25T08:43:34.000+0200,1236,1188,13.134,48.1320983,-2.0209750,36.25,34.06,39.27,54.39,46.0,85,2,,
2025-07-25T08:43:35.317+0200,1317,1228,14.564,4783.952,44.89,37.41,42.45,59.21,,2.35,129.59,6.12,10.40,793,96,26,,,62,,,,,,0,2025-07-25T08:43:34.000+0200,1237,1189,13.134,48.1320983,-2.0209750,36.25,34.06,39.27,54.39,46.0,85,2,,
2025-07-25T08:43:35.340+0200,1317,1228,14.564,4783.952,44.89,37.41,42.45,59.21,,2.35,129.59,6.12,10.40,793,96,26,,,62,,,,,,0,2025-07-25T08:43:34.000+0200,1237,1189,13.134,48.1320983,-2.0209750,36.25,34.06,39.27,54.39,46.0,85,2,,
2025-07-25T08:43:35.936+0200,1318,1229,14.572,4783.959,44.31,37.41,42.46,59.21,,-2.02,129.70,2.33,4.00,302,96,26,,,62,,,,,,0,2025-07-25T08:43:35.000+0200,1237,1189,13.145,48.1321050,-2.0208283,40.20,34.07,39.28,54.39,46.0,87,2,,
2025-07-25T08:43:35.960+0200,1318,1229,14.572,4783.959,44.31,37.41,42.46,59.21,,-2.02,129.70,2.33,4.00,302,96,26,,,62,,,,,,0,2025-07-25T08:43:35.000+0200,1238,1190,13.145,48.1321050,-2.0208283,40.20,34.07,39.28,54.39,46.0,87,2,,
2025-07-25T08:43:36.558+0200,1319,1230,14.579,4783.967,43.09,37.41,42.46,59.21,,0.00,129.80,2.56,4.50,332,96,26,,,63,,,,,,0,2025-07-25T08:43:35.000+0200,1238,1190,13.145,48.1321050,-2.0208283,40.20,34.07,39.28,54.39,46.0,87,2,,
2025-07-25T08:43:36.578+0200,1319,1230,14.579,4783.967,43.09,37.41,42.46,59.21,,0.00,129.80,2.56,4.50,332,96,26,,,63,,,,,,0,2025-07-25T08:43:35.000+0200,1238,1190,13.145,48.1321050,-2.0208283,40.20,34.07,39.28,54.39,46.0,87,2,,
2025-07-25T08:43:37.178+0200,1319,1230,14.587,4783.975,43.09,37.41,42.46,59.21,,-0.78,129.89,3.88,6.80,504,96,26,,,63,,,,,,0,2025-07-25T08:43:36.000+0200,1239,1191,13.157,48.1321083,-2.0206750,40.96,34.07,39.28,54.39,45.6,87,2,,
2025-07-25T08:43:37.202+0200,1319,1230,14.587,4783.975,43.09,37.41,42.46,59.21,,-0.78,129.89,3.88,6.80,504,96,26,,,63,,,,,,0,2025-07-25T08:43:36.000+0200,1239,1191,13.157,48.1321083,-2.0206750,40.96,34.07,39.28,54.39,45.6,87,2,,
2025-07-25T08:43:37.820+0200,1320,1231,14.594,4783.982,43.05,37.42,42.46,59.21,,0.12,130.00,2.73,4.79,355,96,26,,,64,,,,,,0,2025-07-25T08:43:37.000+0200,1239,1191,13.168,48.1321133,-2.0205250,42.95,34.08,39.28,54.39,45.4,85,2,,
2025-07-25T08:43:37.844+0200,1320,1231,14.594,4783.982,43.05,37.42,42.46,59.21,,0.12,130.00,2.73,4.79,355,96,26,,,64,,,,,,0,2025-07-25T08:43:37.000+0200,1239,1191,13.168,48.1321133,-2.0205250,42.95,34.08,39.28,54.39,45.4,85,2,,
2025-07-25T08:43:38.490+0200,1321,1231,14.602,4783.989,44.17,37.42,42.46,59.21,,3.70,130.00,3.14,5.40,408,96,26,,,63,,,,,,0,2025-07-25T08:43:37.000+0200,1240,1192,13.168,48.1321133,-2.0205250,42.95,34.08,39.28,54.39,45.4,85,2,,
2025-07-25T08:43:38.512+0200,1321,1231,14.602,4783.989,44.17,37.42,42.46,59.21,,3.70,130.00,3.14,5.40,408,96,26,,,63,,,,,,0,2025-07-25T08:43:37.000+0200,1240,1192,13.168,48.1321133,-2.0205250,42.95,34.08,39.28,54.39,45.4,85,2,,
2025-07-25T08:43:39.058+0200,1321,1232,14.609,4783.997,42.98,37.42,42.46,59.21,,2.16,130.00,0.85,1.50,111,96,26,,,64,,,,,,0,2025-07-25T08:43:38.000+0200,1241,1193,13.179,48.1321200,-2.0203750,38.60,34.08,39.28,54.39,45.8,89,2,,
2025-07-25T08:43:39.083+0200,1321,1232,14.609,4783.997,42.98,37.42,42.46,59.21,,2.16,130.00,0.85,1.50,111,96,26,,,64,,,,,,0,2025-07-25T08:43:38.000+0200,1241,1193,13.179,48.1321200,-2.0203750,38.60,34.08,39.28,54.39,45.8,89,2,,
2025-07-25T08:43:39.677+0200,1322,1233,14.617,4784.004,42.40,37.42,42.46,59.21,,1.56,130.00,5.47,9.70,711,96,26,,,64,,,,,,0,2025-07-25T08:43:39.000+0200,1241,1193,13.190,48.1321200,-2.0202300,39.86,34.09,39.28,54.39,45.9,88,2,,
2025-07-25T08:43:39.701+0200,1322,1233,14.617,4784.004,42.40,37.42,42.46,59.21,,1.56,130.00,5.47,9.70,711,96,26,,,64,,,,,,0,2025-07-25T08:43:39.000+0200,1241,1193,13.190,48.1321200,-2.0202300,39.86,34.09,39.28,54.39,45.9,88,2,,
2025-07-25T08:43:40.300+0200,1322,1233,14.624,4784.012,42.37,37.43,42.46,59.21,,-1.80,130.09,6.76,12.00,879,96,26,,,64,,,,,,0,2025-07-25T08:43:39.000+0200,1242,1194,13.190,48.1321200,-2.0202300,39.86,34.09,39.28,54.39,45.9,88,2,,
2025-07-25T08:43:40.324+0200,1322,1233,14.624,4784.012,42.37,37.43,42.46,59.21,,-1.80,130.09,6.76,12.00,879,96,26,,,64,,,,,,0,2025-07-25T08:43:39.000+0200,1242,1194,13.190,48.1321200,-2.0202300,39.86,34.09,39.28,54.39,45.9,88,2,,
2025-07-25T08:43:40.921+0200,1323,1234,14.631,4784.019,42.98,37.43,42.46,59.21,,1.08,130.09,-0.17,-0.59,-22,96,26,,,64,,,,,,0,2025-07-25T08:43:40.000+0200,1242,1194,13.200,48.1321200,-2.0200900,37.78,34.09,39.28,54.39,45.6,92,2,,
2025-07-25T08:43:40.945+0200,1323,1234,14.631,4784.019,42.98,37.43,42.46,59.21,,1.08,130.09,-0.17,-0.59,-22,96,26,,,64,,,,,,0,2025-07-25T08:43:40.000+0200,1243,1195,13.200,48.1321200,-2.0200900,37.78,34.09,39.28,54.39,45.6,92,2,,
2025-07-25T08:43:41.535+0200,1324,1234,14.639,4784.026,41.83,37.43,42.46,59.21,,-2.47,130.20,0.16,0.29,21,96,26,,,65,,,,,,0,2025-07-25T08:43:40.000+0200,1243,1195,13.200,48.1321200,-2.0200900,37.78,34.09,39.28,54.39,45.6,92,2,,
2025-07-25T08:43:41.558+0200,1324,1235,14.639,4784.026,41.83,37.43,42.46,59.21,,-2.47,130.20,0.16,0.29,21,96,26,,,65,,,,,,0,2025-07-25T08:43:40.000+0200,1243,1195,13.200,48.1321200,-2.0200900,37.78,34.09,39.28,54.39,45.6,92,2,,
2025-07-25T08:43:42.161+0200,1324,1235,14.646,4784.034,42.76,37.43,42.46,59.21,,3.82,130.20,3.91,6.89,509,96,26,,,64,,,,,,0,2025-07-25T08:43:41.000+0200,1244,1196,13.210,48.1321150,-2.0199550,37.91,34.09,39.28,54.39,45.3,93,2,,
2025-07-25T08:43:42.186+0200,1324,1235,14.646,4784.034,42.76,37.43,42.46,59.21,,3.82,130.20,3.91,6.89,509,96,26,,,64,,,,,,0,2025-07-25T08:43:41.000+0200,1244,1196,13.210,48.1321150,-2.0199550,37.91,34.09,39.28,54.39,45.3,93,2,,
2025-07-25T08:43:42.795+0200,1325,1236,14.653,4784.041,41.86,37.43,42.46,59.21,,-1.32,130.30,-1.28,-4.60,-167,96,26,,,65,,,,,,0,2025-07-25T08:43:42.000+0200,1244,1196,13.221,48.1321167,-2.0198183,36.50,34.10,39.28,54.39,44.5,86,2,,
2025-07-25T08:43:42.820+0200,1325,1236,14.653,4784.041,41.86,37.43,42.46,59.21,,-1.32,130.30,-1.28,-4.60,-167,96,26,,,65,,,,,,0,2025-07-25T08:43:42.000+0200,1244,1196,13.221,48.1321167,-2.0198183,36.50,34.10,39.28,54.39,44.5,86,2,,
2025-07-25T08:43:43.394+0200,1326,1236,14.661,4784.048,41.00,37.44,42.46,59.21,,-0.63,130.50,-2.06,-7.50,-269,96,26,,,65,,,,,,0,2025-07-25T08:43:42.000+0200,1245,1197,13.221,48.1321167,-2.0198183,36.50,34.10,39.28,54.39,44.5,86,2,,
2025-07-25T08:43:43.419+0200,1326,1236,14.661,4784.048,41.00,37.44,42.46,59.21,,-0.63,130.50,-2.06,-7.50,-269,96,26,,,65,,,,,,0,2025-07-25T08:43:42.000+0200,1245,1197,13.221,48.1321167,-2.0198183,36.50,34.10,39.28,54.39,44.5,86,2,,
2025-07-25T08:43:44.016+0200,1326,1237,14.668,4784.055,40.82,37.44,42.46,59.21,,0.00,130.50,-1.39,-5.10,-181,96,26,,,66,,,,,,0,2025-07-25T08:43:43.000+0200,1246,1198,13.231,48.1321183,-2.0196817,37.32,34.10,39.27,54.39,43.8,90,2,,
2025-07-25T08:43:44.039+0200,1326,1237,14.668,4784.055,40.82,37.44,42.46,59.21,,0.00,130.50,-1.39,-5.10,-181,96,26,,,66,,,,,,0,2025-07-25T08:43:43.000+0200,1246,1198,13.231,48.1321183,-2.0196817,37.32,34.10,39.27,54.39,43.8,90,2,,
2025-07-25T08:43:44.663+0200,1327,1238,14.675,4784.062,38.41,37.44,42.45,59.21,,-2.02,130.80,-9.11,-34.80,-1192,96,26,,,68,,,,,,0,2025-07-25T08:43:44.000+0200,1246,1198,13.242,48.1321183,-2.0195367,34.76,34.10,39.27,54.39,43.4,87,2,,
2025-07-25T08:43:44.694+0200,1327,1238,14.675,4784.062,38.41,37.44,42.45,59.21,,-2.02,130.80,-9.11,-34.80,-1192,96,26,,,68,,,,,,0,2025-07-25T08:43:44.000+0200,1246,1198,13.242,48.1321183,-2.0195367,34.76,34.10,39.27,54.39,43.4,87,2,,
2025-07-25T08:43:45.278+0200,1327,1238,14.682,4784.069,33.76,37.44,42.45,59.21,,-9.87,131.20,-13.20,-55.30,-1732,96,26,,,72,,,,,,0,2025-07-25T08:43:44.000+0200,1247,1199,13.242,48.1321183,-2.0195367,34.76,34.10,39.27,54.39,43.4,87,2,,
2025-07-25T08:43:45.295+0200,1327,1238,14.682,4784.069,33.76,37.44,42.45,59.21,,-9.87,131.20,-13.20,-55.30,-1732,96,26,,,72,,,,,,0,2025-07-25T08:43:44.000+0200,1247,1199,13.242,48.1321183,-2.0195367,34.76,34.10,39.27,54.39,43.4,87,2,,
2025-07-25T08:43:45.911+0200,1328,1239,14.688,4784.075,30.67,37.44,42.44,59.21,,-6.57,131.50,-12.21,-54.69,-1606,96,26,,,74,,,,,,0,2025-07-25T08:43:45.000+0200,1247,1199,13.252,48.1321117,-2.0194017,30.50,34.10,39.26,54.39,42.4,96,2,,
2025-07-25T08:43:45.932+0200,1328,1239,14.688,4784.075,30.67,37.44,42.44,59.21,,-6.57,131.50,-12.21,-54.69,-1606,96,26,,,74,,,,,,0,2025-07-25T08:43:45.000+0200,1247,1199,13.252,48.1321117,-2.0194017,30.50,34.10,39.26,54.39,42.4,96,2,,
2025-07-25T08:43:46.516+0200,1329,1239,14.694,4784.080,25.09,37.43,42.44,59.21,,-10.12,131.59,-5.53,-28.30,-728,96,26,,,79,,,,,,0,2025-07-25T08:43:45.000+0200,1248,1200,13.252,48.1321117,-2.0194017,30.50,34.10,39.26,54.39,42.4,96,2,,
2025-07-25T08:43:46.538+0200,1329,1239,14.694,4784.080,25.09,37.43,42.44,59.21,,-10.12,131.59,-5.53,-28.30,-728,96,26,,,79,,,,,,0,2025-07-25T08:43:45.000+0200,1248,1200,13.252,48.1321117,-2.0194017,30.50,34.10,39.26,54.39,42.4,96,2,,
2025-07-25T08:43:47.137+0200,1329,1240,14.698,4784.085,26.42,37.43,42.43,59.21,,3.81,131.50,-0.62,-3.10,-82,96,26,,,78,,,,,,0,2025-07-25T08:43:46.000+0200,1249,1201,13.260,48.1321133,-2.0192933,32.14,34.09,39.26,54.39,43.1,86,2,,
2025-07-25T08:43:47.161+0200,1329,1240,14.698,4784.085,26.42,37.43,42.43,59.21,,3.81,131.50,-0.62,-3.10,-82,96,26,,,78,,,,,,0,2025-07-25T08:43:46.000+0200,1249,1201,13.260,48.1321133,-2.0192933,32.14,34.09,39.26,54.39,43.1,86,2,,
2025-07-25T08:43:47.776+0200,1330,1241,14.703,4784.089,25.23,37.42,42.42,59.21,,-2.88,131.30,-0.17,-0.90,-22,97,26,,,79,,,,,,0,2025-07-25T08:43:47.000+0200,1249,1201,13.267,48.1321183,-2.0191917,29.26,34.09,39.25,54.39,43.3,87,2,,
2025-07-25T08:43:47.803+0200,1330,1241,14.703,4784.089,25.23,37.42,42.42,59.21,,-2.88,131.30,-0.17,-0.90,-22,97,26,,,79,,,,,,0,2025-07-25T08:43:47.000+0200,1249,1201,13.267,48.1321183,-2.0191917,29.26,34.09,39.25,54.39,43.3,87,2,,
2025-07-25T08:43:48.388+0200,1331,1241,14.707,4784.094,24.76,37.41,42.41,59.21,,-1.80,131.20,0.58,1.50,76,97,26,,,79,,,,,,0,2025-07-25T08:43:47.000+0200,1250,1202,13.267,48.1321183,-2.0191917,29.26,34.09,39.25,54.39,43.3,87,2,,
2025-07-25T08:43:48.412+0200,1331,1241,14.707,4784.094,24.76,37.41,42.41,59.21,,-1.80,131.20,0.58,1.50,76,97,26,,,79,,,,,,0,2025-07-25T08:43:47.000+0200,1250,1202,13.267,48.1321183,-2.0191917,29.26,34.09,39.25,54.39,43.3,87,2,,
2025-07-25T08:43:49.018+0200,1331,1242,14.712,4784.098,25.20,37.41,42.40,59.21,,-1.08,131.00,1.37,3.50,179,97,26,,,79,,,,,,0,2025-07-25T08:43:48.000+0200,1251,1203,13.274,48.1321183,-2.0191050,28.67,34.09,39.24,54.39,42.7,90,2,,
2025-07-25T08:43:49.043+0200,1331,1242,14.712,4784.098,25.20,37.41,42.40,59.21,,-1.08,131.00,1.37,3.50,179,97,26,,,79,,,,,,0,2025-07-25T08:43:48.000+0200,1251,1203,13.274,48.1321183,-2.0191050,28.67,34.09,39.24,54.39,42.7,90,2,,
2025-07-25T08:43:49.640+0200,1332,1243,14.716,4784.102,24.62,37.40,42.39,59.21,,0.00,131.00,-1.77,-9.20,-232,97,26,,,79,,,,,,0,2025-07-25T08:43:48.000+0200,1251,1203,13.274,48.1321183,-2.0191050,28.67,34.09,39.24,54.39,42.7,90,2,,
2025-07-25T08:43:49.666+0200,1332,1243,14.716,4784.102,24.62,37.40,42.39,59.21,,0.00,131.00,-1.77,-9.20,-232,97,26,,,79,,,,,,0,2025-07-25T08:43:49.000+0200,1251,1203,13.281,48.1321150,-2.0190133,24.56,34.08,39.23,54.39,42.3,94,2,,
2025-07-25T08:43:50.257+0200,1332,1243,14.720,4784.107,23.75,37.40,42.38,59.21,,-2.63,131.09,-5.32,-28.20,-697,97,26,,,80,,,,,,0,2025-07-25T08:43:49.000+0200,1252,1204,13.281,48.1321150,-2.0190133,24.56,34.08,39.23,54.39,42.3,94,2,,
2025-07-25T08:43:50.280+0200,1332,1243,14.720,4784.107,23.75,37.40,42.38,59.21,,-2.63,131.09,-5.32,-28.20,-697,97,26,,,80,,,,,,0,2025-07-25T08:43:49.000+0200,1252,1204,13.281,48.1321150,-2.0190133,24.56,34.08,39.23,54.39,42.3,94,2,,
2025-07-25T08:43:50.877+0200,1333,1244,14.725,4784.111,21.16,37.39,42.37,59.21,,-6.41,131.20,-5.04,-28.70,-661,97,26,,,82,,,,,,0,2025-07-25T08:43:50.000+0200,1252,1204,13.287,48.1320967,-2.0189283,24.56,34.07,39.22,54.39,41.9,104,2,,
2025-07-25T08:43:50.898+0200,1333,1244,14.725,4784.111,21.16,37.39,42.37,59.21,,-6.41,131.20,-5.04,-28.70,-661,97,26,,,82,,,,,,0,2025-07-25T08:43:50.000+0200,1252,1204,13.287,48.1320967,-2.0189283,24.56,34.07,39.22,54.39,41.9,104,2,,
2025-07-25T08:43:51.506+0200,1334,1244,14.729,4784.114,20.51,37.38,42.36,59.21,,-3.70,131.30,-6.50,-37.70,-853,97,26,,,83,,,,,,0,2025-07-25T08:43:50.000+0200,1253,1205,13.287,48.1320967,-2.0189283,24.56,34.07,39.22,54.39,41.9,104,2,,
2025-07-25T08:43:51.531+0200,1334,1244,14.729,4784.114,20.51,37.38,42.36,59.21,,-3.70,131.30,-6.50,-37.70,-853,97,26,,,83,,,,,,0,2025-07-25T08:43:50.000+0200,1253,1205,13.287,48.1320967,-2.0189283,24.56,34.07,39.22,54.39,41.9,104,2,,
2025-07-25T08:43:52.136+0200,1334,1245,14.732,4784.118,18.46,37.38,42.35,59.21,,-1.20,131.30,-2.92,-18.00,-383,97,26,,,85,,,,,,0,2025-07-25T08:43:51.000+0200,1254,1206,13.291,48.1320817,-2.0188850,20.78,34.06,39.20,54.39,41.5,109,2,,
2025-07-25T08:43:52.159+0200,1334,1245,14.732,4784.118,18.46,37.38,42.35,59.21,,-1.20,131.30,-2.92,-18.00,-383,97,26,,,85,,,,,,0,2025-07-25T08:43:51.000+0200,1254,1206,13.291,48.1320817,-2.0188850,20.78,34.06,39.20,54.39,41.5,109,2,,
2025-07-25T08:43:52.762+0200,1335,1246,14.736,4784.121,18.46,37.37,42.34,59.21,,-0.36,131.30,-1.36,-8.39,-179,97,26,,,85,,,,,,0,2025-07-25T08:43:52.000+0200,1254,1206,13.294,48.1320667,-2.0188483,18.21,34.05,39.18,54.39,41.0,107,2,,
2025-07-25T08:43:52.785+0200,1335,1246,14.736,4784.121,18.46,37.37,42.34,59.21,,-0.36,131.30,-1.36,-8.39,-179,97,26,,,85,,,,,,0,2025-07-25T08:43:52.000+0200,1254,1206,13.294,48.1320667,-2.0188483,18.21,34.05,39.18,54.39,41.0,107,2,,
2025-07-25T08:43:53.375+0200,1335,1246,14.739,4784.124,17.92,37.36,42.33,59.21,,-1.56,131.20,-0.01,-0.09,-1,97,26,,,85,,,,,,0,2025-07-25T08:43:52.000+0200,1255,1207,13.294,48.1320667,-2.0188483,18.21,34.05,39.18,54.39,41.0,107,2,,
2025-07-25T08:43:53.399+0200,1335,1246,14.739,4784.124,17.92,37.36,42.33,59.21,,-1.56,131.20,-0.01,-0.09,-1,97,26,,,85,,,,,,0,2025-07-25T08:43:52.000+0200,1255,1207,13.294,48.1320667,-2.0188483,18.21,34.05,39.18,54.39,41.0,107,2,,
2025-07-25T08:43:53.994+0200,1336,1247,14.742,4784.128,19.00,37.35,42.32,59.21,,1.80,131.09,1.32,4.00,173,97,26,,,84,,,,,,0,2025-07-25T08:43:53.000+0200,1256,1208,13.298,48.1320600,-2.0187917,17.77,34.04,39.16,54.39,40.8,94,2,,
2025-07-25T08:43:54.017+0200,1336,1247,14.742,4784.128,19.00,37.35,42.32,59.21,,1.80,131.09,1.32,4.00,173,97,26,,,84,,,,,,0,2025-07-25T08:43:53.000+0200,1256,1208,13.298,48.1320600,-2.0187917,17.77,34.04,39.16,54.39,40.8,94,2,,
2025-07-25T08:43:54.617+0200,1337,1248,14.745,4784.131,19.69,37.34,42.30,59.21,,2.87,130.89,5.12,15.20,670,97,26,,,83,,,,,,0,2025-07-25T08:43:53.000+0200,1256,1208,13.298,48.1320600,-2.0187917,17.77,34.04,39.16,54.39,40.8,94,2,,
2025-07-25T08:43:54.637+0200,1337,1248,14.745,4784.131,19.69,37.34,42.30,59.21,,2.87,130.89,5.12,15.20,670,97,26,,,83,,,,,,0,2025-07-25T08:43:53.000+0200,1256,1208,13.298,48.1320600,-2.0187917,17.77,34.04,39.16,54.39,40.8,94,2,,
2025-07-25T08:43:55.231+0200,1337,1248,14.749,4784.134,20.62,37.33,42.29,59.21,,2.58,130.70,10.28,29.70,1344,97,26,,,83,,,,,,0,2025-07-25T08:43:54.000+0200,1257,1209,13.303,48.1320550,-2.0187350,16.82,34.03,39.15,54.39,40.3,84,2,,
2025-07-25T08:43:55.252+0200,1337,1248,14.749,4784.134,20.62,37.33,42.29,59.21,,2.58,130.70,10.28,29.70,1344,97,26,,,83,,,,,,0,2025-07-25T08:43:54.000+0200,1257,1209,13.303,48.1320550,-2.0187350,16.82,34.03,39.15,54.39,40.3,84,2,,
2025-07-25T08:43:55.874+0200,1338,1249,14.752,4784.138,22.53,37.33,42.28,59.21,,2.40,130.50,4.74,13.00,619,97,26,,,81,,,,,,0,2025-07-25T08:43:55.000+0200,1257,1209,13.307,48.1320600,-2.0186833,18.72,34.02,39.13,54.39,39.9,82,2,,
2025-07-25T08:43:55.901+0200,1338,1249,14.752,4784.138,22.53,37.33,42.28,59.21,,2.40,130.50,4.74,13.00,619,97,26,,,81,,,,,,0,2025-07-25T08:43:55.000+0200,1257,1209,13.307,48.1320600,-2.0186833,18.72,34.02,39.13,54.39,39.9,82,2,,
2025-07-25T08:43:56.495+0200,1339,1249,14.756,4784.142,24.04,37.32,42.27,59.21,,4.17,130.39,1.06,2.80,138,97,26,,,80,,,,,,0,2025-07-25T08:43:55.000+0200,1258,1210,13.307,48.1320600,-2.0186833,18.72,34.02,39.13,54.39,39.9,82,2,,
2025-07-25T08:43:56.517+0200,1339,1249,14.756,4784.142,24.04,37.32,42.27,59.21,,4.17,130.39,1.06,2.80,138,97,26,,,80,,,,,,0,2025-07-25T08:43:55.000+0200,1258,1210,13.307,48.1320600,-2.0186833,18.72,34.02,39.13,54.39,39.9,82,2,,
2025-07-25T08:43:57.121+0200,1339,1250,14.760,4784.146,24.44,37.32,42.27,59.21,,1.08,130.20,19.18,49.90,2497,97,26,,,79,,,,,,0,2025-07-25T08:43:56.000+0200,1259,1211,13.312,48.1320650,-2.0186133,20.07,34.01,39.11,54.39,39.7,83,2,,
2025-07-25T08:43:57.142+0200,1339,1250,14.760,4784.146,24.44,37.32,42.27,59.21,,1.08,130.20,19.18,49.90,2497,97,26,,,79,,,,,,0,2025-07-25T08:43:56.000+0200,1259,1211,13.312,48.1320650,-2.0186133,20.07,34.01,39.11,54.39,39.7,83,2,,
2025-07-25T08:43:57.739+0200,1340,1251,14.764,4784.150,28.65,37.31,42.26,59.21,,8.01,129.80,22.01,51.60,2857,97,26,,,76,,,,,,0,2025-07-25T08:43:57.000+0200,1259,1211,13.318,48.1320717,-2.0185350,22.69,34.00,39.10,54.39,39.6,87,2,,
2025-07-25T08:43:57.762+0200,1340,1251,14.764,4784.150,28.65,37.31,42.26,59.21,,8.01,129.80,22.01,51.60,2857,97,26,,,76,,,,,,0,2025-07-25T08:43:57.000+0200,1259,1211,13.318,48.1320717,-2.0185350,22.69,34.00,39.10,54.39,39.6,87,2,,
2025-07-25T08:43:58.358+0200,1340,1251,14.769,4784.155,31.10,37.31,42.25,59.21,,1.12,129.50,14.38,31.90,1862,97,26,,,74,,,,,,0,2025-07-25T08:43:57.000+0200,1260,1212,13.318,48.1320717,-2.0185350,22.69,34.00,39.10,54.39,39.6,87,2,,
2025-07-25T08:43:58.378+0200,1340,1251,14.769,4784.155,31.10,37.31,42.25,59.21,,1.12,129.50,14.38,31.90,1862,97,26,,,74,,,,,,0,2025-07-25T08:43:57.000+0200,1260,1212,13.318,48.1320717,-2.0185350,22.69,34.00,39.10,54.39,39.6,87,2,,
2025-07-25T08:43:58.979+0200,1341,1252,14.774,4784.161,34.45,37.31,42.25,59.21,,8.72,129.20,27.71,57.19,3580,97,26,,,71,,,,,,0,2025-07-25T08:43:58.000+0200,1261,1213,13.326,48.1320733,-2.0184250,29.87,34.00,39.09,54.39,39.8,93,2,,
2025-07-25T08:43:59.003+0200,1341,1252,14.774,4784.161,34.45,37.31,42.25,59.21,,8.72,129.20,27.71,57.19,3580,97,26,,,71,,,,,,0,2025-07-25T08:43:58.000+0200,1261,1213,13.326,48.1320733,-2.0184250,29.87,34.00,39.09,54.39,39.8,93,2,,
2025-07-25T08:43:59.619+0200,1342,1253,14.780,4784.167,38.26,37.31,42.24,59.21,,7.46,128.70,25.24,48.30,3248,97,27,,,67,,,,,,0,2025-07-25T08:43:58.000+0200,1261,1213,13.326,48.1320733,-2.0184250,29.87,34.00,39.09,54.39,39.8,93,2,,
2025-07-25T08:43:59.638+0200,1342,1253,14.780,4784.167,38.26,37.31,42.24,59.21,,7.46,128.70,25.24,48.30,3248,97,27,,,67,,,,,,0,2025-07-25T08:43:58.000+0200,1261,1213,13.326,48.1320733,-2.0184250,29.87,34.00,39.09,54.39,39.8,93,2,,
2025-07-25T08:44:00.216+0200,1342,1253,14.786,4784.173,40.93,37.31,42.24,59.21,,6.21,128.30,23.45,42.70,3009,97,27,,,65,,,,,,0,2025-07-25T08:43:59.000+0200,1262,1214,13.335,48.1320750,-2.0183050,34.49,34.00,39.09,54.39,40.1,91,2,,
2025-07-25T08:44:00.239+0200,1342,1253,14.786,4784.173,40.93,37.31,42.24,59.21,,6.21,128.30,23.45,42.70,3009,97,27,,,65,,,,,,0,2025-07-25T08:43:59.000+0200,1262,1214,13.335,48.1320750,-2.0183050,34.49,34.00,39.09,54.39,40.1,91,2,,
2025-07-25T08:44:00.859+0200,1343,1254,14.793,4784.180,43.56,37.31,42.24,59.21,,4.80,127.80,30.96,53.80,3957,97,27,,,62,,,,,,0,2025-07-25T08:44:00.000+0200,1262,1214,13.345,48.1320783,-2.0181733,38.29,34.00,39.09,54.39,40.3,89,2,,
2025-07-25T08:44:00.877+0200,1343,1254,14.793,4784.180,43.56,37.31,42.24,59.21,,4.80,127.80,30.96,53.80,3957,97,27,,,62,,,,,,0,2025-07-25T08:44:00.000+0200,1262,1214,13.345,48.1320783,-2.0181733,38.29,34.00,39.09,54.39,40.3,89,2,,
2025-07-25T08:44:01.481+0200,1344,1254,14.800,4784.188,45.90,37.31,42.25,59.21,,1.79,127.39,19.28,32.20,2456,96,27,,,60,,,,,,0,2025-07-25T08:44:00.000+0200,1263,1215,13.345,48.1320783,-2.0181733,38.29,34.00,39.09,54.39,40.3,89,2,,
2025-07-25T08:44:01.506+0200,1344,1254,14.800,4784.188,45.90,37.31,42.25,59.21,,1.79,127.39,19.28,32.20,2456,96,27,,,60,,,,,,0,2025-07-25T08:44:00.000+0200,1263,1215,13.345,48.1320783,-2.0181733,38.29,34.00,39.09,54.39,40.3,89,2,,
2025-07-25T08:44:02.097+0200,1344,1255,14.808,4784.196,44.92,37.32,42.25,59.21,,-3.84,127.89,8.42,14.29,1077,96,27,,,61,,,,,,0,2025-07-25T08:44:01.000+0200,1264,1216,13.355,48.1320817,-2.0180317,41.48,34.00,39.09,54.39,40.3,88,2,,
2025-07-25T08:44:02.119+0200,1344,1255,14.808,4784.196,44.92,37.32,42.25,59.21,,-3.84,127.89,8.42,14.29,1077,96,27,,,61,,,,,,0,2025-07-25T08:44:01.000+0200,1264,1216,13.355,48.1320817,-2.0180317,41.48,34.00,39.09,54.39,40.3,88,2,,
2025-07-25T08:44:02.721+0200,1345,1256,14.816,4784.204,44.53,37.32,42.25,59.21,,0.60,128.20,12.11,20.70,1553,96,27,,,62,,,,,,0,2025-07-25T08:44:02.000+0200,1264,1216,13.367,48.1320900,-2.0178700,38.88,34.01,39.09,54.39,40.6,87,2,,
2025-07-25T08:44:02.743+0200,1345,1256,14.816,4784.204,44.53,37.32,42.25,59.21,,0.60,128.20,12.11,20.70,1553,96,27,,,62,,,,,,0,2025-07-25T08:44:02.000+0200,1264,1216,13.367,48.1320900,-2.0178700,38.88,34.01,39.09,54.39,40.6,87,2,,
2025-07-25T08:44:03.337+0200,1345,1256,14.824,4784.212,43.09,37.32,42.25,59.21,,-2.87,128.39,13.30,23.30,1708,96,27,,,63,,,,,,0,2025-07-25T08:44:02.000+0200,1265,1217,13.367,48.1320900,-2.0178700,38.88,34.01,39.09,54.39,40.6,87,2,,
2025-07-25T08:44:03.359+0200,1345,1256,14.824,4784.212,43.09,37.32,42.25,59.21,,-2.87,128.39,13.30,23.30,1708,96,27,,,63,,,,,,0,2025-07-25T08:44:02.000+0200,1265,1217,13.367,48.1320900,-2.0178700,38.88,34.01,39.09,54.39,40.6,87,2,,
2025-07-25T08:44:03.959+0200,1346,1257,14.831,4784.219,43.09,37.33,42.25,59.21,,0.96,128.50,10.96,19.19,1408,96,27,,,63,,,,,,0,2025-07-25T08:44:03.000+0200,1266,1218,13.378,48.1320933,-2.0177267,40.70,34.01,39.09,54.39,40.7,88,2,,
2025-07-25T08:44:03.983+0200,1346,1257,14.831,4784.219,43.09,37.33,42.25,59.21,,0.96,128.50,10.96,19.19,1408,96,27,,,63,,,,,,0,2025-07-25T08:44:03.000+0200,1266,1218,13.378,48.1320933,-2.0177267,40.70,34.01,39.09,54.39,40.7,88,2,,
2025-07-25T08:44:04.578+0200,1347,1258,14.839,4784.227,41.58,37.33,42.25,59.21,,-1.91,128.70,9.17,16.50,1180,96,27,,,64,,,,,,0,2025-07-25T08:44:03.000+0200,1266,1218,13.378,48.1320933,-2.0177267,40.70,34.01,39.09,54.39,40.7,88,2,,
2025-07-25T08:44:04.600+0200,1347,1258,14.839,4784.227,41.58,37.33,42.25,59.21,,-1.91,128.70,9.17,16.50,1180,96,27,,,64,,,,,,0,2025-07-25T08:44:03.000+0200,1266,1218,13.378,48.1320933,-2.0177267,40.70,34.01,39.09,54.39,40.7,88,2,,
2025-07-25T08:44:05.218+0200,1347,1258,14.846,4784.234,40.42,37.33,42.25,59.21,,-4.78,129.00,4.02,7.39,519,96,27,,,65,,,,,,0,2025-07-25T08:44:04.000+0200,1267,1219,13.389,48.1321000,-2.0175833,35.91,34.01,39.09,54.39,41.1,86,2,,
2025-07-25T08:44:05.237+0200,1347,1258,14.846,4784.234,40.42,37.33,42.25,59.21,,-4.78,129.00,4.02,7.39,519,96,27,,,65,,,,,,0,2025-07-25T08:44:04.000+0200,1267,1219,13.389,48.1321000,-2.0175833,35.91,34.01,39.09,54.39,41.1,86,2,,
2025-07-25T08:44:05.817+0200,1348,1259,14.853,4784.241,37.00,37.33,42.25,59.21,,-8.28,129.39,-3.03,-11.90,-392,96,27,,,68,,,,,,0,2025-07-25T08:44:05.000+0200,1267,1219,13.398,48.1321033,-2.0174517,37.26,34.02,39.09,54.39,41.2,89,2,,
2025-07-25T08:44:05.840+0200,1348,1259,14.853,4784.241,37.00,37.33,42.25,59.21,,-8.28,129.39,-3.03,-11.90,-392,96,27,,,68,,,,,,0,2025-07-25T08:44:05.000+0200,1267,1219,13.398,48.1321033,-2.0174517,37.26,34.02,39.09,54.39,41.2,89,2,,
2025-07-25T08:44:06.460+0200,1349,1259,14.860,4784.247,33.01,37.33,42.24,59.21,,-5.85,129.70,-0.07,-0.29,-9,96,27,,,72,,,,,,0,2025-07-25T08:44:05.000+0200,1268,1220,13.398,48.1321033,-2.0174517,37.26,34.02,39.09,54.39,41.2,89,2,,
2025-07-25T08:44:06.484+0200,1349,1259,14.860,4784.247,33.01,37.33,42.24,59.21,,-5.85,129.70,-0.07,-0.29,-9,96,27,,,72,,,,,,0,2025-07-25T08:44:05.000+0200,1268,1220,13.398,48.1321033,-2.0174517,37.26,34.02,39.09,54.39,41.2,89,2,,
2025-07-25T08:44:07.078+0200,1349,1260,14.866,4784.253,31.46,37.33,42.24,59.21,,-1.57,129.89,-0.38,-1.70,-49,96,27,,,73,,,,,,0,2025-07-25T08:44:06.000+0200,1269,1221,13.408,48.1321033,-2.0173250,31.68,34.01,39.08,54.39,41.9,91,2,,
2025-07-25T08:44:07.101+0200,1349,1260,14.866,4784.253,31.46,37.33,42.24,59.21,,-1.57,129.89,-0.38,-1.70,-49,96,27,,,73,,,,,,0,2025-07-25T08:44:06.000+0200,1269,1221,13.408,48.1321033,-2.0173250,31.68,34.01,39.08,54.39,41.9,91,2,,
2025-07-25T08:44:07.698+0200,1350,1261,14.872,4784.258,29.41,37.32,42.23,59.21,,-4.28,130.00,2.86,6.60,372,96,27,,,75,,,,,,0,2025-07-25T08:44:07.000+0200,1269,1221,13.416,48.1321000,-2.0172183,26.66,34.01,39.07,54.39,42.2,98,2,,
2025-07-25T08:44:07.720+0200,1350,1261,14.872,4784.258,29.41,37.32,42.23,59.21,,-4.28,130.00,2.86,6.60,372,96,27,,,75,,,,,,0,2025-07-25T08:44:07.000+0200,1269,1221,13.416,48.1321000,-2.0172183,26.66,34.01,39.07,54.39,42.2,98,2,,
2025-07-25T08:44:08.320+0200,1350,1261,14.877,4784.264,28.43,37.32,42.23,59.21,,-5.85,130.00,2.37,5.60,308,96,27,,,76,,,,,,0,2025-07-25T08:44:07.000+0200,1270,1222,13.416,48.1321000,-2.0172183,26.66,34.01,39.07,54.39,42.2,98,2,,
2025-07-25T08:44:08.340+0200,1350,1261,14.877,4784.264,28.43,37.32,42.23,59.21,,-5.85,130.00,2.37,5.60,308,96,27,,,76,,,,,,0,2025-07-25T08:44:07.000+0200,1270,1222,13.416,48.1321000,-2.0172183,26.66,34.01,39.07,54.39,42.2,98,2,,
2025-07-25T08:44:08.955+0200,1351,1262,14.882,4784.269,27.46,37.32,42.22,59.21,,-1.92,130.09,0.00,0.00,0,96,27,,,77,,,,,,0,2025-07-25T08:44:08.000+0200,1271,1223,13.423,48.1320833,-2.0171283,23.60,34.00,39.06,54.39,42.1,104,2,,
2025-07-25T08:44:08.979+0200,1351,1262,14.882,4784.269,27.46,37.32,42.22,59.21,,-1.92,130.09,0.00,0.00,0,96,27,,,77,,,,,,0,2025-07-25T08:44:08.000+0200,1271,1223,13.423,48.1320833,-2.0171283,23.60,34.00,39.06,54.39,42.1,104,2,,
2025-07-25T08:44:09.578+0200,1352,1263,14.887,4784.274,25.95,37.31,42.21,59.21,,-2.38,130.30,-2.85,-14.29,-371,96,27,,,78,,,,,,0,2025-07-25T08:44:08.000+0200,1271,1223,13.423,48.1320833,-2.0171283,23.60,34.00,39.06,54.39,42.1,104,2,,
2025-07-25T08:44:09.601+0200,1352,1263,14.887,4784.274,25.95,37.31,42.21,59.21,,-2.38,130.30,-2.85,-14.29,-371,96,27,,,78,,,,,,0,2025-07-25T08:44:08.000+0200,1271,1223,13.423,48.1320833,-2.0171283,23.60,34.00,39.06,54.39,42.1,104,2,,
2025-07-25T08:44:10.199+0200,1352,1263,14.892,4784.278,23.86,37.31,42.20,59.21,,-2.63,130.39,2.95,7.80,385,96,27,,,80,,,,,,0,2025-07-25T08:44:09.000+0200,1272,1224,13.429,48.1320583,-2.0170550,22.50,33.99,39.04,54.39,42.6,114,2,,
2025-07-25T08:44:10.222+0200,1352,1263,14.892,4784.278,23.86,37.31,42.20,59.21,,-2.63,130.39,2.95,7.80,385,96,27,,,80,,,,,,0,2025-07-25T08:44:09.000+0200,1272,1224,13.429,48.1320583,-2.0170550,22.50,33.99,39.04,54.39,42.6,114,2,,
2025-07-25T08:44:10.819+0200,1353,1264,14.896,4784.282,24.58,37.30,42.19,59.21,,3.60,130.20,12.27,31.80,1598,96,27,,,79,,,,,,0,2025-07-25T08:44:10.000+0200,1272,1224,13.435,48.1320450,-2.0169767,22.56,33.99,39.03,54.39,42.9,97,2,,
2025-07-25T08:44:10.842+0200,1353,1264,14.896,4784.282,24.58,37.30,42.19,59.21,,3.60,130.20,12.27,31.80,1598,96,27,,,79,,,,,,0,2025-07-25T08:44:10.000+0200,1272,1224,13.435,48.1320450,-2.0169767,22.56,33.99,39.03,54.39,42.9,97,2,,
2025-07-25T08:44:11.437+0200,1354,1264,14.900,4784.286,26.24,37.29,42.18,59.21,,5.05,129.89,15.93,39.59,2069,96,27,,,78,,,,,,0,2025-07-25T08:44:10.000+0200,1273,1225,13.435,48.1320450,-2.0169767,22.56,33.99,39.03,54.39,42.9,97,2,,
2025-07-25T08:44:11.462+0200,1354,1264,14.900,4784.286,26.24,37.29,42.18,59.21,,5.05,129.89,15.93,39.59,2069,96,27,,,78,,,,,,0,2025-07-25T08:44:10.000+0200,1273,1225,13.435,48.1320450,-2.0169767,22.56,33.99,39.03,54.39,42.9,97,2,,
2025-07-25T08:44:12.059+0200,1354,1265,14.905,4784.291,28.54,37.29,42.18,59.21,,2.92,129.59,21.52,50.60,2789,96,27,,,76,,,,,,0,2025-07-25T08:44:11.000+0200,1274,1226,13.441,48.1320417,-2.0168900,25.21,33.98,39.02,54.39,43.4,86,2,,
2025-07-25T08:44:12.082+0200,1354,1265,14.905,4784.291,28.54,37.29,42.18,59.21,,2.92,129.59,21.52,50.60,2789,96,27,,,76,,,,,,0,2025-07-25T08:44:11.000+0200,1274,1226,13.441,48.1320417,-2.0168900,25.21,33.98,39.02,54.39,43.4,86,2,,
2025-07-25T08:44:12.678+0200,1355,1266,14.909,4784.296,29.15,37.29,42.17,59.21,,1.46,129.39,20.37,47.20,2636,96,27,,,75,,,,,,0,2025-07-25T08:44:12.000+0200,1274,1226,13.448,48.1320517,-2.0168000,25.97,33.97,39.01,54.39,44.6,73,2,,
2025-07-25T08:44:12.701+0200,1355,1266,14.909,4784.296,29.15,37.29,42.17,59.21,,1.46,129.39,20.37,47.20,2636,96,27,,,75,,,,,,0,2025-07-25T08:44:12.000+0200,1274,1226,13.448,48.1320517,-2.0168000,25.97,33.97,39.01,54.39,44.6,73,2,,
2025-07-25T08:44:13.301+0200,1355,1266,14.914,4784.301,29.95,37.28,42.16,59.21,,0.00,129.30,11.25,25.59,1455,96,27,,,74,,,,,,0,2025-07-25T08:44:12.000+0200,1275,1227,13.448,48.1320517,-2.0168000,25.97,33.97,39.01,54.39,44.6,73,2,,
2025-07-25T08:44:13.323+0200,1355,1266,14.914,4784.301,29.95,37.28,42.16,59.21,,0.00,129.30,11.25,25.59,1455,96,27,,,74,,,,,,0,2025-07-25T08:44:12.000+0200,1275,1227,13.448,48.1320517,-2.0168000,25.97,33.97,39.01,54.39,44.6,73,2,,
2025-07-25T08:44:13.921+0200,1356,1267,14.920,4784.306,30.74,37.28,42.16,59.21,,0.90,129.30,17.04,38.09,2203,96,27,,,74,,,,,,0,2025-07-25T08:44:13.000+0200,1275,1227,13.456,48.1320750,-2.0167050,26.42,33.97,39.00,54.39,45.5,65,2,,
2025-07-25T08:44:13.944+0200,1356,1267,14.920,4784.306,30.74,37.28,42.16,59.21,,0.90,129.30,17.04,38.09,2203,96,27,,,74,,,,,,0,2025-07-25T08:44:13.000+0200,1275,1227,13.456,48.1320750,-2.0167050,26.42,33.97,39.00,54.39,45.5,65,2,,
2025-07-25T08:44:14.533+0200,1357,1267,14.925,4784.312,31.17,37.28,42.15,59.21,,1.24,129.30,4.92,10.90,636,96,27,,,73,,,,,,0,2025-07-25T08:44:13.000+0200,1276,1228,13.456,48.1320750,-2.0167050,26.42,33.97,39.00,54.39,45.5,65,2,,
2025-07-25T08:44:14.558+0200,1357,1267,14.925,4784.312,31.17,37.28,42.15,59.21,,1.24,129.30,4.92,10.90,636,96,27,,,73,,,,,,0,2025-07-25T08:44:13.000+0200,1276,1228,13.456,48.1320750,-2.0167050,26.42,33.97,39.00,54.39,45.5,65,2,,
2025-07-25T08:44:15.162+0200,1357,1268,14.930,4784.317,30.06,37.27,42.15,59.21,,0.34,129.39,9.42,21.40,1219,96,27,,,74,,,,,,0,2025-07-25T08:44:14.000+0200,1277,1229,13.463,48.1321033,-2.0166150,27.41,33.96,38.99,54.39,46.3,62,2,,
2025-07-25T08:44:15.186+0200,1357,1268,14.930,4784.317,30.06,37.27,42.15,59.21,,0.34,129.39,9.42,21.40,1219,96,27,,,74,,,,,,0,2025-07-25T08:44:14.000+0200,1277,1229,13.463,48.1321033,-2.0166150,27.41,33.96,38.99,54.39,46.3,62,2,,
2025-07-25T08:44:15.803+0200,1358,1269,14.936,4784.322,31.28,37.27,42.14,59.21,,0.96,129.20,14.44,31.90,1866,96,27,,,73,,,,,,0,2025-07-25T08:44:15.000+0200,1277,1229,13.471,48.1321367,-2.0165267,29.30,33.96,38.98,54.39,47.0,65,2,,
2025-07-25T08:44:15.826+0200,1358,1269,14.936,4784.322,31.28,37.27,42.14,59.21,,0.96,129.20,14.44,31.90,1866,96,27,,,73,,,,,,0,2025-07-25T08:44:15.000+0200,1277,1229,13.471,48.1321367,-2.0165267,29.30,33.96,38.98,54.39,47.0,65,2,,
2025-07-25T08:44:16.421+0200,1359,1269,14.941,4784.328,32.61,37.27,42.14,59.21,,3.13,129.09,22.14,47.50,2858,96,27,,,72,,,,,,0,2025-07-25T08:44:15.000+0200,1278,1230,13.471,48.1321367,-2.0165267,29.30,33.96,38.98,54.39,47.0,65,2,,
2025-07-25T08:44:16.438+0200,1359,1269,14.941,4784.328,32.61,37.27,42.14,59.21,,3.13,129.09,22.14,47.50,2858,96,27,,,72,,,,,,0,2025-07-25T08:44:15.000+0200,1278,1230,13.471,48.1321367,-2.0165267,29.30,33.96,38.98,54.39,47.0,65,2,,
2025-07-25T08:44:17.042+0200,1359,1270,14.946,4784.333,36.89,37.27,42.13,59.21,,6.45,128.50,25.09,49.30,3224,96,27,,,68,,,,,,0,2025-07-25T08:44:16.000+0200,1279,1231,13.479,48.1321633,-2.0164200,32.26,33.96,38.98,54.39,47.6,70,2,,
2025-07-25T08:44:17.067+0200,1359,1270,14.946,4784.333,36.89,37.27,42.13,59.21,,6.45,128.50,25.09,49.30,3224,96,27,,,68,,,,,,0,2025-07-25T08:44:16.000+0200,1279,1231,13.479,48.1321633,-2.0164200,32.26,33.96,38.98,54.39,47.6,70,2,,
2025-07-25T08:44:17.663+0200,1360,1271,14.953,4784.340,39.02,37.27,42.13,59.21,,0.24,128.39,7.74,14.60,994,95,27,,,67,,,,,,0,2025-07-25T08:44:17.000+0200,1279,1231,13.488,48.1321800,-2.0163017,34.53,33.96,38.97,54.39,47.9,74,2,,
2025-07-25T08:44:17.686+0200,1360,1271,14.953,4784.340,39.02,37.27,42.13,59.21,,0.24,128.39,7.74,14.60,994,95,27,,,67,,,,,,0,2025-07-25T08:44:17.000+0200,1279,1231,13.488,48.1321800,-2.0163017,34.53,33.96,38.97,54.39,47.9,74,2,,
2025-07-25T08:44:18.278+0200,1360,1271,14.959,4784.347,38.16,37.27,42.13,59.21,,-1.35,128.80,0.36,0.70,46,95,27,,,67,,,,,,0,2025-07-25T08:44:17.000+0200,1280,1232,13.488,48.1321800,-2.0163017,34.53,33.96,38.97,54.39,47.9,74,2,,
2025-07-25T08:44:18.303+0200,1360,1271,14.959,4784.347,38.16,37.27,42.13,59.21,,-1.35,128.80,0.36,0.70,46,95,27,,,67,,,,,,0,2025-07-25T08:44:17.000+0200,1280,1232,13.488,48.1321800,-2.0163017,34.53,33.96,38.97,54.39,47.9,74,2,,
2025-07-25T08:44:18.918+0200,1361,1272,14.966,4784.353,36.93,37.27,42.13,59.21,,-0.36,129.20,5.85,11.50,756,95,27,,,69,,,,,,0,2025-07-25T08:44:18.000+0200,1280,1232,13.497,48.1321967,-2.0161800,31.55,33.96,38.97,54.39,48.2,77,2,,
2025-07-25T08:44:18.942+0200,1361,1272,14.966,4784.353,36.93,37.27,42.13,59.21,,-0.36,129.20,5.85,11.50,756,95,27,,,69,,,,,,0,2025-07-25T08:44:18.000+0200,1280,1232,13.497,48.1321967,-2.0161800,31.55,33.96,38.97,54.39,48.2,77,2,,
2025-07-25T08:44:19.536+0200,1362,1272,14.972,4784.360,36.93,37.27,42.13,59.21,,0.12,129.39,1.22,2.39,158,95,27,,,69,,,,,,0,2025-07-25T08:44:18.000+0200,1281,1233,13.497,48.1321967,-2.0161800,31.55,33.96,38.97,54.39,48.2,77,2,,
2025-07-25T08:44:19.557+0200,1362,1272,14.972,4784.360,36.93,37.27,42.13,59.21,,0.12,129.39,1.22,2.39,158,95,27,,,69,,,,,,0,2025-07-25T08:44:18.000+0200,1281,1233,13.497,48.1321967,-2.0161800,31.55,33.96,38.97,54.39,48.2,77,2,,
2025-07-25T08:44:20.162+0200,1362,1273,14.979,4784.366,36.93,37.27,42.12,59.21,,0.12,129.39,7.69,15.10,995,95,27,,,69,,,,,,0,2025-07-25T08:44:19.000+0200,1282,1234,13.507,48.1322050,-2.0160567,32.79,33.96,38.96,54.39,48.6,82,2,,
2025-07-25T08:44:20.186+0200,1362,1273,14.979,4784.366,36.93,37.27,42.12,59.21,,0.12,129.39,7.69,15.10,995,95,27,,,69,,,,,,0,2025-07-25T08:44:19.000+0200,1282,1234,13.507,48.1322050,-2.0160567,32.79,33.96,38.96,54.39,48.6,82,2,,
2025-07-25T08:44:20.778+0200,1363,1274,14.985,4784.372,36.75,37.27,42.12,59.21,,2.15,129.50,9.99,19.69,1294,95,27,,,69,,,,,,0,2025-07-25T08:44:20.000+0200,1282,1234,13.516,48.1322083,-2.0159350,32.48,33.96,38.96,54.39,48.7,88,2,,
2025-07-25T08:44:20.802+0200,1363,1274,14.985,4784.372,36.75,37.27,42.12,59.21,,2.15,129.50,9.99,19.69,1294,95,27,,,69,,,,,,0,2025-07-25T08:44:20.000+0200,1282,1234,13.516,48.1322083,-2.0159350,32.48,33.96,38.96,54.39,48.7,88,2,,
2025-07-25T08:44:21.399+0200,1364,1274,14.992,4784.379,36.93,37.27,42.12,59.21,,2.03,129.39,13.03,25.59,1686,95,27,,,69,,,,,,0,2025-07-25T08:44:20.000+0200,1283,1235,13.516,48.1322083,-2.0159350,32.48,33.96,38.96,54.39,48.7,88,2,,
2025-07-25T08:44:21.422+0200,1364,1274,14.992,4784.379,36.93,37.27,42.12,59.21,,2.03,129.39,13.03,25.59,1686,95,27,,,69,,,,,,0,2025-07-25T08:44:20.000+0200,1283,1235,13.516,48.1322083,-2.0159350,32.48,33.96,38.96,54.39,48.7,88,2,,
2025-07-25T08:44:22.022+0200,1364,1275,14.998,4784.385,38.26,37.27,42.12,59.21,,1.32,129.39,6.48,12.40,838,95,27,,,67,,,,,,0,2025-07-25T08:44:21.000+0200,1284,1236,13.525,48.1322133,-2.0158117,34.55,33.96,38.95,54.39,49.0,88,2,,
2025-07-25T08:44:22.050+0200,1364,1275,14.998,4784.385,38.26,37.27,42.12,59.21,,1.32,129.39,6.48,12.40,838,95,27,,,67,,,,,,0,2025-07-25T08:44:21.000+0200,1284,1236,13.525,48.1322133,-2.0158117,34.55,33.96,38.95,54.39,49.0,88,2,,
2025-07-25T08:44:22.637+0200,1365,1276,15.004,4784.392,36.93,37.27,42.11,59.21,,-1.80,129.50,4.22,8.30,546,95,27,,,69,,,,,,0,2025-07-25T08:44:21.000+0200,1284,1236,13.525,48.1322133,-2.0158117,34.55,33.96,38.95,54.39,49.0,88,2,,
2025-07-25T08:44:22.659+0200,1365,1276,15.004,4784.392,36.93,37.27,42.11,59.21,,-1.80,129.50,4.22,8.30,546,95,27,,,69,,,,,,0,2025-07-25T08:44:21.000+0200,1284,1236,13.525,48.1322133,-2.0158117,34.55,33.96,38.95,54.39,49.0,88,2,,
2025-07-25T08:44:23.259+0200,1365,1276,15.011,4784.398,37.47,37.27,42.11,59.21,,1.68,129.39,10.24,19.90,1325,95,27,,,68,,,,,,0,2025-07-25T08:44:22.000+0200,1285,1237,13.534,48.1322033,-2.0156850,33.63,33.96,38.95,54.39,49.1,88,2,,
2025-07-25T08:44:23.282+0200,1365,1276,15.011,4784.398,37.47,37.27,42.11,59.21,,1.68,129.39,10.24,19.90,1325,95,27,,,68,,,,,,0,2025-07-25T08:44:22.000+0200,1285,1237,13.534,48.1322033,-2.0156850,33.63,33.96,38.95,54.39,49.1,88,2,,
2025-07-25T08:44:23.899+0200,1366,1277,15.017,4784.405,38.95,37.27,42.11,59.21,,3.60,129.20,23.14,43.70,2990,95,27,,,67,,,,,,0,2025-07-25T08:44:23.000+0200,1285,1237,13.544,48.1322017,-2.0155550,36.54,33.96,38.95,54.39,49.3,91,2,,
2025-07-25T08:44:23.923+0200,1366,1277,15.017,4784.405,38.95,37.27,42.11,59.21,,3.60,129.20,23.14,43.70,2990,95,27,,,67,,,,,,0,2025-07-25T08:44:23.000+0200,1285,1237,13.544,48.1322017,-2.0155550,36.54,33.96,38.95,54.39,49.3,91,2,,
2025-07-25T08:44:24.500+0200,1367,1277,15.024,4784.412,42.87,37.27,42.11,59.21,,8.44,128.70,30.59,53.80,3937,95,27,,,63,,,,,,0,2025-07-25T08:44:23.000+0200,1286,1238,13.544,48.1322017,-2.0155550,36.54,33.96,38.95,54.39,49.3,91,2,,
2025-07-25T08:44:24.523+0200,1367,1277,15.024,4784.412,42.87,37.27,42.11,59.21,,8.44,128.70,30.59,53.80,3937,95,27,,,63,,,,,,0,2025-07-25T08:44:23.000+0200,1286,1238,13.544,48.1322017,-2.0155550,36.54,33.96,38.95,54.39,49.3,91,2,,
2025-07-25T08:44:25.138+0200,1367,1278,15.031,4784.419,45.07,37.27,42.11,59.21,,6.34,128.20,28.05,47.50,3596,95,27,,,61,,,,,,0,2025-07-25T08:44:24.000+0200,1287,1239,13.554,48.1322033,-2.0154150,38.57,33.96,38.95,54.39,49.4,86,2,,
2025-07-25T08:44:25.162+0200,1367,1278,15.031,4784.419,45.07,37.27,42.11,59.21,,6.34,128.20,28.05,47.50,3596,95,27,,,61,,,,,,0,2025-07-25T08:44:24.000+0200,1287,1239,13.554,48.1322033,-2.0154150,38.57,33.96,38.95,54.39,49.4,86,2,,
2025-07-25T08:44:25.758+0200,1368,1279,15.039,4784.427,47.62,37.28,42.11,59.21,,2.15,127.80,33.40,54.19,4269,95,27,,,59,,,,,,0,2025-07-25T08:44:25.000+0200,1287,1239,13.566,48.1322100,-2.0152583,42.40,33.97,38.95,54.39,49.5,84,2,,
2025-07-25T08:44:25.781+0200,1368,1279,15.039,4784.427,47.62,37.28,42.11,59.21,,2.15,127.80,33.40,54.19,4269,95,27,,,59,,,,,,0,2025-07-25T08:44:25.000+0200,1287,1239,13.566,48.1322100,-2.0152583,42.40,33.97,38.95,54.39,49.5,84,2,,
2025-07-25T08:44:26.379+0200,1369,1279,15.047,4784.435,49.39,37.28,42.12,59.21,,0.67,127.70,15.46,24.40,1974,95,27,,,57,,,,,,0,2025-07-25T08:44:25.000+0200,1288,1240,13.566,48.1322100,-2.0152583,42.40,33.97,38.95,54.39,49.5,84,2,,
2025-07-25T08:44:26.402+0200,1369,1279,15.047,4784.435,49.39,37.28,42.12,59.21,,0.67,127.70,15.46,24.40,1974,95,27,,,57,,,,,,0,2025-07-25T08:44:25.000+0200,1288,1240,13.566,48.1322100,-2.0152583,42.40,33.97,38.95,54.39,49.5,84,2,,
2025-07-25T08:44:27.001+0200,1369,1280,15.055,4784.444,49.24,37.29,42.12,59.21,,-0.84,128.00,15.11,23.90,1934,95,27,,,58,,,,,,0,2025-07-25T08:44:26.000+0200,1289,1241,13.579,48.1322217,-2.0150900,44.84,33.98,38.95,54.39,49.9,81,2,,
2025-07-25T08:44:27.025+0200,1369,1280,15.055,4784.444,49.24,37.29,42.12,59.21,,-0.84,128.00,15.11,23.90,1934,95,27,,,58,,,,,,0,2025-07-25T08:44:26.000+0200,1289,1241,13.579,48.1322217,-2.0150900,44.84,33.98,38.95,54.39,49.9,81,2,,
2025-07-25T08:44:27.618+0200,1370,1281,15.064,4784.452,49.24,37.29,42.12,59.21,,1.79,128.20,12.58,19.90,1613,95,27,,,58,,,,,,0,2025-07-25T08:44:26.000+0200,1289,1241,13.579,48.1322217,-2.0150900,44.84,33.98,38.95,54.39,49.9,81,2,,
2025-07-25T08:44:27.642+0200,1370,1281,15.064,4784.452,49.24,37.29,42.12,59.21,,1.79,128.20,12.58,19.90,1613,95,27,,,58,,,,,,0,2025-07-25T08:44:26.000+0200,1289,1241,13.579,48.1322217,-2.0150900,44.84,33.98,38.95,54.39,49.9,81,2,,
2025-07-25T08:44:28.227+0200,1370,1281,15.073,4784.461,49.17,37.30,42.13,59.21,,2.12,128.39,12.63,20.00,1622,95,27,,,58,,,,,,0,2025-07-25T08:44:27.000+0200,1290,1242,13.592,48.1322350,-2.0149167,46.33,33.98,38.96,54.39,50.3,86,2,,
2025-07-25T08:44:28.250+0200,1370,1281,15.073,4784.461,49.17,37.30,42.13,59.21,,2.12,128.39,12.63,20.00,1622,95,27,,,58,,,,,,0,2025-07-25T08:44:27.000+0200,1290,1242,13.592,48.1322350,-2.0149167,46.33,33.98,38.96,54.39,50.3,86,2,,
2025-07-25T08:44:28.878+0200,1371,1282,15.081,4784.469,48.56,37.30,42.13,59.21,,0.48,128.50,9.13,14.60,1173,95,27,,,58,,,,,,0,2025-07-25T08:44:28.000+0200,1290,1242,13.604,48.1322517,-2.0147500,43.79,33.99,38.96,54.39,50.0,81,2,,
2025-07-25T08:44:28.902+0200,1371,1282,15.081,4784.469,48.56,37.30,42.13,59.21,,0.48,128.50,9.13,14.60,1173,95,27,,,58,,,,,,0,2025-07-25T08:44:28.000+0200,1290,1242,13.604,48.1322517,-2.0147500,43.79,33.99,38.96,54.39,50.0,81,2,,
2025-07-25T08:44:29.499+0200,1372,1282,15.089,4784.478,47.23,37.31,42.13,59.21,,-3.10,128.70,7.53,12.30,969,94,27,,,60,,,,,,0,2025-07-25T08:44:28.000+0200,1291,1243,13.604,48.1322517,-2.0147500,43.79,33.99,38.96,54.39,50.0,81,2,,
2025-07-25T08:44:29.522+0200,1372,1282,15.089,4784.478,47.23,37.31,42.13,59.21,,-3.10,128.70,7.53,12.30,969,94,27,,,60,,,,,,0,2025-07-25T08:44:28.000+0200,1291,1243,13.604,48.1322517,-2.0147500,43.79,33.99,38.96,54.39,50.0,81,2,,
2025-07-25T08:44:30.118+0200,1372,1283,15.098,4784.486,47.69,37.31,42.13,59.21,,-1.67,128.80,10.98,17.79,1414,94,27,,,59,,,,,,0,2025-07-25T08:44:29.000+0200,1292,1244,13.616,48.1322767,-2.0145917,42.75,34.00,38.97,54.39,48.9,76,2,,
2025-07-25T08:44:30.142+0200,1372,1283,15.098,4784.486,47.69,37.31,42.13,59.21,,-1.67,128.80,10.98,17.79,1414,94,27,,,59,,,,,,0,2025-07-25T08:44:29.000+0200,1292,1244,13.616,48.1322767,-2.0145917,42.75,34.00,38.97,54.39,48.9,76,2,,
2025-07-25T08:44:30.741+0200,1373,1284,15.106,4784.494,47.19,37.32,42.14,59.21,,-0.23,129.00,8.13,13.29,1049,94,27,,,60,,,,,,0,2025-07-25T08:44:30.000+0200,1292,1244,13.628,48.1322983,-2.0144367,42.67,34.00,38.97,54.39,48.4,79,2,,
2025-07-25T08:44:30.762+0200,1373,1284,15.106,4784.494,47.19,37.32,42.14,59.21,,-0.23,129.00,8.13,13.29,1049,94,27,,,60,,,,,,0,2025-07-25T08:44:30.000+0200,1292,1244,13.628,48.1322983,-2.0144367,42.67,34.00,38.97,54.39,48.4,79,2,,
2025-07-25T08:44:31.357+0200,1373,1284,15.114,4784.502,46.58,37.32,42.14,59.21,,-1.12,129.09,8.60,14.20,1110,94,27,,,60,,,,,,0,2025-07-25T08:44:30.000+0200,1293,1245,13.628,48.1322983,-2.0144367,42.67,34.00,38.97,54.39,48.4,79,2,,
2025-07-25T08:44:31.378+0200,1373,1284,15.114,4784.502,46.58,37.32,42.14,59.21,,-1.12,129.09,8.60,14.20,1110,94,27,,,60,,,,,,0,2025-07-25T08:44:30.000+0200,1293,1245,13.628,48.1322983,-2.0144367,42.67,34.00,38.97,54.39,48.4,79,2,,
2025-07-25T08:44:31.981+0200,1374,1285,15.122,4784.511,45.71,37.33,42.14,59.21,,-1.68,129.20,7.64,12.79,987,94,27,,,61,,,,,,0,2025-07-25T08:44:31.000+0200,1294,1246,13.640,48.1323200,-2.0142800,41.58,34.01,38.97,54.39,47.6,77,2,,
2025-07-25T08:44:31.999+0200,1374,1285,15.122,4784.511,45.71,37.33,42.14,59.21,,-1.68,129.20,7.64,12.79,987,94,27,,,61,,,,,,0,2025-07-25T08:44:31.000+0200,1294,1246,13.640,48.1323200,-2.0142800,41.58,34.01,38.97,54.39,47.6,77,2,,
2025-07-25T08:44:32.597+0200,1375,1286,15.131,4784.519,45.14,37.33,42.14,59.21,,-2.82,129.30,3.48,5.90,450,94,27,,,62,,,,,,0,2025-07-25T08:44:31.000+0200,1294,1246,13.640,48.1323200,-2.0142800,41.58,34.01,38.97,54.39,47.6,77,2,,
2025-07-25T08:44:32.622+0200,1375,1286,15.131,4784.519,45.14,37.33,42.14,59.21,,-2.82,129.30,3.48,5.90,450,94,27,,,62,,,,,,0,2025-07-25T08:44:31.000+0200,1294,1246,13.640,48.1323200,-2.0142800,41.58,34.01,38.97,54.39,47.6,77,2,,
2025-07-25T08:44:33.238+0200,1375,1286,15.139,4784.526,45.68,37.33,42.14,59.21,,1.91,129.30,9.25,15.50,1196,94,27,,,61,,,,,,0,2025-07-25T08:44:32.000+0200,1295,1247,13.651,48.1323450,-2.0141317,41.54,34.01,38.97,54.39,47.5,75,2,,
2025-07-25T08:44:33.260+0200,1375,1286,15.139,4784.526,45.68,37.33,42.14,59.21,,1.91,129.30,9.25,15.50,1196,94,27,,,61,,,,,,0,2025-07-25T08:44:32.000+0200,1295,1247,13.651,48.1323450,-2.0141317,41.54,34.01,38.97,54.39,47.5,75,2,,
2025-07-25T08:44:33.863+0200,1376,1287,15.146,4784.534,45.14,37.34,42.15,59.21,,-1.81,129.30,3.19,5.40,412,94,27,,,62,,,,,,0,2025-07-25T08:44:33.000+0200,1295,1247,13.662,48.1323683,-2.0139867,40.79,34.02,38.98,54.39,47.0,79,2,,
2025-07-25T08:44:33.882+0200,1376,1287,15.146,4784.534,45.14,37.34,42.15,59.21,,-1.81,129.30,3.19,5.40,412,94,27,,,62,,,,,,0,2025-07-25T08:44:33.000+0200,1295,1247,13.662,48.1323683,-2.0139867,40.79,34.02,38.98,54.39,47.0,79,2,,
2025-07-25T08:44:34.483+0200,1377,1287,15.154,4784.542,44.96,37.34,42.15,59.21,,1.35,129.39,9.96,16.90,1289,94,27,,,62,,,,,,0,2025-07-25T08:44:33.000+0200,1296,1248,13.662,48.1323683,-2.0139867,40.79,34.02,38.98,54.39,47.0,79,2,,
2025-07-25T08:44:34.506+0200,1377,1287,15.154,4784.542,44.96,37.34,42.15,59.21,,1.35,129.39,9.96,16.90,1289,94,27,,,62,,,,,,0,2025-07-25T08:44:33.000+0200,1296,1248,13.662,48.1323683,-2.0139867,40.79,34.02,38.98,54.39,47.0,79,2,,
2025-07-25T08:44:35.101+0200,1377,1288,15.162,4784.550,45.07,37.34,42.15,59.21,,-0.11,129.30,8.32,14.10,1076,94,27,,,62,,,,,,0,2025-07-25T08:44:34.000+0200,1297,1249,13.673,48.1323933,-2.0138450,38.51,34.02,38.98,54.39,46.2,75,2,,
2025-07-25T08:44:35.125+0200,1377,1288,15.162,4784.550,45.07,37.34,42.15,59.21,,-0.11,129.30,8.32,14.10,1076,94,27,,,62,,,,,,0,2025-07-25T08:44:34.000+0200,1297,1249,13.673,48.1323933,-2.0138450,38.51,34.02,38.98,54.39,46.2,75,2,,
2025-07-25T08:44:35.720+0200,1378,1289,15.170,4784.558,45.07,37.35,42.15,59.21,,0.11,129.30,13.46,22.80,1740,94,27,,,62,,,,,,0,2025-07-25T08:44:35.000+0200,1297,1249,13.685,48.1324267,-2.0137033,40.05,34.03,38.98,54.39,46.5,69,2,,
2025-07-25T08:44:35.743+0200,1378,1289,15.170,4784.558,45.07,37.35,42.15,59.21,,0.11,129.30,13.46,22.80,1740,94,27,,,62,,,,,,0,2025-07-25T08:44:35.000+0200,1297,1249,13.685,48.1324267,-2.0137033,40.05,34.03,38.98,54.39,46.5,69,2,,
2025-07-25T08:44:36.340+0200,1378,1289,15.178,4784.566,47.05,37.35,42.15,59.21,,4.37,128.89,26.37,43.20,3399,94,27,,,60,,,,,,0,2025-07-25T08:44:35.000+0200,1298,1250,13.685,48.1324267,-2.0137033,40.05,34.03,38.98,54.39,46.5,69,2,,
2025-07-25T08:44:36.363+0200,1378,1289,15.178,4784.566,47.05,37.35,42.15,59.21,,4.37,128.89,26.37,43.20,3399,94,27,,,60,,,,,,0,2025-07-25T08:44:35.000+0200,1298,1250,13.685,48.1324267,-2.0137033,40.05,34.03,38.98,54.39,46.5,69,2,,
2025-07-25T08:44:36.977+0200,1379,1290,15.186,4784.574,48.27,37.35,42.15,59.21,,-0.36,128.80,7.16,11.50,922,94,27,,,59,,,,,,0,2025-07-25T08:44:36.000+0200,1299,1251,13.696,48.1324667,-2.0135550,43.31,34.03,38.98,54.39,46.3,67,2,,
2025-07-25T08:44:37.000+0200,1379,1290,15.186,4784.574,48.27,37.35,42.15,59.21,,-0.36,128.80,7.16,11.50,922,94,27,,,59,,,,,,0,2025-07-25T08:44:36.000+0200,1299,1251,13.696,48.1324667,-2.0135550,43.31,34.03,38.98,54.39,46.3,67,2,,
2025-07-25T08:44:37.608+0200,1380,1291,15.194,4784.582,48.31,37.36,42.16,59.21,,1.92,129.00,7.53,12.10,971,94,27,,,59,,,,,,0,2025-07-25T08:44:36.000+0200,1299,1251,13.696,48.1324667,-2.0135550,43.31,34.03,38.98,54.39,46.3,67,2,,
2025-07-25T08:44:37.633+0200,1380,1291,15.194,4784.582,48.31,37.36,42.16,59.21,,1.92,129.00,7.53,12.10,971,94,27,,,59,,,,,,0,2025-07-25T08:44:36.000+0200,1299,1251,13.696,48.1324667,-2.0135550,43.31,34.03,38.98,54.39,46.3,67,2,,
2025-07-25T08:44:38.218+0200,1380,1291,15.202,4784.591,48.16,37.36,42.16,59.21,,1.32,129.09,9.07,14.60,1171,94,27,,,59,,,,,,0,2025-07-25T08:44:37.000+0200,1300,1252,13.709,48.1325117,-2.0134033,42.21,34.04,38.98,54.39,45.9,63,2,,
2025-07-25T08:44:38.241+0200,1380,1291,15.202,4784.591,48.16,37.36,42.16,59.21,,1.32,129.09,9.07,14.60,1171,94,27,,,59,,,,,,0,2025-07-25T08:44:37.000+0200,1300,1252,13.709,48.1325117,-2.0134033,42.21,34.04,38.98,54.39,45.9,63,2,,
2025-07-25T08:44:38.839+0200,1381,1292,15.211,4784.599,47.55,37.37,42.16,59.21,,-4.56,129.20,3.20,5.20,413,94,27,,,59,,,,,,0,2025-07-25T08:44:38.000+0200,1300,1252,13.721,48.1325600,-2.0132567,43.26,34.04,38.99,54.39,45.4,70,2,,
2025-07-25T08:44:38.862+0200,1381,1292,15.211,4784.599,47.55,37.37,42.16,59.21,,-4.56,129.20,3.20,5.20,413,94,27,,,59,,,,,,0,2025-07-25T08:44:38.000+0200,1300,1252,13.721,48.1325600,-2.0132567,43.26,34.04,38.99,54.39,45.4,70,2,,
2025-07-25T08:44:39.462+0200,1382,1292,15.219,4784.607,47.19,37.37,42.17,59.21,,3.38,129.39,2.93,4.79,379,94,27,,,60,,,,,,0,2025-07-25T08:44:38.000+0200,1301,1253,13.721,48.1325600,-2.0132567,43.26,34.04,38.99,54.39,45.4,70,2,,
2025-07-25T08:44:39.486+0200,1382,1292,15.219,4784.607,47.19,37.37,42.17,59.21,,3.38,129.39,2.93,4.79,379,94,27,,,60,,,,,,0,2025-07-25T08:44:38.000+0200,1301,1253,13.721,48.1325600,-2.0132567,43.26,34.04,38.99,54.39,45.4,70,2,,
2025-07-25T08:44:40.082+0200,1382,1293,15.227,4784.615,46.15,37.38,42.17,59.21,,-3.26,129.50,1.32,2.20,171,94,27,,,61,,,,,,0,2025-07-25T08:44:39.000+0200,1302,1254,13.733,48.1326033,-2.0131033,43.25,34.05,38.99,54.39,45.3,66,2,,
2025-07-25T08:44:40.107+0200,1382,1293,15.227,4784.615,46.15,37.38,42.17,59.21,,-3.26,129.50,1.32,2.20,171,94,27,,,61,,,,,,0,2025-07-25T08:44:39.000+0200,1302,1254,13.733,48.1326033,-2.0131033,43.25,34.05,38.99,54.39,45.3,66,2,,
2025-07-25T08:44:40.696+0200,1383,1294,15.236,4784.623,46.22,37.38,42.17,59.21,,-0.68,129.59,5.84,9.70,757,94,27,,,61,,,,,,0,2025-07-25T08:44:40.000+0200,1302,1254,13.745,48.1326517,-2.0129617,42.34,34.06,38.99,54.39,45.2,62,2,,
2025-07-25T08:44:40.725+0200,1383,1294,15.236,4784.623,46.22,37.38,42.17,59.21,,-0.68,129.59,5.84,9.70,757,94,27,,,61,,,,,,0,2025-07-25T08:44:40.000+0200,1302,1254,13.745,48.1326517,-2.0129617,42.34,34.06,38.99,54.39,45.2,62,2,,
2025-07-25T08:44:41.323+0200,1383,1294,15.243,4784.631,45.50,37.38,42.17,59.21,,-1.13,129.59,7.55,12.70,978,94,27,,,61,,,,,,0,2025-07-25T08:44:40.000+0200,1303,1255,13.745,48.1326517,-2.0129617,42.34,34.06,38.99,54.39,45.2,62,2,,
2025-07-25T08:44:41.346+0200,1383,1294,15.243,4784.631,45.50,37.38,42.17,59.21,,-1.13,129.59,7.55,12.70,978,94,27,,,61,,,,,,0,2025-07-25T08:44:40.000+0200,1303,1255,13.745,48.1326517,-2.0129617,42.34,34.06,38.99,54.39,45.2,62,2,,
2025-07-25T08:44:41.953+0200,1384,1295,15.251,4784.639,46.04,37.39,42.17,59.21,,2.03,129.59,2.88,4.79,373,94,27,,,61,,,,,,0,2025-07-25T08:44:41.000+0200,1303,1255,13.757,48.1327017,-2.0128200,41.73,34.06,38.99,54.39,45.1,61,2,,
2025-07-25T08:44:41.975+0200,1384,1295,15.251,4784.639,46.04,37.39,42.17,59.21,,2.03,129.59,2.88,4.79,373,94,27,,,61,,,,,,0,2025-07-25T08:44:41.000+0200,1304,1256,13.757,48.1327017,-2.0128200,41.73,34.06,38.99,54.39,45.1,61,2,,
2025-07-25T08:44:42.587+0200,1385,1296,15.260,4784.647,45.14,37.39,42.17,59.21,,-0.72,129.70,4.14,7.00,537,94,26,,,62,,,,,,0,2025-07-25T08:44:41.000+0200,1304,1256,13.757,48.1327017,-2.0128200,41.73,34.06,38.99,54.39,45.1,61,2,,
2025-07-25T08:44:42.612+0200,1385,1296,15.260,4784.647,45.14,37.39,42.17,59.21,,-0.72,129.70,4.14,7.00,537,94,26,,,62,,,,,,0,2025-07-25T08:44:41.000+0200,1304,1256,13.757,48.1327017,-2.0128200,41.73,34.06,38.99,54.39,45.1,61,2,,
2025-07-25T08:44:43.194+0200,1385,1296,15.267,4784.655,44.78,37.39,42.18,59.21,,-1.20,129.80,3.11,5.30,404,94,26,,,62,,,,,,0,2025-07-25T08:44:42.000+0200,1305,1257,13.769,48.1327483,-2.0126800,43.15,34.07,39.00,54.39,45.1,64,2,,
2025-07-25T08:44:43.217+0200,1385,1296,15.267,4784.655,44.78,37.39,42.18,59.21,,-1.20,129.80,3.11,5.30,404,94,26,,,62,,,,,,0,2025-07-25T08:44:42.000+0200,1305,1257,13.769,48.1327483,-2.0126800,43.15,34.07,39.00,54.39,45.1,64,2,,
2025-07-25T08:44:43.841+0200,1386,1297,15.275,4784.663,43.12,37.40,42.18,59.21,,-2.03,130.00,-3.28,-11.50,-426,94,26,,,63,,,,,,0,2025-07-25T08:44:43.000+0200,1305,1257,13.780,48.1327950,-2.0125467,39.50,34.07,39.00,54.39,44.9,61,2,,
2025-07-25T08:44:43.861+0200,1386,1297,15.275,4784.663,43.12,37.40,42.18,59.21,,-2.03,130.00,-3.28,-11.50,-426,94,26,,,63,,,,,,0,2025-07-25T08:44:43.000+0200,1305,1257,13.780,48.1327950,-2.0125467,39.50,34.07,39.00,54.39,44.9,61,2,,
2025-07-25T08:44:44.459+0200,1387,1297,15.283,4784.671,41.03,37.40,42.18,59.21,,-1.44,130.39,-5.03,-18.29,-656,94,26,,,65,,,,,,0,2025-07-25T08:44:43.000+0200,1306,1258,13.780,48.1327950,-2.0125467,39.50,34.07,39.00,54.39,44.9,61,2,,
2025-07-25T08:44:44.481+0200,1387,1297,15.283,4784.671,41.03,37.40,42.18,59.21,,-1.44,130.39,-5.03,-18.29,-656,94,26,,,65,,,,,,0,2025-07-25T08:44:43.000+0200,1306,1258,13.780,48.1327950,-2.0125467,39.50,34.07,39.00,54.39,44.9,61,2,,
2025-07-25T08:44:45.073+0200,1387,1298,15.290,4784.678,37.80,37.40,42.17,59.21,,-6.60,130.59,-4.94,-19.10,-645,94,26,,,68,,,,,,0,2025-07-25T08:44:44.000+0200,1307,1259,13.790,48.1328433,-2.0124283,37.10,34.07,39.00,54.39,44.1,60,2,,
2025-07-25T08:44:45.097+0200,1387,1298,15.290,4784.678,37.80,37.40,42.17,59.21,,-6.60,130.59,-4.94,-19.10,-645,94,26,,,68,,,,,,0,2025-07-25T08:44:44.000+0200,1307,1259,13.790,48.1328433,-2.0124283,37.10,34.07,39.00,54.39,44.1,60,2,,
2025-07-25T08:44:45.697+0200,1388,1299,15.297,4784.684,36.93,37.40,42.17,59.21,,-2.58,130.80,-6.18,-24.30,-808,94,26,,,69,,,,,,0,2025-07-25T08:44:45.000+0200,1307,1259,13.800,48.1328883,-2.0123167,33.99,34.07,38.99,54.39,43.5,60,2,,
2025-07-25T08:44:45.722+0200,1388,1299,15.297,4784.684,36.93,37.40,42.17,59.21,,-2.58,130.80,-6.18,-24.30,-808,94,26,,,69,,,,,,0,2025-07-25T08:44:45.000+0200,1307,1259,13.800,48.1328883,-2.0123167,33.99,34.07,38.99,54.39,43.5,60,2,,
2025-07-25T08:44:46.321+0200,1388,1299,15.304,4784.691,33.40,37.40,42.17,59.21,,-6.41,131.00,-4.95,-20.90,-648,94,26,,,72,,,,,,0,2025-07-25T08:44:45.000+0200,1308,1260,13.800,48.1328883,-2.0123167,33.99,34.07,38.99,54.39,43.5,60,2,,
2025-07-25T08:44:46.346+0200,1388,1299,15.304,4784.691,33.40,37.40,42.17,59.21,,-6.41,131.00,-4.95,-20.90,-648,94,26,,,72,,,,,,0,2025-07-25T08:44:45.000+0200,1308,1260,13.800,48.1328883,-2.0123167,33.99,34.07,38.99,54.39,43.5,60,2,,
2025-07-25T08:44:46.939+0200,1389,1300,15.310,4784.697,31.39,37.39,42.16,59.21,,-2.25,131.09,-4.22,-18.60,-553,94,26,,,74,,,,,,0,2025-07-25T08:44:46.000+0200,1308,1260,13.809,48.1329317,-2.0122167,30.00,34.07,38.98,54.39,42.9,54,2,,
2025-07-25T08:44:46.963+0200,1389,1300,15.310,4784.697,31.39,37.39,42.16,59.21,,-2.25,131.09,-4.22,-18.60,-553,94,26,,,74,,,,,,0,2025-07-25T08:44:46.000+0200,1308,1260,13.809,48.1329317,-2.0122167,30.00,34.07,38.98,54.39,42.9,54,2,,
2025-07-25T08:44:47.576+0200,1390,1300,15.315,4784.702,29.30,37.39,42.16,59.21,,-5.64,131.09,-6.27,-29.00,-822,94,26,,,75,,,,,,0,2025-07-25T08:44:46.000+0200,1309,1261,13.809,48.1329317,-2.0122167,30.00,34.07,38.98,54.39,42.9,54,2,,
2025-07-25T08:44:47.595+0200,1390,1301,15.315,4784.702,29.30,37.39,42.16,59.21,,-5.64,131.09,-6.27,-29.00,-822,94,26,,,75,,,,,,0,2025-07-25T08:44:46.000+0200,1309,1261,13.809,48.1329317,-2.0122167,30.00,34.07,38.98,54.39,42.9,54,2,,
2025-07-25T08:44:48.174+0200,1390,1301,15.321,4784.707,27.28,37.39,42.15,59.21,,-4.49,131.09,-1.36,-6.60,-178,95,26,,,77,,,,,,0,2025-07-25T08:44:47.000+0200,1310,1262,13.817,48.1329767,-2.0121300,27.74,34.07,38.98,54.39,42.5,52,2,,
2025-07-25T08:44:48.198+0200,1390,1301,15.321,4784.707,27.28,37.39,42.15,59.21,,-4.49,131.09,-1.36,-6.60,-178,95,26,,,77,,,,,,0,2025-07-25T08:44:47.000+0200,1310,1262,13.817,48.1329767,-2.0121300,27.74,34.07,38.98,54.39,42.5,52,2,,
2025-07-25T08:44:48.814+0200,1391,1302,15.326,4784.712,27.93,37.38,42.14,59.21,,3.23,130.89,7.17,17.10,938,95,26,,,76,,,,,,0,2025-07-25T08:44:48.000+0200,1310,1262,13.824,48.1330233,-2.0120717,22.50,34.06,38.96,54.39,42.6,39,2,,
2025-07-25T08:44:48.836+0200,1391,1302,15.326,4784.712,27.93,37.38,42.14,59.21,,3.23,130.89,7.17,17.10,938,95,26,,,76,,,,,,0,2025-07-25T08:44:48.000+0200,1310,1262,13.824,48.1330233,-2.0120717,22.50,34.06,38.96,54.39,42.6,39,2,,
2025-07-25T08:44:49.438+0200,1392,1302,15.331,4784.717,27.39,37.38,42.14,59.21,,-0.84,130.59,8.03,19.40,1049,95,26,,,77,,,,,,0,2025-07-25T08:44:48.000+0200,1311,1263,13.824,48.1330233,-2.0120717,22.50,34.06,38.96,54.39,42.6,39,2,,
2025-07-25T08:44:49.462+0200,1392,1302,15.331,4784.717,27.39,37.38,42.14,59.21,,-0.84,130.59,8.03,19.40,1049,95,26,,,77,,,,,,0,2025-07-25T08:44:48.000+0200,1311,1263,13.824,48.1330233,-2.0120717,22.50,34.06,38.96,54.39,42.6,39,2,,
2025-07-25T08:44:50.059+0200,1392,1303,15.335,4784.722,27.39,37.37,42.13,59.21,,-1.20,130.39,8.94,21.60,1166,95,26,,,77,,,,,,0,2025-07-25T08:44:49.000+0200,1312,1264,13.830,48.1330733,-2.0120517,18.33,34.05,38.95,54.39,42.1,26,2,,
2025-07-25T08:44:50.082+0200,1392,1303,15.335,4784.722,27.39,37.37,42.13,59.21,,-1.20,130.39,8.94,21.60,1166,95,26,,,77,,,,,,0,2025-07-25T08:44:49.000+0200,1312,1264,13.830,48.1330733,-2.0120517,18.33,34.05,38.95,54.39,42.1,26,2,,
2025-07-25T08:44:50.673+0200,1393,1304,15.340,4784.726,26.67,37.37,42.12,59.21,,-0.36,130.20,7.80,19.19,1016,95,26,,,77,,,,,,0,2025-07-25T08:44:50.000+0200,1312,1264,13.836,48.1331250,-2.0120783,17.96,34.04,38.93,54.39,41.8,359,2,,
2025-07-25T08:44:50.695+0200,1393,1304,15.340,4784.726,26.67,37.37,42.12,59.21,,-0.36,130.20,7.80,19.19,1016,95,26,,,77,,,,,,0,2025-07-25T08:44:50.000+0200,1312,1264,13.836,48.1331250,-2.0120783,17.96,34.04,38.93,54.39,41.8,359,2,,
2025-07-25T08:44:51.298+0200,1393,1304,15.345,4784.731,25.41,37.37,42.11,59.21,,-2.77,130.09,3.70,9.39,481,95,26,,,78,,,,,,0,2025-07-25T08:44:50.000+0200,1313,1265,13.836,48.1331250,-2.0120783,17.96,34.04,38.93,54.39,41.8,359,2,,
2025-07-25T08:44:51.322+0200,1393,1304,15.345,4784.731,25.41,37.37,42.11,59.21,,-2.77,130.09,3.70,9.39,481,95,26,,,78,,,,,,0,2025-07-25T08:44:50.000+0200,1313,1265,13.836,48.1331250,-2.0120783,17.96,34.04,38.93,54.39,41.8,359,2,,
2025-07-25T08:44:51.919+0200,1394,1305,15.349,4784.736,26.38,37.36,42.11,59.21,,2.29,129.89,12.76,31.59,1657,95,26,,,78,,,,,,0,2025-07-25T08:44:51.000+0200,1313,1265,13.841,48.1331700,-2.0121017,18.58,34.03,38.91,54.39,41.8,345,2,,
2025-07-25T08:44:51.943+0200,1394,1305,15.349,4784.736,26.38,37.36,42.11,59.21,,2.29,129.89,12.76,31.59,1657,95,26,,,78,,,,,,0,2025-07-25T08:44:51.000+0200,1313,1265,13.841,48.1331700,-2.0121017,18.58,34.03,38.91,54.39,41.8,345,2,,
2025-07-25T08:44:52.536+0200,1395,1305,15.354,4784.740,25.84,37.36,42.10,59.21,,-2.02,129.70,9.64,24.20,1250,95,26,,,78,,,,,,0,2025-07-25T08:44:51.000+0200,1314,1266,13.841,48.1331700,-2.0121017,18.58,34.03,38.91,54.39,41.8,345,2,,
2025-07-25T08:44:52.561+0200,1395,1305,15.354,4784.740,25.84,37.36,42.10,59.21,,-2.02,129.70,9.64,24.20,1250,95,26,,,78,,,,,,0,2025-07-25T08:44:51.000+0200,1314,1266,13.841,48.1331700,-2.0121017,18.58,34.03,38.91,54.39,41.8,345,2,,
2025-07-25T08:44:53.178+0200,1395,1306,15.358,4784.745,25.41,37.35,42.09,59.21,,-2.89,129.70,6.34,16.10,822,95,26,,,78,,,,,,0,2025-07-25T08:44:52.000+0200,1315,1267,13.848,48.1332267,-2.0121400,22.07,34.02,38.90,54.39,41.5,357,2,,
2025-07-25T08:44:53.203+0200,1395,1306,15.358,4784.745,25.41,37.35,42.09,59.21,,-2.89,129.70,6.34,16.10,822,95,26,,,78,,,,,,0,2025-07-25T08:44:52.000+0200,1315,1267,13.848,48.1332267,-2.0121400,22.07,34.02,38.90,54.39,41.5,357,2,,
2025-07-25T08:44:53.798+0200,1396,1307,15.363,4784.749,24.87,37.35,42.08,59.21,,4.90,129.50,12.12,31.20,1570,95,26,,,79,,,,,,0,2025-07-25T08:44:53.000+0200,1315,1267,13.854,48.1332800,-2.0121400,19.86,34.01,38.89,54.39,41.4,9,2,,
2025-07-25T08:44:53.820+0200,1396,1307,15.363,4784.749,24.87,37.35,42.08,59.21,,4.90,129.50,12.12,31.20,1570,95,26,,,79,,,,,,0,2025-07-25T08:44:53.000+0200,1315,1267,13.854,48.1332800,-2.0121400,19.86,34.01,38.89,54.39,41.4,9,2,,
2025-07-25T08:44:54.403+0200,1397,1307,15.367,4784.753,26.35,37.34,42.08,59.21,,1.91,129.30,18.72,46.40,2420,95,26,,,78,,,,,,0,2025-07-25T08:44:53.000+0200,1316,1268,13.854,48.1332800,-2.0121400,19.86,34.01,38.89,54.39,41.4,9,2,,
2025-07-25T08:44:54.421+0200,1397,1307,15.367,4784.753,26.35,37.34,42.08,59.21,,1.91,129.30,18.72,46.40,2420,95,26,,,78,,,,,,0,2025-07-25T08:44:53.000+0200,1316,1268,13.854,48.1332800,-2.0121400,19.86,34.01,38.89,54.39,41.4,9,2,,
2025-07-25T08:44:55.037+0200,1397,1308,15.372,4784.758,28.69,37.34,42.07,59.21,,1.47,129.00,17.67,41.40,2279,95,27,,,75,,,,,,0,2025-07-25T08:44:54.000+0200,1317,1269,13.860,48.1333317,-2.0121183,21.93,34.00,38.87,54.39,41.7,19,2,,
2025-07-25T08:44:55.061+0200,1397,1308,15.372,4784.758,28.69,37.34,42.07,59.21,,1.47,129.00,17.67,41.40,2279,95,27,,,75,,,,,,0,2025-07-25T08:44:54.000+0200,1317,1269,13.860,48.1333317,-2.0121183,21.93,34.00,38.87,54.39,41.7,19,2,,
2025-07-25T08:44:55.655+0200,1398,1309,15.376,4784.763,30.74,37.33,42.06,59.21,,3.70,128.89,13.46,30.09,1735,95,27,,,74,,,,,,0,2025-07-25T08:44:55.000+0200,1317,1269,13.867,48.1333883,-2.0120717,24.60,33.99,38.86,54.39,42.2,27,2,,
2025-07-25T08:44:55.675+0200,1398,1309,15.376,4784.763,30.74,37.33,42.06,59.21,,3.70,128.89,13.46,30.09,1735,95,27,,,74,,,,,,0,2025-07-25T08:44:55.000+0200,1317,1269,13.867,48.1333883,-2.0120717,24.60,33.99,38.86,54.39,42.2,27,2,,
2025-07-25T08:44:56.302+0200,1398,1309,15.382,4784.769,32.79,37.33,42.06,59.21,,3.95,128.89,13.14,28.09,1694,95,27,,,72,,,,,,0,2025-07-25T08:44:55.000+0200,1318,1270,13.867,48.1333883,-2.0120717,24.60,33.99,38.86,54.39,42.2,27,2,,
2025-07-25T08:44:56.326+0200,1398,1309,15.382,4784.769,32.79,37.33,42.06,59.21,,3.95,128.89,13.14,28.09,1694,95,27,,,72,,,,,,0,2025-07-25T08:44:55.000+0200,1318,1270,13.867,48.1333883,-2.0120717,24.60,33.99,38.86,54.39,42.2,27,2,,
2025-07-25T08:44:56.901+0200,1399,1310,15.387,4784.774,33.69,37.33,42.05,59.21,,2.70,128.89,18.50,38.80,2384,95,27,,,71,,,,,,0,2025-07-25T08:44:56.000+0200,1318,1270,13.875,48.1334433,-2.0120067,27.61,33.99,38.85,54.39,42.4,37,2,,
2025-07-25T08:44:56.923+0200,1399,1310,15.387,4784.774,33.69,37.33,42.05,59.21,,2.70,128.89,18.50,38.80,2384,95,27,,,71,,,,,,0,2025-07-25T08:44:56.000+0200,1318,1270,13.875,48.1334433,-2.0120067,27.61,33.99,38.85,54.39,42.4,37,2,,
2025-07-25T08:44:57.520+0200,1400,1310,15.393,4784.780,36.00,37.33,42.05,59.21,,3.39,128.80,14.29,28.59,1841,95,27,,,69,,,,,,0,2025-07-25T08:44:56.000+0200,1319,1271,13.875,48.1334433,-2.0120067,27.61,33.99,38.85,54.39,42.4,37,2,,
2025-07-25T08:44:57.544+0200,1400,1310,15.393,4784.780,36.00,37.33,42.05,59.21,,3.39,128.80,14.29,28.59,1841,95,27,,,69,,,,,,0,2025-07-25T08:44:56.000+0200,1319,1271,13.875,48.1334433,-2.0120067,27.61,33.99,38.85,54.39,42.4,37,2,,
2025-07-25T08:44:58.161+0200,1400,1311,15.399,4784.786,36.89,37.33,42.05,59.21,,2.50,128.80,7.99,15.70,1029,94,27,,,68,,,,,,0,2025-07-25T08:44:57.000+0200,1320,1272,13.884,48.1334967,-2.0119167,30.90,33.99,38.85,54.39,42.5,47,2,,
2025-07-25T08:44:58.183+0200,1400,1311,15.399,4784.786,36.89,37.33,42.05,59.21,,2.50,128.80,7.99,15.70,1029,94,27,,,68,,,,,,0,2025-07-25T08:44:57.000+0200,1320,1272,13.884,48.1334967,-2.0119167,30.90,33.99,38.85,54.39,42.5,47,2,,
2025-07-25T08:44:58.778+0200,1401,1312,15.406,4784.793,37.33,37.33,42.05,59.21,,1.44,129.00,12.31,24.00,1588,94,27,,,68,,,,,,0,2025-07-25T08:44:58.000+0200,1320,1272,13.892,48.1335550,-2.0118383,33.48,33.99,38.84,54.39,42.6,54,2,,
2025-07-25T08:44:58.801+0200,1401,1312,15.406,4784.793,37.33,37.33,42.05,59.21,,1.44,129.00,12.31,24.00,1588,94,27,,,68,,,,,,0,2025-07-25T08:44:58.000+0200,1320,1272,13.892,48.1335550,-2.0118383,33.48,33.99,38.84,54.39,42.6,54,2,,
2025-07-25T08:44:59.421+0200,1402,1312,15.412,4784.799,38.48,37.33,42.04,59.21,,1.79,129.00,7.34,14.00,947,94,27,,,67,,,,,,0,2025-07-25T08:44:58.000+0200,1321,1273,13.892,48.1335550,-2.0118383,33.48,33.99,38.84,54.39,42.6,54,2,,
2025-07-25T08:44:59.445+0200,1402,1312,15.412,4784.799,38.48,37.33,42.04,59.21,,1.79,129.00,7.34,14.00,947,94,27,,,67,,,,,,0,2025-07-25T08:44:58.000+0200,1321,1273,13.892,48.1335550,-2.0118383,33.48,33.99,38.84,54.39,42.6,54,2,,
2025-07-25T08:45:00.016+0200,1402,1313,15.419,4784.806,39.02,37.33,42.04,59.21,,0.22,129.09,9.70,18.29,1252,94,27,,,67,,,,,,0,2025-07-25T08:44:59.000+0200,1322,1274,13.903,48.1336133,-2.0117333,35.23,33.99,38.84,54.39,42.3,52,2,,
2025-07-25T08:45:00.038+0200,1402,1313,15.419,4784.806,39.02,37.33,42.04,59.21,,0.22,129.09,9.70,18.29,1252,94,27,,,67,,,,,,0,2025-07-25T08:44:59.000+0200,1322,1274,13.903,48.1336133,-2.0117333,35.23,33.99,38.84,54.39,42.3,52,2,,
2025-07-25T08:45:00.640+0200,1403,1314,15.425,4784.813,39.59,37.33,42.04,59.21,,-0.90,129.09,8.25,15.40,1065,94,27,,,66,,,,,,0,2025-07-25T08:44:59.000+0200,1322,1274,13.903,48.1336133,-2.0117333,35.23,33.99,38.84,54.39,42.3,52,2,,
2025-07-25T08:45:00.663+0200,1403,1314,15.425,4784.813,39.59,37.33,42.04,59.21,,-0.90,129.09,8.25,15.40,1065,94,27,,,66,,,,,,0,2025-07-25T08:45:00.000+0200,1322,1274,13.912,48.1336700,-2.0116300,36.23,33.99,38.84,54.39,41.7,51,2,,
2025-07-25T08:45:01.258+0200,1403,1314,15.432,4784.820,40.39,37.33,42.04,59.21,,-0.22,129.30,5.98,11.00,773,94,27,,,66,,,,,,0,2025-07-25T08:45:00.000+0200,1323,1275,13.912,48.1336700,-2.0116300,36.23,33.99,38.84,54.39,41.7,51,2,,
2025-07-25T08:45:01.282+0200,1403,1314,15.432,4784.820,40.39,37.33,42.04,59.21,,-0.22,129.30,5.98,11.00,773,94,27,,,66,,,,,,0,2025-07-25T08:45:00.000+0200,1323,1275,13.912,48.1336700,-2.0116300,36.23,33.99,38.84,54.39,41.7,51,2,,
2025-07-25T08:45:01.879+0200,1404,1315,15.439,4784.827,40.39,37.33,42.04,59.21,,-0.79,129.39,6.03,11.10,780,94,27,,,66,,,,,,0,2025-07-25T08:45:01.000+0200,1323,1275,13.923,48.1337283,-2.0115233,35.83,33.99,38.83,54.39,41.3,52,2,,
2025-07-25T08:45:01.902+0200,1404,1315,15.439,4784.827,40.39,37.33,42.04,59.21,,-0.79,129.39,6.03,11.10,780,94,27,,,66,,,,,,0,2025-07-25T08:45:01.000+0200,1323,1275,13.923,48.1337283,-2.0115233,35.83,33.99,38.83,54.39,41.3,52,2,,
2025-07-25T08:45:02.498+0200,1405,1315,15.446,4784.834,39.78,37.33,42.04,59.21,,0.11,129.50,5.59,10.40,724,94,27,,,66,,,,,,0,2025-07-25T08:45:01.000+0200,1324,1276,13.923,48.1337283,-2.0115233,35.83,33.99,38.83,54.39,41.3,52,2,,
2025-07-25T08:45:02.521+0200,1405,1315,15.446,4784.834,39.78,37.33,42.04,59.21,,0.11,129.50,5.59,10.40,724,94,27,,,66,,,,,,0,2025-07-25T08:45:01.000+0200,1324,1276,13.923,48.1337283,-2.0115233,35.83,33.99,38.83,54.39,41.3,52,2,,
2025-07-25T08:45:03.117+0200,1405,1316,15.453,4784.841,40.28,37.34,42.04,59.21,,-1.01,129.59,5.15,9.50,667,94,27,,,66,,,,,,0,2025-07-25T08:45:02.000+0200,1325,1277,13.933,48.1337850,-2.0114167,36.40,33.99,38.83,54.39,41.0,50,2,,
2025-07-25T08:45:03.134+0200,1405,1316,15.453,4784.841,40.28,37.34,42.04,59.21,,-1.01,129.59,5.15,9.50,667,94,27,,,66,,,,,,0,2025-07-25T08:45:02.000+0200,1325,1277,13.933,48.1337850,-2.0114167,36.40,33.99,38.83,54.39,41.0,50,2,,
2025-07-25T08:45:03.760+0200,1406,1317,15.460,4784.848,40.24,37.34,42.04,59.21,,2.05,129.70,2.82,5.20,366,94,27,,,66,,,,,,0,2025-07-25T08:45:03.000+0200,1325,1277,13.943,48.1338467,-2.0113217,35.58,33.99,38.83,54.39,40.8,46,2,,
2025-07-25T08:45:03.783+0200,1406,1317,15.460,4784.848,40.24,37.34,42.04,59.21,,2.05,129.70,2.82,5.20,366,94,27,,,66,,,,,,0,2025-07-25T08:45:03.000+0200,1325,1277,13.943,48.1338467,-2.0113217,35.58,33.99,38.83,54.39,40.8,46,2,,
2025-07-25T08:45:04.382+0200,1406,1317,15.467,4784.855,37.18,37.34,42.04,59.21,,-6.02,130.00,-6.96,-27.20,-905,94,27,,,68,,,,,,0,2025-07-25T08:45:03.000+0200,1326,1278,13.943,48.1338467,-2.0113217,35.58,33.99,38.83,54.39,40.8,46,2,,
2025-07-25T08:45:04.406+0200,1406,1317,15.467,4784.855,37.18,37.34,42.04,59.21,,-6.02,130.00,-6.96,-27.20,-905,94,27,,,68,,,,,,0,2025-07-25T08:45:03.000+0200,1326,1278,13.943,48.1338467,-2.0113217,35.58,33.99,38.83,54.39,40.8,46,2,,
2025-07-25T08:45:05.011+0200,1407,1318,15.474,4784.861,32.90,37.34,42.03,59.21,,-8.31,130.39,-5.37,-22.90,-700,94,27,,,72,,,,,,0,2025-07-25T08:45:04.000+0200,1327,1279,13.952,48.1339033,-2.0112283,32.85,33.99,38.83,54.39,40.1,50,2,,
2025-07-25T08:45:05.034+0200,1407,1318,15.474,4784.861,32.90,37.34,42.03,59.21,,-8.31,130.39,-5.37,-22.90,-700,94,27,,,72,,,,,,0,2025-07-25T08:45:04.000+0200,1327,1279,13.952,48.1339033,-2.0112283,32.85,33.99,38.83,54.39,40.1,50,2,,
2025-07-25T08:45:05.618+0200,1408,1319,15.480,4784.867,31.75,37.33,42.03,59.21,,-1.55,130.50,0.09,0.19,12,94,27,,,73,,,,,,0,2025-07-25T08:45:04.000+0200,1327,1279,13.952,48.1339033,-2.0112283,32.85,33.99,38.83,54.39,40.1,50,2,,
2025-07-25T08:45:05.637+0200,1408,1319,15.480,4784.867,31.75,37.33,42.03,59.21,,-1.55,130.50,0.09,0.19,12,94,27,,,73,,,,,,0,2025-07-25T08:45:04.000+0200,1327,1279,13.952,48.1339033,-2.0112283,32.85,33.99,38.83,54.39,40.1,50,2,,
2025-07-25T08:45:06.240+0200,1408,1319,15.486,4784.872,29.95,37.33,42.02,59.21,,-2.70,130.50,-2.48,-11.30,-324,94,27,,,75,,,,,,0,2025-07-25T08:45:05.000+0200,1328,1280,13.960,48.1339483,-2.0111400,28.48,33.99,38.82,54.39,39.8,55,2,,
2025-07-25T08:45:06.262+0200,1408,1319,15.486,4784.872,29.95,37.33,42.02,59.21,,-2.70,130.50,-2.48,-11.30,-324,94,27,,,75,,,,,,0,2025-07-25T08:45:05.000+0200,1328,1280,13.960,48.1339483,-2.0111400,28.48,33.99,38.82,54.39,39.8,55,2,,
2025-07-25T08:45:06.879+0200,1409,1320,15.491,4784.877,28.58,37.33,42.02,59.21,,-2.40,130.59,-2.34,-11.00,-306,95,27,,,76,,,,,,0,2025-07-25T08:45:06.000+0200,1328,1280,13.967,48.1339867,-2.0110650,28.07,33.98,38.81,54.39,38.6,58,2,,
2025-07-25T08:45:06.903+0200,1409,1320,15.491,4784.877,28.58,37.33,42.02,59.21,,-2.40,130.59,-2.34,-11.00,-306,95,27,,,76,,,,,,0,2025-07-25T08:45:06.000+0200,1328,1280,13.967,48.1339867,-2.0110650,28.07,33.98,38.81,54.39,38.6,58,2,,
2025-07-25T08:45:07.502+0200,1410,1320,15.496,4784.882,25.95,37.32,42.01,59.21,,-3.00,130.70,-5.67,-28.40,-741,95,26,,,78,,,,,,0,2025-07-25T08:45:06.000+0200,1329,1281,13.967,48.1339867,-2.0110650,28.07,33.98,38.81,54.39,38.6,58,2,,
2025-07-25T08:45:07.526+0200,1410,1320,15.496,4784.882,25.95,37.32,42.01,59.21,,-3.00,130.70,-5.67,-28.40,-741,95,26,,,78,,,,,,0,2025-07-25T08:45:06.000+0200,1329,1281,13.967,48.1339867,-2.0110650,28.07,33.98,38.81,54.39,38.6,58,2,,
2025-07-25T08:45:08.153+0200,1410,1321,15.501,4784.887,23.22,37.32,42.00,59.21,,-4.97,130.80,-3.16,-17.00,-413,95,26,,,80,,,,,,0,2025-07-25T08:45:07.000+0200,1330,1282,13.975,48.1340250,-2.0109817,23.47,33.98,38.80,54.39,38.3,56,2,,
2025-07-25T08:45:08.175+0200,1410,1321,15.501,4784.887,23.22,37.32,42.00,59.21,,-4.97,130.80,-3.16,-17.00,-413,95,26,,,80,,,,,,0,2025-07-25T08:45:07.000+0200,1330,1282,13.975,48.1340250,-2.0109817,23.47,33.98,38.80,54.39,38.3,56,2,,
2025-07-25T08:45:08.743+0200,1411,1322,15.505,4784.891,21.99,37.31,41.99,59.21,,0.11,130.80,-1.27,-7.10,-166,95,27,,,81,,,,,,0,2025-07-25T08:45:08.000+0200,1330,1282,13.981,48.1340483,-2.0109100,19.84,33.97,38.78,54.39,38.6,64,2,,
2025-07-25T08:45:08.765+0200,1411,1322,15.505,4784.891,21.99,37.31,41.99,59.21,,0.11,130.80,-1.27,-7.10,-166,95,27,,,81,,,,,,0,2025-07-25T08:45:08.000+0200,1330,1282,13.981,48.1340483,-2.0109100,19.84,33.97,38.78,54.39,38.6,64,2,,
2025-07-25T08:45:09.379+0200,1411,1322,15.509,4784.895,21.88,37.30,41.98,59.21,,3.19,130.80,-2.76,-15.40,-361,95,26,,,82,,,,,,0,2025-07-25T08:45:08.000+0200,1331,1283,13.981,48.1340483,-2.0109100,19.84,33.97,38.78,54.39,38.6,64,2,,
2025-07-25T08:45:09.402+0200,1411,1322,15.509,4784.895,21.88,37.30,41.98,59.21,,3.19,130.80,-2.76,-15.40,-361,95,26,,,82,,,,,,0,2025-07-25T08:45:08.000+0200,1331,1283,13.981,48.1340483,-2.0109100,19.84,33.97,38.78,54.39,38.6,64,2,,
2025-07-25T08:45:09.978+0200,1412,1323,15.513,4784.898,20.55,37.30,41.97,59.21,,-0.89,130.80,-2.31,-13.40,-302,95,26,,,83,,,,,,0,2025-07-25T08:45:09.000+0200,1331,1283,13.987,48.1340600,-2.0108333,20.61,33.96,38.77,54.39,38.8,76,2,,
2025-07-25T08:45:10.001+0200,1412,1323,15.513,4784.898,20.55,37.30,41.97,59.21,,-0.89,130.80,-2.31,-13.40,-302,95,26,,,83,,,,,,0,2025-07-25T08:45:09.000+0200,1332,1284,13.987,48.1340600,-2.0108333,20.61,33.96,38.77,54.39,38.8,76,2,,
2025-07-25T08:45:10.601+0200,1413,1324,15.516,4784.902,20.51,37.29,41.96,59.21,,-2.36,130.80,-0.69,-4.00,-90,95,26,,,83,,,,,,0,2025-07-25T08:45:09.000+0200,1332,1284,13.987,48.1340600,-2.0108333,20.61,33.96,38.77,54.39,38.8,76,2,,
2025-07-25T08:45:10.622+0200,1413,1324,15.516,4784.902,20.51,37.29,41.96,59.21,,-2.36,130.80,-0.69,-4.00,-90,95,26,,,83,,,,,,0,2025-07-25T08:45:09.000+0200,1332,1284,13.987,48.1340600,-2.0108333,20.61,33.96,38.77,54.39,38.8,76,2,,
2025-07-25T08:45:11.219+0200,1413,1324,15.520,4784.906,20.66,37.28,41.95,59.21,,0.45,130.80,-0.03,-0.19,-4,95,26,,,83,,,,,,0,2025-07-25T08:45:10.000+0200,1333,1285,13.992,48.1340633,-2.0107600,19.54,33.95,38.75,54.39,39.1,90,2,,
2025-07-25T08:45:11.242+0200,1413,1324,15.520,4784.906,20.66,37.28,41.95,59.21,,0.45,130.80,-0.03,-0.19,-4,95,26,,,83,,,,,,0,2025-07-25T08:45:10.000+0200,1333,1285,13.992,48.1340633,-2.0107600,19.54,33.95,38.75,54.39,39.1,90,2,,
2025-07-25T08:45:11.860+0200,1414,1325,15.524,4784.909,21.74,37.28,41.94,59.21,,4.09,130.80,-2.59,-14.50,-339,95,26,,,82,,,,,,0,2025-07-25T08:45:11.000+0200,1333,1285,13.997,48.1340550,-2.0106967,17.72,33.94,38.74,54.39,39.4,96,2,,
2025-07-25T08:45:11.883+0200,1414,1325,15.524,4784.909,21.74,37.28,41.94,59.21,,4.09,130.80,-2.59,-14.50,-339,95,26,,,82,,,,,,0,2025-07-25T08:45:11.000+0200,1333,1285,13.997,48.1340550,-2.0106967,17.72,33.94,38.74,54.39,39.4,96,2,,
2025-07-25T08:45:12.480+0200,1415,1325,15.527,4784.913,20.48,37.27,41.93,59.21,,0.12,130.70,-1.01,-5.90,-132,95,26,,,83,,,,,,0,2025-07-25T08:45:11.000+0200,1334,1286,13.997,48.1340550,-2.0106967,17.72,33.94,38.74,54.39,39.4,96,2,,
2025-07-25T08:45:12.503+0200,1415,1325,15.527,4784.913,20.48,37.27,41.93,59.21,,0.12,130.70,-1.01,-5.90,-132,95,26,,,83,,,,,,0,2025-07-25T08:45:11.000+0200,1334,1286,13.997,48.1340550,-2.0106967,17.72,33.94,38.74,54.39,39.4,96,2,,
2025-07-25T08:45:13.082+0200,1415,1326,15.531,4784.917,22.49,37.26,41.92,59.21,,3.03,130.70,-0.43,-2.39,-56,95,26,,,81,,,,,,0,2025-07-25T08:45:12.000+0200,1335,1287,14.002,48.1340200,-2.0106550,16.34,33.93,38.72,54.39,40.1,125,2,,
2025-07-25T08:45:13.104+0200,1415,1326,15.531,4784.917,22.49,37.26,41.92,59.21,,3.03,130.70,-0.43,-2.39,-56,95,26,,,81,,,,,,0,2025-07-25T08:45:12.000+0200,1335,1287,14.002,48.1340200,-2.0106550,16.34,33.93,38.72,54.39,40.1,125,2,,
2025-07-25T08:45:13.720+0200,1416,1327,15.534,4784.920,21.09,37.26,41.91,59.21,,-3.61,130.70,0.77,2.20,101,95,26,,,82,,,,,,0,2025-07-25T08:45:13.000+0200,1335,1287,14.007,48.1339900,-2.0106083,19.20,33.92,38.70,54.39,39.3,121,2,,
2025-07-25T08:45:13.743+0200,1416,1327,15.534,4784.920,21.09,37.26,41.91,59.21,,-3.61,130.70,0.77,2.20,101,95,26,,,82,,,,,,0,2025-07-25T08:45:13.000+0200,1335,1287,14.007,48.1339900,-2.0106083,19.20,33.92,38.70,54.39,39.3,121,2,,
2025-07-25T08:45:14.341+0200,1416,1327,15.538,4784.924,21.27,37.25,41.90,59.21,,-3.01,130.59,7.47,21.20,976,95,26,,,82,,,,,,0,2025-07-25T08:45:13.000+0200,1336,1288,14.007,48.1339900,-2.0106083,19.20,33.92,38.70,54.39,39.3,121,2,,
2025-07-25T08:45:14.363+0200,1416,1327,15.538,4784.924,21.27,37.25,41.90,59.21,,-3.01,130.59,7.47,21.20,976,95,26,,,82,,,,,,0,2025-07-25T08:45:13.000+0200,1336,1288,14.007,48.1339900,-2.0106083,19.20,33.92,38.70,54.39,39.3,121,2,,
2025-07-25T08:45:14.958+0200,1417,1328,15.542,4784.928,23.11,37.24,41.89,59.21,,1.92,130.39,7.83,21.10,1021,95,26,,,80,,,,,,0,2025-07-25T08:45:14.000+0200,1336,1288,14.011,48.1339883,-2.0105467,18.03,33.90,38.69,54.39,38.8,94,2,,
2025-07-25T08:45:14.978+0200,1417,1328,15.542,4784.928,23.11,37.24,41.89,59.21,,1.92,130.39,7.83,21.10,1021,95,26,,,80,,,,,,0,2025-07-25T08:45:14.000+0200,1336,1288,14.011,48.1339883,-2.0105467,18.03,33.90,38.69,54.39,38.8,94,2,,
2025-07-25T08:45:15.579+0200,1418,1328,15.546,4784.932,24.62,37.24,41.89,59.21,,1.35,130.09,11.39,29.50,1482,95,26,,,79,,,,,,0,2025-07-25T08:45:14.000+0200,1337,1289,14.011,48.1339883,-2.0105467,18.03,33.90,38.69,54.39,38.8,94,2,,
2025-07-25T08:45:15.604+0200,1418,1329,15.546,4784.932,24.62,37.24,41.89,59.21,,1.35,130.09,11.39,29.50,1482,95,26,,,79,,,,,,0,2025-07-25T08:45:14.000+0200,1337,1289,14.011,48.1339883,-2.0105467,18.03,33.90,38.69,54.39,38.8,94,2,,
2025-07-25T08:45:16.197+0200,1418,1329,15.550,4784.936,26.42,37.23,41.88,59.21,,3.58,129.89,14.10,34.89,1831,95,26,,,78,,,,,,0,2025-07-25T08:45:15.000+0200,1338,1290,14.016,48.1339883,-2.0104867,19.04,33.89,38.67,54.39,39.4,78,2,,
2025-07-25T08:45:16.221+0200,1418,1329,15.550,4784.936,26.42,37.23,41.88,59.21,,3.58,129.89,14.10,34.89,1831,95,26,,,78,,,,,,0,2025-07-25T08:45:15.000+0200,1338,1290,14.016,48.1339883,-2.0104867,19.04,33.89,38.67,54.39,39.4,78,2,,
2025-07-25T08:45:16.820+0200,1419,1330,15.555,4784.941,28.62,37.23,41.87,59.21,,5.08,129.59,16.19,38.00,2098,95,26,,,76,,,,,,0,2025-07-25T08:45:16.000+0200,1338,1290,14.021,48.1340150,-2.0104267,20.90,33.89,38.66,54.39,39.6,62,2,,
2025-07-25T08:45:16.843+0200,1419,1330,15.555,4784.941,28.62,37.23,41.87,59.21,,5.08,129.59,16.19,38.00,2098,95,26,,,76,,,,,,0,2025-07-25T08:45:16.000+0200,1338,1290,14.021,48.1340150,-2.0104267,20.90,33.89,38.66,54.39,39.6,62,2,,
2025-07-25T08:45:17.459+0200,1420,1330,15.559,4784.946,32.11,37.23,41.87,59.21,,8.64,129.20,21.44,46.50,2770,95,26,,,73,,,,,,0,2025-07-25T08:45:16.000+0200,1339,1291,14.021,48.1340150,-2.0104267,20.90,33.89,38.66,54.39,39.6,62,2,,
2025-07-25T08:45:17.480+0200,1420,1330,15.559,4784.946,32.11,37.23,41.87,59.21,,8.64,129.20,21.44,46.50,2770,95,26,,,73,,,,,,0,2025-07-25T08:45:16.000+0200,1339,1291,14.021,48.1340150,-2.0104267,20.90,33.89,38.66,54.39,39.6,62,2,,
2025-07-25T08:45:18.077+0200,1420,1331,15.565,4784.951,36.07,37.23,41.86,59.21,,5.14,128.70,26.48,52.90,3408,95,26,,,69,,,,,,0,2025-07-25T08:45:17.000+0200,1340,1292,14.028,48.1340667,-2.0103733,26.08,33.88,38.65,54.39,39.9,37,2,,
2025-07-25T08:45:18.098+0200,1420,1331,15.565,4784.951,36.07,37.23,41.86,59.21,,5.14,128.70,26.48,52.90,3408,95,26,,,69,,,,,,0,2025-07-25T08:45:17.000+0200,1340,1292,14.028,48.1340667,-2.0103733,26.08,33.88,38.65,54.39,39.9,37,2,,
2025-07-25T08:45:18.700+0200,1421,1332,15.570,4784.958,39.78,37.23,41.86,59.21,,7.63,128.30,30.17,56.10,3871,95,27,,,66,,,,,,0,2025-07-25T08:45:18.000+0200,1340,1292,14.036,48.1341283,-2.0103183,30.96,33.88,38.64,54.39,40.1,36,2,,
2025-07-25T08:45:18.717+0200,1421,1332,15.570,4784.958,39.78,37.23,41.86,59.21,,7.63,128.30,30.17,56.10,3871,95,27,,,66,,,,,,0,2025-07-25T08:45:18.000+0200,1340,1292,14.036,48.1341283,-2.0103183,30.96,33.88,38.64,54.39,40.1,36,2,,
2025-07-25T08:45:19.321+0200,1421,1332,15.577,4784.965,42.30,37.23,41.86,59.21,,0.67,128.09,16.55,29.40,2120,95,27,,,64,,,,,,0,2025-07-25T08:45:18.000+0200,1341,1293,14.036,48.1341283,-2.0103183,30.96,33.88,38.64,54.39,40.1,36,2,,
2025-07-25T08:45:19.344+0200,1421,1332,15.577,4784.965,42.30,37.23,41.86,59.21,,0.67,128.09,16.55,29.40,2120,95,27,,,64,,,,,,0,2025-07-25T08:45:18.000+0200,1341,1293,14.036,48.1341283,-2.0103183,30.96,33.88,38.64,54.39,40.1,36,2,,
2025-07-25T08:45:19.941+0200,1422,1333,15.584,4784.972,43.88,37.23,41.86,59.21,,1.68,128.09,19.79,34.20,2535,95,27,,,62,,,,,,0,2025-07-25T08:45:19.000+0200,1341,1293,14.046,48.1342050,-2.0102450,36.50,33.88,38.64,54.39,40.3,36,2,,
2025-07-25T08:45:19.963+0200,1422,1333,15.584,4784.972,43.88,37.23,41.86,59.21,,1.68,128.09,19.79,34.20,2535,95,27,,,62,,,,,,0,2025-07-25T08:45:19.000+0200,1341,1293,14.046,48.1342050,-2.0102450,36.50,33.88,38.64,54.39,40.3,36,2,,
2025-07-25T08:45:20.559+0200,1423,1333,15.592,4784.980,45.68,37.24,41.86,59.21,,2.26,128.09,16.77,28.09,2148,95,27,,,61,,,,,,0,2025-07-25T08:45:19.000+0200,1342,1294,14.046,48.1342050,-2.0102450,36.50,33.88,38.64,54.39,40.3,36,2,,
2025-07-25T08:45:20.583+0200,1423,1333,15.592,4784.980,45.68,37.24,41.86,59.21,,2.26,128.09,16.77,28.09,2148,95,27,,,61,,,,,,0,2025-07-25T08:45:19.000+0200,1342,1294,14.046,48.1342050,-2.0102450,36.50,33.88,38.64,54.39,40.3,36,2,,
2025-07-25T08:45:21.197+0200,1423,1334,15.600,4784.988,46.26,37.24,41.87,59.21,,1.35,128.20,19.82,32.89,2541,95,27,,,60,,,,,,0,2025-07-25T08:45:20.000+0200,1343,1295,14.057,48.1342867,-2.0101600,40.78,33.88,38.64,54.39,40.3,36,2,,
2025-07-25T08:45:21.222+0200,1423,1334,15.600,4784.988,46.26,37.24,41.87,59.21,,1.35,128.20,19.82,32.89,2541,95,27,,,60,,,,,,0,2025-07-25T08:45:20.000+0200,1343,1295,14.057,48.1342867,-2.0101600,40.78,33.88,38.64,54.39,40.3,36,2,,
2025-07-25T08:45:21.818+0200,1424,1335,15.608,4784.996,48.88,37.24,41.87,59.21,,2.15,128.09,18.74,29.80,2400,95,27,,,58,,,,,,0,2025-07-25T08:45:21.000+0200,1343,1295,14.069,48.1343750,-2.0100650,44.16,33.89,38.65,54.39,40.6,36,2,,
2025-07-25T08:45:21.839+0200,1424,1335,15.608,4784.996,48.88,37.24,41.87,59.21,,2.15,128.09,18.74,29.80,2400,95,27,,,58,,,,,,0,2025-07-25T08:45:21.000+0200,1343,1295,14.069,48.1343750,-2.0100650,44.16,33.89,38.65,54.39,40.6,36,2,,
2025-07-25T08:45:22.442+0200,1425,1335,15.616,4785.004,50.32,37.25,41.87,59.21,,0.45,128.00,13.89,21.60,1778,95,27,,,57,,,,,,0,2025-07-25T08:45:21.000+0200,1344,1296,14.069,48.1343750,-2.0100650,44.16,33.89,38.65,54.39,40.6,36,2,,
2025-07-25T08:45:22.472+0200,1425,1335,15.616,4785.004,50.32,37.25,41.87,59.21,,0.45,128.00,13.89,21.60,1778,95,27,,,57,,,,,,0,2025-07-25T08:45:21.000+0200,1344,1296,14.069,48.1343750,-2.0100650,44.16,33.89,38.65,54.39,40.6,36,2,,
2025-07-25T08:45:23.059+0200,1425,1336,15.625,4785.013,51.26,37.25,41.88,59.21,,3.58,128.09,12.98,19.90,1663,94,27,,,56,,,,,,0,2025-07-25T08:45:22.000+0200,1345,1297,14.082,48.1344700,-2.0099650,45.35,33.90,38.65,54.39,40.6,34,2,,
2025-07-25T08:45:23.082+0200,1425,1336,15.625,4785.013,51.26,37.25,41.88,59.21,,3.58,128.09,12.98,19.90,1663,94,27,,,56,,,,,,0,2025-07-25T08:45:22.000+0200,1345,1297,14.082,48.1344700,-2.0099650,45.35,33.90,38.65,54.39,40.6,34,2,,
2025-07-25T08:45:23.679+0200,1426,1337,15.634,4785.022,51.98,37.26,41.88,59.21,,2.14,128.20,15.50,23.50,1987,94,27,,,55,,,,,,0,2025-07-25T08:45:23.000+0200,1345,1297,14.096,48.1345683,-2.0098583,46.31,33.91,38.66,54.39,41.0,41,2,,
2025-07-25T08:45:23.703+0200,1426,1337,15.634,4785.022,51.98,37.26,41.88,59.21,,2.14,128.20,15.50,23.50,1987,94,27,,,55,,,,,,0,2025-07-25T08:45:23.000+0200,1345,1297,14.096,48.1345683,-2.0098583,46.31,33.91,38.66,54.39,41.0,41,2,,
2025-07-25T08:45:24.299+0200,1426,1337,15.642,4785.031,51.76,37.27,41.89,59.21,,-0.56,128.20,15.19,23.10,1947,94,27,,,56,,,,,,0,2025-07-25T08:45:23.000+0200,1346,1298,14.096,48.1345683,-2.0098583,46.31,33.91,38.66,54.39,41.0,41,2,,
2025-07-25T08:45:24.320+0200,1426,1337,15.642,4785.031,51.76,37.27,41.89,59.21,,-0.56,128.20,15.19,23.10,1947,94,27,,,56,,,,,,0,2025-07-25T08:45:23.000+0200,1346,1298,14.096,48.1345683,-2.0098583,46.31,33.91,38.66,54.39,41.0,41,2,,
2025-07-25T08:45:24.938+0200,1427,1338,15.651,4785.040,51.37,37.27,41.89,59.21,,-2.29,128.39,10.45,16.00,1342,94,27,,,56,,,,,,0,2025-07-25T08:45:24.000+0200,1346,1298,14.109,48.1346533,-2.0097350,46.45,33.92,38.66,54.39,41.5,47,2,,
2025-07-25T08:45:24.959+0200,1427,1338,15.651,4785.040,51.37,37.27,41.89,59.21,,-2.29,128.39,10.45,16.00,1342,94,27,,,56,,,,,,0,2025-07-25T08:45:24.000+0200,1346,1298,14.109,48.1346533,-2.0097350,46.45,33.92,38.66,54.39,41.5,47,2,,
2025-07-25T08:45:25.534+0200,1428,1338,15.660,4785.049,51.76,37.28,41.90,59.21,,-0.89,128.50,9.40,14.29,1208,94,27,,,56,,,,,,0,2025-07-25T08:45:24.000+0200,1347,1299,14.109,48.1346533,-2.0097350,46.45,33.92,38.66,54.39,41.5,47,2,,
2025-07-25T08:45:25.557+0200,1428,1338,15.660,4785.049,51.76,37.28,41.90,59.21,,-0.89,128.50,9.40,14.29,1208,94,27,,,56,,,,,,0,2025-07-25T08:45:24.000+0200,1347,1299,14.109,48.1346533,-2.0097350,46.45,33.92,38.66,54.39,41.5,47,2,,
2025-07-25T08:45:26.175+0200,1428,1339,15.669,4785.058,51.40,37.28,41.90,59.21,,-2.13,128.59,16.74,25.59,2153,94,27,,,56,,,,,,0,2025-07-25T08:45:25.000+0200,1348,1300,14.122,48.1347317,-2.0096033,47.30,33.93,38.67,54.39,41.9,50,2,,
2025-07-25T08:45:26.197+0200,1428,1339,15.669,4785.058,51.40,37.28,41.90,59.21,,-2.13,128.59,16.74,25.59,2153,94,27,,,56,,,,,,0,2025-07-25T08:45:25.000+0200,1348,1300,14.122,48.1347317,-2.0096033,47.30,33.93,38.67,54.39,41.9,50,2,,
2025-07-25T08:45:26.798+0200,1429,1340,15.679,4785.067,51.30,37.29,41.90,59.21,,-2.27,128.59,13.84,21.20,1780,94,27,,,56,,,,,,0,2025-07-25T08:45:26.000+0200,1348,1300,14.135,48.1348100,-2.0094700,47.36,33.93,38.68,54.39,42.5,51,2,,
2025-07-25T08:45:26.820+0200,1429,1340,15.679,4785.067,51.30,37.29,41.90,59.21,,-2.27,128.59,13.84,21.20,1780,94,27,,,56,,,,,,0,2025-07-25T08:45:26.000+0200,1348,1300,14.135,48.1348100,-2.0094700,47.36,33.93,38.68,54.39,42.5,51,2,,
2025-07-25T08:45:27.417+0200,1430,1340,15.687,4785.076,51.30,37.30,41.91,59.21,,0.00,128.39,15.67,24.00,2012,94,27,,,56,,,,,,0,2025-07-25T08:45:26.000+0200,1349,1301,14.135,48.1348100,-2.0094700,47.36,33.93,38.68,54.39,42.5,51,2,,
2025-07-25T08:45:27.442+0200,1430,1340,15.687,4785.076,51.30,37.30,41.91,59.21,,0.00,128.39,15.67,24.00,2012,94,27,,,56,,,,,,0,2025-07-25T08:45:26.000+0200,1349,1301,14.135,48.1348100,-2.0094700,47.36,33.93,38.68,54.39,42.5,51,2,,
2025-07-25T08:45:28.036+0200,1430,1341,15.696,4785.085,51.26,37.30,41.91,59.21,,-0.67,128.30,24.53,37.59,3147,94,27,,,56,,,,,,0,2025-07-25T08:45:27.000+0200,1350,1302,14.149,48.1348817,-2.0093300,46.12,33.94,38.68,54.39,42.9,52,2,,
2025-07-25T08:45:28.059+0200,1430,1341,15.696,4785.085,51.26,37.30,41.91,59.21,,-0.67,128.30,24.53,37.59,3147,94,27,,,56,,,,,,0,2025-07-25T08:45:27.000+0200,1350,1302,14.149,48.1348817,-2.0093300,46.12,33.94,38.68,54.39,42.9,52,2,,
2025-07-25T08:45:28.663+0200,1431,1342,15.705,4785.094,50.97,37.31,41.92,59.21,,0.56,128.20,19.68,30.30,2523,94,27,,,56,,,,,,0,2025-07-25T08:45:28.000+0200,1350,1302,14.161,48.1349517,-2.0091917,45.80,33.95,38.69,54.39,43.1,52,2,,
2025-07-25T08:45:28.687+0200,1431,1342,15.705,4785.094,50.97,37.31,41.92,59.21,,0.56,128.20,19.68,30.30,2523,94,27,,,56,,,,,,0,2025-07-25T08:45:28.000+0200,1350,1302,14.161,48.1349517,-2.0091917,45.80,33.95,38.69,54.39,43.1,52,2,,
2025-07-25T08:45:29.300+0200,1431,1342,15.714,4785.103,51.22,37.31,41.92,59.21,,0.00,128.00,28.56,43.80,3656,94,27,,,56,,,,,,0,2025-07-25T08:45:28.000+0200,1351,1303,14.161,48.1349517,-2.0091917,45.80,33.95,38.69,54.39,43.1,52,2,,
2025-07-25T08:45:29.322+0200,1431,1342,15.714,4785.103,51.22,37.31,41.92,59.21,,0.00,128.00,28.56,43.80,3656,94,27,,,56,,,,,,0,2025-07-25T08:45:28.000+0200,1351,1303,14.161,48.1349517,-2.0091917,45.80,33.95,38.69,54.39,43.1,52,2,,
2025-07-25T08:45:29.918+0200,1432,1343,15.723,4785.111,50.97,37.32,41.93,59.21,,-0.72,127.80,21.05,32.39,2690,94,27,,,56,,,,,,0,2025-07-25T08:45:29.000+0200,1351,1303,14.174,48.1350217,-2.0090550,46.99,33.96,38.70,54.39,43.5,52,2,,
2025-07-25T08:45:29.938+0200,1432,1343,15.723,4785.111,50.97,37.32,41.93,59.21,,-0.72,127.80,21.05,32.39,2690,94,27,,,56,,,,,,0,2025-07-25T08:45:29.000+0200,1351,1303,14.174,48.1350217,-2.0090550,46.99,33.96,38.70,54.39,43.5,52,2,,
2025-07-25T08:45:30.540+0200,1433,1343,15.732,4785.120,51.26,37.32,41.93,59.21,,0.00,127.70,23.88,36.59,3049,94,27,,,56,,,,,,0,2025-07-25T08:45:29.000+0200,1352,1304,14.174,48.1350217,-2.0090550,46.99,33.96,38.70,54.39,43.5,52,2,,
2025-07-25T08:45:30.562+0200,1433,1343,15.732,4785.120,51.26,37.32,41.93,59.21,,0.00,127.70,23.88,36.59,3049,94,27,,,56,,,,,,0,2025-07-25T08:45:29.000+0200,1352,1304,14.174,48.1350217,-2.0090550,46.99,33.96,38.70,54.39,43.5,52,2,,
2025-07-25T08:45:31.162+0200,1433,1344,15.741,4785.129,49.93,37.33,41.93,59.21,,-2.80,127.70,19.94,31.20,2546,94,27,,,57,,,,,,0,2025-07-25T08:45:30.000+0200,1353,1305,14.187,48.1350950,-2.0089217,47.53,33.97,38.70,54.39,43.6,52,2,,
2025-07-25T08:45:31.183+0200,1433,1344,15.741,4785.129,49.93,37.33,41.93,59.21,,-2.80,127.70,19.94,31.20,2546,94,27,,,57,,,,,,0,2025-07-25T08:45:30.000+0200,1353,1305,14.187,48.1350950,-2.0089217,47.53,33.97,38.70,54.39,43.6,52,2,,
2025-07-25T08:45:31.780+0200,1434,1345,15.750,4785.138,49.96,37.34,41.94,59.21,,-0.45,127.60,27.95,43.70,3566,93,27,,,57,,,,,,0,2025-07-25T08:45:31.000+0200,1353,1305,14.201,48.1351717,-2.0087817,47.46,33.98,38.71,54.39,44.3,50,2,,
2025-07-25T08:45:31.800+0200,1434,1345,15.750,4785.138,49.96,37.34,41.94,59.21,,-0.45,127.60,27.95,43.70,3566,93,27,,,57,,,,,,0,2025-07-25T08:45:31.000+0200,1353,1305,14.201,48.1351717,-2.0087817,47.46,33.98,38.71,54.39,44.3,50,2,,
2025-07-25T08:45:32.420+0200,1435,1345,15.758,4785.147,51.48,37.34,41.94,59.21,,2.16,127.30,27.43,41.90,3492,93,27,,,55,,,,,,0,2025-07-25T08:45:31.000+0200,1354,1306,14.201,48.1351717,-2.0087817,47.46,33.98,38.71,54.39,44.3,50,2,,
2025-07-25T08:45:32.442+0200,1435,1345,15.758,4785.147,51.48,37.34,41.94,59.21,,2.16,127.30,27.43,41.90,3492,93,27,,,55,,,,,,0,2025-07-25T08:45:31.000+0200,1354,1306,14.201,48.1351717,-2.0087817,47.46,33.98,38.71,54.39,44.3,50,2,,
2025-07-25T08:45:33.039+0200,1435,1346,15.767,4785.156,52.30,37.35,41.95,59.21,,0.36,127.20,24.99,37.70,3179,93,27,,,55,,,,,,0,2025-07-25T08:45:32.000+0200,1355,1307,14.214,48.1352500,-2.0086500,47.40,33.99,38.72,54.39,45.1,47,2,,
2025-07-25T08:45:33.061+0200,1435,1346,15.767,4785.156,52.30,37.35,41.95,59.21,,0.36,127.20,24.99,37.70,3179,93,27,,,55,,,,,,0,2025-07-25T08:45:32.000+0200,1355,1307,14.214,48.1352500,-2.0086500,47.40,33.99,38.72,54.39,45.1,47,2,,
2025-07-25T08:45:33.661+0200,1436,1347,15.776,4785.165,51.98,37.35,41.95,59.21,,-2.40,127.30,17.41,26.40,2216,93,27,,,55,,,,,,0,2025-07-25T08:45:33.000+0200,1355,1307,14.227,48.1353333,-2.0085217,45.09,33.99,38.72,54.39,45.9,41,2,,
2025-07-25T08:45:33.683+0200,1436,1347,15.776,4785.165,51.98,37.35,41.95,59.21,,-2.40,127.30,17.41,26.40,2216,93,27,,,55,,,,,,0,2025-07-25T08:45:33.000+0200,1355,1307,14.227,48.1353333,-2.0085217,45.09,33.99,38.72,54.39,45.9,41,2,,
2025-07-25T08:45:34.280+0200,1436,1347,15.785,4785.174,51.15,37.36,41.96,59.21,,-1.32,127.60,14.59,22.40,1862,93,27,,,56,,,,,,0,2025-07-25T08:45:33.000+0200,1356,1308,14.227,48.1353333,-2.0085217,45.09,33.99,38.72,54.39,45.9,41,2,,
2025-07-25T08:45:34.297+0200,1436,1347,15.785,4785.174,51.15,37.36,41.96,59.21,,-1.32,127.60,14.59,22.40,1862,93,27,,,56,,,,,,0,2025-07-25T08:45:33.000+0200,1356,1308,14.227,48.1353333,-2.0085217,45.09,33.99,38.72,54.39,45.9,41,2,,
2025-07-25T08:45:34.901+0200,1437,1348,15.794,4785.183,50.07,37.36,41.96,59.21,,-2.49,127.80,13.58,21.20,1736,93,27,,,57,,,,,,0,2025-07-25T08:45:34.000+0200,1356,1308,14.240,48.1354200,-2.0084100,45.63,34.00,38.73,54.39,46.4,37,2,,
2025-07-25T08:45:34.922+0200,1437,1348,15.794,4785.183,50.07,37.36,41.96,59.21,,-2.49,127.80,13.58,21.20,1736,93,27,,,57,,,,,,0,2025-07-25T08:45:34.000+0200,1356,1308,14.240,48.1354200,-2.0084100,45.63,34.00,38.73,54.39,46.4,37,2,,
2025-07-25T08:45:35.518+0200,1438,1348,15.803,4785.191,49.24,37.37,41.96,59.21,,-0.48,127.89,11.00,17.40,1407,93,27,,,58,,,,,,0,2025-07-25T08:45:34.000+0200,1357,1309,14.240,48.1354200,-2.0084100,45.63,34.00,38.73,54.39,46.4,37,2,,
2025-07-25T08:45:35.542+0200,1438,1348,15.803,4785.191,49.24,37.37,41.96,59.21,,-0.48,127.89,11.00,17.40,1407,93,27,,,58,,,,,,0,2025-07-25T08:45:34.000+0200,1357,1309,14.240,48.1354200,-2.0084100,45.63,34.00,38.73,54.39,46.4,37,2,,
2025-07-25T08:45:36.139+0200,1438,1349,15.812,4785.200,49.17,37.37,41.97,59.21,,-0.12,127.89,21.10,33.39,2698,93,27,,,58,,,,,,0,2025-07-25T08:45:35.000+0200,1358,1310,14.252,48.1355050,-2.0083033,44.16,34.01,38.73,54.39,47.0,41,2,,
2025-07-25T08:45:36.163+0200,1438,1349,15.812,4785.200,49.17,37.37,41.97,59.21,,-0.12,127.89,21.10,33.39,2698,93,27,,,58,,,,,,0,2025-07-25T08:45:35.000+0200,1358,1310,14.252,48.1355050,-2.0083033,44.16,34.01,38.73,54.39,47.0,41,2,,
2025-07-25T08:45:36.759+0200,1439,1350,15.820,4785.208,49.89,37.38,41.97,59.21,,3.71,127.70,28.30,44.30,3614,93,27,,,57,,,,,,0,2025-07-25T08:45:36.000+0200,1358,1310,14.264,48.1355800,-2.0081850,44.54,34.02,38.73,54.39,47.4,51,2,,
2025-07-25T08:45:36.782+0200,1439,1350,15.820,4785.208,49.89,37.38,41.97,59.21,,3.71,127.70,28.30,44.30,3614,93,27,,,57,,,,,,0,2025-07-25T08:45:36.000+0200,1358,1310,14.264,48.1355800,-2.0081850,44.54,34.02,38.73,54.39,47.4,51,2,,
2025-07-25T08:45:37.377+0200,1440,1350,15.829,4785.217,49.24,37.38,41.97,59.21,,0.00,127.60,20.04,31.70,2557,93,27,,,57,,,,,,0,2025-07-25T08:45:36.000+0200,1359,1311,14.264,48.1355800,-2.0081850,44.54,34.02,38.73,54.39,47.4,51,2,,
2025-07-25T08:45:37.397+0200,1440,1350,15.829,4785.217,49.24,37.38,41.97,59.21,,0.00,127.60,20.04,31.70,2557,93,27,,,57,,,,,,0,2025-07-25T08:45:36.000+0200,1359,1311,14.264,48.1355800,-2.0081850,44.54,34.02,38.73,54.39,47.4,51,2,,
2025-07-25T08:45:38.042+0200,1440,1351,15.837,4785.225,49.53,37.39,41.98,59.21,,-0.60,127.39,25.16,39.59,3205,93,27,,,57,,,,,,0,2025-07-25T08:45:37.000+0200,1360,1312,14.277,48.1356483,-2.0080500,45.98,34.02,38.74,54.39,47.7,56,2,,
2025-07-25T08:45:38.064+0200,1440,1351,15.837,4785.225,49.53,37.39,41.98,59.21,,-0.60,127.39,25.16,39.59,3205,93,27,,,57,,,,,,0,2025-07-25T08:45:37.000+0200,1360,1312,14.277,48.1356483,-2.0080500,45.98,34.02,38.74,54.39,47.7,56,2,,
2025-07-25T08:45:38.643+0200,1441,1352,15.846,4785.234,50.29,37.39,41.98,59.21,,1.44,127.20,27.32,42.50,3475,92,28,,,56,,,,,,0,2025-07-25T08:45:38.000+0200,1360,1312,14.290,48.1357117,-2.0079050,45.95,34.03,38.75,54.39,48.1,57,2,,
2025-07-25T08:45:38.665+0200,1441,1352,15.846,4785.234,50.29,37.39,41.98,59.21,,1.44,127.20,27.32,42.50,3475,92,28,,,56,,,,,,0,2025-07-25T08:45:38.000+0200,1360,1312,14.290,48.1357117,-2.0079050,45.95,34.03,38.75,54.39,48.1,57,2,,
2025-07-25T08:45:39.261+0200,1441,1352,15.854,4785.243,51.37,37.40,41.99,59.21,,0.36,127.00,29.28,44.80,3719,92,28,,,55,,,,,,0,2025-07-25T08:45:38.000+0200,1361,1313,14.290,48.1357117,-2.0079050,45.95,34.03,38.75,54.39,48.1,57,2,,
2025-07-25T08:45:39.282+0200,1441,1352,15.854,4785.243,51.37,37.40,41.99,59.21,,0.36,127.00,29.28,44.80,3719,92,28,,,55,,,,,,0,2025-07-25T08:45:38.000+0200,1361,1313,14.290,48.1357117,-2.0079050,45.95,34.03,38.75,54.39,48.1,57,2,,
2025-07-25T08:45:39.878+0200,1442,1353,15.863,4785.252,52.41,37.41,41.99,59.21,,-0.24,126.70,27.23,41.00,3450,92,28,,,54,,,,,,0,2025-07-25T08:45:39.000+0200,1361,1313,14.303,48.1357783,-2.0077567,45.93,34.04,38.75,54.39,48.0,55,2,,
2025-07-25T08:45:39.904+0200,1442,1353,15.863,4785.252,52.41,37.41,41.99,59.21,,-0.24,126.70,27.23,41.00,3450,92,28,,,54,,,,,,0,2025-07-25T08:45:39.000+0200,1361,1313,14.303,48.1357783,-2.0077567,45.93,34.04,38.75,54.39,48.0,55,2,,
2025-07-25T08:45:40.495+0200,1443,1353,15.873,4785.261,53.24,37.41,42.00,59.21,,0.45,126.60,38.26,56.90,4844,92,28,,,54,,,,,,0,2025-07-25T08:45:39.000+0200,1362,1314,14.303,48.1357783,-2.0077567,45.93,34.04,38.75,54.39,48.0,55,2,,
2025-07-25T08:45:40.518+0200,1443,1353,15.873,4785.261,53.24,37.41,42.00,59.21,,0.45,126.60,38.26,56.90,4844,92,28,,,54,,,,,,0,2025-07-25T08:45:39.000+0200,1362,1314,14.303,48.1357783,-2.0077567,45.93,34.04,38.75,54.39,48.0,55,2,,
2025-07-25T08:45:41.121+0200,1443,1354,15.882,4785.270,55.04,37.42,42.00,59.21,,4.88,126.39,27.06,39.20,3420,92,28,,,52,,,,,,0,2025-07-25T08:45:40.000+0200,1363,1315,14.316,48.1358417,-2.0076100,47.22,34.05,38.76,54.39,48.0,56,2,,
2025-07-25T08:45:41.143+0200,1443,1354,15.882,4785.270,55.04,37.42,42.00,59.21,,4.88,126.39,27.06,39.20,3420,92,28,,,52,,,,,,0,2025-07-25T08:45:40.000+0200,1363,1315,14.316,48.1358417,-2.0076100,47.22,34.05,38.76,54.39,48.0,56,2,,
2025-07-25T08:45:41.760+0200,1444,1355,15.891,4785.280,56.15,37.43,42.01,59.21,,2.64,126.30,18.03,25.70,2277,92,28,,,51,,,,,,0,2025-07-25T08:45:41.000+0200,1363,1315,14.330,48.1359067,-2.0074533,47.21,34.06,38.76,54.39,48.1,58,2,,
2025-07-25T08:45:41.783+0200,1444,1355,15.891,4785.280,56.15,37.43,42.01,59.21,,2.64,126.30,18.03,25.70,2277,92,28,,,51,,,,,,0,2025-07-25T08:45:41.000+0200,1363,1315,14.330,48.1359067,-2.0074533,47.21,34.06,38.76,54.39,48.1,58,2,,
2025-07-25T08:45:42.380+0200,1445,1355,15.901,4785.290,56.55,37.43,42.01,59.21,,1.57,126.30,20.67,29.30,2611,92,28,,,51,,,,,,0,2025-07-25T08:45:41.000+0200,1364,1316,14.330,48.1359067,-2.0074533,47.21,34.06,38.76,54.39,48.1,58,2,,
2025-07-25T08:45:42.403+0200,1445,1355,15.901,4785.290,56.55,37.43,42.01,59.21,,1.57,126.30,20.67,29.30,2611,92,28,,,51,,,,,,0,2025-07-25T08:45:41.000+0200,1364,1316,14.330,48.1359067,-2.0074533,47.21,34.06,38.76,54.39,48.1,58,2,,
2025-07-25T08:45:43.026+0200,1445,1356,15.911,4785.300,57.42,37.44,42.02,59.21,,4.73,126.20,20.64,28.90,2605,91,28,,,50,,,,,,0,2025-07-25T08:45:42.000+0200,1365,1317,14.344,48.1359733,-2.0072900,50.12,34.07,38.77,54.39,48.1,56,2,,
2025-07-25T08:45:43.050+0200,1445,1356,15.911,4785.300,57.42,37.44,42.02,59.21,,4.73,126.20,20.64,28.90,2605,91,28,,,50,,,,,,0,2025-07-25T08:45:42.000+0200,1365,1317,14.344,48.1359733,-2.0072900,50.12,34.07,38.77,54.39,48.1,56,2,,
2025-07-25T08:45:43.635+0200,1446,1357,15.921,4785.310,57.74,37.45,42.03,59.21,,1.08,126.30,14.13,19.69,1785,91,28,,,50,,,,,,0,2025-07-25T08:45:42.000+0200,1365,1317,14.344,48.1359733,-2.0072900,50.12,34.07,38.77,54.39,48.1,56,2,,
2025-07-25T08:45:43.659+0200,1446,1357,15.921,4785.310,57.74,37.45,42.03,59.21,,1.08,126.30,14.13,19.69,1785,91,28,,,50,,,,,,0,2025-07-25T08:45:42.000+0200,1365,1317,14.344,48.1359733,-2.0072900,50.12,34.07,38.77,54.39,48.1,56,2,,
2025-07-25T08:45:44.259+0200,1446,1357,15.931,4785.320,57.45,37.46,42.04,59.21,,-4.18,126.50,27.65,38.70,3498,91,28,,,50,,,,,,0,2025-07-25T08:45:43.000+0200,1366,1318,14.358,48.1360433,-2.0071283,49.18,34.08,38.78,54.39,47.9,56,2,,
2025-07-25T08:45:44.282+0200,1446,1357,15.931,4785.320,57.45,37.46,42.04,59.21,,-4.18,126.50,27.65,38.70,3498,91,28,,,50,,,,,,0,2025-07-25T08:45:43.000+0200,1366,1318,14.358,48.1360433,-2.0071283,49.18,34.08,38.78,54.39,47.9,56,2,,
2025-07-25T08:45:44.882+0200,1447,1358,15.941,4785.330,56.66,37.47,42.04,59.21,,-0.90,126.80,15.47,21.90,1962,91,28,,,51,,,,,,0,2025-07-25T08:45:44.000+0200,1366,1318,14.373,48.1361133,-2.0069633,52.06,34.09,38.79,54.39,48.0,58,2,,
2025-07-25T08:45:44.907+0200,1447,1358,15.941,4785.330,56.66,37.47,42.04,59.21,,-0.90,126.80,15.47,21.90,1962,91,28,,,51,,,,,,0,2025-07-25T08:45:44.000+0200,1366,1318,14.373,48.1361133,-2.0069633,52.06,34.09,38.79,54.39,48.0,58,2,,
2025-07-25T08:45:45.510+0200,1448,1358,15.951,4785.340,54.35,37.47,42.05,59.21,,-3.36,127.20,19.20,28.09,2442,91,28,,,53,,,,,,0,2025-07-25T08:45:44.000+0200,1367,1319,14.373,48.1361133,-2.0069633,52.06,34.09,38.79,54.39,48.0,58,2,,
2025-07-25T08:45:45.537+0200,1448,1358,15.951,4785.340,54.35,37.47,42.05,59.21,,-3.36,127.20,19.20,28.09,2442,91,28,,,53,,,,,,0,2025-07-25T08:45:44.000+0200,1367,1319,14.373,48.1361133,-2.0069633,52.06,34.09,38.79,54.39,48.0,58,2,,
2025-07-25T08:45:46.115+0200,1448,1359,15.960,4785.349,53.38,37.48,42.05,59.21,,-4.14,127.50,18.80,27.90,2397,91,28,,,54,,,,,,0,2025-07-25T08:45:45.000+0200,1368,1320,14.387,48.1361817,-2.0068000,51.29,34.10,38.80,54.39,48.3,58,2,,
2025-07-25T08:45:46.139+0200,1448,1359,15.960,4785.349,53.38,37.48,42.05,59.21,,-4.14,127.50,18.80,27.90,2397,91,28,,,54,,,,,,0,2025-07-25T08:45:45.000+0200,1368,1320,14.387,48.1361817,-2.0068000,51.29,34.10,38.80,54.39,48.3,58,2,,
2025-07-25T08:45:46.738+0200,1449,1360,15.970,4785.358,52.63,37.49,42.06,59.21,,-0.79,127.70,6.66,10.00,850,91,28,,,55,,,,,,0,2025-07-25T08:45:46.000+0200,1368,1320,14.401,48.1362433,-2.0066433,44.06,34.11,38.80,54.39,48.7,60,2,,
2025-07-25T08:45:46.764+0200,1449,1360,15.970,4785.358,52.63,37.49,42.06,59.21,,-0.79,127.70,6.66,10.00,850,91,28,,,55,,,,,,0,2025-07-25T08:45:46.000+0200,1368,1320,14.401,48.1362433,-2.0066433,44.06,34.11,38.80,54.39,48.7,60,2,,
2025-07-25T08:45:47.383+0200,1450,1360,15.979,4785.368,50.03,37.49,42.06,59.21,,-4.20,128.09,5.31,8.30,680,91,28,,,57,,,,,,0,2025-07-25T08:45:46.000+0200,1369,1321,14.401,48.1362433,-2.0066433,44.06,34.11,38.80,54.39,48.7,60,2,,
2025-07-25T08:45:47.408+0200,1450,1360,15.979,4785.368,50.03,37.49,42.06,59.21,,-4.20,128.09,5.31,8.30,680,91,28,,,57,,,,,,0,2025-07-25T08:45:46.000+0200,1369,1321,14.401,48.1362433,-2.0066433,44.06,34.11,38.80,54.39,48.7,60,2,,
2025-07-25T08:45:48.000+0200,1450,1361,15.988,4785.376,49.24,37.50,42.07,59.21,,-0.12,128.30,6.70,10.60,860,91,28,,,58,,,,,,0,2025-07-25T08:45:47.000+0200,1369,1321,14.413,48.1362983,-2.0064967,42.52,34.11,38.81,54.39,49.1,58,2,,
2025-07-25T08:45:48.024+0200,1450,1361,15.988,4785.376,49.24,37.50,42.07,59.21,,-0.12,128.30,6.70,10.60,860,91,28,,,58,,,,,,0,2025-07-25T08:45:47.000+0200,1370,1322,14.413,48.1362983,-2.0064967,42.52,34.11,38.81,54.39,49.1,58,2,,
2025-07-25T08:45:48.627+0200,1451,1362,15.997,4785.385,47.19,37.50,42.07,59.21,,-5.14,128.50,5.75,9.39,739,91,28,,,60,,,,,,0,2025-07-25T08:45:47.000+0200,1370,1322,14.413,48.1362983,-2.0064967,42.52,34.11,38.81,54.39,49.1,58,2,,
2025-07-25T08:45:48.646+0200,1451,1362,15.997,4785.385,47.19,37.50,42.07,59.21,,-5.14,128.50,5.75,9.39,739,91,28,,,60,,,,,,0,2025-07-25T08:45:47.000+0200,1370,1322,14.413,48.1362983,-2.0064967,42.52,34.11,38.81,54.39,49.1,58,2,,
2025-07-25T08:45:49.239+0200,1451,1362,16.005,4785.393,46.90,37.51,42.07,59.21,,-0.79,128.59,10.84,17.79,1394,91,28,,,60,,,,,,0,2025-07-25T08:45:48.000+0200,1371,1323,14.425,48.1363517,-2.0063633,38.05,34.12,38.81,54.39,49.3,55,2,,
2025-07-25T08:45:49.264+0200,1451,1362,16.005,4785.393,46.90,37.51,42.07,59.21,,-0.79,128.59,10.84,17.79,1394,91,28,,,60,,,,,,0,2025-07-25T08:45:48.000+0200,1371,1323,14.425,48.1363517,-2.0063633,38.05,34.12,38.81,54.39,49.3,55,2,,
2025-07-25T08:45:49.857+0200,1452,1363,16.013,4785.401,45.35,37.51,42.07,59.21,,-0.79,128.70,2.61,4.40,336,91,28,,,61,,,,,,0,2025-07-25T08:45:49.000+0200,1371,1323,14.436,48.1363983,-2.0062300,39.82,34.12,38.81,54.39,49.2,62,2,,
2025-07-25T08:45:49.875+0200,1452,1363,16.013,4785.401,45.35,37.51,42.07,59.21,,-0.79,128.70,2.61,4.40,336,91,28,,,61,,,,,,0,2025-07-25T08:45:49.000+0200,1371,1323,14.436,48.1363983,-2.0062300,39.82,34.12,38.81,54.39,49.2,62,2,,
2025-07-25T08:45:50.502+0200,1453,1363,16.021,4785.409,43.34,37.51,42.07,59.21,,-1.45,128.80,0.11,0.19,14,91,28,,,63,,,,,,0,2025-07-25T08:45:49.000+0200,1372,1324,14.436,48.1363983,-2.0062300,39.82,34.12,38.81,54.39,49.2,62,2,,
2025-07-25T08:45:50.527+0200,1453,1363,16.021,4785.409,43.34,37.51,42.07,59.21,,-1.45,128.80,0.11,0.19,14,91,28,,,63,,,,,,0,2025-07-25T08:45:49.000+0200,1372,1324,14.436,48.1363983,-2.0062300,39.82,34.12,38.81,54.39,49.2,62,2,,
2025-07-25T08:45:51.120+0200,1453,1364,16.029,4785.417,43.16,37.51,42.07,59.21,,0.12,128.89,3.60,6.30,464,91,28,,,63,,,,,,0,2025-07-25T08:45:50.000+0200,1373,1325,14.447,48.1364383,-2.0061000,41.16,34.12,38.81,54.39,49.2,67,2,,
2025-07-25T08:45:51.145+0200,1453,1364,16.029,4785.417,43.16,37.51,42.07,59.21,,0.12,128.89,3.60,6.30,464,91,28,,,63,,,,,,0,2025-07-25T08:45:50.000+0200,1373,1325,14.447,48.1364383,-2.0061000,41.16,34.12,38.81,54.39,49.2,67,2,,
2025-07-25T08:45:51.751+0200,1454,1365,16.036,4785.424,43.05,37.52,42.07,59.21,,-0.60,128.89,-0.74,-2.60,-95,91,27,,,63,,,,,,0,2025-07-25T08:45:51.000+0200,1373,1325,14.457,48.1364733,-2.0059633,39.24,34.13,38.81,54.39,49.3,69,2,,
2025-07-25T08:45:51.776+0200,1454,1365,16.036,4785.424,43.05,37.52,42.07,59.21,,-0.60,128.89,-0.74,-2.60,-95,91,27,,,63,,,,,,0,2025-07-25T08:45:51.000+0200,1373,1325,14.457,48.1364733,-2.0059633,39.24,34.13,38.81,54.39,49.3,69,2,,
2025-07-25T08:45:52.356+0200,1454,1365,16.044,4785.431,43.05,37.52,42.07,59.21,,3.95,129.00,13.29,23.30,1714,91,27,,,63,,,,,,0,2025-07-25T08:45:51.000+0200,1374,1326,14.457,48.1364733,-2.0059633,39.24,34.13,38.81,54.39,49.3,69,2,,
2025-07-25T08:45:52.381+0200,1454,1365,16.044,4785.431,43.05,37.52,42.07,59.21,,3.95,129.00,13.29,23.30,1714,91,27,,,63,,,,,,0,2025-07-25T08:45:51.000+0200,1374,1326,14.457,48.1364733,-2.0059633,39.24,34.13,38.81,54.39,49.3,69,2,,
2025-07-25T08:45:53.003+0200,1455,1366,16.051,4785.439,44.10,37.52,42.07,59.21,,3.72,128.70,15.51,26.70,1996,91,27,,,62,,,,,,0,2025-07-25T08:45:52.000+0200,1374,1326,14.469,48.1365083,-2.0058233,40.33,34.13,38.81,54.39,49.4,70,2,,
2025-07-25T08:45:53.028+0200,1455,1366,16.051,4785.439,44.10,37.52,42.07,59.21,,3.72,128.70,15.51,26.70,1996,91,27,,,62,,,,,,0,2025-07-25T08:45:52.000+0200,1375,1327,14.469,48.1365083,-2.0058233,40.33,34.13,38.81,54.39,49.4,70,2,,
2025-07-25T08:45:53.617+0200,1456,1366,16.059,4785.447,45.57,37.52,42.08,59.21,,1.55,128.59,10.72,18.00,1378,91,27,,,61,,,,,,0,2025-07-25T08:45:52.000+0200,1375,1327,14.469,48.1365083,-2.0058233,40.33,34.13,38.81,54.39,49.4,70,2,,
2025-07-25T08:45:53.639+0200,1456,1367,16.059,4785.447,45.57,37.52,42.08,59.21,,1.55,128.59,10.72,18.00,1378,91,27,,,61,,,,,,0,2025-07-25T08:45:52.000+0200,1375,1327,14.469,48.1365083,-2.0058233,40.33,34.13,38.81,54.39,49.4,70,2,,
2025-07-25T08:45:54.241+0200,1456,1367,16.067,4785.455,46.69,37.53,42.08,59.21,,0.48,128.70,9.22,15.20,1187,91,27,,,60,,,,,,0,2025-07-25T08:45:53.000+0200,1376,1328,14.480,48.1365483,-2.0056800,40.35,34.14,38.81,54.39,49.8,64,2,,
2025-07-25T08:45:54.262+0200,1456,1367,16.067,4785.455,46.69,37.53,42.08,59.21,,0.48,128.70,9.22,15.20,1187,91,27,,,60,,,,,,0,2025-07-25T08:45:53.000+0200,1376,1328,14.480,48.1365483,-2.0056800,40.35,34.14,38.81,54.39,49.8,64,2,,
2025-07-25T08:45:54.859+0200,1457,1368,16.075,4785.463,47.16,37.53,42.08,59.21,,1.18,128.70,11.49,18.79,1479,91,27,,,60,,,,,,0,2025-07-25T08:45:54.000+0200,1376,1328,14.492,48.1365917,-2.0055350,41.41,34.14,38.81,54.39,49.9,66,2,,
2025-07-25T08:45:54.882+0200,1457,1368,16.075,4785.463,47.16,37.53,42.08,59.21,,1.18,128.70,11.49,18.79,1479,91,27,,,60,,,,,,0,2025-07-25T08:45:54.000+0200,1376,1328,14.492,48.1365917,-2.0055350,41.41,34.14,38.81,54.39,49.9,66,2,,
2025-07-25T08:45:55.486+0200,1458,1368,16.083,4785.471,47.16,37.54,42.08,59.21,,0.36,128.80,5.01,8.20,645,91,27,,,60,,,,,,0,2025-07-25T08:45:54.000+0200,1377,1329,14.492,48.1365917,-2.0055350,41.41,34.14,38.81,54.39,49.9,66,2,,
2025-07-25T08:45:55.508+0200,1458,1368,16.083,4785.471,47.16,37.54,42.08,59.21,,0.36,128.80,5.01,8.20,645,91,27,,,60,,,,,,0,2025-07-25T08:45:54.000+0200,1377,1329,14.492,48.1365917,-2.0055350,41.41,34.14,38.81,54.39,49.9,66,2,,
2025-07-25T08:45:56.102+0200,1458,1369,16.091,4785.479,47.37,37.54,42.09,59.21,,-1.92,128.80,5.03,8.20,648,91,27,,,59,,,,,,0,2025-07-25T08:45:55.000+0200,1378,1330,14.504,48.1366333,-2.0053900,43.29,34.15,38.82,54.39,49.8,67,2,,
2025-07-25T08:45:56.126+0200,1458,1369,16.091,4785.479,47.37,37.54,42.09,59.21,,-1.92,128.80,5.03,8.20,648,91,27,,,59,,,,,,0,2025-07-25T08:45:55.000+0200,1378,1330,14.504,48.1366333,-2.0053900,43.29,34.15,38.82,54.39,49.8,67,2,,
2025-07-25T08:45:56.717+0200,1459,1370,16.099,4785.487,47.37,37.54,42.09,59.21,,-1.69,128.89,9.39,15.29,1210,91,27,,,60,,,,,,0,2025-07-25T08:45:56.000+0200,1378,1330,14.516,48.1366717,-2.0052350,43.19,34.15,38.82,54.39,49.8,69,2,,
2025-07-25T08:45:56.740+0200,1459,1370,16.099,4785.487,47.37,37.54,42.09,59.21,,-1.69,128.89,9.39,15.29,1210,91,27,,,60,,,,,,0,2025-07-25T08:45:56.000+0200,1378,1330,14.516,48.1366717,-2.0052350,43.19,34.15,38.82,54.39,49.8,69,2,,
2025-07-25T08:45:57.339+0200,1459,1370,16.108,4785.496,47.84,37.55,42.09,59.21,,-0.72,129.00,4.01,6.50,517,91,27,,,59,,,,,,0,2025-07-25T08:45:56.000+0200,1379,1331,14.516,48.1366717,-2.0052350,43.19,34.15,38.82,54.39,49.8,69,2,,
2025-07-25T08:45:57.358+0200,1459,1370,16.108,4785.496,47.84,37.55,42.09,59.21,,-0.72,129.00,4.01,6.50,517,91,27,,,59,,,,,,0,2025-07-25T08:45:56.000+0200,1379,1331,14.516,48.1366717,-2.0052350,43.19,34.15,38.82,54.39,49.8,69,2,,
2025-07-25T08:45:57.987+0200,1460,1371,16.116,4785.504,48.60,37.55,42.09,59.21,,1.35,129.09,1.87,3.00,241,91,27,,,59,,,,,,0,2025-07-25T08:45:57.000+0200,1379,1331,14.528,48.1367100,-2.0050767,44.13,34.16,38.82,54.39,49.4,69,2,,
2025-07-25T08:45:58.007+0200,1460,1371,16.116,4785.504,48.60,37.55,42.09,59.21,,1.35,129.09,1.87,3.00,241,91,27,,,59,,,,,,0,2025-07-25T08:45:57.000+0200,1379,1331,14.528,48.1367100,-2.0050767,44.13,34.16,38.82,54.39,49.4,69,2,,
2025-07-25T08:45:58.582+0200,1461,1371,16.124,4785.513,48.60,37.56,42.10,59.21,,-1.01,129.20,7.38,11.80,953,91,27,,,59,,,,,,0,2025-07-25T08:45:57.000+0200,1380,1332,14.528,48.1367100,-2.0050767,44.13,34.16,38.82,54.39,49.4,69,2,,
2025-07-25T08:45:58.604+0200,1461,1371,16.124,4785.513,48.60,37.56,42.10,59.21,,-1.01,129.20,7.38,11.80,953,91,27,,,59,,,,,,0,2025-07-25T08:45:57.000+0200,1380,1332,14.528,48.1367100,-2.0050767,44.13,34.16,38.82,54.39,49.4,69,2,,
2025-07-25T08:45:59.221+0200,1461,1372,16.133,4785.521,49.14,37.56,42.10,59.21,,2.76,129.30,3.78,6.00,489,91,27,,,58,,,,,,0,2025-07-25T08:45:58.000+0200,1381,1333,14.541,48.1367450,-2.0049200,41.20,34.16,38.83,54.39,49.0,73,2,,
2025-07-25T08:45:59.243+0200,1461,1372,16.133,4785.521,49.14,37.56,42.10,59.21,,2.76,129.30,3.78,6.00,489,91,27,,,58,,,,,,0,2025-07-25T08:45:58.000+0200,1381,1333,14.541,48.1367450,-2.0049200,41.20,34.16,38.83,54.39,49.0,73,2,,
2025-07-25T08:45:59.839+0200,1462,1373,16.141,4785.530,49.14,37.57,42.10,59.21,,-0.12,129.39,8.20,13.00,1061,91,27,,,58,,,,,,0,2025-07-25T08:45:59.000+0200,1381,1333,14.553,48.1367767,-2.0047667,42.24,34.17,38.83,54.39,48.5,73,2,,
2025-07-25T08:45:59.860+0200,1462,1373,16.141,4785.530,49.14,37.57,42.10,59.21,,-0.12,129.39,8.20,13.00,1061,91,27,,,58,,,,,,0,2025-07-25T08:45:59.000+0200,1381,1333,14.553,48.1367767,-2.0047667,42.24,34.17,38.83,54.39,48.5,73,2,,
2025-07-25T08:46:00.458+0200,1463,1373,16.150,4785.538,49.17,37.57,42.11,59.21,,0.96,129.39,8.21,13.00,1062,91,27,,,58,,,,,,0,2025-07-25T08:45:59.000+0200,1382,1334,14.553,48.1367767,-2.0047667,42.24,34.17,38.83,54.39,48.5,73,2,,
2025-07-25T08:46:00.478+0200,1463,1373,16.150,4785.538,49.17,37.57,42.11,59.21,,0.96,129.39,8.21,13.00,1062,91,27,,,58,,,,,,0,2025-07-25T08:45:59.000+0200,1382,1334,14.553,48.1367767,-2.0047667,42.24,34.17,38.83,54.39,48.5,73,2,,
2025-07-25T08:46:01.078+0200,1463,1374,16.158,4785.546,49.24,37.57,42.11,59.21,,0.12,129.30,4.11,6.50,531,91,27,,,58,,,,,,0,2025-07-25T08:46:00.000+0200,1383,1335,14.564,48.1368067,-2.0046150,43.70,34.18,38.83,54.39,48.0,74,2,,
2025-07-25T08:46:01.098+0200,1463,1374,16.158,4785.546,49.24,37.57,42.11,59.21,,0.12,129.30,4.11,6.50,531,91,27,,,58,,,,,,0,2025-07-25T08:46:00.000+0200,1383,1335,14.564,48.1368067,-2.0046150,43.70,34.18,38.83,54.39,48.0,74,2,,
2025-07-25T08:46:01.698+0200,1464,1375,16.167,4785.555,50.29,37.58,42.11,59.21,,3.26,129.39,-0.61,-1.90,-79,91,27,,,57,,,,,,0,2025-07-25T08:46:01.000+0200,1383,1335,14.577,48.1368333,-2.0044533,45.32,34.18,38.84,54.39,47.6,76,2,,
2025-07-25T08:46:01.719+0200,1464,1375,16.167,4785.555,50.29,37.58,42.11,59.21,,3.26,129.39,-0.61,-1.90,-79,91,27,,,57,,,,,,0,2025-07-25T08:46:01.000+0200,1383,1335,14.577,48.1368333,-2.0044533,45.32,34.18,38.84,54.39,47.6,76,2,,
2025-07-25T08:46:02.318+0200,1464,1375,16.175,4785.564,49.24,37.58,42.12,59.21,,0.00,129.59,-1.83,-5.80,-237,91,27,,,58,,,,,,0,2025-07-25T08:46:01.000+0200,1384,1336,14.577,48.1368333,-2.0044533,45.32,34.18,38.84,54.39,47.6,76,2,,
2025-07-25T08:46:02.343+0200,1464,1375,16.175,4785.564,49.24,37.58,42.12,59.21,,0.00,129.59,-1.83,-5.80,-237,91,27,,,58,,,,,,0,2025-07-25T08:46:01.000+0200,1384,1336,14.577,48.1368333,-2.0044533,45.32,34.18,38.84,54.39,47.6,76,2,,
2025-07-25T08:46:02.941+0200,1465,1376,16.184,4785.572,49.21,37.59,42.12,59.21,,0.00,129.59,4.42,7.00,573,91,27,,,58,,,,,,0,2025-07-25T08:46:02.000+0200,1384,1336,14.589,48.1368583,-2.0042900,45.24,34.19,38.84,54.39,46.5,77,2,,
2025-07-25T08:46:02.965+0200,1465,1376,16.184,4785.572,49.21,37.59,42.12,59.21,,0.00,129.59,4.42,7.00,573,91,27,,,58,,,,,,0,2025-07-25T08:46:02.000+0200,1384,1336,14.589,48.1368583,-2.0042900,45.24,34.19,38.84,54.39,46.5,77,2,,
2025-07-25T08:46:03.558+0200,1466,1376,16.192,4785.581,49.21,37.59,42.12,59.21,,0.00,129.59,3.47,5.50,450,91,27,,,58,,,,,,0,2025-07-25T08:46:02.000+0200,1385,1337,14.589,48.1368583,-2.0042900,45.24,34.19,38.84,54.39,46.5,77,2,,
2025-07-25T08:46:03.580+0200,1466,1376,16.192,4785.581,49.21,37.59,42.12,59.21,,0.00,129.59,3.47,5.50,450,91,27,,,58,,,,,,0,2025-07-25T08:46:02.000+0200,1385,1337,14.589,48.1368583,-2.0042900,45.24,34.19,38.84,54.39,46.5,77,2,,
2025-07-25T08:46:04.182+0200,1466,1377,16.201,4785.589,48.24,37.60,42.12,59.21,,-2.44,129.59,5.53,8.89,717,91,27,,,59,,,,,,0,2025-07-25T08:46:03.000+0200,1386,1338,14.602,48.1368817,-2.0041233,44.74,34.20,38.85,54.39,45.5,76,2,,
2025-07-25T08:46:04.205+0200,1466,1377,16.201,4785.589,48.24,37.60,42.12,59.21,,-2.44,129.59,5.53,8.89,717,91,27,,,59,,,,,,0,2025-07-25T08:46:03.000+0200,1386,1338,14.602,48.1368817,-2.0041233,44.74,34.20,38.85,54.39,45.5,76,2,,
2025-07-25T08:46:04.826+0200,1467,1378,16.209,4785.598,50.14,37.60,42.13,59.21,,4.08,129.59,3.84,6.00,498,91,26,,,57,,,,,,0,2025-07-25T08:46:04.000+0200,1386,1338,14.615,48.1369050,-2.0039583,45.58,34.20,38.85,54.39,44.6,78,2,,
2025-07-25T08:46:04.846+0200,1467,1378,16.209,4785.598,50.14,37.60,42.13,59.21,,4.08,129.59,3.84,6.00,498,91,26,,,57,,,,,,0,2025-07-25T08:46:04.000+0200,1386,1338,14.615,48.1369050,-2.0039583,45.58,34.20,38.85,54.39,44.6,78,2,,
2025-07-25T08:46:05.440+0200,1468,1378,16.218,4785.606,48.74,37.61,42.13,59.21,,-2.51,129.59,4.20,6.70,544,91,26,,,59,,,,,,0,2025-07-25T08:46:04.000+0200,1387,1339,14.615,48.1369050,-2.0039583,45.58,34.20,38.85,54.39,44.6,78,2,,
2025-07-25T08:46:05.457+0200,1468,1378,16.218,4785.606,48.74,37.61,42.13,59.21,,-2.51,129.59,4.20,6.70,544,91,26,,,59,,,,,,0,2025-07-25T08:46:04.000+0200,1387,1339,14.615,48.1369050,-2.0039583,45.58,34.20,38.85,54.39,44.6,78,2,,
2025-07-25T08:46:06.062+0200,1468,1379,16.227,4785.615,48.20,37.61,42.13,59.21,,-2.14,129.70,10.94,17.60,1419,91,26,,,59,,,,,,0,2025-07-25T08:46:05.000+0200,1388,1340,14.627,48.1369283,-2.0037917,44.67,34.21,38.86,54.39,44.3,78,2,,
2025-07-25T08:46:06.084+0200,1468,1379,16.227,4785.615,48.20,37.61,42.13,59.21,,-2.14,129.70,10.94,17.60,1419,91,26,,,59,,,,,,0,2025-07-25T08:46:05.000+0200,1388,1340,14.627,48.1369283,-2.0037917,44.67,34.21,38.86,54.39,44.3,78,2,,
2025-07-25T08:46:06.670+0200,1469,1380,16.235,4785.623,48.02,37.62,42.14,59.21,,1.79,129.59,8.37,13.50,1085,91,26,,,59,,,,,,0,2025-07-25T08:46:06.000+0200,1388,1340,14.640,48.1369517,-2.0036267,45.41,34.22,38.86,54.39,43.6,78,2,,
2025-07-25T08:46:06.689+0200,1469,1380,16.235,4785.623,48.02,37.62,42.14,59.21,,1.79,129.59,8.37,13.50,1085,91,26,,,59,,,,,,0,2025-07-25T08:46:06.000+0200,1388,1340,14.640,48.1369517,-2.0036267,45.41,34.22,38.86,54.39,43.6,78,2,,
2025-07-25T08:46:07.303+0200,1469,1380,16.243,4785.632,48.67,37.62,42.14,59.21,,-1.35,129.50,7.08,11.30,917,91,26,,,59,,,,,,0,2025-07-25T08:46:06.000+0200,1389,1341,14.640,48.1369517,-2.0036267,45.41,34.22,38.86,54.39,43.6,78,2,,
2025-07-25T08:46:07.324+0200,1469,1380,16.243,4785.632,48.67,37.62,42.14,59.21,,-1.35,129.50,7.08,11.30,917,91,26,,,59,,,,,,0,2025-07-25T08:46:06.000+0200,1389,1341,14.640,48.1369517,-2.0036267,45.41,34.22,38.86,54.39,43.6,78,2,,
2025-07-25T08:46:07.941+0200,1470,1381,16.252,4785.640,48.31,37.63,42.14,59.21,,-0.24,129.50,3.61,5.80,467,91,26,,,59,,,,,,0,2025-07-25T08:46:07.000+0200,1389,1341,14.652,48.1369717,-2.0034650,43.58,34.22,38.86,54.39,43.1,80,2,,
2025-07-25T08:46:07.963+0200,1470,1381,16.252,4785.640,48.31,37.63,42.14,59.21,,-0.24,129.50,3.61,5.80,467,91,26,,,59,,,,,,0,2025-07-25T08:46:07.000+0200,1389,1341,14.652,48.1369717,-2.0034650,43.58,34.22,38.86,54.39,43.1,80,2,,
2025-07-25T08:46:08.564+0200,1471,1381,16.260,4785.648,47.19,37.63,42.14,59.21,,-0.84,129.50,1.40,2.30,181,91,26,,,60,,,,,,0,2025-07-25T08:46:07.000+0200,1390,1342,14.652,48.1369717,-2.0034650,43.58,34.22,38.86,54.39,43.1,80,2,,
2025-07-25T08:46:08.587+0200,1471,1381,16.260,4785.648,47.19,37.63,42.14,59.21,,-0.84,129.50,1.40,2.30,181,91,26,,,60,,,,,,0,2025-07-25T08:46:07.000+0200,1390,1342,14.652,48.1369717,-2.0034650,43.58,34.22,38.86,54.39,43.1,80,2,,
2025-07-25T08:46:09.181+0200,1471,1382,16.268,4785.657,47.23,37.63,42.15,59.21,,0.12,129.59,1.59,2.60,206,91,26,,,60,,,,,,0,2025-07-25T08:46:08.000+0200,1391,1343,14.664,48.1369900,-2.0033033,43.94,34.23,38.87,54.39,42.8,82,2,,
2025-07-25T08:46:09.202+0200,1471,1382,16.268,4785.657,47.23,37.63,42.15,59.21,,0.12,129.59,1.59,2.60,206,91,26,,,60,,,,,,0,2025-07-25T08:46:08.000+0200,1391,1343,14.664,48.1369900,-2.0033033,43.94,34.23,38.87,54.39,42.8,82,2,,
2025-07-25T08:46:09.801+0200,1472,1383,16.277,4785.665,46.04,37.64,42.15,59.21,,-0.45,129.59,12.90,21.50,1672,91,26,,,61,,,,,,0,2025-07-25T08:46:09.000+0200,1391,1343,14.676,48.1370067,-2.0031433,42.37,34.24,38.87,54.39,42.7,79,2,,
2025-07-25T08:46:09.822+0200,1472,1383,16.277,4785.665,46.04,37.64,42.15,59.21,,-0.45,129.59,12.90,21.50,1672,91,26,,,61,,,,,,0,2025-07-25T08:46:09.000+0200,1391,1343,14.676,48.1370067,-2.0031433,42.37,34.24,38.87,54.39,42.7,79,2,,
2025-07-25T08:46:10.426+0200,1473,1383,16.285,4785.673,47.48,37.64,42.15,59.21,,1.02,129.39,8.05,13.10,1042,91,26,,,60,,,,,,0,2025-07-25T08:46:09.000+0200,1392,1344,14.676,48.1370067,-2.0031433,42.37,34.24,38.87,54.39,42.7,79,2,,
2025-07-25T08:46:10.440+0200,1473,1383,16.285,4785.673,47.48,37.64,42.15,59.21,,1.02,129.39,8.05,13.10,1042,91,26,,,60,,,,,,0,2025-07-25T08:46:09.000+0200,1392,1344,14.676,48.1370067,-2.0031433,42.37,34.24,38.87,54.39,42.7,79,2,,
2025-07-25T08:46:11.041+0200,1473,1384,16.293,4785.681,47.19,37.64,42.15,59.21,,0.00,129.30,4.16,6.80,538,92,26,,,60,,,,,,0,2025-07-25T08:46:10.000+0200,1393,1345,14.688,48.1370300,-2.0029833,42.41,34.24,38.87,54.39,42.3,77,2,,
2025-07-25T08:46:11.066+0200,1473,1384,16.293,4785.681,47.19,37.64,42.15,59.21,,0.00,129.30,4.16,6.80,538,92,26,,,60,,,,,,0,2025-07-25T08:46:10.000+0200,1393,1345,14.688,48.1370300,-2.0029833,42.41,34.24,38.87,54.39,42.3,77,2,,
2025-07-25T08:46:11.663+0200,1474,1385,16.301,4785.689,47.19,37.65,42.16,59.21,,0.00,129.39,2.99,4.90,387,92,26,,,60,,,,,,0,2025-07-25T08:46:11.000+0200,1393,1345,14.700,48.1370500,-2.0028267,43.02,34.25,38.88,54.39,41.9,80,2,,
2025-07-25T08:46:11.686+0200,1474,1385,16.301,4785.689,47.19,37.65,42.16,59.21,,0.00,129.39,2.99,4.90,387,92,26,,,60,,,,,,0,2025-07-25T08:46:11.000+0200,1393,1345,14.700,48.1370500,-2.0028267,43.02,34.25,38.88,54.39,41.9,80,2,,
2025-07-25T08:46:12.302+0200,1474,1385,16.309,4785.697,46.33,37.65,42.16,59.21,,-4.66,129.39,7.48,12.40,968,92,26,,,61,,,,,,0,2025-07-25T08:46:11.000+0200,1394,1346,14.700,48.1370500,-2.0028267,43.02,34.25,38.88,54.39,41.9,80,2,,
2025-07-25T08:46:12.327+0200,1474,1385,16.309,4785.697,46.33,37.65,42.16,59.21,,-4.66,129.39,7.48,12.40,968,92,26,,,61,,,,,,0,2025-07-25T08:46:11.000+0200,1394,1346,14.700,48.1370500,-2.0028267,43.02,34.25,38.88,54.39,41.9,80,2,,
2025-07-25T08:46:12.918+0200,1475,1386,16.318,4785.706,46.76,37.66,42.16,59.21,,-1.32,129.50,7.04,11.60,912,92,26,,,60,,,,,,0,2025-07-25T08:46:12.000+0200,1394,1346,14.712,48.1370700,-2.0026667,43.73,34.25,38.88,54.39,41.4,80,2,,
2025-07-25T08:46:12.934+0200,1475,1386,16.318,4785.706,46.76,37.66,42.16,59.21,,-1.32,129.50,7.04,11.60,912,92,26,,,60,,,,,,0,2025-07-25T08:46:12.000+0200,1394,1346,14.712,48.1370700,-2.0026667,43.73,34.25,38.88,54.39,41.4,80,2,,
2025-07-25T08:46:13.559+0200,1476,1386,16.326,4785.714,47.19,37.66,42.16,59.21,,-2.44,129.50,0.00,0.00,0,92,26,,,60,,,,,,0,2025-07-25T08:46:12.000+0200,1395,1347,14.712,48.1370700,-2.0026667,43.73,34.25,38.88,54.39,41.4,80,2,,
2025-07-25T08:46:13.582+0200,1476,1386,16.326,4785.714,47.19,37.66,42.16,59.21,,-2.44,129.50,0.00,0.00,0,92,26,,,60,,,,,,0,2025-07-25T08:46:12.000+0200,1395,1347,14.712,48.1370700,-2.0026667,43.73,34.25,38.88,54.39,41.4,80,2,,
2025-07-25T08:46:14.162+0200,1476,1387,16.334,4785.722,48.34,37.66,42.17,59.21,,3.59,129.50,6.42,10.30,831,92,26,,,59,,,,,,0,2025-07-25T08:46:13.000+0200,1396,1348,14.724,48.1370900,-2.0025083,42.97,34.26,38.88,54.39,40.7,79,2,,
2025-07-25T08:46:14.187+0200,1476,1387,16.334,4785.722,48.34,37.66,42.17,59.21,,3.59,129.50,6.42,10.30,831,92,26,,,59,,,,,,0,2025-07-25T08:46:13.000+0200,1396,1348,14.724,48.1370900,-2.0025083,42.97,34.26,38.88,54.39,40.7,79,2,,
2025-07-25T08:46:14.789+0200,1477,1388,16.342,4785.730,48.38,37.67,42.17,59.21,,1.37,129.59,-4.74,-15.20,-614,92,26,,,59,,,,,,0,2025-07-25T08:46:14.000+0200,1396,1348,14.736,48.1371117,-2.0023517,41.93,34.26,38.88,54.39,40.0,78,2,,
2025-07-25T08:46:14.811+0200,1477,1388,16.342,4785.730,48.38,37.67,42.17,59.21,,1.37,129.59,-4.74,-15.20,-614,92,26,,,59,,,,,,0,2025-07-25T08:46:14.000+0200,1396,1348,14.736,48.1371117,-2.0023517,41.93,34.26,38.88,54.39,40.0,78,2,,
2025-07-25T08:46:15.423+0200,1478,1388,16.350,4785.738,43.23,37.67,42.17,59.21,,-10.21,130.20,-8.87,-31.00,-1155,92,26,,,63,,,,,,0,2025-07-25T08:46:14.000+0200,1397,1349,14.736,48.1371117,-2.0023517,41.93,34.26,38.88,54.39,40.0,78,2,,
2025-07-25T08:46:15.446+0200,1478,1388,16.350,4785.738,43.23,37.67,42.17,59.21,,-10.21,130.20,-8.87,-31.00,-1155,92,26,,,63,,,,,,0,2025-07-25T08:46:14.000+0200,1397,1349,14.736,48.1371117,-2.0023517,41.93,34.26,38.88,54.39,40.0,78,2,,
2025-07-25T08:46:16.042+0200,1478,1389,16.358,4785.746,40.93,37.67,42.17,59.21,,-4.19,130.59,-5.98,-21.80,-781,92,26,,,65,,,,,,0,2025-07-25T08:46:15.000+0200,1398,1350,14.747,48.1371350,-2.0022083,38.57,34.27,38.88,54.39,38.8,77,2,,
2025-07-25T08:46:16.066+0200,1478,1389,16.358,4785.746,40.93,37.67,42.17,59.21,,-4.19,130.59,-5.98,-21.80,-781,92,26,,,65,,,,,,0,2025-07-25T08:46:15.000+0200,1398,1350,14.747,48.1371350,-2.0022083,38.57,34.27,38.88,54.39,38.8,77,2,,
2025-07-25T08:46:16.662+0200,1479,1390,16.365,4785.753,38.77,37.67,42.17,59.21,,-2.64,130.70,-4.19,-15.90,-548,92,26,,,67,,,,,,0,2025-07-25T08:46:16.000+0200,1398,1350,14.758,48.1371550,-2.0020733,37.88,34.27,38.88,54.39,38.0,79,2,,
2025-07-25T08:46:16.679+0200,1479,1390,16.365,4785.753,38.77,37.67,42.17,59.21,,-2.64,130.70,-4.19,-15.90,-548,92,26,,,67,,,,,,0,2025-07-25T08:46:16.000+0200,1398,1350,14.758,48.1371550,-2.0020733,37.88,34.27,38.88,54.39,38.0,79,2,,
2025-07-25T08:46:17.279+0200,1479,1390,16.372,4785.760,37.94,37.67,42.17,59.21,,-1.56,130.59,-1.63,-6.30,-213,92,26,,,68,,,,,,0,2025-07-25T08:46:16.000+0200,1399,1351,14.758,48.1371550,-2.0020733,37.88,34.27,38.88,54.39,38.0,79,2,,
2025-07-25T08:46:17.300+0200,1479,1390,16.372,4785.760,37.94,37.67,42.17,59.21,,-1.56,130.59,-1.63,-6.30,-213,92,26,,,68,,,,,,0,2025-07-25T08:46:16.000+0200,1399,1351,14.758,48.1371550,-2.0020733,37.88,34.27,38.88,54.39,38.0,79,2,,
2025-07-25T08:46:17.904+0200,1480,1391,16.379,4785.766,37.18,37.67,42.16,59.21,,-1.03,130.59,-0.51,-2.00,-67,92,26,,,69,,,,,,0,2025-07-25T08:46:17.000+0200,1399,1351,14.767,48.1371733,-2.0019450,34.61,34.27,38.88,54.39,37.4,80,2,,
2025-07-25T08:46:17.928+0200,1480,1391,16.379,4785.766,37.18,37.67,42.16,59.21,,-1.03,130.59,-0.51,-2.00,-67,92,26,,,69,,,,,,0,2025-07-25T08:46:17.000+0200,1399,1351,14.767,48.1371733,-2.0019450,34.61,34.27,38.88,54.39,37.4,80,2,,
2025-07-25T08:46:18.524+0200,1481,1391,16.386,4785.773,37.83,37.67,42.16,59.21,,-0.79,130.30,4.19,8.09,546,92,26,,,68,,,,,,0,2025-07-25T08:46:17.000+0200,1400,1352,14.767,48.1371733,-2.0019450,34.61,34.27,38.88,54.39,37.4,80,2,,
2025-07-25T08:46:18.550+0200,1481,1391,16.386,4785.773,37.83,37.67,42.16,59.21,,-0.79,130.30,4.19,8.09,546,92,26,,,68,,,,,,0,2025-07-25T08:46:17.000+0200,1400,1352,14.767,48.1371733,-2.0019450,34.61,34.27,38.88,54.39,37.4,80,2,,
2025-07-25T08:46:19.139+0200,1481,1392,16.392,4785.779,36.93,37.67,42.16,59.21,,-4.81,130.30,-2.39,-9.39,-311,92,26,,,69,,,,,,0,2025-07-25T08:46:18.000+0200,1401,1353,14.776,48.1371867,-2.0018250,33.33,34.27,38.88,54.39,36.8,81,2,,
2025-07-25T08:46:19.163+0200,1481,1392,16.392,4785.779,36.93,37.67,42.16,59.21,,-4.81,130.30,-2.39,-9.39,-311,92,26,,,69,,,,,,0,2025-07-25T08:46:18.000+0200,1401,1353,14.776,48.1371867,-2.0018250,33.33,34.27,38.88,54.39,36.8,81,2,,
2025-07-25T08:46:19.761+0200,1482,1393,16.399,4785.786,35.85,37.67,42.16,59.21,,-1.35,130.30,3.93,7.89,512,92,26,,,70,,,,,,0,2025-07-25T08:46:19.000+0200,1401,1353,14.785,48.1371983,-2.0017067,33.32,34.27,38.87,54.39,36.1,83,2,,
2025-07-25T08:46:19.782+0200,1482,1393,16.399,4785.786,35.85,37.67,42.16,59.21,,-1.35,130.30,3.93,7.89,512,92,26,,,70,,,,,,0,2025-07-25T08:46:19.000+0200,1401,1353,14.785,48.1371983,-2.0017067,33.32,34.27,38.87,54.39,36.1,83,2,,
2025-07-25T08:46:20.398+0200,1483,1393,16.405,4785.792,36.86,37.67,42.15,59.21,,1.44,130.09,9.10,17.90,1184,92,26,,,69,,,,,,0,2025-07-25T08:46:19.000+0200,1402,1354,14.785,48.1371983,-2.0017067,33.32,34.27,38.87,54.39,36.1,83,2,,
2025-07-25T08:46:20.422+0200,1483,1393,16.405,4785.792,36.86,37.67,42.15,59.21,,1.44,130.09,9.10,17.90,1184,92,26,,,69,,,,,,0,2025-07-25T08:46:19.000+0200,1402,1354,14.785,48.1371983,-2.0017067,33.32,34.27,38.87,54.39,36.1,83,2,,
2025-07-25T08:46:21.021+0200,1483,1394,16.411,4785.798,36.93,37.67,42.15,59.21,,0.12,129.89,6.46,12.70,839,92,26,,,69,,,,,,0,2025-07-25T08:46:20.000+0200,1402,1354,14.795,48.1372117,-2.0015850,33.95,34.27,38.87,54.39,36.0,78,2,,
2025-07-25T08:46:21.040+0200,1483,1394,16.411,4785.798,36.93,37.67,42.15,59.21,,0.12,129.89,6.46,12.70,839,92,26,,,69,,,,,,0,2025-07-25T08:46:20.000+0200,1403,1355,14.795,48.1372117,-2.0015850,33.95,34.27,38.87,54.39,36.0,78,2,,
2025-07-25T08:46:21.642+0200,1484,1395,16.417,4785.805,37.04,37.67,42.15,59.21,,0.24,129.89,7.75,15.20,1007,92,26,,,69,,,,,,0,2025-07-25T08:46:20.000+0200,1403,1355,14.795,48.1372117,-2.0015850,33.95,34.27,38.87,54.39,36.0,78,2,,
2025-07-25T08:46:21.664+0200,1484,1395,16.417,4785.805,37.04,37.67,42.15,59.21,,0.24,129.89,7.75,15.20,1007,92,26,,,69,,,,,,0,2025-07-25T08:46:21.000+0200,1403,1355,14.804,48.1372267,-2.0014583,33.13,34.27,38.86,54.39,35.6,78,2,,
2025-07-25T08:46:22.260+0200,1484,1395,16.424,4785.811,38.55,37.67,42.15,59.21,,3.48,129.70,5.99,11.40,777,92,26,,,67,,,,,,0,2025-07-25T08:46:21.000+0200,1404,1356,14.804,48.1372267,-2.0014583,33.13,34.27,38.86,54.39,35.6,78,2,,
2025-07-25T08:46:22.283+0200,1484,1395,16.424,4785.811,38.55,37.67,42.15,59.21,,3.48,129.70,5.99,11.40,777,92,26,,,67,,,,,,0,2025-07-25T08:46:21.000+0200,1404,1356,14.804,48.1372267,-2.0014583,33.13,34.27,38.86,54.39,35.6,78,2,,
2025-07-25T08:46:22.883+0200,1485,1396,16.430,4785.818,40.21,37.67,42.15,59.21,,6.12,129.59,12.25,22.60,1587,92,26,,,66,,,,,,0,2025-07-25T08:46:22.000+0200,1404,1356,14.813,48.1372433,-2.0013367,35.35,34.27,38.86,54.39,35.3,77,2,,
2025-07-25T08:46:22.907+0200,1485,1396,16.430,4785.818,40.21,37.67,42.15,59.21,,6.12,129.59,12.25,22.60,1587,92,26,,,66,,,,,,0,2025-07-25T08:46:22.000+0200,1404,1356,14.813,48.1372433,-2.0013367,35.35,34.27,38.86,54.39,35.3,77,2,,
2025-07-25T08:46:23.506+0200,1486,1396,16.437,4785.825,39.92,37.67,42.15,59.21,,2.40,129.39,10.13,18.79,1311,93,26,,,66,,,,,,0,2025-07-25T08:46:22.000+0200,1405,1357,14.813,48.1372433,-2.0013367,35.35,34.27,38.86,54.39,35.3,77,2,,
2025-07-25T08:46:23.530+0200,1486,1396,16.437,4785.825,39.92,37.67,42.15,59.21,,2.40,129.39,10.13,18.79,1311,93,26,,,66,,,,,,0,2025-07-25T08:46:22.000+0200,1405,1357,14.813,48.1372433,-2.0013367,35.35,34.27,38.86,54.39,35.3,77,2,,
2025-07-25T08:46:24.122+0200,1486,1397,16.444,4785.832,41.00,37.67,42.14,59.21,,0.79,129.30,15.12,27.50,1955,93,26,,,65,,,,,,0,2025-07-25T08:46:23.000+0200,1406,1358,14.824,48.1372617,-2.0012017,37.34,34.27,38.86,54.39,34.9,77,2,,
2025-07-25T08:46:24.145+0200,1486,1397,16.444,4785.832,41.00,37.67,42.14,59.21,,0.79,129.30,15.12,27.50,1955,93,26,,,65,,,,,,0,2025-07-25T08:46:23.000+0200,1406,1358,14.824,48.1372617,-2.0012017,37.34,34.27,38.86,54.39,34.9,77,2,,
2025-07-25T08:46:24.762+0200,1487,1398,16.451,4785.839,41.36,37.68,42.14,59.21,,0.48,129.30,7.91,14.29,1023,93,26,,,65,,,,,,0,2025-07-25T08:46:24.000+0200,1406,1358,14.834,48.1372817,-2.0010667,39.53,34.27,38.86,54.39,34.3,81,2,,
2025-07-25T08:46:24.785+0200,1487,1398,16.451,4785.839,41.36,37.68,42.14,59.21,,0.48,129.30,7.91,14.29,1023,93,26,,,65,,,,,,0,2025-07-25T08:46:24.000+0200,1406,1358,14.834,48.1372817,-2.0010667,39.53,34.27,38.86,54.39,34.3,81,2,,
2025-07-25T08:46:25.380+0200,1487,1398,16.458,4785.846,41.54,37.68,42.14,59.21,,-0.72,129.30,9.49,17.10,1227,93,26,,,65,,,,,,0,2025-07-25T08:46:24.000+0200,1407,1359,14.834,48.1372817,-2.0010667,39.53,34.27,38.86,54.39,34.3,81,2,,
2025-07-25T08:46:25.402+0200,1487,1398,16.458,4785.846,41.54,37.68,42.14,59.21,,-0.72,129.30,9.49,17.10,1227,93,26,,,65,,,,,,0,2025-07-25T08:46:24.000+0200,1407,1359,14.834,48.1372817,-2.0010667,39.53,34.27,38.86,54.39,34.3,81,2,,
2025-07-25T08:46:25.982+0200,1488,1399,16.466,4785.853,42.48,37.68,42.14,59.21,,-0.90,129.30,5.08,9.00,657,93,26,,,64,,,,,,0,2025-07-25T08:46:25.000+0200,1407,1359,14.845,48.1373000,-2.0009267,37.37,34.28,38.86,54.39,33.6,77,2,,
2025-07-25T08:46:26.006+0200,1488,1399,16.466,4785.853,42.48,37.68,42.14,59.21,,-0.90,129.30,5.08,9.00,657,93,26,,,64,,,,,,0,2025-07-25T08:46:25.000+0200,1407,1359,14.845,48.1373000,-2.0009267,37.37,34.28,38.86,54.39,33.6,77,2,,
2025-07-25T08:46:26.602+0200,1489,1399,16.473,4785.861,43.05,37.68,42.14,59.21,,2.80,129.09,24.02,42.10,3101,93,26,,,63,,,,,,0,2025-07-25T08:46:25.000+0200,1408,1360,14.845,48.1373000,-2.0009267,37.37,34.28,38.86,54.39,33.6,77,2,,
2025-07-25T08:46:26.623+0200,1489,1399,16.473,4785.861,43.05,37.68,42.14,59.21,,2.80,129.09,24.02,42.10,3101,93,26,,,63,,,,,,0,2025-07-25T08:46:25.000+0200,1408,1360,14.845,48.1373000,-2.0009267,37.37,34.28,38.86,54.39,33.6,77,2,,
2025-07-25T08:46:27.219+0200,1489,1400,16.480,4785.868,45.17,37.68,42.15,59.21,,1.12,128.50,29.29,49.50,3764,93,26,,,61,,,,,,0,2025-07-25T08:46:26.000+0200,1409,1361,14.855,48.1373217,-2.0007850,40.07,34.28,38.86,54.39,32.7,79,2,,
2025-07-25T08:46:27.244+0200,1489,1400,16.480,4785.868,45.17,37.68,42.15,59.21,,1.12,128.50,29.29,49.50,3764,93,26,,,61,,,,,,0,2025-07-25T08:46:26.000+0200,1409,1361,14.855,48.1373217,-2.0007850,40.07,34.28,38.86,54.39,32.7,79,2,,
2025-07-25T08:46:27.865+0200,1490,1401,16.488,4785.876,49.17,37.69,42.15,59.21,,6.72,128.00,27.67,43.80,3542,92,26,,,58,,,,,,0,2025-07-25T08:46:27.000+0200,1409,1361,14.867,48.1373417,-2.0006333,44.29,34.29,38.87,54.39,32.4,78,2,,
2025-07-25T08:46:27.890+0200,1490,1401,16.488,4785.876,49.17,37.69,42.15,59.21,,6.72,128.00,27.67,43.80,3542,92,26,,,58,,,,,,0,2025-07-25T08:46:27.000+0200,1409,1361,14.867,48.1373417,-2.0006333,44.29,34.29,38.87,54.39,32.4,78,2,,
2025-07-25T08:46:28.457+0200,1491,1401,16.496,4785.885,51.26,37.69,42.15,59.21,,1.38,127.60,33.93,52.00,4329,92,26,,,56,,,,,,0,2025-07-25T08:46:27.000+0200,1410,1362,14.867,48.1373417,-2.0006333,44.29,34.29,38.87,54.39,32.4,78,2,,
2025-07-25T08:46:28.482+0200,1491,1401,16.496,4785.885,51.26,37.69,42.15,59.21,,1.38,127.60,33.93,52.00,4329,92,26,,,56,,,,,,0,2025-07-25T08:46:27.000+0200,1410,1362,14.867,48.1373417,-2.0006333,44.29,34.29,38.87,54.39,32.4,78,2,,
2025-07-25T08:46:29.103+0200,1491,1402,16.505,4785.894,53.31,37.70,42.16,59.21,,1.24,127.30,21.40,31.80,2724,92,26,,,54,,,,,,0,2025-07-25T08:46:28.000+0200,1411,1363,14.879,48.1373650,-2.0004683,44.62,34.29,38.87,54.39,32.4,78,2,,
2025-07-25T08:46:29.126+0200,1491,1402,16.505,4785.894,53.31,37.70,42.16,59.21,,1.24,127.30,21.40,31.80,2724,92,26,,,54,,,,,,0,2025-07-25T08:46:28.000+0200,1411,1363,14.879,48.1373650,-2.0004683,44.62,34.29,38.87,54.39,32.4,78,2,,
2025-07-25T08:46:29.721+0200,1492,1403,16.514,4785.903,53.49,37.71,42.16,59.21,,0.56,127.39,21.73,32.20,2768,92,26,,,54,,,,,,0,2025-07-25T08:46:29.000+0200,1411,1363,14.892,48.1373883,-2.0003033,42.73,34.30,38.87,54.39,32.4,77,2,,
2025-07-25T08:46:29.741+0200,1492,1403,16.514,4785.903,53.49,37.71,42.16,59.21,,0.56,127.39,21.73,32.20,2768,92,26,,,54,,,,,,0,2025-07-25T08:46:29.000+0200,1411,1363,14.892,48.1373883,-2.0003033,42.73,34.30,38.87,54.39,32.4,77,2,,
2025-07-25T08:46:30.344+0200,1492,1403,16.524,4785.912,53.35,37.71,42.17,59.21,,-0.67,127.60,13.53,20.10,1726,92,26,,,54,,,,,,0,2025-07-25T08:46:29.000+0200,1412,1364,14.892,48.1373883,-2.0003033,42.73,34.30,38.87,54.39,32.4,77,2,,
2025-07-25T08:46:30.367+0200,1492,1403,16.524,4785.912,53.35,37.71,42.17,59.21,,-0.67,127.60,13.53,20.10,1726,92,26,,,54,,,,,,0,2025-07-25T08:46:29.000+0200,1412,1364,14.892,48.1373883,-2.0003033,42.73,34.30,38.87,54.39,32.4,77,2,,
2025-07-25T08:46:30.962+0200,1493,1404,16.533,4785.922,53.35,37.72,42.17,59.21,,0.11,127.70,13.80,20.50,1762,92,26,,,54,,,,,,0,2025-07-25T08:46:30.000+0200,1412,1364,14.905,48.1374150,-2.0001283,44.20,34.30,38.88,54.39,32.7,78,2,,
2025-07-25T08:46:30.984+0200,1493,1404,16.533,4785.922,53.35,37.72,42.17,59.21,,0.11,127.70,13.80,20.50,1762,92,26,,,54,,,,,,0,2025-07-25T08:46:30.000+0200,1412,1364,14.905,48.1374150,-2.0001283,44.20,34.30,38.88,54.39,32.7,78,2,,
2025-07-25T08:46:31.617+0200,1494,1404,16.542,4785.931,53.85,37.72,42.18,59.21,,-1.68,127.70,15.40,22.70,1967,92,26,,,54,,,,,,0,2025-07-25T08:46:30.000+0200,1413,1365,14.905,48.1374150,-2.0001283,44.20,34.30,38.88,54.39,32.7,78,2,,
2025-07-25T08:46:31.641+0200,1494,1405,16.542,4785.931,53.85,37.72,42.18,59.21,,-1.68,127.70,15.40,22.70,1967,92,26,,,54,,,,,,0,2025-07-25T08:46:30.000+0200,1413,1365,14.905,48.1374150,-2.0001283,44.20,34.30,38.88,54.39,32.7,78,2,,
2025-07-25T08:46:32.201+0200,1494,1405,16.552,4785.940,53.71,37.73,42.18,59.21,,0.85,127.80,10.29,15.20,1315,92,26,,,54,,,,,,0,2025-07-25T08:46:31.000+0200,1414,1366,14.919,48.1374417,-1.9999517,45.51,34.31,38.88,54.39,33.0,77,2,,
2025-07-25T08:46:32.224+0200,1494,1405,16.552,4785.940,53.71,37.73,42.18,59.21,,0.85,127.80,10.29,15.20,1315,92,26,,,54,,,,,,0,2025-07-25T08:46:31.000+0200,1414,1366,14.919,48.1374417,-1.9999517,45.51,34.31,38.88,54.39,33.0,77,2,,
2025-07-25T08:46:32.840+0200,1495,1406,16.561,4785.950,53.53,37.74,42.19,59.21,,0.56,128.09,17.15,25.40,2197,92,26,,,54,,,,,,0,2025-07-25T08:46:32.000+0200,1414,1366,14.933,48.1374667,-1.9997683,48.97,34.32,38.89,54.39,33.2,80,2,,
2025-07-25T08:46:32.862+0200,1495,1406,16.561,4785.950,53.53,37.74,42.19,59.21,,0.56,128.09,17.15,25.40,2197,92,26,,,54,,,,,,0,2025-07-25T08:46:32.000+0200,1414,1366,14.933,48.1374667,-1.9997683,48.97,34.32,38.89,54.39,33.2,80,2,,
2025-07-25T08:46:33.460+0200,1496,1406,16.570,4785.959,51.98,37.74,42.19,59.21,,-1.56,128.20,8.57,13.00,1099,92,26,,,55,,,,,,0,2025-07-25T08:46:32.000+0200,1415,1367,14.933,48.1374667,-1.9997683,48.97,34.32,38.89,54.39,33.2,80,2,,
2025-07-25T08:46:33.481+0200,1496,1406,16.570,4785.959,51.98,37.74,42.19,59.21,,-1.56,128.20,8.57,13.00,1099,92,26,,,55,,,,,,0,2025-07-25T08:46:32.000+0200,1415,1367,14.933,48.1374667,-1.9997683,48.97,34.32,38.89,54.39,33.2,80,2,,
2025-07-25T08:46:34.079+0200,1496,1407,16.580,4785.968,53.20,37.75,42.20,59.21,,0.00,128.30,10.21,15.20,1310,92,26,,,54,,,,,,0,2025-07-25T08:46:33.000+0200,1416,1368,14.946,48.1374917,-1.9995883,49.38,34.33,38.90,54.39,33.4,79,2,,
2025-07-25T08:46:34.100+0200,1496,1407,16.580,4785.968,53.20,37.75,42.20,59.21,,0.00,128.30,10.21,15.20,1310,92,26,,,54,,,,,,0,2025-07-25T08:46:33.000+0200,1416,1368,14.946,48.1374917,-1.9995883,49.38,34.33,38.90,54.39,33.4,79,2,,
2025-07-25T08:46:34.700+0200,1497,1408,16.589,4785.977,51.83,37.75,42.20,59.21,,-2.37,128.39,5.92,9.00,760,92,26,,,56,,,,,,0,2025-07-25T08:46:34.000+0200,1416,1368,14.960,48.1375150,-1.9994117,46.76,34.34,38.90,54.39,33.8,79,2,,
2025-07-25T08:46:34.721+0200,1497,1408,16.589,4785.977,51.83,37.75,42.20,59.21,,-2.37,128.39,5.92,9.00,760,92,26,,,56,,,,,,0,2025-07-25T08:46:34.000+0200,1416,1368,14.960,48.1375150,-1.9994117,46.76,34.34,38.90,54.39,33.8,79,2,,
2025-07-25T08:46:35.319+0200,1497,1408,16.598,4785.986,51.80,37.76,42.21,59.21,,0.56,128.50,11.97,18.19,1538,92,26,,,56,,,,,,0,2025-07-25T08:46:34.000+0200,1417,1369,14.960,48.1375150,-1.9994117,46.76,34.34,38.90,54.39,33.8,79,2,,
2025-07-25T08:46:35.341+0200,1497,1408,16.598,4785.986,51.80,37.76,42.21,59.21,,0.56,128.50,11.97,18.19,1538,92,26,,,56,,,,,,0,2025-07-25T08:46:34.000+0200,1417,1369,14.960,48.1375150,-1.9994117,46.76,34.34,38.90,54.39,33.8,79,2,,
2025-07-25T08:46:35.938+0200,1498,1409,16.607,4785.995,51.48,37.77,42.21,59.21,,-1.23,128.50,17.28,26.40,2220,92,26,,,56,,,,,,0,2025-07-25T08:46:35.000+0200,1417,1369,14.973,48.1375383,-1.9992417,46.32,34.35,38.91,54.39,34.0,78,2,,
2025-07-25T08:46:35.961+0200,1498,1409,16.607,4785.995,51.48,37.77,42.21,59.21,,-1.23,128.50,17.28,26.40,2220,92,26,,,56,,,,,,0,2025-07-25T08:46:35.000+0200,1417,1369,14.973,48.1375383,-1.9992417,46.32,34.35,38.91,54.39,34.0,78,2,,
2025-07-25T08:46:36.560+0200,1499,1409,16.616,4786.004,51.30,37.77,42.21,59.21,,-1.23,128.50,13.90,21.30,1786,92,26,,,56,,,,,,0,2025-07-25T08:46:35.000+0200,1418,1370,14.973,48.1375383,-1.9992417,46.32,34.35,38.91,54.39,34.0,78,2,,
2025-07-25T08:46:36.578+0200,1499,1409,16.616,4786.004,51.30,37.77,42.21,59.21,,-1.23,128.50,13.90,21.30,1786,92,26,,,56,,,,,,0,2025-07-25T08:46:35.000+0200,1418,1370,14.973,48.1375383,-1.9992417,46.32,34.35,38.91,54.39,34.0,78,2,,
2025-07-25T08:46:37.182+0200,1499,1410,16.625,4786.013,50.14,37.78,42.22,59.21,,-3.60,128.59,8.85,13.79,1138,92,26,,,57,,,,,,0,2025-07-25T08:46:36.000+0200,1419,1371,14.986,48.1375650,-1.9990700,45.16,34.35,38.91,54.39,34.7,77,2,,
2025-07-25T08:46:37.206+0200,1499,1410,16.625,4786.013,50.14,37.78,42.22,59.21,,-3.60,128.59,8.85,13.79,1138,92,26,,,57,,,,,,0,2025-07-25T08:46:36.000+0200,1419,1371,14.986,48.1375650,-1.9990700,45.16,34.35,38.91,54.39,34.7,77,2,,
2025-07-25T08:46:37.823+0200,1500,1411,16.634,4786.022,49.46,37.78,42.22,59.21,,-4.43,128.70,11.16,17.60,1436,92,26,,,58,,,,,,0,2025-07-25T08:46:37.000+0200,1419,1371,15.000,48.1375867,-1.9988883,55.47,34.37,38.92,54.39,34.6,82,2,,
2025-07-25T08:46:37.846+0200,1500,1411,16.634,4786.022,49.46,37.78,42.22,59.21,,-4.43,128.70,11.16,17.60,1436,92,26,,,58,,,,,,0,2025-07-25T08:46:37.000+0200,1419,1371,15.000,48.1375867,-1.9988883,55.47,34.37,38.92,54.39,34.6,82,2,,
2025-07-25T08:46:38.495+0200,1501,1411,16.642,4786.031,50.54,37.79,42.22,59.21,,-0.24,128.70,10.19,15.79,1311,92,26,,,57,,,,,,0,2025-07-25T08:46:37.000+0200,1420,1372,15.000,48.1375867,-1.9988883,55.47,34.37,38.92,54.39,34.6,82,2,,
2025-07-25T08:46:38.515+0200,1501,1411,16.642,4786.031,50.54,37.79,42.22,59.21,,-0.24,128.70,10.19,15.79,1311,92,26,,,57,,,,,,0,2025-07-25T08:46:37.000+0200,1420,1372,15.000,48.1375867,-1.9988883,55.47,34.37,38.92,54.39,34.6,82,2,,
2025-07-25T08:46:39.067+0200,1501,1412,16.651,4786.039,49.42,37.79,42.23,59.21,,-0.48,128.70,13.25,20.90,1705,92,26,,,58,,,,,,0,2025-07-25T08:46:38.000+0200,1421,1373,15.013,48.1376083,-1.9987050,51.65,34.38,38.93,54.39,34.4,79,2,,
2025-07-25T08:46:39.094+0200,1501,1412,16.651,4786.039,49.42,37.79,42.23,59.21,,-0.48,128.70,13.25,20.90,1705,92,26,,,58,,,,,,0,2025-07-25T08:46:38.000+0200,1421,1373,15.013,48.1376083,-1.9987050,51.65,34.38,38.93,54.39,34.4,79,2,,
2025-07-25T08:46:39.678+0200,1502,1413,16.660,4786.048,48.27,37.80,42.23,59.21,,-4.78,128.80,8.34,13.40,1074,92,26,,,59,,,,,,0,2025-07-25T08:46:39.000+0200,1421,1373,15.026,48.1376333,-1.9985383,45.21,34.39,38.94,54.39,34.7,79,2,,
2025-07-25T08:46:39.699+0200,1502,1413,16.660,4786.048,48.27,37.80,42.23,59.21,,-4.78,128.80,8.34,13.40,1074,92,26,,,59,,,,,,0,2025-07-25T08:46:39.000+0200,1421,1373,15.026,48.1376333,-1.9985383,45.21,34.39,38.94,54.39,34.7,79,2,,
2025-07-25T08:46:40.318+0200,1502,1413,16.668,4786.057,49.21,37.80,42.23,59.21,,0.00,128.80,10.36,16.40,1334,92,26,,,58,,,,,,0,2025-07-25T08:46:39.000+0200,1422,1374,15.026,48.1376333,-1.9985383,45.21,34.39,38.94,54.39,34.7,79,2,,
2025-07-25T08:46:40.339+0200,1502,1413,16.668,4786.057,49.21,37.80,42.23,59.21,,0.00,128.80,10.36,16.40,1334,92,26,,,58,,,,,,0,2025-07-25T08:46:39.000+0200,1422,1374,15.026,48.1376333,-1.9985383,45.21,34.39,38.94,54.39,34.7,79,2,,
2025-07-25T08:46:40.947+0200,1503,1414,16.677,4786.065,49.21,37.80,42.24,59.21,,0.00,128.80,10.55,16.69,1359,92,26,,,58,,,,,,0,2025-07-25T08:46:40.000+0200,1422,1374,15.038,48.1376567,-1.9983783,45.59,34.39,38.94,54.39,35.3,77,2,,
2025-07-25T08:46:40.965+0200,1503,1414,16.677,4786.065,49.21,37.80,42.24,59.21,,0.00,128.80,10.55,16.69,1359,92,26,,,58,,,,,,0,2025-07-25T08:46:40.000+0200,1422,1374,15.038,48.1376567,-1.9983783,45.59,34.39,38.94,54.39,35.3,77,2,,
2025-07-25T08:46:41.538+0200,1504,1414,16.685,4786.074,50.14,37.81,42.24,59.21,,2.93,128.70,13.98,21.80,1799,92,26,,,57,,,,,,0,2025-07-25T08:46:40.000+0200,1423,1375,15.038,48.1376567,-1.9983783,45.59,34.39,38.94,54.39,35.3,77,2,,
2025-07-25T08:46:41.563+0200,1504,1414,16.685,4786.074,50.14,37.81,42.24,59.21,,2.93,128.70,13.98,21.80,1799,92,26,,,57,,,,,,0,2025-07-25T08:46:40.000+0200,1423,1375,15.038,48.1376567,-1.9983783,45.59,34.39,38.94,54.39,35.3,77,2,,
2025-07-25T08:46:42.177+0200,1504,1415,16.694,4786.082,49.24,37.81,42.24,59.21,,-1.67,128.70,10.81,17.10,1391,92,26,,,58,,,,,,0,2025-07-25T08:46:41.000+0200,1424,1376,15.051,48.1376783,-1.9982167,45.30,34.40,38.95,54.39,35.2,78,2,,
2025-07-25T08:46:42.200+0200,1504,1415,16.694,4786.082,49.24,37.81,42.24,59.21,,-1.67,128.70,10.81,17.10,1391,92,26,,,58,,,,,,0,2025-07-25T08:46:41.000+0200,1424,1376,15.051,48.1376783,-1.9982167,45.30,34.40,38.95,54.39,35.2,78,2,,
2025-07-25T08:46:42.799+0200,1505,1416,16.703,4786.091,49.28,37.82,42.25,59.21,,-1.35,128.70,7.08,11.20,911,92,26,,,58,,,,,,0,2025-07-25T08:46:42.000+0200,1424,1376,15.063,48.1376983,-1.9980533,44.08,34.41,38.95,54.39,35.6,79,2,,
2025-07-25T08:46:42.821+0200,1505,1416,16.703,4786.091,49.28,37.82,42.25,59.21,,-1.35,128.70,7.08,11.20,911,92,26,,,58,,,,,,0,2025-07-25T08:46:42.000+0200,1424,1376,15.063,48.1376983,-1.9980533,44.08,34.41,38.95,54.39,35.6,79,2,,
2025-07-25T08:46:43.423+0200,1506,1416,16.711,4786.100,49.17,37.82,42.25,59.21,,0.00,128.80,14.21,22.50,1830,92,26,,,58,,,,,,0,2025-07-25T08:46:42.000+0200,1425,1377,15.063,48.1376983,-1.9980533,44.08,34.41,38.95,54.39,35.6,79,2,,
2025-07-25T08:46:43.450+0200,1506,1416,16.711,4786.100,49.17,37.82,42.25,59.21,,0.00,128.80,14.21,22.50,1830,92,26,,,58,,,,,,0,2025-07-25T08:46:42.000+0200,1425,1377,15.063,48.1376983,-1.9980533,44.08,34.41,38.95,54.39,35.6,79,2,,
2025-07-25T08:46:44.039+0200,1506,1417,16.720,4786.108,48.99,37.83,42.25,59.21,,-0.36,128.89,10.64,16.90,1371,92,26,,,58,,,,,,0,2025-07-25T08:46:43.000+0200,1426,1378,15.075,48.1377200,-1.9978900,47.63,34.41,38.96,54.39,36.0,80,2,,
2025-07-25T08:46:44.063+0200,1506,1417,16.720,4786.108,48.99,37.83,42.25,59.21,,-0.36,128.89,10.64,16.90,1371,92,26,,,58,,,,,,0,2025-07-25T08:46:43.000+0200,1426,1378,15.075,48.1377200,-1.9978900,47.63,34.41,38.96,54.39,36.0,80,2,,
2025-07-25T08:46:44.657+0200,1507,1418,16.728,4786.116,47.66,37.83,42.26,59.21,,-0.79,128.89,9.37,15.20,1208,92,26,,,59,,,,,,0,2025-07-25T08:46:44.000+0200,1426,1378,15.087,48.1377417,-1.9977300,41.05,34.42,38.96,54.39,36.6,77,2,,
2025-07-25T08:46:44.681+0200,1507,1418,16.728,4786.116,47.66,37.83,42.26,59.21,,-0.79,128.89,9.37,15.20,1208,92,26,,,59,,,,,,0,2025-07-25T08:46:44.000+0200,1426,1378,15.087,48.1377417,-1.9977300,41.05,34.42,38.96,54.39,36.6,77,2,,
2025-07-25T08:46:45.280+0200,1507,1418,16.737,4786.125,47.23,37.83,42.26,59.21,,-2.70,128.89,7.47,12.20,963,92,26,,,60,,,,,,0,2025-07-25T08:46:44.000+0200,1427,1379,15.087,48.1377417,-1.9977300,41.05,34.42,38.96,54.39,36.6,77,2,,
2025-07-25T08:46:45.304+0200,1507,1418,16.737,4786.125,47.23,37.83,42.26,59.21,,-2.70,128.89,7.47,12.20,963,92,26,,,60,,,,,,0,2025-07-25T08:46:44.000+0200,1427,1379,15.087,48.1377417,-1.9977300,41.05,34.42,38.96,54.39,36.6,77,2,,
2025-07-25T08:46:45.903+0200,1508,1419,16.745,4786.133,46.58,37.84,42.26,59.21,,-1.91,129.09,-0.57,-1.90,-74,92,26,,,60,,,,,,0,2025-07-25T08:46:45.000+0200,1427,1379,15.099,48.1377633,-1.9975767,42.87,34.42,38.96,54.39,36.7,78,2,,
2025-07-25T08:46:45.928+0200,1508,1419,16.745,4786.133,46.58,37.84,42.26,59.21,,-1.91,129.09,-0.57,-1.90,-74,92,26,,,60,,,,,,0,2025-07-25T08:46:45.000+0200,1427,1379,15.099,48.1377633,-1.9975767,42.87,34.42,38.96,54.39,36.7,78,2,,
2025-07-25T08:46:46.524+0200,1509,1419,16.753,4786.141,45.32,37.84,42.26,59.21,,-4.73,129.30,2.96,5.00,383,92,26,,,61,,,,,,0,2025-07-25T08:46:45.000+0200,1428,1380,15.099,48.1377633,-1.9975767,42.87,34.42,38.96,54.39,36.7,78,2,,
2025-07-25T08:46:46.548+0200,1509,1419,16.753,4786.141,45.32,37.84,42.26,59.21,,-4.73,129.30,2.96,5.00,383,92,26,,,61,,,,,,0,2025-07-25T08:46:45.000+0200,1428,1380,15.099,48.1377633,-1.9975767,42.87,34.42,38.96,54.39,36.7,78,2,,
2025-07-25T08:46:47.168+0200,1509,1420,16.761,4786.149,45.32,37.84,42.26,59.21,,0.72,129.20,12.75,21.50,1647,92,26,,,61,,,,,,0,2025-07-25T08:46:46.000+0200,1429,1381,15.111,48.1377833,-1.9974267,40.42,34.43,38.96,54.39,36.6,79,2,,
2025-07-25T08:46:47.192+0200,1509,1420,16.761,4786.149,45.32,37.84,42.26,59.21,,0.72,129.20,12.75,21.50,1647,92,26,,,61,,,,,,0,2025-07-25T08:46:46.000+0200,1429,1381,15.111,48.1377833,-1.9974267,40.42,34.43,38.96,54.39,36.6,79,2,,
2025-07-25T08:46:47.779+0200,1510,1421,16.769,4786.157,45.14,37.85,42.26,59.21,,0.00,129.20,1.00,1.70,129,92,26,,,62,,,,,,0,2025-07-25T08:46:47.000+0200,1429,1381,15.122,48.1378033,-1.9972817,40.30,34.43,38.96,54.39,36.3,79,2,,
2025-07-25T08:46:47.804+0200,1510,1421,16.769,4786.157,45.14,37.85,42.26,59.21,,0.00,129.20,1.00,1.70,129,92,26,,,62,,,,,,0,2025-07-25T08:46:47.000+0200,1429,1381,15.122,48.1378033,-1.9972817,40.30,34.43,38.96,54.39,36.3,79,2,,
2025-07-25T08:46:48.410+0200,1511,1421,16.777,4786.165,44.20,37.85,42.26,59.21,,-1.08,129.50,-2.32,-8.00,-300,92,26,,,62,,,,,,0,2025-07-25T08:46:47.000+0200,1430,1382,15.122,48.1378033,-1.9972817,40.30,34.43,38.96,54.39,36.3,79,2,,
2025-07-25T08:46:48.440+0200,1511,1421,16.777,4786.165,44.20,37.85,42.26,59.21,,-1.08,129.50,-2.32,-8.00,-300,92,26,,,62,,,,,,0,2025-07-25T08:46:47.000+0200,1430,1382,15.122,48.1378033,-1.9972817,40.30,34.43,38.96,54.39,36.3,79,2,,
2025-07-25T08:46:49.023+0200,1511,1422,16.785,4786.172,43.09,37.85,42.27,59.21,,0.24,129.39,24.72,43.30,3199,92,26,,,63,,,,,,0,2025-07-25T08:46:48.000+0200,1430,1382,15.133,48.1378233,-1.9971367,39.04,34.43,38.96,54.39,36.0,80,2,,
2025-07-25T08:46:49.047+0200,1511,1422,16.785,4786.172,43.09,37.85,42.27,59.21,,0.24,129.39,24.72,43.30,3199,92,26,,,63,,,,,,0,2025-07-25T08:46:48.000+0200,1431,1383,15.133,48.1378233,-1.9971367,39.04,34.43,38.96,54.39,36.0,80,2,,
2025-07-25T08:46:49.642+0200,1512,1422,16.792,4786.180,45.07,37.85,42.27,59.21,,3.48,129.00,26.75,45.30,3451,92,26,,,62,,,,,,0,2025-07-25T08:46:48.000+0200,1431,1383,15.133,48.1378233,-1.9971367,39.04,34.43,38.96,54.39,36.0,80,2,,
2025-07-25T08:46:49.668+0200,1512,1423,16.792,4786.180,45.07,37.85,42.27,59.21,,3.48,129.00,26.75,45.30,3451,92,26,,,62,,,,,,0,2025-07-25T08:46:49.000+0200,1431,1383,15.143,48.1378483,-1.9969950,41.41,34.44,38.97,54.39,35.5,77,2,,
2025-07-25T08:46:50.262+0200,1512,1423,16.800,4786.188,48.13,37.86,42.27,59.21,,4.28,128.39,23.42,37.70,3007,92,26,,,59,,,,,,0,2025-07-25T08:46:49.000+0200,1432,1384,15.143,48.1378483,-1.9969950,41.41,34.44,38.97,54.39,35.5,77,2,,
2025-07-25T08:46:50.283+0200,1512,1423,16.800,4786.188,48.13,37.86,42.27,59.21,,4.28,128.39,23.42,37.70,3007,92,26,,,59,,,,,,0,2025-07-25T08:46:49.000+0200,1432,1384,15.143,48.1378483,-1.9969950,41.41,34.44,38.97,54.39,35.5,77,2,,
2025-07-25T08:46:50.882+0200,1513,1424,16.808,4786.196,49.21,37.86,42.27,59.21,,3.50,128.09,28.06,44.40,3594,92,26,,,58,,,,,,0,2025-07-25T08:46:50.000+0200,1432,1384,15.155,48.1378733,-1.9968417,45.53,34.45,38.97,54.39,35.1,78,2,,
2025-07-25T08:46:50.905+0200,1513,1424,16.808,4786.196,49.21,37.86,42.27,59.21,,3.50,128.09,28.06,44.40,3594,92,26,,,58,,,,,,0,2025-07-25T08:46:50.000+0200,1432,1384,15.155,48.1378733,-1.9968417,45.53,34.45,38.97,54.39,35.1,78,2,,
2025-07-25T08:46:51.526+0200,1514,1424,16.816,4786.204,50.54,37.87,42.27,59.21,,1.32,127.80,17.16,26.59,2193,92,26,,,56,,,,,,0,2025-07-25T08:46:50.000+0200,1433,1385,15.155,48.1378733,-1.9968417,45.53,34.45,38.97,54.39,35.1,78,2,,
2025-07-25T08:46:51.547+0200,1514,1424,16.816,4786.204,50.54,37.87,42.27,59.21,,1.32,127.80,17.16,26.59,2193,92,26,,,56,,,,,,0,2025-07-25T08:46:50.000+0200,1433,1385,15.155,48.1378733,-1.9968417,45.53,34.45,38.97,54.39,35.1,78,2,,
2025-07-25T08:46:52.144+0200,1514,1425,16.825,4786.213,51.98,37.87,42.28,59.21,,2.40,127.70,20.58,31.20,2628,91,26,,,55,,,,,,0,2025-07-25T08:46:51.000+0200,1434,1386,15.168,48.1378967,-1.9966767,46.29,34.45,38.98,54.39,34.8,79,2,,
2025-07-25T08:46:52.164+0200,1514,1425,16.825,4786.213,51.98,37.87,42.28,59.21,,2.40,127.70,20.58,31.20,2628,91,26,,,55,,,,,,0,2025-07-25T08:46:51.000+0200,1434,1386,15.168,48.1378967,-1.9966767,46.29,34.45,38.98,54.39,34.8,79,2,,
2025-07-25T08:46:52.745+0200,1515,1426,16.834,4786.222,52.37,37.88,42.28,59.21,,2.36,127.80,17.32,26.09,2213,91,26,,,55,,,,,,0,2025-07-25T08:46:52.000+0200,1434,1386,15.181,48.1379133,-1.9965050,43.29,34.46,38.98,54.39,35.3,77,2,,
2025-07-25T08:46:52.766+0200,1515,1426,16.834,4786.222,52.37,37.88,42.28,59.21,,2.36,127.80,17.32,26.09,2213,91,26,,,55,,,,,,0,2025-07-25T08:46:52.000+0200,1434,1386,15.181,48.1379133,-1.9965050,43.29,34.46,38.98,54.39,35.3,77,2,,
2025-07-25T08:46:53.383+0200,1516,1426,16.843,4786.231,51.55,37.88,42.29,59.21,,-3.37,128.00,6.68,10.20,855,91,26,,,56,,,,,,0,2025-07-25T08:46:52.000+0200,1435,1387,15.181,48.1379133,-1.9965050,43.29,34.46,38.98,54.39,35.3,77,2,,
2025-07-25T08:46:53.407+0200,1516,1426,16.843,4786.231,51.55,37.88,42.29,59.21,,-3.37,128.00,6.68,10.20,855,91,26,,,56,,,,,,0,2025-07-25T08:46:52.000+0200,1435,1387,15.181,48.1379133,-1.9965050,43.29,34.46,38.98,54.39,35.3,77,2,,
2025-07-25T08:46:54.001+0200,1516,1427,16.852,4786.240,51.37,37.89,42.29,59.21,,-3.60,128.09,7.97,12.20,1021,91,26,,,56,,,,,,0,2025-07-25T08:46:53.000+0200,1435,1387,15.193,48.1379300,-1.9963367,44.17,34.47,38.98,54.39,35.5,81,2,,
2025-07-25T08:46:54.026+0200,1516,1427,16.852,4786.240,51.37,37.89,42.29,59.21,,-3.60,128.09,7.97,12.20,1021,91,26,,,56,,,,,,0,2025-07-25T08:46:53.000+0200,1435,1387,15.193,48.1379300,-1.9963367,44.17,34.47,38.98,54.39,35.5,81,2,,
2025-07-25T08:46:54.623+0200,1517,1427,16.861,4786.249,51.22,37.89,42.30,59.21,,-0.21,128.30,6.06,9.30,777,91,26,,,56,,,,,,0,2025-07-25T08:46:53.000+0200,1436,1388,15.193,48.1379300,-1.9963367,44.17,34.47,38.98,54.39,35.5,81,2,,
2025-07-25T08:46:54.645+0200,1517,1427,16.861,4786.249,51.22,37.89,42.30,59.21,,-0.21,128.30,6.06,9.30,777,91,26,,,56,,,,,,0,2025-07-25T08:46:53.000+0200,1436,1388,15.193,48.1379300,-1.9963367,44.17,34.47,38.98,54.39,35.5,81,2,,
2025-07-25T08:46:55.261+0200,1517,1428,16.870,4786.258,51.26,37.90,42.30,59.21,,0.60,128.30,13.05,20.00,1674,91,26,,,56,,,,,,0,2025-07-25T08:46:54.000+0200,1437,1389,15.207,48.1379517,-1.9961617,46.29,34.47,38.99,54.39,35.7,78,2,,
2025-07-25T08:46:55.283+0200,1517,1428,16.870,4786.258,51.26,37.90,42.30,59.21,,0.60,128.30,13.05,20.00,1674,91,26,,,56,,,,,,0,2025-07-25T08:46:54.000+0200,1437,1389,15.207,48.1379517,-1.9961617,46.29,34.47,38.99,54.39,35.7,78,2,,
2025-07-25T08:46:55.881+0200,1518,1429,16.879,4786.267,51.22,37.90,42.30,59.21,,-0.11,128.39,10.95,16.79,1406,91,26,,,56,,,,,,0,2025-07-25T08:46:55.000+0200,1437,1389,15.219,48.1379733,-1.9959933,46.96,34.48,38.99,54.39,35.6,79,2,,
2025-07-25T08:46:55.906+0200,1518,1429,16.879,4786.267,51.22,37.90,42.30,59.21,,-0.11,128.39,10.95,16.79,1406,91,26,,,56,,,,,,0,2025-07-25T08:46:55.000+0200,1437,1389,15.219,48.1379733,-1.9959933,46.96,34.48,38.99,54.39,35.6,79,2,,
2025-07-25T08:46:56.505+0200,1519,1429,16.888,4786.276,51.01,37.91,42.31,59.21,,3.49,128.39,15.92,24.50,2044,91,26,,,56,,,,,,0,2025-07-25T08:46:55.000+0200,1438,1390,15.219,48.1379733,-1.9959933,46.96,34.48,38.99,54.39,35.6,79,2,,
2025-07-25T08:46:56.531+0200,1519,1429,16.888,4786.276,51.01,37.91,42.31,59.21,,3.49,128.39,15.92,24.50,2044,91,26,,,56,,,,,,0,2025-07-25T08:46:55.000+0200,1438,1390,15.219,48.1379733,-1.9959933,46.96,34.48,38.99,54.39,35.6,79,2,,
2025-07-25T08:46:57.120+0200,1519,1430,16.897,4786.285,50.25,37.91,42.31,59.21,,-1.35,128.50,10.85,16.90,1394,91,26,,,57,,,,,,0,2025-07-25T08:46:56.000+0200,1439,1391,15.232,48.1379967,-1.9958233,45.87,34.49,39.00,54.39,35.9,78,2,,
2025-07-25T08:46:57.142+0200,1519,1430,16.897,4786.285,50.25,37.91,42.31,59.21,,-1.35,128.50,10.85,16.90,1394,91,26,,,57,,,,,,0,2025-07-25T08:46:56.000+0200,1439,1391,15.232,48.1379967,-1.9958233,45.87,34.49,39.00,54.39,35.9,78,2,,
2025-07-25T08:46:57.739+0200,1520,1431,16.905,4786.294,50.11,37.92,42.31,59.21,,0.79,128.59,7.56,11.80,972,91,26,,,57,,,,,,0,2025-07-25T08:46:57.000+0200,1439,1391,15.245,48.1380250,-1.9956567,45.28,34.49,39.00,54.39,36.1,75,2,,
2025-07-25T08:46:57.762+0200,1520,1431,16.905,4786.294,50.11,37.92,42.31,59.21,,0.79,128.59,7.56,11.80,972,91,26,,,57,,,,,,0,2025-07-25T08:46:57.000+0200,1439,1391,15.245,48.1380250,-1.9956567,45.28,34.49,39.00,54.39,36.1,75,2,,
2025-07-25T08:46:58.363+0200,1521,1431,16.914,4786.302,50.18,37.92,42.32,59.21,,2.36,128.59,9.49,14.79,1220,91,26,,,57,,,,,,0,2025-07-25T08:46:57.000+0200,1440,1392,15.245,48.1380250,-1.9956567,45.28,34.49,39.00,54.39,36.1,75,2,,
2025-07-25T08:46:58.386+0200,1521,1431,16.914,4786.302,50.18,37.92,42.32,59.21,,2.36,128.59,9.49,14.79,1220,91,26,,,57,,,,,,0,2025-07-25T08:46:57.000+0200,1440,1392,15.245,48.1380250,-1.9956567,45.28,34.49,39.00,54.39,36.1,75,2,,
2025-07-25T08:46:58.982+0200,1521,1432,16.923,4786.311,49.24,37.93,42.32,59.21,,-0.11,128.59,7.02,11.10,903,91,26,,,58,,,,,,0,2025-07-25T08:46:58.000+0200,1440,1392,15.258,48.1380517,-1.9954883,44.71,34.50,39.01,54.39,35.9,78,2,,
2025-07-25T08:46:59.005+0200,1521,1432,16.923,4786.311,49.24,37.93,42.32,59.21,,-0.11,128.59,7.02,11.10,903,91,26,,,58,,,,,,0,2025-07-25T08:46:58.000+0200,1440,1392,15.258,48.1380517,-1.9954883,44.71,34.50,39.01,54.39,35.9,78,2,,
2025-07-25T08:46:59.620+0200,1522,1432,16.931,4786.319,49.21,37.93,42.32,59.21,,-2.16,128.70,11.50,18.19,1480,91,26,,,58,,,,,,0,2025-07-25T08:46:58.000+0200,1441,1393,15.258,48.1380517,-1.9954883,44.71,34.50,39.01,54.39,35.9,78,2,,
2025-07-25T08:46:59.643+0200,1522,1432,16.931,4786.319,49.21,37.93,42.32,59.21,,-2.16,128.70,11.50,18.19,1480,91,26,,,58,,,,,,0,2025-07-25T08:46:58.000+0200,1441,1393,15.258,48.1380517,-1.9954883,44.71,34.50,39.01,54.39,35.9,78,2,,
2025-07-25T08:47:00.223+0200,1522,1433,16.940,4786.328,48.13,37.94,42.33,59.21,,-3.39,128.70,10.25,16.50,1319,91,26,,,59,,,,,,0,2025-07-25T08:46:59.000+0200,1442,1394,15.270,48.1380733,-1.9953233,44.71,34.51,39.01,54.39,35.7,78,2,,
2025-07-25T08:47:00.244+0200,1522,1433,16.940,4786.328,48.13,37.94,42.33,59.21,,-3.39,128.70,10.25,16.50,1319,91,26,,,59,,,,,,0,2025-07-25T08:46:59.000+0200,1442,1394,15.270,48.1380733,-1.9953233,44.71,34.51,39.01,54.39,35.7,78,2,,
2025-07-25T08:47:00.862+0200,1523,1434,16.948,4786.336,48.20,37.94,42.33,59.21,,-2.64,128.70,14.12,22.70,1817,91,26,,,59,,,,,,0,2025-07-25T08:47:00.000+0200,1442,1394,15.283,48.1380983,-1.9951583,44.59,34.51,39.01,54.39,35.1,78,2,,
2025-07-25T08:47:00.884+0200,1523,1434,16.948,4786.336,48.20,37.94,42.33,59.21,,-2.64,128.70,14.12,22.70,1817,91,26,,,59,,,,,,0,2025-07-25T08:47:00.000+0200,1442,1394,15.283,48.1380983,-1.9951583,44.59,34.51,39.01,54.39,35.1,78,2,,
2025-07-25T08:47:01.482+0200,1524,1434,16.957,4786.345,48.20,37.95,42.33,59.21,,-2.48,128.70,10.63,17.10,1368,91,26,,,59,,,,,,0,2025-07-25T08:47:00.000+0200,1443,1395,15.283,48.1380983,-1.9951583,44.59,34.51,39.01,54.39,35.1,78,2,,
2025-07-25T08:47:01.507+0200,1524,1434,16.957,4786.345,48.20,37.95,42.33,59.21,,-2.48,128.70,10.63,17.10,1368,91,26,,,59,,,,,,0,2025-07-25T08:47:00.000+0200,1443,1395,15.283,48.1380983,-1.9951583,44.59,34.51,39.01,54.39,35.1,78,2,,
2025-07-25T08:47:02.101+0200,1524,1435,16.965,4786.353,48.52,37.95,42.33,59.21,,-1.46,128.70,7.69,12.30,990,91,26,,,58,,,,,,0,2025-07-25T08:47:01.000+0200,1444,1396,15.295,48.1381217,-1.9949967,44.09,34.52,39.02,54.39,34.5,79,2,,
2025-07-25T08:47:02.123+0200,1524,1435,16.965,4786.353,48.52,37.95,42.33,59.21,,-1.46,128.70,7.69,12.30,990,91,26,,,58,,,,,,0,2025-07-25T08:47:01.000+0200,1444,1396,15.295,48.1381217,-1.9949967,44.09,34.52,39.02,54.39,34.5,79,2,,
2025-07-25T08:47:02.725+0200,1525,1436,16.974,4786.362,47.59,37.95,42.34,59.21,,0.56,128.80,12.25,19.90,1578,91,26,,,59,,,,,,0,2025-07-25T08:47:02.000+0200,1444,1396,15.307,48.1381433,-1.9948383,43.27,34.53,39.02,54.39,34.0,78,2,,
2025-07-25T08:47:02.747+0200,1525,1436,16.974,4786.362,47.59,37.95,42.34,59.21,,0.56,128.80,12.25,19.90,1578,91,26,,,59,,,,,,0,2025-07-25T08:47:02.000+0200,1444,1396,15.307,48.1381433,-1.9948383,43.27,34.53,39.02,54.39,34.0,78,2,,
2025-07-25T08:47:03.361+0200,1525,1436,16.982,4786.370,47.12,37.96,42.34,59.21,,-0.36,128.89,5.80,9.50,748,91,26,,,60,,,,,,0,2025-07-25T08:47:02.000+0200,1445,1397,15.307,48.1381433,-1.9948383,43.27,34.53,39.02,54.39,34.0,78,2,,
2025-07-25T08:47:03.381+0200,1525,1436,16.982,4786.370,47.12,37.96,42.34,59.21,,-0.36,128.89,5.80,9.50,748,91,26,,,60,,,,,,0,2025-07-25T08:47:02.000+0200,1445,1397,15.307,48.1381433,-1.9948383,43.27,34.53,39.02,54.39,34.0,78,2,,
2025-07-25T08:47:03.985+0200,1526,1437,16.990,4786.378,47.05,37.96,42.34,59.21,,0.48,129.00,5.55,9.09,716,91,26,,,60,,,,,,0,2025-07-25T08:47:03.000+0200,1445,1397,15.319,48.1381650,-1.9946800,44.99,34.53,39.03,54.39,33.5,79,2,,
2025-07-25T08:47:04.010+0200,1526,1437,16.990,4786.378,47.05,37.96,42.34,59.21,,0.48,129.00,5.55,9.09,716,91,26,,,60,,,,,,0,2025-07-25T08:47:03.000+0200,1445,1397,15.319,48.1381650,-1.9946800,44.99,34.53,39.03,54.39,33.5,79,2,,
2025-07-25T08:47:04.623+0200,1527,1437,16.998,4786.386,45.25,37.96,42.34,59.21,,-4.24,129.20,-6.22,-21.00,-804,91,26,,,61,,,,,,0,2025-07-25T08:47:03.000+0200,1446,1398,15.319,48.1381650,-1.9946800,44.99,34.53,39.03,54.39,33.5,79,2,,
2025-07-25T08:47:04.646+0200,1527,1437,16.998,4786.386,45.25,37.96,42.34,59.21,,-4.24,129.20,-6.22,-21.00,-804,91,26,,,61,,,,,,0,2025-07-25T08:47:03.000+0200,1446,1398,15.319,48.1381650,-1.9946800,44.99,34.53,39.03,54.39,33.5,79,2,,
2025-07-25T08:47:05.220+0200,1527,1438,17.006,4786.394,41.36,37.97,42.34,59.21,,-7.54,129.80,-8.44,-30.50,-1096,91,26,,,65,,,,,,0,2025-07-25T08:47:04.000+0200,1447,1399,15.331,48.1381883,-1.9945217,40.13,34.54,39.03,54.39,33.4,78,2,,
2025-07-25T08:47:05.248+0200,1527,1438,17.006,4786.394,41.36,37.97,42.34,59.21,,-7.54,129.80,-8.44,-30.50,-1096,91,26,,,65,,,,,,0,2025-07-25T08:47:04.000+0200,1447,1399,15.331,48.1381883,-1.9945217,40.13,34.54,39.03,54.39,33.4,78,2,,
2025-07-25T08:47:05.843+0200,1528,1439,17.014,4786.401,37.72,37.97,42.34,59.21,,-3.95,130.09,-3.80,-14.70,-494,91,26,,,68,,,,,,0,2025-07-25T08:47:05.000+0200,1447,1399,15.342,48.1382067,-1.9943850,34.98,34.54,39.02,54.39,33.1,79,2,,
2025-07-25T08:47:05.867+0200,1528,1439,17.014,4786.401,37.72,37.97,42.34,59.21,,-3.95,130.09,-3.80,-14.70,-494,91,26,,,68,,,,,,0,2025-07-25T08:47:05.000+0200,1447,1399,15.342,48.1382067,-1.9943850,34.98,34.54,39.02,54.39,33.1,79,2,,
2025-07-25T08:47:06.462+0200,1529,1439,17.021,4786.408,36.82,37.96,42.34,59.21,,-0.34,130.20,0.30,0.59,39,91,26,,,69,,,,,,0,2025-07-25T08:47:05.000+0200,1448,1400,15.342,48.1382067,-1.9943850,34.98,34.54,39.02,54.39,33.1,79,2,,
2025-07-25T08:47:06.485+0200,1529,1439,17.021,4786.408,36.82,37.96,42.34,59.21,,-0.34,130.20,0.30,0.59,39,91,26,,,69,,,,,,0,2025-07-25T08:47:05.000+0200,1448,1400,15.342,48.1382067,-1.9943850,34.98,34.54,39.02,54.39,33.1,79,2,,
2025-07-25T08:47:07.104+0200,1529,1440,17.027,4786.414,36.10,37.96,42.34,59.21,,-0.72,130.09,3.80,7.60,494,91,26,,,69,,,,,,0,2025-07-25T08:47:06.000+0200,1449,1401,15.352,48.1382217,-1.9942533,39.09,34.54,39.02,54.39,33.3,80,2,,
2025-07-25T08:47:07.128+0200,1529,1440,17.027,4786.414,36.10,37.96,42.34,59.21,,-0.72,130.09,3.80,7.60,494,91,26,,,69,,,,,,0,2025-07-25T08:47:06.000+0200,1449,1401,15.352,48.1382217,-1.9942533,39.09,34.54,39.02,54.39,33.3,80,2,,
2025-07-25T08:47:07.721+0200,1530,1441,17.033,4786.420,35.82,37.96,42.33,59.21,,0.84,130.00,1.39,2.80,181,91,26,,,70,,,,,,0,2025-07-25T08:47:07.000+0200,1449,1401,15.361,48.1382367,-1.9941317,32.89,34.54,39.02,54.39,33.4,80,2,,
2025-07-25T08:47:07.739+0200,1530,1441,17.033,4786.420,35.82,37.96,42.33,59.21,,0.84,130.00,1.39,2.80,181,91,26,,,70,,,,,,0,2025-07-25T08:47:07.000+0200,1449,1401,15.361,48.1382367,-1.9941317,32.89,34.54,39.02,54.39,33.4,80,2,,
2025-07-25T08:47:08.340+0200,1530,1441,17.039,4786.427,34.77,37.96,42.33,59.21,,0.34,130.00,6.92,14.20,900,91,26,,,71,,,,,,0,2025-07-25T08:47:07.000+0200,1450,1402,15.361,48.1382367,-1.9941317,32.89,34.54,39.02,54.39,33.4,80,2,,
2025-07-25T08:47:08.363+0200,1530,1441,17.039,4786.427,34.77,37.96,42.33,59.21,,0.34,130.00,6.92,14.20,900,91,26,,,71,,,,,,0,2025-07-25T08:47:07.000+0200,1450,1402,15.361,48.1382367,-1.9941317,32.89,34.54,39.02,54.39,33.4,80,2,,
2025-07-25T08:47:08.963+0200,1531,1442,17.046,4786.433,34.81,37.96,42.33,59.21,,-0.11,129.89,7.17,14.70,931,92,26,,,70,,,,,,0,2025-07-25T08:47:08.000+0200,1450,1402,15.370,48.1382517,-1.9940183,31.14,34.54,39.01,54.39,33.6,79,2,,
2025-07-25T08:47:08.987+0200,1531,1442,17.046,4786.433,34.81,37.96,42.33,59.21,,-0.11,129.89,7.17,14.70,931,92,26,,,70,,,,,,0,2025-07-25T08:47:08.000+0200,1450,1402,15.370,48.1382517,-1.9940183,31.14,34.54,39.01,54.39,33.6,79,2,,
2025-07-25T08:47:09.584+0200,1532,1442,17.052,4786.439,35.71,37.96,42.32,59.21,,2.71,129.59,19.33,38.89,2505,92,26,,,70,,,,,,0,2025-07-25T08:47:08.000+0200,1451,1403,15.370,48.1382517,-1.9940183,31.14,34.54,39.01,54.39,33.6,79,2,,
2025-07-25T08:47:09.607+0200,1532,1442,17.052,4786.439,35.71,37.96,42.32,59.21,,2.71,129.59,19.33,38.89,2505,92,26,,,70,,,,,,0,2025-07-25T08:47:08.000+0200,1451,1403,15.370,48.1382517,-1.9940183,31.14,34.54,39.01,54.39,33.6,79,2,,
2025-07-25T08:47:10.202+0200,1532,1443,17.058,4786.445,38.62,37.96,42.32,59.21,,5.38,129.00,24.84,47.20,3204,92,26,,,67,,,,,,0,2025-07-25T08:47:09.000+0200,1452,1404,15.378,48.1382683,-1.9939050,33.95,34.54,39.01,54.39,33.6,78,2,,
2025-07-25T08:47:10.225+0200,1532,1443,17.058,4786.445,38.62,37.96,42.32,59.21,,5.38,129.00,24.84,47.20,3204,92,26,,,67,,,,,,0,2025-07-25T08:47:09.000+0200,1452,1404,15.378,48.1382683,-1.9939050,33.95,34.54,39.01,54.39,33.6,78,2,,
2025-07-25T08:47:10.823+0200,1533,1444,17.064,4786.452,41.90,37.96,42.32,59.21,,3.38,128.50,24.26,43.40,3117,92,26,,,64,,,,,,0,2025-07-25T08:47:10.000+0200,1452,1404,15.388,48.1382883,-1.9937783,36.95,34.54,39.01,54.39,33.7,76,2,,
2025-07-25T08:47:10.847+0200,1533,1444,17.064,4786.452,41.90,37.96,42.32,59.21,,3.38,128.50,24.26,43.40,3117,92,26,,,64,,,,,,0,2025-07-25T08:47:10.000+0200,1452,1404,15.388,48.1382883,-1.9937783,36.95,34.54,39.01,54.39,33.7,76,2,,
2025-07-25T08:47:11.461+0200,1534,1444,17.071,4786.459,43.05,37.96,42.32,59.21,,4.08,128.39,9.98,17.50,1281,92,26,,,63,,,,,,0,2025-07-25T08:47:10.000+0200,1453,1405,15.388,48.1382883,-1.9937783,36.95,34.54,39.01,54.39,33.7,76,2,,
2025-07-25T08:47:11.485+0200,1534,1444,17.071,4786.459,43.05,37.96,42.32,59.21,,4.08,128.39,9.98,17.50,1281,92,26,,,63,,,,,,0,2025-07-25T08:47:10.000+0200,1453,1405,15.388,48.1382883,-1.9937783,36.95,34.54,39.01,54.39,33.7,76,2,,
2025-07-25T08:47:12.079+0200,1534,1445,17.078,4786.466,41.03,37.96,42.32,59.21,,-2.03,128.80,-1.65,-6.00,-213,92,26,,,65,,,,,,0,2025-07-25T08:47:11.000+0200,1454,1406,15.398,48.1383083,-1.9936417,37.33,34.54,39.01,54.39,33.9,79,2,,
2025-07-25T08:47:12.102+0200,1534,1445,17.078,4786.466,41.03,37.96,42.32,59.21,,-2.03,128.80,-1.65,-6.00,-213,92,26,,,65,,,,,,0,2025-07-25T08:47:11.000+0200,1454,1406,15.398,48.1383083,-1.9936417,37.33,34.54,39.01,54.39,33.9,79,2,,
2025-07-25T08:47:12.704+0200,1535,1446,17.086,4786.473,38.98,37.96,42.32,59.21,,-1.68,129.09,-1.05,-4.00,-136,92,26,,,67,,,,,,0,2025-07-25T08:47:12.000+0200,1454,1406,15.408,48.1383267,-1.9935083,36.99,34.54,39.01,54.39,34.1,80,2,,
2025-07-25T08:47:12.726+0200,1535,1446,17.086,4786.473,38.98,37.96,42.32,59.21,,-1.68,129.09,-1.05,-4.00,-136,92,26,,,67,,,,,,0,2025-07-25T08:47:12.000+0200,1454,1406,15.408,48.1383267,-1.9935083,36.99,34.54,39.01,54.39,34.1,80,2,,
2025-07-25T08:47:13.323+0200,1535,1446,17.093,4786.480,37.94,37.96,42.32,59.21,,-2.76,129.30,6.18,11.90,799,92,26,,,68,,,,,,0,2025-07-25T08:47:12.000+0200,1455,1407,15.408,48.1383267,-1.9935083,36.99,34.54,39.01,54.39,34.1,80,2,,
2025-07-25T08:47:13.340+0200,1535,1446,17.093,4786.480,37.94,37.96,42.32,59.21,,-2.76,129.30,6.18,11.90,799,92,26,,,68,,,,,,0,2025-07-25T08:47:12.000+0200,1455,1407,15.408,48.1383267,-1.9935083,36.99,34.54,39.01,54.39,34.1,80,2,,
2025-07-25T08:47:13.943+0200,1536,1447,17.099,4786.487,39.05,37.96,42.32,59.21,,2.41,129.20,10.02,18.90,1295,92,26,,,67,,,,,,0,2025-07-25T08:47:13.000+0200,1455,1407,15.419,48.1383400,-1.9933717,34.66,34.54,39.00,54.39,34.3,81,2,,
2025-07-25T08:47:13.965+0200,1536,1447,17.099,4786.487,39.05,37.96,42.32,59.21,,2.41,129.20,10.02,18.90,1295,92,26,,,67,,,,,,0,2025-07-25T08:47:13.000+0200,1455,1407,15.419,48.1383400,-1.9933717,34.66,34.54,39.00,54.39,34.3,81,2,,
2025-07-25T08:47:14.571+0200,1537,1447,17.106,4786.494,38.98,37.97,42.31,59.21,,-0.48,129.30,2.33,4.40,301,92,26,,,67,,,,,,0,2025-07-25T08:47:13.000+0200,1456,1408,15.419,48.1383400,-1.9933717,34.66,34.54,39.00,54.39,34.3,81,2,,
2025-07-25T08:47:14.592+0200,1537,1447,17.106,4786.494,38.98,37.97,42.31,59.21,,-0.48,129.30,2.33,4.40,301,92,26,,,67,,,,,,0,2025-07-25T08:47:13.000+0200,1456,1408,15.419,48.1383400,-1.9933717,34.66,34.54,39.00,54.39,34.3,81,2,,
2025-07-25T08:47:15.193+0200,1537,1448,17.113,4786.500,38.41,37.97,42.31,59.21,,-5.61,129.39,1.41,2.70,182,92,26,,,67,,,,,,0,2025-07-25T08:47:14.000+0200,1457,1409,15.428,48.1383517,-1.9932433,35.09,34.54,39.00,54.39,33.8,85,2,,
2025-07-25T08:47:15.216+0200,1537,1448,17.113,4786.500,38.41,37.97,42.31,59.21,,-5.61,129.39,1.41,2.70,182,92,26,,,67,,,,,,0,2025-07-25T08:47:14.000+0200,1457,1409,15.428,48.1383517,-1.9932433,35.09,34.54,39.00,54.39,33.8,85,2,,
2025-07-25T08:47:15.794+0200,1538,1449,17.120,4786.507,37.69,37.97,42.31,59.21,,0.22,129.50,3.35,6.50,434,92,26,,,68,,,,,,0,2025-07-25T08:47:15.000+0200,1457,1409,15.438,48.1383633,-1.9931150,34.29,34.54,39.00,54.39,33.7,81,2,,
2025-07-25T08:47:15.810+0200,1538,1449,17.120,4786.507,37.69,37.97,42.31,59.21,,0.22,129.50,3.35,6.50,434,92,26,,,68,,,,,,0,2025-07-25T08:47:15.000+0200,1457,1409,15.438,48.1383633,-1.9931150,34.29,34.54,39.00,54.39,33.7,81,2,,
2025-07-25T08:47:16.421+0200,1539,1449,17.126,4786.514,37.69,37.97,42.31,59.21,,2.36,129.39,12.97,25.10,1678,92,26,,,68,,,,,,0,2025-07-25T08:47:15.000+0200,1458,1410,15.438,48.1383633,-1.9931150,34.29,34.54,39.00,54.39,33.7,81,2,,
2025-07-25T08:47:16.456+0200,1539,1449,17.126,4786.514,37.69,37.97,42.31,59.21,,2.36,129.39,12.97,25.10,1678,92,26,,,68,,,,,,0,2025-07-25T08:47:15.000+0200,1458,1410,15.438,48.1383633,-1.9931150,34.29,34.54,39.00,54.39,33.7,81,2,,
2025-07-25T08:47:17.062+0200,1539,1450,17.133,4786.520,37.69,37.97,42.31,59.21,,-3.96,129.39,8.58,16.60,1110,92,26,,,68,,,,,,0,2025-07-25T08:47:16.000+0200,1459,1411,15.447,48.1383783,-1.9929917,33.29,34.54,38.99,54.39,33.6,78,2,,
2025-07-25T08:47:17.086+0200,1539,1450,17.133,4786.520,37.69,37.97,42.31,59.21,,-3.96,129.39,8.58,16.60,1110,92,26,,,68,,,,,,0,2025-07-25T08:47:16.000+0200,1459,1411,15.447,48.1383783,-1.9929917,33.29,34.54,38.99,54.39,33.6,78,2,,
2025-07-25T08:47:17.663+0200,1540,1451,17.139,4786.527,38.95,37.97,42.31,59.21,,3.93,129.09,24.56,46.40,3170,92,26,,,67,,,,,,0,2025-07-25T08:47:17.000+0200,1459,1411,15.456,48.1383983,-1.9928733,32.21,34.54,38.99,54.39,33.6,77,2,,
2025-07-25T08:47:17.682+0200,1540,1451,17.139,4786.527,38.95,37.97,42.31,59.21,,3.93,129.09,24.56,46.40,3170,92,26,,,67,,,,,,0,2025-07-25T08:47:17.000+0200,1459,1411,15.456,48.1383983,-1.9928733,32.21,34.54,38.99,54.39,33.6,77,2,,
2025-07-25T08:47:18.301+0200,1540,1451,17.146,4786.534,42.44,37.97,42.30,59.21,,6.82,128.59,23.76,42.10,3055,92,26,,,64,,,,,,0,2025-07-25T08:47:17.000+0200,1460,1412,15.456,48.1383983,-1.9928733,32.21,34.54,38.99,54.39,33.6,77,2,,
2025-07-25T08:47:18.324+0200,1540,1451,17.146,4786.534,42.44,37.97,42.30,59.21,,6.82,128.59,23.76,42.10,3055,92,26,,,64,,,,,,0,2025-07-25T08:47:17.000+0200,1460,1412,15.456,48.1383983,-1.9928733,32.21,34.54,38.99,54.39,33.6,77,2,,
2025-07-25T08:47:18.920+0200,1541,1452,17.153,4786.541,43.84,37.97,42.31,59.21,,-0.90,128.20,21.92,37.89,2810,92,26,,,62,,,,,,0,2025-07-25T08:47:18.000+0200,1460,1412,15.466,48.1384183,-1.9927417,35.66,34.54,38.99,54.39,33.8,78,2,,
2025-07-25T08:47:18.943+0200,1541,1452,17.153,4786.541,43.84,37.97,42.31,59.21,,-0.90,128.20,21.92,37.89,2810,92,26,,,62,,,,,,0,2025-07-25T08:47:18.000+0200,1460,1412,15.466,48.1384183,-1.9927417,35.66,34.54,38.99,54.39,33.8,78,2,,
2025-07-25T08:47:19.542+0200,1542,1452,17.161,4786.549,45.10,37.97,42.31,59.21,,0.00,128.09,16.96,28.70,2172,92,26,,,61,,,,,,0,2025-07-25T08:47:18.000+0200,1461,1413,15.466,48.1384183,-1.9927417,35.66,34.54,38.99,54.39,33.8,78,2,,
2025-07-25T08:47:19.562+0200,1542,1452,17.161,4786.549,45.10,37.97,42.31,59.21,,0.00,128.09,16.96,28.70,2172,92,26,,,61,,,,,,0,2025-07-25T08:47:18.000+0200,1461,1413,15.466,48.1384183,-1.9927417,35.66,34.54,38.99,54.39,33.8,78,2,,
2025-07-25T08:47:20.165+0200,1542,1453,17.169,4786.557,45.75,37.98,42.31,59.21,,1.35,128.09,15.47,25.90,1982,92,26,,,61,,,,,,0,2025-07-25T08:47:19.000+0200,1462,1414,15.477,48.1384417,-1.9925983,38.32,34.54,38.99,54.39,34.0,76,2,,
2025-07-25T08:47:20.189+0200,1542,1453,17.169,4786.557,45.75,37.98,42.31,59.21,,1.35,128.09,15.47,25.90,1982,92,26,,,61,,,,,,0,2025-07-25T08:47:19.000+0200,1462,1414,15.477,48.1384417,-1.9925983,38.32,34.54,38.99,54.39,34.0,76,2,,
2025-07-25T08:47:20.780+0200,1543,1454,17.177,4786.565,45.32,37.98,42.31,59.21,,0.11,128.30,12.45,21.00,1597,92,26,,,61,,,,,,0,2025-07-25T08:47:20.000+0200,1462,1414,15.489,48.1384633,-1.9924517,38.85,34.54,38.98,54.39,34.0,76,2,,
2025-07-25T08:47:20.800+0200,1543,1454,17.177,4786.565,45.32,37.98,42.31,59.21,,0.11,128.30,12.45,21.00,1597,92,26,,,61,,,,,,0,2025-07-25T08:47:20.000+0200,1462,1414,15.489,48.1384633,-1.9924517,38.85,34.54,38.98,54.39,34.0,76,2,,
2025-07-25T08:47:21.420+0200,1544,1454,17.185,4786.572,46.11,37.98,42.31,59.21,,-0.48,128.39,14.78,24.60,1898,91,26,,,60,,,,,,0,2025-07-25T08:47:20.000+0200,1463,1415,15.489,48.1384633,-1.9924517,38.85,34.54,38.98,54.39,34.0,76,2,,
2025-07-25T08:47:21.444+0200,1544,1454,17.185,4786.572,46.11,37.98,42.31,59.21,,-0.48,128.39,14.78,24.60,1898,91,26,,,60,,,,,,0,2025-07-25T08:47:20.000+0200,1463,1415,15.489,48.1384633,-1.9924517,38.85,34.54,38.98,54.39,34.0,76,2,,
2025-07-25T08:47:22.044+0200,1544,1455,17.192,4786.580,45.14,37.98,42.31,59.21,,0.00,128.50,6.74,11.40,866,91,26,,,61,,,,,,0,2025-07-25T08:47:21.000+0200,1463,1415,15.500,48.1384850,-1.9923067,41.82,34.55,38.99,54.39,33.9,78,2,,
2025-07-25T08:47:22.067+0200,1544,1455,17.192,4786.580,45.14,37.98,42.31,59.21,,0.00,128.50,6.74,11.40,866,91,26,,,61,,,,,,0,2025-07-25T08:47:21.000+0200,1464,1416,15.500,48.1384850,-1.9923067,41.82,34.55,38.99,54.39,33.9,78,2,,
2025-07-25T08:47:22.666+0200,1545,1456,17.200,4786.588,44.99,37.99,42.31,59.21,,3.82,128.70,7.72,13.10,994,91,26,,,61,,,,,,0,2025-07-25T08:47:22.000+0200,1464,1416,15.511,48.1385083,-1.9921633,37.29,34.55,38.99,54.39,33.8,77,2,,
2025-07-25T08:47:22.688+0200,1545,1456,17.200,4786.588,44.99,37.99,42.31,59.21,,3.82,128.70,7.72,13.10,994,91,26,,,61,,,,,,0,2025-07-25T08:47:22.000+0200,1464,1416,15.511,48.1385083,-1.9921633,37.29,34.55,38.99,54.39,33.8,77,2,,
2025-07-25T08:47:23.282+0200,1545,1456,17.208,4786.596,44.89,37.99,42.31,59.21,,-0.67,128.80,7.24,12.30,933,91,26,,,62,,,,,,0,2025-07-25T08:47:22.000+0200,1465,1417,15.511,48.1385083,-1.9921633,37.29,34.55,38.99,54.39,33.8,77,2,,
2025-07-25T08:47:23.299+0200,1545,1456,17.208,4786.596,44.89,37.99,42.31,59.21,,-0.67,128.80,7.24,12.30,933,91,26,,,62,,,,,,0,2025-07-25T08:47:22.000+0200,1465,1417,15.511,48.1385083,-1.9921633,37.29,34.55,38.99,54.39,33.8,77,2,,
2025-07-25T08:47:23.901+0200,1546,1457,17.216,4786.604,44.31,37.99,42.31,59.21,,1.92,129.00,5.94,10.20,766,91,26,,,62,,,,,,0,2025-07-25T08:47:23.000+0200,1465,1417,15.522,48.1385300,-1.9920150,41.09,34.55,38.99,54.39,33.8,79,2,,
2025-07-25T08:47:23.923+0200,1546,1457,17.216,4786.604,44.31,37.99,42.31,59.21,,1.92,129.00,5.94,10.20,766,91,26,,,62,,,,,,0,2025-07-25T08:47:23.000+0200,1465,1417,15.522,48.1385300,-1.9920150,41.09,34.55,38.99,54.39,33.8,79,2,,
2025-07-25T08:47:24.517+0200,1547,1457,17.224,4786.611,43.70,37.99,42.32,59.21,,0.34,129.09,5.02,8.70,648,91,26,,,63,,,,,,0,2025-07-25T08:47:23.000+0200,1466,1418,15.522,48.1385300,-1.9920150,41.09,34.55,38.99,54.39,33.8,79,2,,
2025-07-25T08:47:24.540+0200,1547,1457,17.224,4786.611,43.70,37.99,42.32,59.21,,0.34,129.09,5.02,8.70,648,91,26,,,63,,,,,,0,2025-07-25T08:47:23.000+0200,1466,1418,15.522,48.1385300,-1.9920150,41.09,34.55,38.99,54.39,33.8,79,2,,
2025-07-25T08:47:25.140+0200,1547,1458,17.231,4786.619,42.83,38.00,42.32,59.21,,-0.79,129.30,-0.85,-3.00,-110,91,26,,,64,,,,,,0,2025-07-25T08:47:24.000+0200,1467,1419,15.533,48.1385517,-1.9918667,39.13,34.56,38.99,54.39,33.8,78,2,,
2025-07-25T08:47:25.161+0200,1547,1458,17.231,4786.619,42.83,38.00,42.32,59.21,,-0.79,129.30,-0.85,-3.00,-110,91,26,,,64,,,,,,0,2025-07-25T08:47:24.000+0200,1467,1419,15.533,48.1385517,-1.9918667,39.13,34.56,38.99,54.39,33.8,78,2,,
2025-07-25T08:47:25.761+0200,1548,1459,17.239,4786.626,40.85,38.00,42.32,59.21,,-1.02,129.50,4.05,7.39,524,92,26,,,65,,,,,,0,2025-07-25T08:47:25.000+0200,1467,1419,15.544,48.1385733,-1.9917267,36.84,34.56,38.99,54.39,33.8,77,2,,
2025-07-25T08:47:25.784+0200,1548,1459,17.239,4786.626,40.85,38.00,42.32,59.21,,-1.02,129.50,4.05,7.39,524,92,26,,,65,,,,,,0,2025-07-25T08:47:25.000+0200,1467,1419,15.544,48.1385733,-1.9917267,36.84,34.56,38.99,54.39,33.8,77,2,,
2025-07-25T08:47:26.405+0200,1549,1459,17.246,4786.633,40.93,38.00,42.31,59.21,,0.60,129.50,6.59,12.00,853,92,26,,,65,,,,,,0,2025-07-25T08:47:25.000+0200,1468,1420,15.544,48.1385733,-1.9917267,36.84,34.56,38.99,54.39,33.8,77,2,,
2025-07-25T08:47:26.426+0200,1549,1459,17.246,4786.633,40.93,38.00,42.31,59.21,,0.60,129.50,6.59,12.00,853,92,26,,,65,,,,,,0,2025-07-25T08:47:25.000+0200,1468,1420,15.544,48.1385733,-1.9917267,36.84,34.56,38.99,54.39,33.8,77,2,,
2025-07-25T08:47:27.024+0200,1549,1460,17.253,4786.640,39.23,38.00,42.31,59.21,,-4.06,129.50,3.30,6.20,427,92,26,,,67,,,,,,0,2025-07-25T08:47:26.000+0200,1468,1420,15.555,48.1385850,-1.9915850,36.21,34.56,38.98,54.39,34.1,85,2,,
2025-07-25T08:47:27.048+0200,1549,1460,17.253,4786.640,39.23,38.00,42.31,59.21,,-4.06,129.50,3.30,6.20,427,92,26,,,67,,,,,,0,2025-07-25T08:47:26.000+0200,1468,1420,15.555,48.1385850,-1.9915850,36.21,34.56,38.98,54.39,34.1,85,2,,
2025-07-25T08:47:27.662+0200,1550,1461,17.260,4786.647,39.70,38.00,42.31,59.21,,0.90,129.50,8.00,14.90,1036,92,26,,,66,,,,,,0,2025-07-25T08:47:27.000+0200,1469,1421,15.565,48.1385900,-1.9914467,36.21,34.56,38.98,54.39,34.2,87,2,,
2025-07-25T08:47:27.682+0200,1550,1461,17.260,4786.647,39.70,38.00,42.31,59.21,,0.90,129.50,8.00,14.90,1036,92,26,,,66,,,,,,0,2025-07-25T08:47:27.000+0200,1469,1421,15.565,48.1385900,-1.9914467,36.21,34.56,38.98,54.39,34.2,87,2,,
2025-07-25T08:47:28.282+0200,1550,1461,17.267,4786.654,38.51,38.00,42.31,59.21,,-2.88,129.50,6.61,12.60,856,92,26,,,67,,,,,,0,2025-07-25T08:47:27.000+0200,1470,1422,15.565,48.1385900,-1.9914467,36.21,34.56,38.98,54.39,34.2,87,2,,
2025-07-25T08:47:28.305+0200,1550,1461,17.267,4786.654,38.51,38.00,42.31,59.21,,-2.88,129.50,6.61,12.60,856,92,26,,,67,,,,,,0,2025-07-25T08:47:27.000+0200,1470,1422,15.565,48.1385900,-1.9914467,36.21,34.56,38.98,54.39,34.2,87,2,,
2025-07-25T08:47:28.902+0200,1551,1462,17.274,4786.661,38.66,38.00,42.31,59.21,,-0.48,129.50,4.58,8.70,593,92,26,,,67,,,,,,0,2025-07-25T08:47:28.000+0200,1470,1422,15.575,48.1385933,-1.9913133,36.28,34.56,38.98,54.39,34.4,85,2,,
2025-07-25T08:47:28.925+0200,1551,1462,17.274,4786.661,38.66,38.00,42.31,59.21,,-0.48,129.50,4.58,8.70,593,92,26,,,67,,,,,,0,2025-07-25T08:47:28.000+0200,1470,1422,15.575,48.1385933,-1.9913133,36.28,34.56,38.98,54.39,34.4,85,2,,
2025-07-25T08:47:29.526+0200,1552,1462,17.280,4786.668,38.12,38.00,42.31,59.21,,1.46,129.59,0.72,1.40,93,92,26,,,68,,,,,,0,2025-07-25T08:47:28.000+0200,1471,1423,15.575,48.1385933,-1.9913133,36.28,34.56,38.98,54.39,34.4,85,2,,
2025-07-25T08:47:29.551+0200,1552,1462,17.280,4786.668,38.12,38.00,42.31,59.21,,1.46,129.59,0.72,1.40,93,92,26,,,68,,,,,,0,2025-07-25T08:47:28.000+0200,1471,1423,15.575,48.1385933,-1.9913133,36.28,34.56,38.98,54.39,34.4,85,2,,
2025-07-25T08:47:30.142+0200,1552,1463,17.287,4786.674,34.99,38.00,42.30,59.21,,-6.06,129.89,-8.42,-34.39,-1094,92,26,,,70,,,,,,0,2025-07-25T08:47:29.000+0200,1472,1424,15.584,48.1385967,-1.9911850,32.36,34.56,38.98,54.39,34.7,87,2,,
2025-07-25T08:47:30.165+0200,1552,1463,17.287,4786.674,34.99,38.00,42.30,59.21,,-6.06,129.89,-8.42,-34.39,-1094,92,26,,,70,,,,,,0,2025-07-25T08:47:29.000+0200,1472,1424,15.584,48.1385967,-1.9911850,32.36,34.56,38.98,54.39,34.7,87,2,,
2025-07-25T08:47:30.766+0200,1553,1464,17.293,4786.680,28.90,38.00,42.30,59.21,,-8.52,130.30,-6.45,-30.09,-840,92,26,,,76,,,,,,0,2025-07-25T08:47:30.000+0200,1472,1424,15.592,48.1385967,-1.9910767,26.85,34.56,38.97,54.39,34.8,91,2,,
2025-07-25T08:47:30.784+0200,1553,1464,17.293,4786.680,28.90,38.00,42.30,59.21,,-8.52,130.30,-6.45,-30.09,-840,92,26,,,76,,,,,,0,2025-07-25T08:47:30.000+0200,1472,1424,15.592,48.1385967,-1.9910767,26.85,34.56,38.97,54.39,34.8,91,2,,
2025-07-25T08:47:31.384+0200,1554,1464,17.299,4786.685,28.04,37.99,42.29,59.21,,0.00,130.30,2.90,6.89,378,92,26,,,76,,,,,,0,2025-07-25T08:47:30.000+0200,1473,1425,15.592,48.1385967,-1.9910767,26.85,34.56,38.97,54.39,34.8,91,2,,
2025-07-25T08:47:31.406+0200,1554,1464,17.299,4786.685,28.04,37.99,42.29,59.21,,0.00,130.30,2.90,6.89,378,92,26,,,76,,,,,,0,2025-07-25T08:47:30.000+0200,1473,1425,15.592,48.1385967,-1.9910767,26.85,34.56,38.97,54.39,34.8,91,2,,
2025-07-25T08:47:32.002+0200,1554,1465,17.304,4786.690,28.11,37.99,42.29,59.21,,0.68,130.20,5.05,12.00,658,92,26,,,76,,,,,,0,2025-07-25T08:47:31.000+0200,1473,1425,15.600,48.1385933,-1.9909817,24.73,34.55,38.96,54.39,34.9,92,2,,
2025-07-25T08:47:32.023+0200,1554,1465,17.304,4786.690,28.11,37.99,42.29,59.21,,0.68,130.20,5.05,12.00,658,92,26,,,76,,,,,,0,2025-07-25T08:47:31.000+0200,1473,1425,15.600,48.1385933,-1.9909817,24.73,34.55,38.96,54.39,34.9,92,2,,
2025-07-25T08:47:32.626+0200,1555,1465,17.308,4786.695,26.67,37.98,42.28,59.21,,-2.59,130.20,-0.79,-3.90,-103,92,26,,,77,,,,,,0,2025-07-25T08:47:31.000+0200,1474,1426,15.600,48.1385933,-1.9909817,24.73,34.55,38.96,54.39,34.9,92,2,,
2025-07-25T08:47:32.648+0200,1555,1465,17.308,4786.695,26.67,37.98,42.28,59.21,,-2.59,130.20,-0.79,-3.90,-103,92,26,,,77,,,,,,0,2025-07-25T08:47:31.000+0200,1474,1426,15.600,48.1385933,-1.9909817,24.73,34.55,38.96,54.39,34.9,92,2,,
2025-07-25T08:47:33.245+0200,1555,1466,17.313,4786.699,25.09,37.98,42.27,59.21,,-1.47,130.20,2.30,5.90,299,92,26,,,79,,,,,,0,2025-07-25T08:47:32.000+0200,1475,1427,15.606,48.1385850,-1.9908933,23.41,34.54,38.95,54.39,34.8,100,2,,
2025-07-25T08:47:33.268+0200,1555,1466,17.313,4786.699,25.09,37.98,42.27,59.21,,-1.47,130.20,2.30,5.90,299,92,26,,,79,,,,,,0,2025-07-25T08:47:32.000+0200,1475,1427,15.606,48.1385850,-1.9908933,23.41,34.54,38.95,54.39,34.8,100,2,,
2025-07-25T08:47:33.886+0200,1556,1467,17.317,4786.704,25.23,37.97,42.27,59.21,,-1.19,130.00,11.18,28.50,1453,92,26,,,79,,,,,,0,2025-07-25T08:47:33.000+0200,1475,1427,15.613,48.1385750,-1.9908033,22.96,34.54,38.93,54.39,34.6,99,2,,
2025-07-25T08:47:33.906+0200,1556,1467,17.317,4786.704,25.23,37.97,42.27,59.21,,-1.19,130.00,11.18,28.50,1453,92,26,,,79,,,,,,0,2025-07-25T08:47:33.000+0200,1475,1427,15.613,48.1385750,-1.9908033,22.96,34.54,38.93,54.39,34.6,99,2,,
2025-07-25T08:47:34.485+0200,1557,1467,17.322,4786.708,25.56,37.97,42.26,59.21,,-3.26,129.89,7.79,19.69,1012,92,26,,,78,,,,,,0,2025-07-25T08:47:33.000+0200,1476,1428,15.613,48.1385750,-1.9908033,22.96,34.54,38.93,54.39,34.6,99,2,,
2025-07-25T08:47:34.508+0200,1557,1467,17.322,4786.708,25.56,37.97,42.26,59.21,,-3.26,129.89,7.79,19.69,1012,92,26,,,78,,,,,,0,2025-07-25T08:47:33.000+0200,1476,1428,15.613,48.1385750,-1.9908033,22.96,34.54,38.93,54.39,34.6,99,2,,
2025-07-25T08:47:35.124+0200,1557,1468,17.326,4786.713,25.45,37.97,42.25,59.21,,-0.36,129.80,7.18,18.19,932,92,26,,,78,,,,,,0,2025-07-25T08:47:34.000+0200,1477,1429,15.619,48.1385717,-1.9907167,22.19,34.53,38.92,54.39,34.4,88,2,,
2025-07-25T08:47:35.147+0200,1557,1468,17.326,4786.713,25.45,37.97,42.25,59.21,,-0.36,129.80,7.18,18.19,932,92,26,,,78,,,,,,0,2025-07-25T08:47:34.000+0200,1477,1429,15.619,48.1385717,-1.9907167,22.19,34.53,38.92,54.39,34.4,88,2,,
2025-07-25T08:47:35.740+0200,1558,1469,17.331,4786.717,25.95,37.96,42.25,59.21,,-5.86,129.80,17.02,42.60,2209,92,26,,,78,,,,,,0,2025-07-25T08:47:35.000+0200,1477,1429,15.626,48.1385650,-1.9906250,24.98,34.52,38.91,54.39,34.5,98,2,,
2025-07-25T08:47:35.762+0200,1558,1469,17.331,4786.717,25.95,37.96,42.25,59.21,,-5.86,129.80,17.02,42.60,2209,92,26,,,78,,,,,,0,2025-07-25T08:47:35.000+0200,1477,1429,15.626,48.1385650,-1.9906250,24.98,34.52,38.91,54.39,34.5,98,2,,
2025-07-25T08:47:36.362+0200,1558,1469,17.336,4786.722,23.86,37.96,42.24,59.21,,3.83,130.00,-1.06,-5.60,-138,92,26,,,80,,,,,,0,2025-07-25T08:47:35.000+0200,1478,1430,15.626,48.1385650,-1.9906250,24.98,34.52,38.91,54.39,34.5,98,2,,
2025-07-25T08:47:36.384+0200,1558,1469,17.336,4786.722,23.86,37.96,42.24,59.21,,3.83,130.00,-1.06,-5.60,-138,92,26,,,80,,,,,,0,2025-07-25T08:47:35.000+0200,1478,1430,15.626,48.1385650,-1.9906250,24.98,34.52,38.91,54.39,34.5,98,2,,
2025-07-25T08:47:36.982+0200,1559,1470,17.340,4786.726,23.72,37.95,42.23,59.21,,3.60,129.89,11.95,31.70,1552,92,26,,,80,,,,,,0,2025-07-25T08:47:36.000+0200,1478,1430,15.633,48.1385533,-1.9905317,22.48,34.51,38.90,54.39,34.5,97,2,,
2025-07-25T08:47:37.004+0200,1559,1470,17.340,4786.726,23.72,37.95,42.23,59.21,,3.60,129.89,11.95,31.70,1552,92,26,,,80,,,,,,0,2025-07-25T08:47:36.000+0200,1478,1430,15.633,48.1385533,-1.9905317,22.48,34.51,38.90,54.39,34.5,97,2,,
2025-07-25T08:47:37.613+0200,1560,1470,17.344,4786.730,23.97,37.94,42.22,59.21,,-1.91,129.89,3.56,9.39,462,92,26,,,80,,,,,,0,2025-07-25T08:47:36.000+0200,1479,1431,15.633,48.1385533,-1.9905317,22.48,34.51,38.90,54.39,34.5,97,2,,
2025-07-25T08:47:37.640+0200,1560,1470,17.344,4786.730,23.97,37.94,42.22,59.21,,-1.91,129.89,3.56,9.39,462,92,26,,,80,,,,,,0,2025-07-25T08:47:36.000+0200,1479,1431,15.633,48.1385533,-1.9905317,22.48,34.51,38.90,54.39,34.5,97,2,,
2025-07-25T08:47:38.223+0200,1560,1471,17.348,4786.734,24.37,37.94,42.21,59.21,,1.13,129.89,-1.01,-5.30,-131,92,26,,,79,,,,,,0,2025-07-25T08:47:37.000+0200,1480,1432,15.639,48.1385517,-1.9904583,22.50,34.51,38.89,54.39,34.8,89,3,,
2025-07-25T08:47:38.248+0200,1560,1471,17.348,4786.734,24.37,37.94,42.21,59.21,,1.13,129.89,-1.01,-5.30,-131,92,26,,,79,,,,,,0,2025-07-25T08:47:37.000+0200,1480,1432,15.639,48.1385517,-1.9904583,22.50,34.51,38.89,54.39,34.8,89,3,,
2025-07-25T08:47:38.859+0200,1561,1472,17.352,4786.738,23.11,37.93,42.21,59.21,,1.68,130.00,5.19,14.00,675,92,26,,,80,,,,,,0,2025-07-25T08:47:38.000+0200,1480,1432,15.647,48.1385483,-1.9903550,21.58,34.50,38.88,54.39,35.2,93,3,,
2025-07-25T08:47:38.879+0200,1561,1472,17.352,4786.738,23.11,37.93,42.21,59.21,,1.68,130.00,5.19,14.00,675,92,26,,,80,,,,,,0,2025-07-25T08:47:38.000+0200,1480,1432,15.647,48.1385483,-1.9903550,21.58,34.50,38.88,54.39,35.2,93,3,,
2025-07-25T08:47:39.484+0200,1562,1472,17.356,4786.742,23.79,37.93,42.20,59.21,,3.60,130.00,6.57,17.40,854,93,25,,,80,,,,,,0,2025-07-25T08:47:38.000+0200,1481,1433,15.647,48.1385483,-1.9903550,21.58,34.50,38.88,54.39,35.2,93,3,,
2025-07-25T08:47:39.504+0200,1562,1472,17.356,4786.742,23.79,37.93,42.20,59.21,,3.60,130.00,6.57,17.40,854,93,25,,,80,,,,,,0,2025-07-25T08:47:38.000+0200,1481,1433,15.647,48.1385483,-1.9903550,21.58,34.50,38.88,54.39,35.2,93,3,,
2025-07-25T08:47:40.110+0200,1562,1473,17.360,4786.746,24.58,37.92,42.19,59.21,,1.13,129.80,10.68,27.70,1386,93,25,,,79,,,,,,0,2025-07-25T08:47:39.000+0200,1482,1434,15.651,48.1385433,-1.9902933,18.62,34.49,38.86,54.39,34.5,95,2,,
2025-07-25T08:47:40.128+0200,1562,1473,17.360,4786.746,24.58,37.92,42.19,59.21,,1.13,129.80,10.68,27.70,1386,93,25,,,79,,,,,,0,2025-07-25T08:47:39.000+0200,1482,1434,15.651,48.1385433,-1.9902933,18.62,34.49,38.86,54.39,34.5,95,2,,
2025-07-25T08:47:40.722+0200,1563,1474,17.364,4786.750,26.42,37.92,42.18,59.21,,2.59,129.59,11.15,27.59,1445,93,26,,,78,,,,,,0,2025-07-25T08:47:40.000+0200,1482,1434,15.656,48.1385400,-1.9902233,21.62,34.48,38.85,54.39,34.7,94,2,,
2025-07-25T08:47:40.740+0200,1563,1474,17.364,4786.750,26.42,37.92,42.18,59.21,,2.59,129.59,11.15,27.59,1445,93,26,,,78,,,,,,0,2025-07-25T08:47:40.000+0200,1482,1434,15.656,48.1385400,-1.9902233,21.62,34.48,38.85,54.39,34.7,94,2,,
2025-07-25T08:47:41.344+0200,1563,1474,17.369,4786.755,25.81,37.91,42.18,59.21,,-4.26,129.59,0.91,2.30,118,93,26,,,78,,,,,,0,2025-07-25T08:47:40.000+0200,1483,1435,15.656,48.1385400,-1.9902233,21.62,34.48,38.85,54.39,34.7,94,2,,
2025-07-25T08:47:41.367+0200,1563,1474,17.369,4786.755,25.81,37.91,42.18,59.21,,-4.26,129.59,0.91,2.30,118,93,26,,,78,,,,,,0,2025-07-25T08:47:40.000+0200,1483,1435,15.656,48.1385400,-1.9902233,21.62,34.48,38.85,54.39,34.7,94,2,,
2025-07-25T08:47:41.981+0200,1564,1475,17.373,4786.760,27.43,37.91,42.17,59.21,,3.24,129.50,7.66,18.50,992,93,26,,,77,,,,,,0,2025-07-25T08:47:41.000+0200,1483,1435,15.663,48.1385317,-1.9901400,24.18,34.47,38.84,54.39,34.9,95,2,,
2025-07-25T08:47:42.006+0200,1564,1475,17.373,4786.760,27.43,37.91,42.17,59.21,,3.24,129.50,7.66,18.50,992,93,26,,,77,,,,,,0,2025-07-25T08:47:41.000+0200,1483,1435,15.663,48.1385317,-1.9901400,24.18,34.47,38.84,54.39,34.9,95,2,,
2025-07-25T08:47:42.605+0200,1565,1475,17.378,4786.764,26.78,37.91,42.16,59.21,,-1.68,129.59,2.81,6.89,364,93,26,,,77,,,,,,0,2025-07-25T08:47:41.000+0200,1484,1436,15.663,48.1385317,-1.9901400,24.18,34.47,38.84,54.39,34.9,95,2,,
2025-07-25T08:47:42.627+0200,1565,1475,17.378,4786.764,26.78,37.91,42.16,59.21,,-1.68,129.59,2.81,6.89,364,93,26,,,77,,,,,,0,2025-07-25T08:47:41.000+0200,1484,1436,15.663,48.1385317,-1.9901400,24.18,34.47,38.84,54.39,34.9,95,2,,
2025-07-25T08:47:43.221+0200,1565,1476,17.383,4786.769,26.64,37.90,42.16,59.21,,3.59,129.70,1.42,3.50,184,93,26,,,77,,,,,,0,2025-07-25T08:47:42.000+0200,1485,1437,15.669,48.1385350,-1.9900567,22.11,34.47,38.83,54.39,35.0,93,2,,
2025-07-25T08:47:43.257+0200,1565,1476,17.383,4786.769,26.64,37.90,42.16,59.21,,3.59,129.70,1.42,3.50,184,93,26,,,77,,,,,,0,2025-07-25T08:47:42.000+0200,1485,1437,15.669,48.1385350,-1.9900567,22.11,34.47,38.83,54.39,35.0,93,2,,
2025-07-25T08:47:43.843+0200,1566,1477,17.387,4786.774,25.84,37.90,42.15,59.21,,-0.45,129.89,-1.21,-6.10,-157,93,26,,,78,,,,,,0,2025-07-25T08:47:43.000+0200,1485,1437,15.674,48.1385333,-1.9899850,17.92,34.46,38.82,54.39,35.1,94,2,,
2025-07-25T08:47:43.866+0200,1566,1477,17.387,4786.774,25.84,37.90,42.15,59.21,,-0.45,129.89,-1.21,-6.10,-157,93,26,,,78,,,,,,0,2025-07-25T08:47:43.000+0200,1485,1437,15.674,48.1385333,-1.9899850,17.92,34.46,38.82,54.39,35.1,94,2,,
2025-07-25T08:47:44.465+0200,1567,1477,17.392,4786.778,24.62,37.89,42.14,59.21,,-0.11,130.00,3.51,9.09,456,93,26,,,79,,,,,,0,2025-07-25T08:47:43.000+0200,1486,1438,15.674,48.1385333,-1.9899850,17.92,34.46,38.82,54.39,35.1,94,2,,
2025-07-25T08:47:44.486+0200,1567,1477,17.392,4786.778,24.62,37.89,42.14,59.21,,-0.11,130.00,3.51,9.09,456,93,26,,,79,,,,,,0,2025-07-25T08:47:43.000+0200,1486,1438,15.674,48.1385333,-1.9899850,17.92,34.46,38.82,54.39,35.1,94,2,,
2025-07-25T08:47:45.101+0200,1567,1478,17.396,4786.783,25.30,37.89,42.14,59.21,,-1.44,129.89,2.59,6.60,336,93,25,,,79,,,,,,0,2025-07-25T08:47:44.000+0200,1487,1439,15.680,48.1385317,-1.9899033,21.09,34.45,38.80,54.39,35.1,93,2,,
2025-07-25T08:47:45.126+0200,1567,1478,17.396,4786.783,25.30,37.89,42.14,59.21,,-1.44,129.89,2.59,6.60,336,93,25,,,79,,,,,,0,2025-07-25T08:47:44.000+0200,1487,1439,15.680,48.1385317,-1.9899033,21.09,34.45,38.80,54.39,35.1,93,2,,
2025-07-25T08:47:45.709+0200,1568,1479,17.401,4786.787,26.24,37.88,42.13,59.21,,1.24,129.89,3.38,8.39,439,93,25,,,78,,,,,,0,2025-07-25T08:47:45.000+0200,1487,1439,15.685,48.1385250,-1.9898350,21.44,34.44,38.79,54.39,35.2,97,2,,
2025-07-25T08:47:45.738+0200,1568,1479,17.401,4786.787,26.24,37.88,42.13,59.21,,1.24,129.89,3.38,8.39,439,93,25,,,78,,,,,,0,2025-07-25T08:47:45.000+0200,1487,1439,15.685,48.1385250,-1.9898350,21.44,34.44,38.79,54.39,35.2,97,2,,
2025-07-25T08:47:46.342+0200,1568,1479,17.405,4786.791,26.60,37.88,42.12,59.21,,2.27,130.00,-0.36,-1.80,-47,93,25,,,77,,,,,,0,2025-07-25T08:47:45.000+0200,1488,1440,15.685,48.1385250,-1.9898350,21.44,34.44,38.79,54.39,35.2,97,2,,
2025-07-25T08:47:46.365+0200,1568,1479,17.405,4786.791,26.60,37.88,42.12,59.21,,2.27,130.00,-0.36,-1.80,-47,93,25,,,77,,,,,,0,2025-07-25T08:47:45.000+0200,1488,1440,15.685,48.1385250,-1.9898350,21.44,34.44,38.79,54.39,35.2,97,2,,
2025-07-25T08:47:46.948+0200,1569,1480,17.410,4786.796,25.20,37.87,42.12,59.21,,-3.60,130.09,-1.54,-7.89,-200,93,25,,,79,,,,,,0,2025-07-25T08:47:46.000+0200,1488,1440,15.692,48.1384867,-1.9897633,20.22,34.43,38.78,54.39,34.6,105,2,,
2025-07-25T08:47:46.972+0200,1569,1480,17.410,4786.796,25.20,37.87,42.12,59.21,,-3.60,130.09,-1.54,-7.89,-200,93,25,,,79,,,,,,0,2025-07-25T08:47:46.000+0200,1488,1440,15.692,48.1384867,-1.9897633,20.22,34.43,38.78,54.39,34.6,105,2,,
2025-07-25T08:47:47.584+0200,1570,1480,17.414,4786.800,24.58,37.87,42.11,59.21,,-0.12,130.20,-1.67,-8.70,-217,93,25,,,79,,,,,,0,2025-07-25T08:47:46.000+0200,1489,1441,15.692,48.1384867,-1.9897633,20.22,34.43,38.78,54.39,34.6,105,2,,
2025-07-25T08:47:47.610+0200,1570,1480,17.414,4786.800,24.58,37.87,42.11,59.21,,-0.12,130.20,-1.67,-8.70,-217,93,25,,,79,,,,,,0,2025-07-25T08:47:46.000+0200,1489,1441,15.692,48.1384867,-1.9897633,20.22,34.43,38.78,54.39,34.6,105,2,,
2025-07-25T08:47:48.202+0200,1570,1481,17.419,4786.805,24.62,37.86,42.10,59.21,,2.51,130.30,-0.63,-3.30,-82,93,25,,,79,,,,,,0,2025-07-25T08:47:47.000+0200,1490,1442,15.697,48.1384850,-1.9897017,20.28,34.42,38.77,54.39,34.6,111,2,,
2025-07-25T08:47:48.225+0200,1570,1481,17.419,4786.805,24.62,37.86,42.10,59.21,,2.51,130.30,-0.63,-3.30,-82,93,25,,,79,,,,,,0,2025-07-25T08:47:47.000+0200,1490,1442,15.697,48.1384850,-1.9897017,20.28,34.42,38.77,54.39,34.6,111,2,,
2025-07-25T08:47:48.820+0200,1571,1482,17.423,4786.809,27.14,37.86,42.10,59.21,,2.02,130.30,7.44,18.10,969,93,25,,,77,,,,,,0,2025-07-25T08:47:48.000+0200,1490,1442,15.703,48.1384700,-1.9896233,22.42,34.42,38.75,54.39,34.3,108,2,,
2025-07-25T08:47:48.844+0200,1571,1482,17.423,4786.809,27.14,37.86,42.10,59.21,,2.02,130.30,7.44,18.10,969,93,25,,,77,,,,,,0,2025-07-25T08:47:48.000+0200,1490,1442,15.703,48.1384700,-1.9896233,22.42,34.42,38.75,54.39,34.3,108,2,,
2025-07-25T08:47:49.442+0200,1572,1482,17.427,4786.814,28.29,37.86,42.09,59.21,,1.80,130.20,11.67,27.59,1519,93,25,,,76,,,,,,0,2025-07-25T08:47:48.000+0200,1491,1443,15.703,48.1384700,-1.9896233,22.42,34.42,38.75,54.39,34.3,108,2,,
2025-07-25T08:47:49.464+0200,1572,1482,17.427,4786.814,28.29,37.86,42.09,59.21,,1.80,130.20,11.67,27.59,1519,93,25,,,76,,,,,,0,2025-07-25T08:47:48.000+0200,1491,1443,15.703,48.1384700,-1.9896233,22.42,34.42,38.75,54.39,34.3,108,2,,
2025-07-25T08:47:50.065+0200,1572,1483,17.432,4786.819,29.33,37.85,42.08,59.21,,5.38,129.80,19.84,45.80,2575,93,25,,,75,,,,,,0,2025-07-25T08:47:49.000+0200,1492,1444,15.710,48.1384550,-1.9895300,26.47,34.41,38.75,54.39,34.0,105,2,,
2025-07-25T08:47:50.088+0200,1572,1483,17.432,4786.819,29.33,37.85,42.08,59.21,,5.38,129.80,19.84,45.80,2575,93,25,,,75,,,,,,0,2025-07-25T08:47:49.000+0200,1492,1444,15.710,48.1384550,-1.9895300,26.47,34.41,38.75,54.39,34.0,105,2,,
2025-07-25T08:47:50.702+0200,1573,1484,17.437,4786.824,33.87,37.85,42.08,59.21,,8.04,129.20,33.27,69.50,4298,93,25,,,71,,,,,,0,2025-07-25T08:47:50.000+0200,1492,1444,15.718,48.1384417,-1.9894233,29.35,34.41,38.74,54.39,33.7,102,2,,
2025-07-25T08:47:50.725+0200,1573,1484,17.437,4786.824,33.87,37.85,42.08,59.21,,8.04,129.20,33.27,69.50,4298,93,25,,,71,,,,,,0,2025-07-25T08:47:50.000+0200,1492,1444,15.718,48.1384417,-1.9894233,29.35,34.41,38.74,54.39,33.7,102,2,,
2025-07-25T08:47:51.323+0200,1573,1484,17.443,4786.830,34.59,37.85,42.08,59.21,,1.91,129.00,12.63,26.00,1629,93,25,,,70,,,,,,0,2025-07-25T08:47:50.000+0200,1493,1445,15.718,48.1384417,-1.9894233,29.35,34.41,38.74,54.39,33.7,102,2,,
2025-07-25T08:47:51.347+0200,1573,1484,17.443,4786.830,34.59,37.85,42.08,59.21,,1.91,129.00,12.63,26.00,1629,93,25,,,70,,,,,,0,2025-07-25T08:47:50.000+0200,1493,1445,15.718,48.1384417,-1.9894233,29.35,34.41,38.74,54.39,33.7,102,2,,
2025-07-25T08:47:51.946+0200,1574,1485,17.449,4786.836,34.84,37.85,42.07,59.21,,2.51,128.89,11.87,24.30,1530,93,26,,,70,,,,,,0,2025-07-25T08:47:51.000+0200,1493,1445,15.727,48.1384283,-1.9893083,32.56,34.41,38.74,54.39,33.6,102,2,,
2025-07-25T08:47:51.971+0200,1574,1485,17.449,4786.836,34.84,37.85,42.07,59.21,,2.51,128.89,11.87,24.30,1530,93,26,,,70,,,,,,0,2025-07-25T08:47:51.000+0200,1493,1445,15.727,48.1384283,-1.9893083,32.56,34.41,38.74,54.39,33.6,102,2,,
2025-07-25T08:47:52.564+0200,1575,1485,17.455,4786.842,36.89,37.85,42.07,59.21,,3.71,128.80,14.71,28.90,1895,93,26,,,68,,,,,,0,2025-07-25T08:47:51.000+0200,1494,1446,15.727,48.1384283,-1.9893083,32.56,34.41,38.74,54.39,33.6,102,2,,
2025-07-25T08:47:52.587+0200,1575,1485,17.455,4786.842,36.89,37.85,42.07,59.21,,3.71,128.80,14.71,28.90,1895,93,26,,,68,,,,,,0,2025-07-25T08:47:51.000+0200,1494,1446,15.727,48.1384283,-1.9893083,32.56,34.41,38.74,54.39,33.6,102,2,,
2025-07-25T08:47:53.202+0200,1575,1486,17.461,4786.848,36.93,37.85,42.07,59.21,,0.12,128.80,9.67,19.00,1245,93,26,,,68,,,,,,0,2025-07-25T08:47:52.000+0200,1495,1447,15.736,48.1384183,-1.9891800,31.95,34.41,38.73,54.39,33.3,96,2,,
2025-07-25T08:47:53.226+0200,1575,1486,17.461,4786.848,36.93,37.85,42.07,59.21,,0.12,128.80,9.67,19.00,1245,93,26,,,68,,,,,,0,2025-07-25T08:47:52.000+0200,1495,1447,15.736,48.1384183,-1.9891800,31.95,34.41,38.73,54.39,33.3,96,2,,
2025-07-25T08:47:53.826+0200,1576,1487,17.468,4786.855,38.41,37.85,42.07,59.21,,1.79,128.80,10.16,19.40,1309,93,26,,,67,,,,,,0,2025-07-25T08:47:53.000+0200,1495,1447,15.746,48.1384100,-1.9890500,34.50,34.41,38.73,54.39,33.1,97,2,,
2025-07-25T08:47:53.847+0200,1576,1487,17.468,4786.855,38.41,37.85,42.07,59.21,,1.79,128.80,10.16,19.40,1309,93,26,,,67,,,,,,0,2025-07-25T08:47:53.000+0200,1495,1447,15.746,48.1384100,-1.9890500,34.50,34.41,38.73,54.39,33.1,97,2,,
2025-07-25T08:47:54.452+0200,1577,1487,17.474,4786.861,39.56,37.85,42.07,59.21,,2.25,128.50,22.92,42.80,2945,93,26,,,66,,,,,,0,2025-07-25T08:47:53.000+0200,1496,1448,15.746,48.1384100,-1.9890500,34.50,34.41,38.73,54.39,33.1,97,2,,
2025-07-25T08:47:54.471+0200,1577,1487,17.474,4786.861,39.56,37.85,42.07,59.21,,2.25,128.50,22.92,42.80,2945,93,26,,,66,,,,,,0,2025-07-25T08:47:53.000+0200,1496,1448,15.746,48.1384100,-1.9890500,34.50,34.41,38.73,54.39,33.1,97,2,,
2025-07-25T08:47:55.065+0200,1577,1488,17.481,4786.868,41.18,37.85,42.07,59.21,,1.20,128.30,17.16,31.09,2202,93,26,,,65,,,,,,0,2025-07-25T08:47:54.000+0200,1497,1449,15.757,48.1384017,-1.9889100,36.81,34.41,38.73,54.39,32.8,97,2,,
2025-07-25T08:47:55.084+0200,1577,1488,17.481,4786.868,41.18,37.85,42.07,59.21,,1.20,128.30,17.16,31.09,2202,93,26,,,65,,,,,,0,2025-07-25T08:47:54.000+0200,1497,1449,15.757,48.1384017,-1.9889100,36.81,34.41,38.73,54.39,32.8,97,2,,
2025-07-25T08:47:55.678+0200,1578,1489,17.488,4786.876,43.05,37.85,42.07,59.21,,0.45,128.30,15.34,26.90,1968,93,26,,,63,,,,,,0,2025-07-25T08:47:55.000+0200,1497,1449,15.767,48.1383917,-1.9887650,39.79,34.41,38.73,54.39,32.6,98,2,,
2025-07-25T08:47:55.700+0200,1578,1489,17.488,4786.876,43.05,37.85,42.07,59.21,,0.45,128.30,15.34,26.90,1968,93,26,,,63,,,,,,0,2025-07-25T08:47:55.000+0200,1497,1449,15.767,48.1383917,-1.9887650,39.79,34.41,38.73,54.39,32.6,98,2,,
2025-07-25T08:47:56.301+0200,1578,1489,17.495,4786.883,44.38,37.85,42.07,59.21,,0.67,128.30,12.72,21.80,1632,93,26,,,62,,,,,,0,2025-07-25T08:47:55.000+0200,1498,1450,15.767,48.1383917,-1.9887650,39.79,34.41,38.73,54.39,32.6,98,2,,
2025-07-25T08:47:56.322+0200,1578,1489,17.495,4786.883,44.38,37.85,42.07,59.21,,0.67,128.30,12.72,21.80,1632,93,26,,,62,,,,,,0,2025-07-25T08:47:55.000+0200,1498,1450,15.767,48.1383917,-1.9887650,39.79,34.41,38.73,54.39,32.6,98,2,,
2025-07-25T08:47:56.941+0200,1579,1490,17.503,4786.891,43.66,37.85,42.07,59.21,,-1.08,128.50,8.07,14.00,1037,93,26,,,63,,,,,,0,2025-07-25T08:47:56.000+0200,1498,1450,15.779,48.1383767,-1.9886117,41.07,34.41,38.73,54.39,32.7,97,2,,
2025-07-25T08:47:56.967+0200,1579,1490,17.503,4786.891,43.66,37.85,42.07,59.21,,-1.08,128.50,8.07,14.00,1037,93,26,,,63,,,,,,0,2025-07-25T08:47:56.000+0200,1498,1450,15.779,48.1383767,-1.9886117,41.07,34.41,38.73,54.39,32.7,97,2,,
2025-07-25T08:47:57.562+0200,1580,1490,17.511,4786.898,43.27,37.86,42.07,59.21,,-3.12,128.59,23.99,41.90,3085,93,26,,,63,,,,,,0,2025-07-25T08:47:56.000+0200,1499,1451,15.779,48.1383767,-1.9886117,41.07,34.41,38.73,54.39,32.7,97,2,,
2025-07-25T08:47:57.585+0200,1580,1490,17.511,4786.898,43.27,37.86,42.07,59.21,,-3.12,128.59,23.99,41.90,3085,93,26,,,63,,,,,,0,2025-07-25T08:47:56.000+0200,1499,1451,15.779,48.1383767,-1.9886117,41.07,34.41,38.73,54.39,32.7,97,2,,
2025-07-25T08:47:58.183+0200,1580,1491,17.518,4786.906,43.92,37.86,42.07,59.21,,0.36,128.50,15.34,26.50,1971,93,26,,,62,,,,,,0,2025-07-25T08:47:57.000+0200,1500,1452,15.790,48.1383650,-1.9884600,39.74,34.42,38.73,54.39,32.7,98,2,,
2025-07-25T08:47:58.203+0200,1580,1491,17.518,4786.906,43.92,37.86,42.07,59.21,,0.36,128.50,15.34,26.50,1971,93,26,,,62,,,,,,0,2025-07-25T08:47:57.000+0200,1500,1452,15.790,48.1383650,-1.9884600,39.74,34.42,38.73,54.39,32.7,98,2,,
2025-07-25T08:47:58.805+0200,1581,1492,17.526,4786.914,47.12,37.86,42.07,59.21,,3.48,128.30,10.20,16.69,1309,93,26,,,60,,,,,,0,2025-07-25T08:47:58.000+0200,1500,1452,15.802,48.1383517,-1.9883050,38.79,34.42,38.73,54.39,32.8,93,2,,
2025-07-25T08:47:58.827+0200,1581,1492,17.526,4786.914,47.12,37.86,42.07,59.21,,3.48,128.30,10.20,16.69,1309,93,26,,,60,,,,,,0,2025-07-25T08:47:58.000+0200,1500,1452,15.802,48.1383517,-1.9883050,38.79,34.42,38.73,54.39,32.8,93,2,,
2025-07-25T08:47:59.423+0200,1582,1492,17.534,4786.922,45.79,37.87,42.07,59.21,,-5.74,128.50,4.48,7.50,576,93,26,,,61,,,,,,0,2025-07-25T08:47:58.000+0200,1501,1453,15.802,48.1383517,-1.9883050,38.79,34.42,38.73,54.39,32.8,93,2,,
2025-07-25T08:47:59.446+0200,1582,1492,17.534,4786.922,45.79,37.87,42.07,59.21,,-5.74,128.50,4.48,7.50,576,93,26,,,61,,,,,,0,2025-07-25T08:47:58.000+0200,1501,1453,15.802,48.1383517,-1.9883050,38.79,34.42,38.73,54.39,32.8,93,2,,
2025-07-25T08:48:00.043+0200,1582,1493,17.542,4786.930,46.90,37.87,42.07,59.21,,2.03,128.59,14.06,23.10,1808,93,26,,,60,,,,,,0,2025-07-25T08:47:59.000+0200,1501,1453,15.813,48.1383433,-1.9881533,41.49,34.42,38.73,54.39,32.9,98,2,,
2025-07-25T08:48:00.066+0200,1582,1493,17.542,4786.930,46.90,37.87,42.07,59.21,,2.03,128.59,14.06,23.10,1808,93,26,,,60,,,,,,0,2025-07-25T08:47:59.000+0200,1502,1454,15.813,48.1383433,-1.9881533,41.49,34.42,38.73,54.39,32.9,98,2,,
2025-07-25T08:48:00.662+0200,1583,1493,17.550,4786.938,46.26,37.87,42.08,59.21,,2.47,128.59,22.41,37.20,2882,93,26,,,60,,,,,,0,2025-07-25T08:48:00.000+0200,1502,1454,15.825,48.1383283,-1.9879950,42.17,34.43,38.73,54.39,33.0,97,2,,
2025-07-25T08:48:00.685+0200,1583,1494,17.550,4786.938,46.26,37.87,42.08,59.21,,2.47,128.59,22.41,37.20,2882,93,26,,,60,,,,,,0,2025-07-25T08:48:00.000+0200,1502,1454,15.825,48.1383283,-1.9879950,42.17,34.43,38.73,54.39,33.0,97,2,,
2025-07-25T08:48:01.281+0200,1583,1494,17.558,4786.946,47.23,37.88,42.08,59.21,,0.34,128.39,15.24,24.90,1957,93,26,,,59,,,,,,0,2025-07-25T08:48:00.000+0200,1503,1455,15.825,48.1383283,-1.9879950,42.17,34.43,38.73,54.39,33.0,97,2,,
2025-07-25T08:48:01.301+0200,1583,1494,17.558,4786.946,47.23,37.88,42.08,59.21,,0.34,128.39,15.24,24.90,1957,93,26,,,59,,,,,,0,2025-07-25T08:48:00.000+0200,1503,1455,15.825,48.1383283,-1.9879950,42.17,34.43,38.73,54.39,33.0,97,2,,
2025-07-25T08:48:01.899+0200,1584,1495,17.566,4786.954,46.58,37.88,42.08,59.21,,-1.79,128.59,5.08,8.39,653,93,26,,,60,,,,,,0,2025-07-25T08:48:01.000+0200,1503,1455,15.837,48.1383200,-1.9878383,42.70,34.43,38.74,54.39,32.8,96,2,,
2025-07-25T08:48:01.920+0200,1584,1495,17.566,4786.954,46.58,37.88,42.08,59.21,,-1.79,128.59,5.08,8.39,653,93,26,,,60,,,,,,0,2025-07-25T08:48:01.000+0200,1503,1455,15.837,48.1383200,-1.9878383,42.70,34.43,38.74,54.39,32.8,96,2,,
2025-07-25T08:48:02.543+0200,1585,1495,17.574,4786.962,46.94,37.88,42.08,59.21,,2.40,128.59,18.16,29.80,2335,92,26,,,60,,,,,,0,2025-07-25T08:48:01.000+0200,1504,1456,15.837,48.1383200,-1.9878383,42.70,34.43,38.74,54.39,32.8,96,2,,
2025-07-25T08:48:02.567+0200,1585,1495,17.574,4786.962,46.94,37.88,42.08,59.21,,2.40,128.59,18.16,29.80,2335,92,26,,,60,,,,,,0,2025-07-25T08:48:01.000+0200,1504,1456,15.837,48.1383200,-1.9878383,42.70,34.43,38.74,54.39,32.8,96,2,,
2025-07-25T08:48:03.162+0200,1585,1496,17.582,4786.971,47.16,37.89,42.08,59.21,,0.00,128.59,10.15,16.60,1305,92,26,,,60,,,,,,0,2025-07-25T08:48:02.000+0200,1505,1457,15.849,48.1383067,-1.9876767,42.82,34.44,38.74,54.39,33.3,96,2,,
2025-07-25T08:48:03.184+0200,1585,1496,17.582,4786.971,47.16,37.89,42.08,59.21,,0.00,128.59,10.15,16.60,1305,92,26,,,60,,,,,,0,2025-07-25T08:48:02.000+0200,1505,1457,15.849,48.1383067,-1.9876767,42.82,34.44,38.74,54.39,33.3,96,2,,
2025-07-25T08:48:03.786+0200,1586,1497,17.591,4786.979,46.87,37.89,42.09,59.21,,-0.90,128.59,14.06,23.10,1808,92,26,,,60,,,,,,0,2025-07-25T08:48:03.000+0200,1505,1457,15.861,48.1382933,-1.9875150,42.37,34.44,38.74,54.39,34.0,98,2,,
2025-07-25T08:48:03.808+0200,1586,1497,17.591,4786.979,46.87,37.89,42.09,59.21,,-0.90,128.59,14.06,23.10,1808,92,26,,,60,,,,,,0,2025-07-25T08:48:03.000+0200,1505,1457,15.861,48.1382933,-1.9875150,42.37,34.44,38.74,54.39,34.0,98,2,,
2025-07-25T08:48:04.404+0200,1587,1497,17.599,4786.987,47.73,37.89,42.09,59.21,,1.69,128.50,10.24,16.60,1316,92,26,,,59,,,,,,0,2025-07-25T08:48:03.000+0200,1506,1458,15.861,48.1382933,-1.9875150,42.37,34.44,38.74,54.39,34.0,98,2,,
2025-07-25T08:48:04.426+0200,1587,1497,17.599,4786.987,47.73,37.89,42.09,59.21,,1.69,128.50,10.24,16.60,1316,92,26,,,59,,,,,,0,2025-07-25T08:48:03.000+0200,1506,1458,15.861,48.1382933,-1.9875150,42.37,34.44,38.74,54.39,34.0,98,2,,
2025-07-25T08:48:05.047+0200,1587,1498,17.607,4786.995,47.30,37.90,42.09,59.21,,-1.80,128.59,9.93,16.19,1277,92,26,,,59,,,,,,0,2025-07-25T08:48:04.000+0200,1506,1458,15.873,48.1382783,-1.9873550,44.85,34.45,38.75,54.39,34.2,97,2,,
2025-07-25T08:48:05.070+0200,1587,1498,17.607,4786.995,47.30,37.90,42.09,59.21,,-1.80,128.59,9.93,16.19,1277,92,26,,,59,,,,,,0,2025-07-25T08:48:04.000+0200,1507,1459,15.873,48.1382783,-1.9873550,44.85,34.45,38.75,54.39,34.2,97,2,,
2025-07-25T08:48:05.670+0200,1588,1498,17.615,4787.004,48.24,37.90,42.09,59.21,,3.48,128.50,19.16,30.80,2462,92,26,,,59,,,,,,0,2025-07-25T08:48:05.000+0200,1507,1459,15.886,48.1382633,-1.9871900,40.34,34.45,38.75,54.39,34.5,98,2,,
2025-07-25T08:48:05.694+0200,1588,1499,17.615,4787.004,48.24,37.90,42.09,59.21,,3.48,128.50,19.16,30.80,2462,92,26,,,59,,,,,,0,2025-07-25T08:48:05.000+0200,1507,1459,15.886,48.1382633,-1.9871900,40.34,34.45,38.75,54.39,34.5,98,2,,
2025-07-25T08:48:06.283+0200,1588,1499,17.624,4787.012,49.06,37.90,42.10,59.21,,3.35,128.39,9.39,14.90,1206,92,26,,,58,,,,,,0,2025-07-25T08:48:05.000+0200,1508,1460,15.886,48.1382633,-1.9871900,40.34,34.45,38.75,54.39,34.5,98,2,,
2025-07-25T08:48:06.306+0200,1588,1499,17.624,4787.012,49.06,37.90,42.10,59.21,,3.35,128.39,9.39,14.90,1206,92,26,,,58,,,,,,0,2025-07-25T08:48:05.000+0200,1508,1460,15.886,48.1382633,-1.9871900,40.34,34.45,38.75,54.39,34.5,98,2,,
2025-07-25T08:48:06.906+0200,1589,1500,17.632,4787.020,48.24,37.91,42.10,59.21,,0.81,128.59,2.17,3.50,279,92,26,,,59,,,,,,0,2025-07-25T08:48:06.000+0200,1508,1460,15.897,48.1382483,-1.9870350,42.90,34.46,38.75,54.39,35.0,99,2,,
2025-07-25T08:48:06.929+0200,1589,1500,17.632,4787.020,48.24,37.91,42.10,59.21,,0.81,128.59,2.17,3.50,279,92,26,,,59,,,,,,0,2025-07-25T08:48:06.000+0200,1508,1460,15.897,48.1382483,-1.9870350,42.90,34.46,38.75,54.39,35.0,99,2,,
2025-07-25T08:48:07.523+0200,1590,1500,17.640,4787.029,48.34,37.91,42.10,59.21,,2.81,128.70,25.43,40.80,3273,92,26,,,59,,,,,,0,2025-07-25T08:48:06.000+0200,1509,1461,15.897,48.1382483,-1.9870350,42.90,34.46,38.75,54.39,35.0,99,2,,
2025-07-25T08:48:07.547+0200,1590,1500,17.640,4787.029,48.34,37.91,42.10,59.21,,2.81,128.70,25.43,40.80,3273,92,26,,,59,,,,,,0,2025-07-25T08:48:06.000+0200,1509,1461,15.897,48.1382483,-1.9870350,42.90,34.46,38.75,54.39,35.0,99,2,,
2025-07-25T08:48:08.141+0200,1590,1501,17.649,4787.037,49.06,37.92,42.10,59.21,,5.05,128.50,25.85,41.00,3322,92,26,,,58,,,,,,0,2025-07-25T08:48:07.000+0200,1510,1462,15.909,48.1382350,-1.9868733,43.02,34.46,38.75,54.39,35.3,98,2,,
2025-07-25T08:48:08.164+0200,1590,1501,17.649,4787.037,49.06,37.92,42.10,59.21,,5.05,128.50,25.85,41.00,3322,92,26,,,58,,,,,,0,2025-07-25T08:48:07.000+0200,1510,1462,15.909,48.1382350,-1.9868733,43.02,34.46,38.75,54.39,35.3,98,2,,
2025-07-25T08:48:08.760+0200,1591,1502,17.657,4787.045,49.35,37.92,42.11,59.21,,-0.34,128.39,9.44,14.90,1212,92,26,,,58,,,,,,0,2025-07-25T08:48:08.000+0200,1510,1462,15.922,48.1382183,-1.9867067,44.77,34.47,38.76,54.39,36.4,98,2,,
2025-07-25T08:48:08.779+0200,1591,1502,17.657,4787.045,49.35,37.92,42.11,59.21,,-0.34,128.39,9.44,14.90,1212,92,26,,,58,,,,,,0,2025-07-25T08:48:08.000+0200,1510,1462,15.922,48.1382183,-1.9867067,44.77,34.47,38.76,54.39,36.4,98,2,,
2025-07-25T08:48:09.384+0200,1592,1502,17.666,4787.054,49.24,37.92,42.11,59.21,,-2.47,128.50,6.89,10.90,885,92,26,,,58,,,,,,0,2025-07-25T08:48:08.000+0200,1511,1463,15.922,48.1382183,-1.9867067,44.77,34.47,38.76,54.39,36.4,98,2,,
2025-07-25T08:48:09.407+0200,1592,1502,17.666,4787.054,49.24,37.92,42.11,59.21,,-2.47,128.50,6.89,10.90,885,92,26,,,58,,,,,,0,2025-07-25T08:48:08.000+0200,1511,1463,15.922,48.1382183,-1.9867067,44.77,34.47,38.76,54.39,36.4,98,2,,
2025-07-25T08:48:10.004+0200,1592,1503,17.674,4787.063,49.06,37.93,42.11,59.21,,-0.11,128.59,13.43,21.30,1727,92,26,,,58,,,,,,0,2025-07-25T08:48:09.000+0200,1511,1463,15.934,48.1382050,-1.9865383,45.46,34.48,38.76,54.39,37.1,99,2,,
2025-07-25T08:48:10.020+0200,1592,1503,17.674,4787.063,49.06,37.93,42.11,59.21,,-0.11,128.59,13.43,21.30,1727,92,26,,,58,,,,,,0,2025-07-25T08:48:09.000+0200,1511,1463,15.934,48.1382050,-1.9865383,45.46,34.48,38.76,54.39,37.1,99,2,,
2025-07-25T08:48:10.619+0200,1593,1503,17.683,4787.071,47.80,37.93,42.11,59.21,,-2.02,128.70,7.72,12.50,994,92,26,,,59,,,,,,0,2025-07-25T08:48:09.000+0200,1512,1464,15.934,48.1382050,-1.9865383,45.46,34.48,38.76,54.39,37.1,99,2,,
2025-07-25T08:48:10.637+0200,1593,1503,17.683,4787.071,47.80,37.93,42.11,59.21,,-2.02,128.70,7.72,12.50,994,92,26,,,59,,,,,,0,2025-07-25T08:48:09.000+0200,1512,1464,15.934,48.1382050,-1.9865383,45.46,34.48,38.76,54.39,37.1,99,2,,
2025-07-25T08:48:11.267+0200,1593,1504,17.691,4787.079,47.69,37.94,42.12,59.21,,-1.21,128.80,6.47,10.50,833,92,26,,,59,,,,,,0,2025-07-25T08:48:10.000+0200,1513,1465,15.947,48.1381900,-1.9863683,44.03,34.48,38.76,54.39,37.4,96,2,,
2025-07-25T08:48:11.291+0200,1593,1504,17.691,4787.079,47.69,37.94,42.12,59.21,,-1.21,128.80,6.47,10.50,833,92,26,,,59,,,,,,0,2025-07-25T08:48:10.000+0200,1513,1465,15.947,48.1381900,-1.9863683,44.03,34.48,38.76,54.39,37.4,96,2,,
2025-07-25T08:48:11.865+0200,1594,1505,17.700,4787.088,47.55,37.94,42.12,59.21,,-1.80,128.89,9.91,16.10,1277,92,26,,,59,,,,,,0,2025-07-25T08:48:11.000+0200,1513,1465,15.959,48.1381783,-1.9862067,42.64,34.49,38.77,54.39,37.8,98,2,,
2025-07-25T08:48:11.888+0200,1594,1505,17.700,4787.088,47.55,37.94,42.12,59.21,,-1.80,128.89,9.91,16.10,1277,92,26,,,59,,,,,,0,2025-07-25T08:48:11.000+0200,1513,1465,15.959,48.1381783,-1.9862067,42.64,34.49,38.77,54.39,37.8,98,2,,
2025-07-25T08:48:12.503+0200,1595,1505,17.708,4787.096,47.19,37.94,42.12,59.21,,-0.79,128.89,8.26,13.50,1065,92,26,,,60,,,,,,0,2025-07-25T08:48:11.000+0200,1514,1466,15.959,48.1381783,-1.9862067,42.64,34.49,38.77,54.39,37.8,98,2,,
2025-07-25T08:48:12.525+0200,1595,1505,17.708,4787.096,47.19,37.94,42.12,59.21,,-0.79,128.89,8.26,13.50,1065,92,26,,,60,,,,,,0,2025-07-25T08:48:11.000+0200,1514,1466,15.959,48.1381783,-1.9862067,42.64,34.49,38.77,54.39,37.8,98,2,,
2025-07-25T08:48:13.124+0200,1595,1506,17.716,4787.104,48.49,37.95,42.12,59.21,,3.47,128.89,13.74,22.00,1771,92,26,,,59,,,,,,0,2025-07-25T08:48:12.000+0200,1515,1467,15.971,48.1381633,-1.9860483,43.30,34.49,38.77,54.39,38.1,101,2,,
2025-07-25T08:48:13.147+0200,1595,1506,17.716,4787.104,48.49,37.95,42.12,59.21,,3.47,128.89,13.74,22.00,1771,92,26,,,59,,,,,,0,2025-07-25T08:48:12.000+0200,1515,1467,15.971,48.1381633,-1.9860483,43.30,34.49,38.77,54.39,38.1,101,2,,
2025-07-25T08:48:13.741+0200,1596,1507,17.725,4787.113,47.19,37.95,42.13,59.21,,-2.47,128.89,9.97,16.29,1285,92,26,,,60,,,,,,0,2025-07-25T08:48:13.000+0200,1515,1467,15.983,48.1381467,-1.9858883,43.26,34.50,38.77,54.39,38.6,100,2,,
2025-07-25T08:48:13.763+0200,1596,1507,17.725,4787.113,47.19,37.95,42.13,59.21,,-2.47,128.89,9.97,16.29,1285,92,26,,,60,,,,,,0,2025-07-25T08:48:13.000+0200,1515,1467,15.983,48.1381467,-1.9858883,43.26,34.50,38.77,54.39,38.6,100,2,,
2025-07-25T08:48:14.385+0200,1597,1507,17.733,4787.121,46.65,37.95,42.13,59.21,,-1.80,128.89,5.88,9.70,758,92,26,,,60,,,,,,0,2025-07-25T08:48:13.000+0200,1516,1468,15.983,48.1381467,-1.9858883,43.26,34.50,38.77,54.39,38.6,100,2,,
2025-07-25T08:48:14.410+0200,1597,1507,17.733,4787.121,46.65,37.95,42.13,59.21,,-1.80,128.89,5.88,9.70,758,92,26,,,60,,,,,,0,2025-07-25T08:48:13.000+0200,1516,1468,15.983,48.1381467,-1.9858883,43.26,34.50,38.77,54.39,38.6,100,2,,
2025-07-25T08:48:14.984+0200,1597,1508,17.741,4787.129,46.62,37.96,42.13,59.21,,-0.68,128.89,12.42,20.50,1601,92,26,,,60,,,,,,0,2025-07-25T08:48:14.000+0200,1516,1468,15.995,48.1381350,-1.9857267,42.26,34.50,38.78,54.39,38.9,97,2,,
2025-07-25T08:48:15.008+0200,1597,1508,17.741,4787.129,46.62,37.96,42.13,59.21,,-0.68,128.89,12.42,20.50,1601,92,26,,,60,,,,,,0,2025-07-25T08:48:14.000+0200,1516,1468,15.995,48.1381350,-1.9857267,42.26,34.50,38.78,54.39,38.9,97,2,,
2025-07-25T08:48:15.623+0200,1598,1508,17.749,4787.137,46.58,37.96,42.13,59.21,,-0.72,128.89,7.93,13.10,1022,92,26,,,60,,,,,,0,2025-07-25T08:48:14.000+0200,1517,1469,15.995,48.1381350,-1.9857267,42.26,34.50,38.78,54.39,38.9,97,2,,
2025-07-25T08:48:15.646+0200,1598,1508,17.749,4787.137,46.58,37.96,42.13,59.21,,-0.72,128.89,7.93,13.10,1022,92,26,,,60,,,,,,0,2025-07-25T08:48:14.000+0200,1517,1469,15.995,48.1381350,-1.9857267,42.26,34.50,38.78,54.39,38.9,97,2,,
2025-07-25T08:48:16.242+0200,1598,1509,17.757,4787.145,45.93,37.96,42.13,59.21,,-3.73,128.89,7.49,12.50,965,92,26,,,61,,,,,,0,2025-07-25T08:48:15.000+0200,1518,1470,16.007,48.1381250,-1.9855683,42.74,34.51,38.78,54.39,39.0,97,2,,
2025-07-25T08:48:16.266+0200,1598,1509,17.757,4787.145,45.93,37.96,42.13,59.21,,-3.73,128.89,7.49,12.50,965,92,26,,,61,,,,,,0,2025-07-25T08:48:15.000+0200,1518,1470,16.007,48.1381250,-1.9855683,42.74,34.51,38.78,54.39,39.0,97,2,,
2025-07-25T08:48:16.860+0200,1599,1510,17.765,4787.153,46.87,37.97,42.14,59.21,,0.34,128.80,9.80,16.10,1262,92,26,,,60,,,,,,0,2025-07-25T08:48:16.000+0200,1518,1470,16.019,48.1381167,-1.9854083,42.35,34.51,38.78,54.39,38.8,95,2,,
2025-07-25T08:48:16.883+0200,1599,1510,17.765,4787.153,46.87,37.97,42.14,59.21,,0.34,128.80,9.80,16.10,1262,92,26,,,60,,,,,,0,2025-07-25T08:48:16.000+0200,1518,1470,16.019,48.1381167,-1.9854083,42.35,34.51,38.78,54.39,38.8,95,2,,
2025-07-25T08:48:17.504+0200,1600,1510,17.774,4787.162,47.16,37.97,42.14,59.21,,0.72,128.80,16.81,27.50,2165,92,26,,,60,,,,,,0,2025-07-25T08:48:16.000+0200,1519,1471,16.019,48.1381167,-1.9854083,42.35,34.51,38.78,54.39,38.8,95,2,,
2025-07-25T08:48:17.528+0200,1600,1510,17.774,4787.162,47.16,37.97,42.14,59.21,,0.72,128.80,16.81,27.50,2165,92,26,,,60,,,,,,0,2025-07-25T08:48:16.000+0200,1519,1471,16.019,48.1381167,-1.9854083,42.35,34.51,38.78,54.39,38.8,95,2,,
2025-07-25T08:48:18.121+0200,1600,1511,17.782,4787.170,47.48,37.97,42.14,59.21,,1.08,128.70,8.05,13.10,1036,92,26,,,59,,,,,,0,2025-07-25T08:48:17.000+0200,1520,1472,16.031,48.1381083,-1.9852483,42.74,34.52,38.78,54.39,38.7,95,2,,
2025-07-25T08:48:18.141+0200,1600,1511,17.782,4787.170,47.48,37.97,42.14,59.21,,1.08,128.70,8.05,13.10,1036,92,26,,,59,,,,,,0,2025-07-25T08:48:17.000+0200,1520,1472,16.031,48.1381083,-1.9852483,42.74,34.52,38.78,54.39,38.7,95,2,,
2025-07-25T08:48:18.740+0200,1601,1512,17.790,4787.178,47.12,37.98,42.14,59.21,,-0.24,128.89,3.60,5.90,464,92,26,,,60,,,,,,0,2025-07-25T08:48:18.000+0200,1520,1472,16.043,48.1380983,-1.9850900,43.90,34.52,38.79,54.39,38.8,96,2,,
2025-07-25T08:48:18.761+0200,1601,1512,17.790,4787.178,47.12,37.98,42.14,59.21,,-0.24,128.89,3.60,5.90,464,92,26,,,60,,,,,,0,2025-07-25T08:48:18.000+0200,1520,1472,16.043,48.1380983,-1.9850900,43.90,34.52,38.79,54.39,38.8,96,2,,
2025-07-25T08:48:19.345+0200,1601,1512,17.798,4787.186,46.00,37.98,42.14,59.21,,-1.91,129.09,2.94,4.90,380,92,26,,,61,,,,,,0,2025-07-25T08:48:18.000+0200,1521,1473,16.043,48.1380983,-1.9850900,43.90,34.52,38.79,54.39,38.8,96,2,,
2025-07-25T08:48:19.367+0200,1601,1512,17.798,4787.186,46.00,37.98,42.14,59.21,,-1.91,129.09,2.94,4.90,380,92,26,,,61,,,,,,0,2025-07-25T08:48:18.000+0200,1521,1473,16.043,48.1380983,-1.9850900,43.90,34.52,38.79,54.39,38.8,96,2,,
2025-07-25T08:48:19.983+0200,1602,1513,17.806,4787.194,45.14,37.98,42.15,59.21,,-3.82,129.39,-0.79,-2.70,-102,92,26,,,62,,,,,,0,2025-07-25T08:48:19.000+0200,1521,1473,16.055,48.1380850,-1.9849283,43.40,34.53,38.79,54.39,38.7,98,2,,
2025-07-25T08:48:20.005+0200,1602,1513,17.806,4787.194,45.14,37.98,42.15,59.21,,-3.82,129.39,-0.79,-2.70,-102,92,26,,,62,,,,,,0,2025-07-25T08:48:19.000+0200,1521,1473,16.055,48.1380850,-1.9849283,43.40,34.53,38.79,54.39,38.7,98,2,,
2025-07-25T08:48:20.600+0200,1603,1513,17.814,4787.202,43.09,37.98,42.15,59.21,,-0.48,129.59,-1.82,-6.39,-236,92,26,,,63,,,,,,0,2025-07-25T08:48:19.000+0200,1522,1474,16.055,48.1380850,-1.9849283,43.40,34.53,38.79,54.39,38.7,98,2,,
2025-07-25T08:48:20.622+0200,1603,1513,17.814,4787.202,43.09,37.98,42.15,59.21,,-0.48,129.59,-1.82,-6.39,-236,92,26,,,63,,,,,,0,2025-07-25T08:48:19.000+0200,1522,1474,16.055,48.1380850,-1.9849283,43.40,34.53,38.79,54.39,38.7,98,2,,
2025-07-25T08:48:21.245+0200,1603,1514,17.822,4787.209,40.21,37.99,42.15,59.21,,-8.40,130.00,-8.07,-29.80,-1049,92,26,,,66,,,,,,0,2025-07-25T08:48:20.000+0200,1523,1475,16.066,48.1380800,-1.9847833,40.83,34.53,38.79,54.39,38.2,94,2,,
2025-07-25T08:48:21.266+0200,1603,1514,17.822,4787.209,40.21,37.99,42.15,59.21,,-8.40,130.00,-8.07,-29.80,-1049,92,26,,,66,,,,,,0,2025-07-25T08:48:20.000+0200,1523,1475,16.066,48.1380800,-1.9847833,40.83,34.53,38.79,54.39,38.2,94,2,,
2025-07-25T08:48:21.864+0200,1604,1515,17.829,4787.216,36.79,37.99,42.14,59.21,,-2.41,130.30,-2.66,-10.50,-347,92,26,,,69,,,,,,0,2025-07-25T08:48:21.000+0200,1523,1475,16.076,48.1380750,-1.9846417,36.61,34.53,38.79,54.39,38.2,93,2,,
2025-07-25T08:48:21.886+0200,1604,1515,17.829,4787.216,36.79,37.99,42.14,59.21,,-2.41,130.30,-2.66,-10.50,-347,92,26,,,69,,,,,,0,2025-07-25T08:48:21.000+0200,1523,1475,16.076,48.1380750,-1.9846417,36.61,34.53,38.79,54.39,38.2,93,2,,
2025-07-25T08:48:22.486+0200,1605,1515,17.836,4787.223,36.00,37.98,42.14,59.21,,-0.72,130.20,4.60,9.20,599,92,26,,,70,,,,,,0,2025-07-25T08:48:21.000+0200,1524,1476,16.076,48.1380750,-1.9846417,36.61,34.53,38.79,54.39,38.2,93,2,,
2025-07-25T08:48:22.509+0200,1605,1515,17.836,4787.223,36.00,37.98,42.14,59.21,,-0.72,130.20,4.60,9.20,599,92,26,,,70,,,,,,0,2025-07-25T08:48:21.000+0200,1524,1476,16.076,48.1380750,-1.9846417,36.61,34.53,38.79,54.39,38.2,93,2,,
2025-07-25T08:48:23.101+0200,1605,1516,17.842,4787.229,35.74,37.98,42.14,59.21,,0.24,130.00,3.43,6.89,446,92,26,,,70,,,,,,0,2025-07-25T08:48:22.000+0200,1525,1477,16.086,48.1380650,-1.9845100,34.41,34.53,38.79,54.39,38.1,98,2,,
2025-07-25T08:48:23.120+0200,1605,1516,17.842,4787.229,35.74,37.98,42.14,59.21,,0.24,130.00,3.43,6.89,446,92,26,,,70,,,,,,0,2025-07-25T08:48:22.000+0200,1525,1477,16.086,48.1380650,-1.9845100,34.41,34.53,38.79,54.39,38.1,98,2,,
2025-07-25T08:48:23.720+0200,1606,1517,17.848,4787.235,34.95,37.98,42.14,59.21,,-0.84,129.89,5.53,11.30,718,92,26,,,70,,,,,,0,2025-07-25T08:48:23.000+0200,1525,1477,16.096,48.1380567,-1.9843850,31.59,34.53,38.78,54.39,38.2,93,2,,
2025-07-25T08:48:23.743+0200,1606,1517,17.848,4787.235,34.95,37.98,42.14,59.21,,-0.84,129.89,5.53,11.30,718,92,26,,,70,,,,,,0,2025-07-25T08:48:23.000+0200,1525,1477,16.096,48.1380567,-1.9843850,31.59,34.53,38.78,54.39,38.2,93,2,,
2025-07-25T08:48:24.338+0200,1606,1517,17.854,4787.241,34.88,37.98,42.13,59.21,,0.00,129.89,4.69,9.59,609,92,26,,,70,,,,,,0,2025-07-25T08:48:23.000+0200,1526,1478,16.096,48.1380567,-1.9843850,31.59,34.53,38.78,54.39,38.2,93,2,,
2025-07-25T08:48:24.360+0200,1606,1517,17.854,4787.241,34.88,37.98,42.13,59.21,,0.00,129.89,4.69,9.59,609,92,26,,,70,,,,,,0,2025-07-25T08:48:23.000+0200,1526,1478,16.096,48.1380567,-1.9843850,31.59,34.53,38.78,54.39,38.2,93,2,,
2025-07-25T08:48:24.963+0200,1607,1518,17.860,4787.247,34.66,37.98,42.13,59.21,,-0.64,129.80,3.79,7.80,492,92,26,,,71,,,,,,0,2025-07-25T08:48:24.000+0200,1526,1478,16.104,48.1380567,-1.9842683,30.13,34.53,38.78,54.39,38.3,88,2,,
2025-07-25T08:48:24.985+0200,1607,1518,17.860,4787.247,34.66,37.98,42.13,59.21,,-0.64,129.80,3.79,7.80,492,92,26,,,71,,,,,,0,2025-07-25T08:48:24.000+0200,1526,1478,16.104,48.1380567,-1.9842683,30.13,34.53,38.78,54.39,38.3,88,2,,
2025-07-25T08:48:25.580+0200,1608,1518,17.866,4787.253,32.90,37.98,42.13,59.21,,-6.08,129.89,-1.12,-4.79,-145,92,26,,,72,,,,,,0,2025-07-25T08:48:24.000+0200,1527,1479,16.104,48.1380567,-1.9842683,30.13,34.53,38.78,54.39,38.3,88,2,,
2025-07-25T08:48:25.600+0200,1608,1518,17.866,4787.253,32.90,37.98,42.13,59.21,,-6.08,129.89,-1.12,-4.79,-145,92,26,,,72,,,,,,0,2025-07-25T08:48:24.000+0200,1527,1479,16.104,48.1380567,-1.9842683,30.13,34.53,38.78,54.39,38.3,88,2,,
2025-07-25T08:48:26.203+0200,1608,1519,17.872,4787.259,32.90,37.98,42.12,59.21,,0.22,129.80,0.46,1.00,60,92,26,,,72,,,,,,0,2025-07-25T08:48:25.000+0200,1528,1480,16.113,48.1380583,-1.9841533,30.45,34.53,38.77,54.39,38.5,89,2,,
2025-07-25T08:48:26.227+0200,1608,1519,17.872,4787.259,32.90,37.98,42.12,59.21,,0.22,129.80,0.46,1.00,60,92,26,,,72,,,,,,0,2025-07-25T08:48:25.000+0200,1528,1480,16.113,48.1380583,-1.9841533,30.45,34.53,38.77,54.39,38.5,89,2,,
2025-07-25T08:48:26.826+0200,1609,1520,17.878,4787.265,32.83,37.97,42.12,59.21,,4.50,129.80,10.72,22.90,1391,92,26,,,72,,,,,,0,2025-07-25T08:48:26.000+0200,1528,1480,16.122,48.1380567,-1.9840350,29.91,34.52,38.77,54.39,38.5,92,2,,
2025-07-25T08:48:26.850+0200,1609,1520,17.878,4787.265,32.83,37.97,42.12,59.21,,4.50,129.80,10.72,22.90,1391,92,26,,,72,,,,,,0,2025-07-25T08:48:26.000+0200,1528,1480,16.122,48.1380567,-1.9840350,29.91,34.52,38.77,54.39,38.5,92,2,,
2025-07-25T08:48:27.466+0200,1610,1520,17.884,4787.271,33.44,37.97,42.11,59.21,,-1.08,129.59,3.17,6.70,411,92,25,,,72,,,,,,0,2025-07-25T08:48:26.000+0200,1529,1481,16.122,48.1380567,-1.9840350,29.91,34.52,38.77,54.39,38.5,92,2,,
2025-07-25T08:48:27.490+0200,1610,1520,17.884,4787.271,33.44,37.97,42.11,59.21,,-1.08,129.59,3.17,6.70,411,92,25,,,72,,,,,,0,2025-07-25T08:48:26.000+0200,1529,1481,16.122,48.1380567,-1.9840350,29.91,34.52,38.77,54.39,38.5,92,2,,
2025-07-25T08:48:28.086+0200,1610,1521,17.890,4787.276,34.30,37.97,42.11,59.21,,1.24,129.59,8.64,17.90,1120,92,26,,,71,,,,,,0,2025-07-25T08:48:27.000+0200,1530,1482,16.130,48.1380600,-1.9839250,29.86,34.52,38.76,54.39,38.4,90,2,,
2025-07-25T08:48:28.111+0200,1610,1521,17.890,4787.276,34.30,37.97,42.11,59.21,,1.24,129.59,8.64,17.90,1120,92,26,,,71,,,,,,0,2025-07-25T08:48:27.000+0200,1530,1482,16.130,48.1380600,-1.9839250,29.86,34.52,38.76,54.39,38.4,90,2,,
2025-07-25T08:48:28.696+0200,1611,1522,17.895,4787.282,33.51,37.97,42.11,59.21,,-1.12,129.59,6.31,13.29,818,93,26,,,72,,,,,,0,2025-07-25T08:48:28.000+0200,1530,1482,16.138,48.1380683,-1.9838150,30.76,34.52,38.75,54.39,38.4,85,2,,
2025-07-25T08:48:28.719+0200,1611,1522,17.895,4787.282,33.51,37.97,42.11,59.21,,-1.12,129.59,6.31,13.29,818,93,26,,,72,,,,,,0,2025-07-25T08:48:28.000+0200,1530,1482,16.138,48.1380683,-1.9838150,30.76,34.52,38.75,54.39,38.4,85,2,,
2025-07-25T08:48:29.326+0200,1611,1522,17.901,4787.288,34.41,37.97,42.10,59.21,,1.91,129.50,16.46,34.00,2132,93,25,,,71,,,,,,0,2025-07-25T08:48:28.000+0200,1531,1483,16.138,48.1380683,-1.9838150,30.76,34.52,38.75,54.39,38.4,85,2,,
2025-07-25T08:48:29.350+0200,1611,1522,17.901,4787.288,34.41,37.97,42.10,59.21,,1.91,129.50,16.46,34.00,2132,93,25,,,71,,,,,,0,2025-07-25T08:48:28.000+0200,1531,1483,16.138,48.1380683,-1.9838150,30.76,34.52,38.75,54.39,38.4,85,2,,
2025-07-25T08:48:29.964+0200,1612,1523,17.907,4787.294,36.35,37.97,42.10,59.21,,2.51,129.20,14.10,28.00,1822,93,25,,,69,,,,,,0,2025-07-25T08:48:29.000+0200,1531,1483,16.147,48.1380800,-1.9836933,31.29,34.52,38.75,54.39,38.6,81,2,,
2025-07-25T08:48:29.989+0200,1612,1523,17.907,4787.294,36.35,37.97,42.10,59.21,,2.51,129.20,14.10,28.00,1822,93,25,,,69,,,,,,0,2025-07-25T08:48:29.000+0200,1531,1483,16.147,48.1380800,-1.9836933,31.29,34.52,38.75,54.39,38.6,81,2,,
2025-07-25T08:48:30.583+0200,1613,1523,17.913,4787.301,36.89,37.97,42.10,59.21,,3.00,129.00,18.06,35.50,2330,93,25,,,68,,,,,,0,2025-07-25T08:48:29.000+0200,1532,1484,16.147,48.1380800,-1.9836933,31.29,34.52,38.75,54.39,38.6,81,2,,
2025-07-25T08:48:30.609+0200,1613,1523,17.913,4787.301,36.89,37.97,42.10,59.21,,3.00,129.00,18.06,35.50,2330,93,25,,,68,,,,,,0,2025-07-25T08:48:29.000+0200,1532,1484,16.147,48.1380800,-1.9836933,31.29,34.52,38.75,54.39,38.6,81,2,,
2025-07-25T08:48:31.202+0200,1613,1524,17.920,4787.307,37.43,37.97,42.10,59.21,,-1.32,128.89,13.27,25.80,1710,93,26,,,68,,,,,,0,2025-07-25T08:48:30.000+0200,1533,1485,16.156,48.1380867,-1.9835733,33.14,34.52,38.74,54.39,38.4,85,2,,
2025-07-25T08:48:31.225+0200,1613,1524,17.920,4787.307,37.43,37.97,42.10,59.21,,-1.32,128.89,13.27,25.80,1710,93,26,,,68,,,,,,0,2025-07-25T08:48:30.000+0200,1533,1485,16.156,48.1380867,-1.9835733,33.14,34.52,38.74,54.39,38.4,85,2,,
2025-07-25T08:48:31.833+0200,1614,1525,17.926,4787.314,38.77,37.97,42.10,59.21,,-0.22,128.89,11.29,21.40,1455,92,26,,,67,,,,,,0,2025-07-25T08:48:31.000+0200,1533,1485,16.166,48.1380883,-1.9834433,32.08,34.52,38.74,54.39,38.4,86,2,,
2025-07-25T08:48:31.858+0200,1614,1525,17.926,4787.314,38.77,37.97,42.10,59.21,,-0.22,128.89,11.29,21.40,1455,92,26,,,67,,,,,,0,2025-07-25T08:48:31.000+0200,1533,1485,16.166,48.1380883,-1.9834433,32.08,34.52,38.74,54.39,38.4,86,2,,
2025-07-25T08:48:32.448+0200,1615,1525,17.933,4787.320,38.91,37.97,42.10,59.21,,0.36,128.89,14.23,26.90,1834,92,26,,,67,,,,,,0,2025-07-25T08:48:31.000+0200,1534,1486,16.166,48.1380883,-1.9834433,32.08,34.52,38.74,54.39,38.4,86,2,,
2025-07-25T08:48:32.471+0200,1615,1525,17.933,4787.320,38.91,37.97,42.10,59.21,,0.36,128.89,14.23,26.90,1834,92,26,,,67,,,,,,0,2025-07-25T08:48:31.000+0200,1534,1486,16.166,48.1380883,-1.9834433,32.08,34.52,38.74,54.39,38.4,86,2,,
2025-07-25T08:48:33.066+0200,1615,1526,17.940,4787.327,39.52,37.97,42.09,59.21,,1.92,128.80,13.16,24.60,1695,92,26,,,66,,,,,,0,2025-07-25T08:48:32.000+0200,1534,1486,16.176,48.1380900,-1.9833117,35.20,34.52,38.74,54.39,38.2,89,2,,
2025-07-25T08:48:33.090+0200,1615,1526,17.940,4787.327,39.52,37.97,42.09,59.21,,1.92,128.80,13.16,24.60,1695,92,26,,,66,,,,,,0,2025-07-25T08:48:32.000+0200,1535,1487,16.176,48.1380900,-1.9833117,35.20,34.52,38.74,54.39,38.2,89,2,,
2025-07-25T08:48:33.680+0200,1616,1526,17.946,4787.334,39.59,37.97,42.09,59.21,,0.34,128.80,14.20,26.50,1829,92,26,,,66,,,,,,0,2025-07-25T08:48:33.000+0200,1535,1487,16.186,48.1380883,-1.9831750,36.90,34.52,38.74,54.39,38.2,90,2,,
2025-07-25T08:48:33.703+0200,1616,1527,17.946,4787.334,39.59,37.97,42.09,59.21,,0.34,128.80,14.20,26.50,1829,92,26,,,66,,,,,,0,2025-07-25T08:48:33.000+0200,1535,1487,16.186,48.1380883,-1.9831750,36.90,34.52,38.74,54.39,38.2,90,2,,
2025-07-25T08:48:34.304+0200,1616,1527,17.953,4787.341,40.93,37.97,42.09,59.21,,1.13,128.70,8.89,16.19,1144,92,26,,,65,,,,,,0,2025-07-25T08:48:33.000+0200,1536,1488,16.186,48.1380883,-1.9831750,36.90,34.52,38.74,54.39,38.2,90,2,,
2025-07-25T08:48:34.327+0200,1616,1527,17.953,4787.341,40.93,37.97,42.09,59.21,,1.13,128.70,8.89,16.19,1144,92,26,,,65,,,,,,0,2025-07-25T08:48:33.000+0200,1536,1488,16.186,48.1380883,-1.9831750,36.90,34.52,38.74,54.39,38.2,90,2,,
2025-07-25T08:48:34.923+0200,1617,1528,17.960,4787.348,41.50,37.97,42.09,59.21,,1.58,128.80,6.38,11.50,822,92,26,,,64,,,,,,0,2025-07-25T08:48:34.000+0200,1536,1488,16.196,48.1380850,-1.9830333,37.90,34.52,38.74,54.39,38.1,90,2,,
2025-07-25T08:48:34.947+0200,1617,1528,17.960,4787.348,41.50,37.97,42.09,59.21,,1.58,128.80,6.38,11.50,822,92,26,,,64,,,,,,0,2025-07-25T08:48:34.000+0200,1536,1488,16.196,48.1380850,-1.9830333,37.90,34.52,38.74,54.39,38.1,90,2,,
2025-07-25T08:48:35.563+0200,1618,1528,17.967,4787.355,41.03,37.97,42.09,59.21,,0.00,128.89,8.69,15.79,1120,92,26,,,65,,,,,,0,2025-07-25T08:48:34.000+0200,1537,1489,16.196,48.1380850,-1.9830333,37.90,34.52,38.74,54.39,38.1,90,2,,
2025-07-25T08:48:35.587+0200,1618,1528,17.967,4787.355,41.03,37.97,42.09,59.21,,0.00,128.89,8.69,15.79,1120,92,26,,,65,,,,,,0,2025-07-25T08:48:34.000+0200,1537,1489,16.196,48.1380850,-1.9830333,37.90,34.52,38.74,54.39,38.1,90,2,,
2025-07-25T08:48:36.167+0200,1618,1529,17.975,4787.362,40.39,37.97,42.09,59.21,,1.80,129.09,5.11,9.39,660,92,26,,,66,,,,,,0,2025-07-25T08:48:35.000+0200,1538,1490,16.207,48.1380833,-1.9828950,37.89,34.52,38.74,54.39,38.1,90,2,,
2025-07-25T08:48:36.190+0200,1618,1529,17.975,4787.362,40.39,37.97,42.09,59.21,,1.80,129.09,5.11,9.39,660,92,26,,,66,,,,,,0,2025-07-25T08:48:35.000+0200,1538,1490,16.207,48.1380833,-1.9828950,37.89,34.52,38.74,54.39,38.1,90,2,,
2025-07-25T08:48:36.786+0200,1619,1530,17.982,4787.369,39.74,37.97,42.09,59.21,,-3.37,129.09,10.15,18.90,1310,92,26,,,66,,,,,,0,2025-07-25T08:48:36.000+0200,1538,1490,16.217,48.1380850,-1.9827567,37.49,34.52,38.73,54.39,38.2,88,2,,
2025-07-25T08:48:36.808+0200,1619,1530,17.982,4787.369,39.74,37.97,42.09,59.21,,-3.37,129.09,10.15,18.90,1310,92,26,,,66,,,,,,0,2025-07-25T08:48:36.000+0200,1538,1490,16.217,48.1380850,-1.9827567,37.49,34.52,38.73,54.39,38.2,88,2,,
2025-07-25T08:48:37.432+0200,1620,1530,17.989,4787.376,40.71,37.98,42.09,59.21,,-0.34,129.00,14.93,27.30,1926,92,26,,,65,,,,,,0,2025-07-25T08:48:36.000+0200,1539,1491,16.217,48.1380850,-1.9827567,37.49,34.52,38.73,54.39,38.2,88,2,,
2025-07-25T08:48:37.461+0200,1620,1530,17.989,4787.376,40.71,37.98,42.09,59.21,,-0.34,129.00,14.93,27.30,1926,92,26,,,65,,,,,,0,2025-07-25T08:48:36.000+0200,1539,1491,16.217,48.1380850,-1.9827567,37.49,34.52,38.73,54.39,38.2,88,2,,
2025-07-25T08:48:38.046+0200,1620,1531,17.996,4787.383,41.76,37.98,42.09,59.21,,-1.68,128.80,8.02,14.40,1033,92,26,,,64,,,,,,0,2025-07-25T08:48:37.000+0200,1539,1491,16.227,48.1380933,-1.9826200,38.12,34.52,38.73,54.39,38.2,85,2,,
2025-07-25T08:48:38.069+0200,1620,1531,17.996,4787.383,41.76,37.98,42.09,59.21,,-1.68,128.80,8.02,14.40,1033,92,26,,,64,,,,,,0,2025-07-25T08:48:37.000+0200,1539,1491,16.227,48.1380933,-1.9826200,38.12,34.52,38.73,54.39,38.2,85,2,,
2025-07-25T08:48:38.666+0200,1621,1531,18.003,4787.390,42.94,37.98,42.09,59.21,,4.25,128.70,14.00,24.60,1802,92,26,,,63,,,,,,0,2025-07-25T08:48:38.000+0200,1540,1492,16.238,48.1380983,-1.9824817,39.37,34.53,38.73,54.39,38.2,88,2,,
2025-07-25T08:48:38.692+0200,1621,1531,18.003,4787.390,42.94,37.98,42.09,59.21,,4.25,128.70,14.00,24.60,1802,92,26,,,63,,,,,,0,2025-07-25T08:48:38.000+0200,1540,1492,16.238,48.1380983,-1.9824817,39.37,34.53,38.73,54.39,38.2,88,2,,
2025-07-25T08:48:39.302+0200,1621,1532,18.010,4787.398,42.62,37.98,42.09,59.21,,-1.08,128.70,11.09,19.60,1427,92,26,,,64,,,,,,0,2025-07-25T08:48:38.000+0200,1541,1493,16.238,48.1380983,-1.9824817,39.37,34.53,38.73,54.39,38.2,88,2,,
2025-07-25T08:48:39.330+0200,1621,1532,18.010,4787.398,42.62,37.98,42.09,59.21,,-1.08,128.70,11.09,19.60,1427,92,26,,,64,,,,,,0,2025-07-25T08:48:38.000+0200,1541,1493,16.238,48.1380983,-1.9824817,39.37,34.53,38.73,54.39,38.2,88,2,,
2025-07-25T08:48:39.919+0200,1622,1533,18.018,4787.405,43.05,37.98,42.09,59.21,,0.36,128.70,14.66,25.70,1887,92,26,,,63,,,,,,0,2025-07-25T08:48:39.000+0200,1541,1493,16.249,48.1380983,-1.9823333,41.24,34.53,38.74,54.39,38.3,90,2,,
2025-07-25T08:48:39.943+0200,1622,1533,18.018,4787.405,43.05,37.98,42.09,59.21,,0.36,128.70,14.66,25.70,1887,92,26,,,63,,,,,,0,2025-07-25T08:48:39.000+0200,1541,1493,16.249,48.1380983,-1.9823333,41.24,34.53,38.74,54.39,38.3,90,2,,
2025-07-25T08:48:40.543+0200,1623,1533,18.025,4787.413,43.09,37.98,42.09,59.21,,0.00,128.70,7.30,12.79,940,92,26,,,63,,,,,,0,2025-07-25T08:48:39.000+0200,1542,1494,16.249,48.1380983,-1.9823333,41.24,34.53,38.74,54.39,38.3,90,2,,
2025-07-25T08:48:40.578+0200,1623,1533,18.025,4787.413,43.09,37.98,42.09,59.21,,0.00,128.70,7.30,12.79,940,92,26,,,63,,,,,,0,2025-07-25T08:48:39.000+0200,1542,1494,16.249,48.1380983,-1.9823333,41.24,34.53,38.74,54.39,38.3,90,2,,
2025-07-25T08:48:41.161+0200,1623,1534,18.033,4787.420,44.35,37.99,42.09,59.21,,2.04,128.80,11.49,19.69,1480,92,26,,,62,,,,,,0,2025-07-25T08:48:40.000+0200,1543,1495,16.260,48.1381017,-1.9821833,41.94,34.54,38.74,54.39,38.6,90,2,,
2025-07-25T08:48:41.180+0200,1623,1534,18.033,4787.420,44.35,37.99,42.09,59.21,,2.04,128.80,11.49,19.69,1480,92,26,,,62,,,,,,0,2025-07-25T08:48:40.000+0200,1543,1495,16.260,48.1381017,-1.9821833,41.94,34.54,38.74,54.39,38.6,90,2,,
2025-07-25T08:48:41.781+0200,1624,1535,18.040,4787.428,43.27,37.99,42.09,59.21,,-1.91,128.80,7.15,12.50,921,92,26,,,63,,,,,,0,2025-07-25T08:48:41.000+0200,1543,1495,16.270,48.1381033,-1.9820400,40.82,34.54,38.74,54.39,38.7,90,2,,
2025-07-25T08:48:41.804+0200,1624,1535,18.040,4787.428,43.27,37.99,42.09,59.21,,-1.91,128.80,7.15,12.50,921,92,26,,,63,,,,,,0,2025-07-25T08:48:41.000+0200,1543,1495,16.270,48.1381033,-1.9820400,40.82,34.54,38.74,54.39,38.7,90,2,,
2025-07-25T08:48:42.409+0200,1625,1535,18.048,4787.436,43.27,37.99,42.09,59.21,,-2.77,128.80,11.91,20.80,1534,92,26,,,63,,,,,,0,2025-07-25T08:48:41.000+0200,1544,1496,16.270,48.1381033,-1.9820400,40.82,34.54,38.74,54.39,38.7,90,2,,
2025-07-25T08:48:42.433+0200,1625,1535,18.048,4787.436,43.27,37.99,42.09,59.21,,-2.77,128.80,11.91,20.80,1534,92,26,,,63,,,,,,0,2025-07-25T08:48:41.000+0200,1544,1496,16.270,48.1381033,-1.9820400,40.82,34.54,38.74,54.39,38.7,90,2,,
2025-07-25T08:48:43.025+0200,1625,1536,18.055,4787.443,43.12,37.99,42.09,59.21,,-2.81,128.80,19.59,34.30,2523,92,26,,,63,,,,,,0,2025-07-25T08:48:42.000+0200,1544,1496,16.282,48.1381083,-1.9818850,40.71,34.54,38.74,54.39,39.1,88,2,,
2025-07-25T08:48:43.057+0200,1625,1536,18.055,4787.443,43.12,37.99,42.09,59.21,,-2.81,128.80,19.59,34.30,2523,92,26,,,63,,,,,,0,2025-07-25T08:48:42.000+0200,1544,1496,16.282,48.1381083,-1.9818850,40.71,34.54,38.74,54.39,39.1,88,2,,
2025-07-25T08:48:43.655+0200,1626,1536,18.063,4787.451,45.64,37.99,42.09,59.21,,2.72,128.59,20.22,33.89,2600,92,26,,,61,,,,,,0,2025-07-25T08:48:43.000+0200,1545,1497,16.293,48.1381133,-1.9817317,40.65,34.55,38.74,54.39,39.7,88,2,,
2025-07-25T08:48:43.679+0200,1626,1536,18.063,4787.451,45.64,37.99,42.09,59.21,,2.72,128.59,20.22,33.89,2600,92,26,,,61,,,,,,0,2025-07-25T08:48:43.000+0200,1545,1497,16.293,48.1381133,-1.9817317,40.65,34.55,38.74,54.39,39.7,88,2,,
2025-07-25T08:48:44.260+0200,1626,1537,18.071,4787.459,46.08,38.00,42.10,59.21,,0.11,128.20,20.48,34.09,2626,92,26,,,60,,,,,,0,2025-07-25T08:48:43.000+0200,1546,1498,16.293,48.1381133,-1.9817317,40.65,34.55,38.74,54.39,39.7,88,2,,
2025-07-25T08:48:44.282+0200,1626,1537,18.071,4787.459,46.08,38.00,42.10,59.21,,0.11,128.20,20.48,34.09,2626,92,26,,,60,,,,,,0,2025-07-25T08:48:43.000+0200,1546,1498,16.293,48.1381133,-1.9817317,40.65,34.55,38.74,54.39,39.7,88,2,,
2025-07-25T08:48:44.905+0200,1627,1538,18.079,4787.467,47.19,38.00,42.10,59.21,,-0.97,128.09,18.29,29.90,2343,92,26,,,59,,,,,,0,2025-07-25T08:48:44.000+0200,1546,1498,16.305,48.1381183,-1.9815783,41.80,34.55,38.74,54.39,39.9,87,2,,
2025-07-25T08:48:44.929+0200,1627,1538,18.079,4787.467,47.19,38.00,42.10,59.21,,-0.97,128.09,18.29,29.90,2343,92,26,,,59,,,,,,0,2025-07-25T08:48:44.000+0200,1546,1498,16.305,48.1381183,-1.9815783,41.80,34.55,38.74,54.39,39.9,87,2,,
2025-07-25T08:48:45.526+0200,1628,1538,18.087,4787.475,46.90,38.00,42.10,59.21,,2.75,128.20,10.35,17.00,1327,92,26,,,60,,,,,,0,2025-07-25T08:48:44.000+0200,1547,1499,16.305,48.1381183,-1.9815783,41.80,34.55,38.74,54.39,39.9,87,2,,
2025-07-25T08:48:45.555+0200,1628,1538,18.087,4787.475,46.90,38.00,42.10,59.21,,2.75,128.20,10.35,17.00,1327,92,26,,,60,,,,,,0,2025-07-25T08:48:44.000+0200,1547,1499,16.305,48.1381183,-1.9815783,41.80,34.55,38.74,54.39,39.9,87,2,,
2025-07-25T08:48:46.153+0200,1628,1539,18.095,4787.483,45.82,38.01,42.10,59.21,,-0.48,128.39,12.92,21.60,1659,92,26,,,61,,,,,,0,2025-07-25T08:48:45.000+0200,1548,1500,16.317,48.1381217,-1.9814217,44.92,34.56,38.75,54.39,40.3,88,2,,
2025-07-25T08:48:46.178+0200,1628,1539,18.095,4787.483,45.82,38.01,42.10,59.21,,-0.48,128.39,12.92,21.60,1659,92,26,,,61,,,,,,0,2025-07-25T08:48:45.000+0200,1548,1500,16.317,48.1381217,-1.9814217,44.92,34.56,38.75,54.39,40.3,88,2,,
2025-07-25T08:48:46.769+0200,1629,1540,18.103,4787.491,47.05,38.01,42.10,59.21,,0.96,128.30,11.72,19.19,1504,92,26,,,60,,,,,,0,2025-07-25T08:48:46.000+0200,1548,1500,16.328,48.1381267,-1.9812617,41.69,34.56,38.75,54.39,40.5,87,2,,
2025-07-25T08:48:46.790+0200,1629,1540,18.103,4787.491,47.05,38.01,42.10,59.21,,0.96,128.30,11.72,19.19,1504,92,26,,,60,,,,,,0,2025-07-25T08:48:46.000+0200,1548,1500,16.328,48.1381267,-1.9812617,41.69,34.56,38.75,54.39,40.5,87,2,,
2025-07-25T08:48:47.381+0200,1630,1540,18.111,4787.499,45.21,38.01,42.11,59.21,,-5.25,128.59,1.71,2.90,220,92,26,,,61,,,,,,0,2025-07-25T08:48:46.000+0200,1549,1501,16.328,48.1381267,-1.9812617,41.69,34.56,38.75,54.39,40.5,87,2,,
2025-07-25T08:48:47.406+0200,1630,1540,18.111,4787.499,45.21,38.01,42.11,59.21,,-5.25,128.59,1.71,2.90,220,92,26,,,61,,,,,,0,2025-07-25T08:48:46.000+0200,1549,1501,16.328,48.1381267,-1.9812617,41.69,34.56,38.75,54.39,40.5,87,2,,
2025-07-25T08:48:47.999+0200,1630,1541,18.119,4787.507,44.28,38.02,42.11,59.21,,-2.70,128.89,2.68,4.60,345,92,26,,,62,,,,,,0,2025-07-25T08:48:47.000+0200,1549,1501,16.340,48.1381283,-1.9811100,40.86,34.57,38.75,54.39,40.6,89,2,,
2025-07-25T08:48:48.023+0200,1630,1541,18.119,4787.507,44.28,38.02,42.11,59.21,,-2.70,128.89,2.68,4.60,345,92,26,,,62,,,,,,0,2025-07-25T08:48:47.000+0200,1549,1501,16.340,48.1381283,-1.9811100,40.86,34.57,38.75,54.39,40.6,89,2,,
2025-07-25T08:48:48.626+0200,1631,1541,18.127,4787.515,43.88,38.02,42.11,59.21,,-1.91,129.09,6.25,10.80,807,92,26,,,63,,,,,,0,2025-07-25T08:48:47.000+0200,1550,1502,16.340,48.1381283,-1.9811100,40.86,34.57,38.75,54.39,40.6,89,2,,
2025-07-25T08:48:48.650+0200,1631,1541,18.127,4787.515,43.88,38.02,42.11,59.21,,-1.91,129.09,6.25,10.80,807,92,26,,,63,,,,,,0,2025-07-25T08:48:47.000+0200,1550,1502,16.340,48.1381283,-1.9811100,40.86,34.57,38.75,54.39,40.6,89,2,,
2025-07-25T08:48:49.243+0200,1631,1542,18.135,4787.522,42.15,38.02,42.11,59.21,,-2.93,129.30,1.23,2.20,159,92,26,,,64,,,,,,0,2025-07-25T08:48:48.000+0200,1551,1503,16.351,48.1381333,-1.9809650,40.11,34.57,38.75,54.39,40.5,85,2,,
2025-07-25T08:48:49.269+0200,1631,1542,18.135,4787.522,42.15,38.02,42.11,59.21,,-2.93,129.30,1.23,2.20,159,92,26,,,64,,,,,,0,2025-07-25T08:48:48.000+0200,1551,1503,16.351,48.1381333,-1.9809650,40.11,34.57,38.75,54.39,40.5,85,2,,
2025-07-25T08:48:49.861+0200,1632,1543,18.142,4787.530,42.01,38.02,42.11,59.21,,1.24,129.39,2.07,3.69,268,92,26,,,64,,,,,,0,2025-07-25T08:48:49.000+0200,1551,1503,16.361,48.1381417,-1.9808267,36.98,34.57,38.75,54.39,40.7,84,2,,
2025-07-25T08:48:49.883+0200,1632,1543,18.142,4787.530,42.01,38.02,42.11,59.21,,1.24,129.39,2.07,3.69,268,92,26,,,64,,,,,,0,2025-07-25T08:48:49.000+0200,1551,1503,16.361,48.1381417,-1.9808267,36.98,34.57,38.75,54.39,40.7,84,2,,
2025-07-25T08:48:50.481+0200,1633,1543,18.149,4787.537,41.03,38.02,42.11,59.21,,-0.45,129.39,3.63,6.60,470,92,26,,,65,,,,,,0,2025-07-25T08:48:49.000+0200,1552,1504,16.361,48.1381417,-1.9808267,36.98,34.57,38.75,54.39,40.7,84,2,,
2025-07-25T08:48:50.505+0200,1633,1543,18.149,4787.537,41.03,38.02,42.11,59.21,,-0.45,129.39,3.63,6.60,470,92,26,,,65,,,,,,0,2025-07-25T08:48:49.000+0200,1552,1504,16.361,48.1381417,-1.9808267,36.98,34.57,38.75,54.39,40.7,84,2,,
2025-07-25T08:48:51.102+0200,1633,1544,18.157,4787.544,39.88,38.02,42.11,59.21,,-3.39,129.59,-3.36,-12.50,-435,92,26,,,66,,,,,,0,2025-07-25T08:48:50.000+0200,1553,1505,16.371,48.1381483,-1.9806883,36.66,34.57,38.75,54.39,40.7,85,2,,
2025-07-25T08:48:51.126+0200,1633,1544,18.157,4787.544,39.88,38.02,42.11,59.21,,-3.39,129.59,-3.36,-12.50,-435,92,26,,,66,,,,,,0,2025-07-25T08:48:50.000+0200,1553,1505,16.371,48.1381483,-1.9806883,36.66,34.57,38.75,54.39,40.7,85,2,,
2025-07-25T08:48:51.744+0200,1634,1545,18.164,4787.551,36.39,38.02,42.10,59.21,,-3.84,129.89,-2.57,-10.20,-334,92,26,,,69,,,,,,0,2025-07-25T08:48:51.000+0200,1553,1505,16.381,48.1381533,-1.9805617,35.19,34.57,38.75,54.39,40.4,89,2,,
2025-07-25T08:48:51.767+0200,1634,1545,18.164,4787.551,36.39,38.02,42.10,59.21,,-3.84,129.89,-2.57,-10.20,-334,92,26,,,69,,,,,,0,2025-07-25T08:48:51.000+0200,1553,1505,16.381,48.1381533,-1.9805617,35.19,34.57,38.75,54.39,40.4,89,2,,
2025-07-25T08:48:52.364+0200,1635,1545,18.170,4787.557,36.71,38.02,42.10,59.21,,2.24,129.80,15.06,29.70,1955,92,26,,,69,,,,,,0,2025-07-25T08:48:51.000+0200,1554,1506,16.381,48.1381533,-1.9805617,35.19,34.57,38.75,54.39,40.4,89,2,,
2025-07-25T08:48:52.387+0200,1635,1545,18.170,4787.557,36.71,38.02,42.10,59.21,,2.24,129.80,15.06,29.70,1955,92,26,,,69,,,,,,0,2025-07-25T08:48:51.000+0200,1554,1506,16.381,48.1381533,-1.9805617,35.19,34.57,38.75,54.39,40.4,89,2,,
2025-07-25T08:48:52.999+0200,1635,1546,18.177,4787.564,37.47,38.02,42.10,59.21,,0.84,129.39,11.58,22.50,1498,92,26,,,68,,,,,,0,2025-07-25T08:48:52.000+0200,1554,1506,16.390,48.1381583,-1.9804350,33.19,34.57,38.74,54.39,40.2,89,2,,
2025-07-25T08:48:53.022+0200,1635,1546,18.177,4787.564,37.47,38.02,42.10,59.21,,0.84,129.39,11.58,22.50,1498,92,26,,,68,,,,,,0,2025-07-25T08:48:52.000+0200,1554,1506,16.390,48.1381583,-1.9804350,33.19,34.57,38.74,54.39,40.2,89,2,,
2025-07-25T08:48:53.627+0200,1636,1546,18.183,4787.570,38.30,38.02,42.10,59.21,,0.83,129.39,1.72,3.30,223,92,26,,,67,,,,,,0,2025-07-25T08:48:52.000+0200,1555,1507,16.390,48.1381583,-1.9804350,33.19,34.57,38.74,54.39,40.2,89,2,,
2025-07-25T08:48:53.652+0200,1636,1546,18.183,4787.570,38.30,38.02,42.10,59.21,,0.83,129.39,1.72,3.30,223,92,26,,,67,,,,,,0,2025-07-25T08:48:52.000+0200,1555,1507,16.390,48.1381583,-1.9804350,33.19,34.57,38.74,54.39,40.2,89,2,,
2025-07-25T08:48:54.246+0200,1636,1547,18.190,4787.577,37.18,38.02,42.10,59.21,,-0.12,129.50,1.27,2.50,164,92,26,,,68,,,,,,0,2025-07-25T08:48:53.000+0200,1556,1508,16.399,48.1381617,-1.9803167,30.09,34.57,38.74,54.39,39.7,92,2,,
2025-07-25T08:48:54.270+0200,1636,1547,18.190,4787.577,37.18,38.02,42.10,59.21,,-0.12,129.50,1.27,2.50,164,92,26,,,68,,,,,,0,2025-07-25T08:48:53.000+0200,1556,1508,16.399,48.1381617,-1.9803167,30.09,34.57,38.74,54.39,39.7,92,2,,
2025-07-25T08:48:54.862+0200,1637,1548,18.196,4787.584,36.00,38.02,42.09,59.21,,-0.12,129.59,-0.72,-2.90,-93,92,26,,,69,,,,,,0,2025-07-25T08:48:54.000+0200,1556,1508,16.408,48.1381600,-1.9801950,33.66,34.57,38.74,54.39,39.8,89,2,,
2025-07-25T08:48:54.884+0200,1637,1548,18.196,4787.584,36.00,38.02,42.09,59.21,,-0.12,129.59,-0.72,-2.90,-93,92,26,,,69,,,,,,0,2025-07-25T08:48:54.000+0200,1556,1508,16.408,48.1381600,-1.9801950,33.66,34.57,38.74,54.39,39.8,89,2,,
2025-07-25T08:48:55.483+0200,1638,1548,18.203,4787.590,37.25,38.02,42.09,59.21,,2.93,129.59,12.71,24.80,1647,92,26,,,68,,,,,,0,2025-07-25T08:48:54.000+0200,1557,1509,16.408,48.1381600,-1.9801950,33.66,34.57,38.74,54.39,39.8,89,2,,
2025-07-25T08:48:55.507+0200,1638,1548,18.203,4787.590,37.25,38.02,42.09,59.21,,2.93,129.59,12.71,24.80,1647,92,26,,,68,,,,,,0,2025-07-25T08:48:54.000+0200,1557,1509,16.408,48.1381600,-1.9801950,33.66,34.57,38.74,54.39,39.8,89,2,,
2025-07-25T08:48:56.100+0200,1638,1549,18.209,4787.596,37.65,38.02,42.09,59.21,,-0.45,129.39,6.71,13.00,868,92,26,,,68,,,,,,0,2025-07-25T08:48:55.000+0200,1558,1510,16.418,48.1381600,-1.9800667,34.51,34.57,38.73,54.39,39.7,89,2,,
2025-07-25T08:48:56.122+0200,1638,1549,18.209,4787.596,37.65,38.02,42.09,59.21,,-0.45,129.39,6.71,13.00,868,92,26,,,68,,,,,,0,2025-07-25T08:48:55.000+0200,1558,1510,16.418,48.1381600,-1.9800667,34.51,34.57,38.73,54.39,39.7,89,2,,
2025-07-25T08:48:56.718+0200,1639,1550,18.216,4787.603,38.73,38.02,42.09,59.21,,1.91,129.39,8.01,15.20,1036,92,26,,,67,,,,,,0,2025-07-25T08:48:56.000+0200,1558,1510,16.427,48.1381667,-1.9799350,34.15,34.57,38.73,54.39,39.4,84,2,,
2025-07-25T08:48:56.736+0200,1639,1550,18.216,4787.603,38.73,38.02,42.09,59.21,,1.91,129.39,8.01,15.20,1036,92,26,,,67,,,,,,0,2025-07-25T08:48:56.000+0200,1558,1510,16.427,48.1381667,-1.9799350,34.15,34.57,38.73,54.39,39.4,84,2,,
2025-07-25T08:48:57.344+0200,1639,1550,18.222,4787.610,38.95,38.02,42.09,59.21,,3.39,129.30,14.29,27.00,1848,92,26,,,67,,,,,,0,2025-07-25T08:48:56.000+0200,1559,1511,16.427,48.1381667,-1.9799350,34.15,34.57,38.73,54.39,39.4,84,2,,
2025-07-25T08:48:57.365+0200,1639,1550,18.222,4787.610,38.95,38.02,42.09,59.21,,3.39,129.30,14.29,27.00,1848,92,26,,,67,,,,,,0,2025-07-25T08:48:56.000+0200,1559,1511,16.427,48.1381667,-1.9799350,34.15,34.57,38.73,54.39,39.4,84,2,,
2025-07-25T08:48:57.967+0200,1640,1551,18.229,4787.616,39.85,38.02,42.09,59.21,,1.46,129.09,14.27,26.50,1842,92,26,,,66,,,,,,0,2025-07-25T08:48:57.000+0200,1559,1511,16.438,48.1381700,-1.9797983,35.97,34.57,38.73,54.39,39.1,89,2,,
2025-07-25T08:48:57.991+0200,1640,1551,18.229,4787.616,39.85,38.02,42.09,59.21,,1.46,129.09,14.27,26.50,1842,92,26,,,66,,,,,,0,2025-07-25T08:48:57.000+0200,1559,1511,16.438,48.1381700,-1.9797983,35.97,34.57,38.73,54.39,39.1,89,2,,
2025-07-25T08:48:58.586+0200,1641,1551,18.236,4787.623,40.32,38.02,42.08,59.21,,2.59,129.09,9.83,18.10,1269,92,26,,,66,,,,,,0,2025-07-25T08:48:57.000+0200,1560,1512,16.438,48.1381700,-1.9797983,35.97,34.57,38.73,54.39,39.1,89,2,,
2025-07-25T08:48:58.606+0200,1641,1551,18.236,4787.623,40.32,38.02,42.08,59.21,,2.59,129.09,9.83,18.10,1269,92,26,,,66,,,,,,0,2025-07-25T08:48:57.000+0200,1560,1512,16.438,48.1381700,-1.9797983,35.97,34.57,38.73,54.39,39.1,89,2,,
2025-07-25T08:48:59.206+0200,1641,1552,18.243,4787.630,40.32,38.02,42.08,59.21,,-1.02,129.00,16.56,30.50,2136,92,26,,,66,,,,,,0,2025-07-25T08:48:58.000+0200,1561,1513,16.448,48.1381667,-1.9796633,35.57,34.57,38.73,54.39,38.6,88,2,,
2025-07-25T08:48:59.226+0200,1641,1552,18.243,4787.630,40.32,38.02,42.08,59.21,,-1.02,129.00,16.56,30.50,2136,92,26,,,66,,,,,,0,2025-07-25T08:48:58.000+0200,1561,1513,16.448,48.1381667,-1.9796633,35.57,34.57,38.73,54.39,38.6,88,2,,
2025-07-25T08:48:59.846+0200,1642,1553,18.250,4787.637,41.03,38.02,42.08,59.21,,0.12,129.00,11.39,20.70,1469,92,26,,,65,,,,,,0,2025-07-25T08:48:59.000+0200,1561,1513,16.457,48.1381683,-1.9795300,37.80,34.57,38.73,54.39,38.0,85,2,,
2025-07-25T08:48:59.866+0200,1642,1553,18.250,4787.637,41.03,38.02,42.08,59.21,,0.12,129.00,11.39,20.70,1469,92,26,,,65,,,,,,0,2025-07-25T08:48:59.000+0200,1561,1513,16.457,48.1381683,-1.9795300,37.80,34.57,38.73,54.39,38.0,85,2,,
2025-07-25T08:49:00.464+0200,1643,1553,18.257,4787.644,41.25,38.02,42.08,59.21,,0.24,129.00,11.05,20.00,1425,92,26,,,65,,,,,,0,2025-07-25T08:48:59.000+0200,1562,1514,16.457,48.1381683,-1.9795300,37.80,34.57,38.73,54.39,38.0,85,2,,
2025-07-25T08:49:00.482+0200,1643,1553,18.257,4787.644,41.25,38.02,42.08,59.21,,0.24,129.00,11.05,20.00,1425,92,26,,,65,,,,,,0,2025-07-25T08:48:59.000+0200,1562,1514,16.457,48.1381683,-1.9795300,37.80,34.57,38.73,54.39,38.0,85,2,,
2025-07-25T08:49:01.085+0200,1643,1554,18.264,4787.652,42.15,38.03,42.08,59.21,,-1.08,129.00,10.72,19.10,1383,92,26,,,64,,,,,,0,2025-07-25T08:49:00.000+0200,1563,1515,16.469,48.1381750,-1.9793800,38.98,34.57,38.73,54.39,37.8,86,2,,
2025-07-25T08:49:01.106+0200,1643,1554,18.264,4787.652,42.15,38.03,42.08,59.21,,-1.08,129.00,10.72,19.10,1383,92,26,,,64,,,,,,0,2025-07-25T08:49:00.000+0200,1563,1515,16.469,48.1381750,-1.9793800,38.98,34.57,38.73,54.39,37.8,86,2,,
2025-07-25T08:49:01.704+0200,1644,1555,18.271,4787.659,43.09,38.03,42.08,59.21,,0.60,128.89,7.19,12.60,927,92,26,,,63,,,,,,0,2025-07-25T08:49:01.000+0200,1563,1515,16.480,48.1381800,-1.9792283,38.98,34.58,38.73,54.39,37.7,86,2,,
2025-07-25T08:49:01.725+0200,1644,1555,18.271,4787.659,43.09,38.03,42.08,59.21,,0.60,128.89,7.19,12.60,927,92,26,,,63,,,,,,0,2025-07-25T08:49:01.000+0200,1563,1515,16.480,48.1381800,-1.9792283,38.98,34.58,38.73,54.39,37.7,86,2,,
2025-07-25T08:49:02.319+0200,1644,1555,18.279,4787.667,43.84,38.03,42.08,59.21,,2.47,128.89,12.90,22.30,1663,92,26,,,63,,,,,,0,2025-07-25T08:49:01.000+0200,1564,1516,16.480,48.1381800,-1.9792283,38.98,34.58,38.73,54.39,37.7,86,2,,
2025-07-25T08:49:02.342+0200,1644,1555,18.279,4787.667,43.84,38.03,42.08,59.21,,2.47,128.89,12.90,22.30,1663,92,26,,,63,,,,,,0,2025-07-25T08:49:01.000+0200,1564,1516,16.480,48.1381800,-1.9792283,38.98,34.58,38.73,54.39,37.7,86,2,,
2025-07-25T08:49:02.939+0200,1645,1556,18.286,4787.674,45.82,38.03,42.09,59.21,,4.66,128.59,15.07,25.20,1938,92,26,,,61,,,,,,0,2025-07-25T08:49:02.000+0200,1564,1516,16.491,48.1381800,-1.9790767,39.39,34.58,38.73,54.39,37.4,88,2,,
2025-07-25T08:49:02.962+0200,1645,1556,18.286,4787.674,45.82,38.03,42.09,59.21,,4.66,128.59,15.07,25.20,1938,92,26,,,61,,,,,,0,2025-07-25T08:49:02.000+0200,1564,1516,16.491,48.1381800,-1.9790767,39.39,34.58,38.73,54.39,37.4,88,2,,
2025-07-25T08:49:03.566+0200,1646,1556,18.294,4787.682,45.43,38.04,42.09,59.21,,-1.01,128.70,11.76,19.79,1514,92,26,,,61,,,,,,0,2025-07-25T08:49:02.000+0200,1565,1517,16.491,48.1381800,-1.9790767,39.39,34.58,38.73,54.39,37.4,88,2,,
2025-07-25T08:49:03.587+0200,1646,1556,18.294,4787.682,45.43,38.04,42.09,59.21,,-1.01,128.70,11.76,19.79,1514,92,26,,,61,,,,,,0,2025-07-25T08:49:02.000+0200,1565,1517,16.491,48.1381800,-1.9790767,39.39,34.58,38.73,54.39,37.4,88,2,,
2025-07-25T08:49:04.206+0200,1646,1557,18.302,4787.690,46.18,38.04,42.09,59.21,,1.32,128.50,16.91,28.09,2173,92,26,,,60,,,,,,0,2025-07-25T08:49:03.000+0200,1566,1518,16.503,48.1381750,-1.9789217,40.52,34.58,38.73,54.39,36.9,88,2,,
2025-07-25T08:49:04.230+0200,1646,1557,18.302,4787.690,46.18,38.04,42.09,59.21,,1.32,128.50,16.91,28.09,2173,92,26,,,60,,,,,,0,2025-07-25T08:49:03.000+0200,1566,1518,16.503,48.1381750,-1.9789217,40.52,34.58,38.73,54.39,36.9,88,2,,
2025-07-25T08:49:04.823+0200,1647,1558,18.310,4787.698,48.06,38.04,42.09,59.21,,1.08,128.30,12.10,19.50,1552,92,26,,,59,,,,,,0,2025-07-25T08:49:04.000+0200,1566,1518,16.514,48.1381750,-1.9787667,43.26,34.59,38.73,54.39,37.0,89,2,,
2025-07-25T08:49:04.846+0200,1647,1558,18.310,4787.698,48.06,38.04,42.09,59.21,,1.08,128.30,12.10,19.50,1552,92,26,,,59,,,,,,0,2025-07-25T08:49:04.000+0200,1566,1518,16.514,48.1381750,-1.9787667,43.26,34.59,38.73,54.39,37.0,89,2,,
2025-07-25T08:49:05.444+0200,1648,1558,18.319,4787.707,50.47,38.05,42.09,59.21,,2.87,128.00,18.18,28.20,2327,92,26,,,57,,,,,,0,2025-07-25T08:49:04.000+0200,1567,1519,16.514,48.1381750,-1.9787667,43.26,34.59,38.73,54.39,37.0,89,2,,
2025-07-25T08:49:05.467+0200,1648,1558,18.319,4787.707,50.47,38.05,42.09,59.21,,2.87,128.00,18.18,28.20,2327,92,26,,,57,,,,,,0,2025-07-25T08:49:04.000+0200,1567,1519,16.514,48.1381750,-1.9787667,43.26,34.59,38.73,54.39,37.0,89,2,,
2025-07-25T08:49:06.062+0200,1648,1559,18.327,4787.716,51.58,38.05,42.10,59.21,,1.01,127.89,11.93,18.19,1526,92,26,,,56,,,,,,0,2025-07-25T08:49:05.000+0200,1567,1519,16.527,48.1381783,-1.9786033,44.44,34.59,38.73,54.39,36.8,87,2,,
2025-07-25T08:49:06.089+0200,1648,1559,18.327,4787.716,51.58,38.05,42.10,59.21,,1.01,127.89,11.93,18.19,1526,92,26,,,56,,,,,,0,2025-07-25T08:49:05.000+0200,1568,1520,16.527,48.1381783,-1.9786033,44.44,34.59,38.73,54.39,36.8,87,2,,
2025-07-25T08:49:06.678+0200,1649,1559,18.336,4787.725,52.05,38.06,42.10,59.21,,2.38,128.00,12.61,19.10,1614,92,26,,,55,,,,,,0,2025-07-25T08:49:06.000+0200,1568,1520,16.539,48.1381850,-1.9784333,46.13,34.60,38.74,54.39,36.5,90,2,,
2025-07-25T08:49:06.701+0200,1649,1559,18.336,4787.725,52.05,38.06,42.10,59.21,,2.38,128.00,12.61,19.10,1614,92,26,,,55,,,,,,0,2025-07-25T08:49:06.000+0200,1568,1520,16.539,48.1381850,-1.9784333,46.13,34.60,38.74,54.39,36.5,90,2,,
2025-07-25T08:49:07.304+0200,1649,1560,18.345,4787.734,51.33,38.06,42.11,59.21,,-0.90,128.20,8.55,13.10,1096,92,26,,,56,,,,,,0,2025-07-25T08:49:06.000+0200,1569,1521,16.539,48.1381850,-1.9784333,46.13,34.60,38.74,54.39,36.5,90,2,,
2025-07-25T08:49:07.326+0200,1649,1560,18.345,4787.734,51.33,38.06,42.11,59.21,,-0.90,128.20,8.55,13.10,1096,92,26,,,56,,,,,,0,2025-07-25T08:49:06.000+0200,1569,1521,16.539,48.1381850,-1.9784333,46.13,34.60,38.74,54.39,36.5,90,2,,
2025-07-25T08:49:07.943+0200,1650,1561,18.354,4787.743,49.96,38.07,42.11,59.21,,-4.45,128.50,3.96,6.20,509,92,26,,,57,,,,,,0,2025-07-25T08:49:07.000+0200,1569,1521,16.552,48.1381900,-1.9782667,44.75,34.61,38.74,54.39,35.9,89,2,,
2025-07-25T08:49:07.964+0200,1650,1561,18.354,4787.743,49.96,38.07,42.11,59.21,,-4.45,128.50,3.96,6.20,509,92,26,,,57,,,,,,0,2025-07-25T08:49:07.000+0200,1569,1521,16.552,48.1381900,-1.9782667,44.75,34.61,38.74,54.39,35.9,89,2,,
2025-07-25T08:49:08.542+0200,1651,1561,18.363,4787.751,50.25,38.07,42.11,59.21,,-1.80,128.70,3.72,5.80,479,92,26,,,57,,,,,,0,2025-07-25T08:49:07.000+0200,1570,1522,16.552,48.1381900,-1.9782667,44.75,34.61,38.74,54.39,35.9,89,2,,
2025-07-25T08:49:08.564+0200,1651,1561,18.363,4787.751,50.25,38.07,42.11,59.21,,-1.80,128.70,3.72,5.80,479,92,26,,,57,,,,,,0,2025-07-25T08:49:07.000+0200,1570,1522,16.552,48.1381900,-1.9782667,44.75,34.61,38.74,54.39,35.9,89,2,,
2025-07-25T08:49:09.184+0200,1651,1562,18.372,4787.760,49.24,38.07,42.12,59.21,,0.00,128.80,15.05,23.80,1938,92,26,,,58,,,,,,0,2025-07-25T08:49:08.000+0200,1571,1523,16.564,48.1381900,-1.9780983,45.12,34.61,38.75,54.39,35.7,91,2,,
2025-07-25T08:49:09.208+0200,1651,1562,18.372,4787.760,49.24,38.07,42.12,59.21,,0.00,128.80,15.05,23.80,1938,92,26,,,58,,,,,,0,2025-07-25T08:49:08.000+0200,1571,1523,16.564,48.1381900,-1.9780983,45.12,34.61,38.75,54.39,35.7,91,2,,
2025-07-25T08:49:09.781+0200,1652,1563,18.380,4787.768,48.96,38.08,42.12,59.21,,-0.68,128.80,6.48,10.30,835,92,26,,,58,,,,,,0,2025-07-25T08:49:09.000+0200,1571,1523,16.577,48.1381883,-1.9779300,44.13,34.62,38.75,54.39,35.6,92,2,,
2025-07-25T08:49:09.802+0200,1652,1563,18.380,4787.768,48.96,38.08,42.12,59.21,,-0.68,128.80,6.48,10.30,835,92,26,,,58,,,,,,0,2025-07-25T08:49:09.000+0200,1571,1523,16.577,48.1381883,-1.9779300,44.13,34.62,38.75,54.39,35.6,92,2,,
2025-07-25T08:49:10.423+0200,1653,1563,18.389,4787.777,47.98,38.08,42.12,59.21,,-3.60,128.89,3.53,5.70,455,92,26,,,59,,,,,,0,2025-07-25T08:49:09.000+0200,1572,1524,16.577,48.1381883,-1.9779300,44.13,34.62,38.75,54.39,35.6,92,2,,
2025-07-25T08:49:10.447+0200,1653,1563,18.389,4787.777,47.98,38.08,42.12,59.21,,-3.60,128.89,3.53,5.70,455,92,26,,,59,,,,,,0,2025-07-25T08:49:09.000+0200,1572,1524,16.577,48.1381883,-1.9779300,44.13,34.62,38.75,54.39,35.6,92,2,,
2025-07-25T08:49:11.043+0200,1653,1564,18.397,4787.785,48.02,38.09,42.12,59.21,,1.35,129.00,8.55,13.79,1103,92,26,,,59,,,,,,0,2025-07-25T08:49:10.000+0200,1572,1524,16.589,48.1381867,-1.9777633,44.21,34.62,38.75,54.39,35.4,92,2,,
2025-07-25T08:49:11.063+0200,1653,1564,18.397,4787.785,48.02,38.09,42.12,59.21,,1.35,129.00,8.55,13.79,1103,92,26,,,59,,,,,,0,2025-07-25T08:49:10.000+0200,1572,1524,16.589,48.1381867,-1.9777633,44.21,34.62,38.75,54.39,35.4,92,2,,
2025-07-25T08:49:11.668+0200,1654,1564,18.405,4787.794,48.06,38.09,42.12,59.21,,2.71,128.89,10.30,16.60,1328,92,26,,,59,,,,,,0,2025-07-25T08:49:11.000+0200,1573,1525,16.601,48.1381833,-1.9775983,43.21,34.63,38.76,54.39,35.6,91,2,,
2025-07-25T08:49:11.690+0200,1654,1564,18.405,4787.794,48.06,38.09,42.12,59.21,,2.71,128.89,10.30,16.60,1328,92,26,,,59,,,,,,0,2025-07-25T08:49:11.000+0200,1573,1525,16.601,48.1381833,-1.9775983,43.21,34.63,38.76,54.39,35.6,91,2,,
2025-07-25T08:49:12.283+0200,1654,1565,18.414,4787.802,48.42,38.09,42.13,59.21,,-1.35,128.59,25.84,41.40,3323,92,26,,,59,,,,,,0,2025-07-25T08:49:11.000+0200,1574,1526,16.601,48.1381833,-1.9775983,43.21,34.63,38.76,54.39,35.6,91,2,,
2025-07-25T08:49:12.301+0200,1654,1565,18.414,4787.802,48.42,38.09,42.13,59.21,,-1.35,128.59,25.84,41.40,3323,92,26,,,59,,,,,,0,2025-07-25T08:49:11.000+0200,1574,1526,16.601,48.1381833,-1.9775983,43.21,34.63,38.76,54.39,35.6,91,2,,
2025-07-25T08:49:12.905+0200,1655,1566,18.422,4787.810,50.21,38.10,42.13,59.21,,1.68,128.39,22.73,35.39,2918,92,26,,,57,,,,,,0,2025-07-25T08:49:12.000+0200,1574,1526,16.614,48.1381783,-1.9774333,44.97,34.63,38.76,54.39,35.8,92,2,,
2025-07-25T08:49:12.929+0200,1655,1566,18.422,4787.810,50.21,38.10,42.13,59.21,,1.68,128.39,22.73,35.39,2918,92,26,,,57,,,,,,0,2025-07-25T08:49:12.000+0200,1574,1526,16.614,48.1381783,-1.9774333,44.97,34.63,38.76,54.39,35.8,92,2,,
2025-07-25T08:49:13.523+0200,1656,1566,18.431,4787.819,50.14,38.10,42.13,59.21,,-1.46,128.39,5.51,8.59,707,92,26,,,57,,,,,,0,2025-07-25T08:49:12.000+0200,1575,1527,16.614,48.1381783,-1.9774333,44.97,34.63,38.76,54.39,35.8,92,2,,
2025-07-25T08:49:13.546+0200,1656,1566,18.431,4787.819,50.14,38.10,42.13,59.21,,-1.46,128.39,5.51,8.59,707,92,26,,,57,,,,,,0,2025-07-25T08:49:12.000+0200,1575,1527,16.614,48.1381783,-1.9774333,44.97,34.63,38.76,54.39,35.8,92,2,,
2025-07-25T08:49:14.145+0200,1656,1567,18.440,4787.828,49.21,38.11,42.14,59.21,,-1.69,128.59,5.24,8.30,674,92,26,,,58,,,,,,0,2025-07-25T08:49:13.000+0200,1576,1528,16.626,48.1381750,-1.9772667,42.51,34.64,38.76,54.39,35.6,92,2,,
2025-07-25T08:49:14.175+0200,1656,1567,18.440,4787.828,49.21,38.11,42.14,59.21,,-1.69,128.59,5.24,8.30,674,92,26,,,58,,,,,,0,2025-07-25T08:49:13.000+0200,1576,1528,16.626,48.1381750,-1.9772667,42.51,34.64,38.76,54.39,35.6,92,2,,
2025-07-25T08:49:14.762+0200,1657,1568,18.448,4787.836,48.67,38.11,42.14,59.21,,2.48,128.70,9.21,14.70,1185,92,26,,,58,,,,,,0,2025-07-25T08:49:14.000+0200,1576,1528,16.638,48.1381717,-1.9771067,44.43,34.64,38.77,54.39,35.6,92,2,,
2025-07-25T08:49:14.782+0200,1657,1568,18.448,4787.836,48.67,38.11,42.14,59.21,,2.48,128.70,9.21,14.70,1185,92,26,,,58,,,,,,0,2025-07-25T08:49:14.000+0200,1576,1528,16.638,48.1381717,-1.9771067,44.43,34.64,38.77,54.39,35.6,92,2,,
2025-07-25T08:49:15.384+0200,1658,1568,18.457,4787.845,47.91,38.11,42.14,59.21,,-1.90,128.70,15.47,25.00,1991,92,26,,,59,,,,,,0,2025-07-25T08:49:14.000+0200,1577,1529,16.638,48.1381717,-1.9771067,44.43,34.64,38.77,54.39,35.6,92,2,,
2025-07-25T08:49:15.407+0200,1658,1568,18.457,4787.845,47.91,38.11,42.14,59.21,,-1.90,128.70,15.47,25.00,1991,92,26,,,59,,,,,,0,2025-07-25T08:49:14.000+0200,1577,1529,16.638,48.1381717,-1.9771067,44.43,34.64,38.77,54.39,35.6,92,2,,
2025-07-25T08:49:16.028+0200,1658,1569,18.465,4787.853,46.22,38.12,42.14,59.21,,1.35,128.80,13.36,22.20,1721,92,26,,,60,,,,,,0,2025-07-25T08:49:15.000+0200,1577,1529,16.651,48.1381717,-1.9769383,43.03,34.65,38.77,54.39,35.2,91,2,,
2025-07-25T08:49:16.052+0200,1658,1569,18.465,4787.853,46.22,38.12,42.14,59.21,,1.35,128.80,13.36,22.20,1721,92,26,,,60,,,,,,0,2025-07-25T08:49:15.000+0200,1577,1529,16.651,48.1381717,-1.9769383,43.03,34.65,38.77,54.39,35.2,91,2,,
2025-07-25T08:49:16.648+0200,1659,1569,18.473,4787.861,45.28,38.12,42.14,59.21,,-1.13,128.70,8.71,14.70,1121,92,26,,,61,,,,,,0,2025-07-25T08:49:15.000+0200,1578,1530,16.651,48.1381717,-1.9769383,43.03,34.65,38.77,54.39,35.2,91,2,,
2025-07-25T08:49:16.670+0200,1659,1569,18.473,4787.861,45.28,38.12,42.14,59.21,,-1.13,128.70,8.71,14.70,1121,92,26,,,61,,,,,,0,2025-07-25T08:49:16.000+0200,1578,1530,16.662,48.1381650,-1.9767800,40.44,34.65,38.77,54.39,35.1,93,2,,
2025-07-25T08:49:17.282+0200,1659,1570,18.481,4787.869,44.92,38.12,42.15,59.21,,-0.72,128.70,11.72,19.90,1508,92,26,,,62,,,,,,0,2025-07-25T08:49:16.000+0200,1579,1531,16.662,48.1381650,-1.9767800,40.44,34.65,38.77,54.39,35.1,93,2,,
2025-07-25T08:49:17.306+0200,1659,1570,18.481,4787.869,44.92,38.12,42.15,59.21,,-0.72,128.70,11.72,19.90,1508,92,26,,,62,,,,,,0,2025-07-25T08:49:16.000+0200,1579,1531,16.662,48.1381650,-1.9767800,40.44,34.65,38.77,54.39,35.1,93,2,,
2025-07-25T08:49:17.906+0200,1660,1571,18.489,4787.877,43.74,38.12,42.15,59.21,,-1.46,128.70,9.52,16.50,1225,92,26,,,63,,,,,,0,2025-07-25T08:49:17.000+0200,1579,1531,16.674,48.1381600,-1.9766267,40.93,34.66,38.77,54.39,34.7,93,2,,
2025-07-25T08:49:17.930+0200,1660,1571,18.489,4787.877,43.74,38.12,42.15,59.21,,-1.46,128.70,9.52,16.50,1225,92,26,,,63,,,,,,0,2025-07-25T08:49:17.000+0200,1579,1531,16.674,48.1381600,-1.9766267,40.93,34.66,38.77,54.39,34.7,93,2,,
2025-07-25T08:49:18.524+0200,1661,1571,18.497,4787.885,45.53,38.12,42.15,59.21,,1.44,128.50,24.35,40.89,3129,92,26,,,61,,,,,,0,2025-07-25T08:49:17.000+0200,1580,1532,16.674,48.1381600,-1.9766267,40.93,34.66,38.77,54.39,34.7,93,2,,
2025-07-25T08:49:18.550+0200,1661,1571,18.497,4787.885,45.53,38.12,42.15,59.21,,1.44,128.50,24.35,40.89,3129,92,26,,,61,,,,,,0,2025-07-25T08:49:17.000+0200,1580,1532,16.674,48.1381600,-1.9766267,40.93,34.66,38.77,54.39,34.7,93,2,,
2025-07-25T08:49:19.145+0200,1661,1572,18.504,4787.892,47.16,38.13,42.15,59.21,,0.36,128.30,7.88,12.90,1011,92,26,,,60,,,,,,0,2025-07-25T08:49:18.000+0200,1581,1533,16.685,48.1381567,-1.9764700,41.97,34.66,38.77,54.39,34.5,91,2,,
2025-07-25T08:49:19.170+0200,1661,1572,18.504,4787.892,47.16,38.13,42.15,59.21,,0.36,128.30,7.88,12.90,1011,92,26,,,60,,,,,,0,2025-07-25T08:49:18.000+0200,1581,1533,16.685,48.1381567,-1.9764700,41.97,34.66,38.77,54.39,34.5,91,2,,
2025-07-25T08:49:19.767+0200,1662,1573,18.513,4787.901,47.16,38.13,42.15,59.21,,-0.11,128.30,17.61,28.80,2259,92,26,,,60,,,,,,0,2025-07-25T08:49:19.000+0200,1581,1533,16.697,48.1381533,-1.9763133,42.33,34.67,38.78,54.39,34.3,91,2,,
2025-07-25T08:49:19.793+0200,1662,1573,18.513,4787.901,47.16,38.13,42.15,59.21,,-0.11,128.30,17.61,28.80,2259,92,26,,,60,,,,,,0,2025-07-25T08:49:19.000+0200,1581,1533,16.697,48.1381533,-1.9763133,42.33,34.67,38.78,54.39,34.3,91,2,,
2025-07-25T08:49:20.405+0200,1663,1573,18.521,4787.909,47.19,38.13,42.15,59.21,,1.44,128.39,8.07,13.20,1036,91,26,,,60,,,,,,0,2025-07-25T08:49:19.000+0200,1582,1534,16.697,48.1381533,-1.9763133,42.33,34.67,38.78,54.39,34.3,91,2,,
2025-07-25T08:49:20.428+0200,1663,1573,18.521,4787.909,47.19,38.13,42.15,59.21,,1.44,128.39,8.07,13.20,1036,91,26,,,60,,,,,,0,2025-07-25T08:49:19.000+0200,1582,1534,16.697,48.1381533,-1.9763133,42.33,34.67,38.78,54.39,34.3,91,2,,
2025-07-25T08:49:21.004+0200,1663,1574,18.529,4787.917,47.01,38.14,42.16,59.21,,-0.56,128.50,4.69,7.70,603,91,26,,,60,,,,,,0,2025-07-25T08:49:20.000+0200,1582,1534,16.709,48.1381500,-1.9761567,40.16,34.67,38.78,54.39,34.3,91,2,,
2025-07-25T08:49:21.028+0200,1663,1574,18.529,4787.917,47.01,38.14,42.16,59.21,,-0.56,128.50,4.69,7.70,603,91,26,,,60,,,,,,0,2025-07-25T08:49:20.000+0200,1582,1534,16.709,48.1381500,-1.9761567,40.16,34.67,38.78,54.39,34.3,91,2,,
2025-07-25T08:49:21.622+0200,1664,1574,18.537,4787.925,46.29,38.14,42.16,59.21,,0.79,128.80,4.82,8.00,621,91,26,,,60,,,,,,0,2025-07-25T08:49:20.000+0200,1583,1535,16.709,48.1381500,-1.9761567,40.16,34.67,38.78,54.39,34.3,91,2,,
2025-07-25T08:49:21.645+0200,1664,1574,18.537,4787.925,46.29,38.14,42.16,59.21,,0.79,128.80,4.82,8.00,621,91,26,,,60,,,,,,0,2025-07-25T08:49:20.000+0200,1583,1535,16.709,48.1381500,-1.9761567,40.16,34.67,38.78,54.39,34.3,91,2,,
2025-07-25T08:49:22.245+0200,1664,1575,18.545,4787.933,45.10,38.14,42.16,59.21,,1.01,128.89,5.91,10.00,762,91,26,,,61,,,,,,0,2025-07-25T08:49:21.000+0200,1584,1536,16.720,48.1381450,-1.9760017,42.66,34.67,38.78,54.39,34.3,93,2,,
2025-07-25T08:49:22.266+0200,1664,1575,18.545,4787.933,45.10,38.14,42.16,59.21,,1.01,128.89,5.91,10.00,762,91,26,,,61,,,,,,0,2025-07-25T08:49:21.000+0200,1584,1536,16.720,48.1381450,-1.9760017,42.66,34.67,38.78,54.39,34.3,93,2,,
2025-07-25T08:49:22.867+0200,1665,1576,18.553,4787.941,44.89,38.15,42.16,59.21,,-0.67,129.00,2.00,3.40,258,91,26,,,62,,,,,,0,2025-07-25T08:49:22.000+0200,1584,1536,16.732,48.1381450,-1.9758383,42.06,34.68,38.78,54.39,34.1,90,2,,
2025-07-25T08:49:22.890+0200,1665,1576,18.553,4787.941,44.89,38.15,42.16,59.21,,-0.67,129.00,2.00,3.40,258,91,26,,,62,,,,,,0,2025-07-25T08:49:22.000+0200,1584,1536,16.732,48.1381450,-1.9758383,42.06,34.68,38.78,54.39,34.1,90,2,,
2025-07-25T08:49:23.509+0200,1666,1576,18.561,4787.949,43.63,38.15,42.16,59.21,,-1.55,129.09,-0.14,-0.50,-18,91,26,,,63,,,,,,0,2025-07-25T08:49:22.000+0200,1585,1537,16.732,48.1381450,-1.9758383,42.06,34.68,38.78,54.39,34.1,90,2,,
2025-07-25T08:49:23.533+0200,1666,1576,18.561,4787.949,43.63,38.15,42.16,59.21,,-1.55,129.09,-0.14,-0.50,-18,91,26,,,63,,,,,,0,2025-07-25T08:49:22.000+0200,1585,1537,16.732,48.1381450,-1.9758383,42.06,34.68,38.78,54.39,34.1,90,2,,
2025-07-25T08:49:24.122+0200,1666,1577,18.569,4787.956,42.48,38.15,42.16,59.21,,-2.03,129.39,0.56,1.00,72,91,26,,,64,,,,,,0,2025-07-25T08:49:23.000+0200,1586,1538,16.744,48.1381417,-1.9756883,39.30,34.68,38.78,54.39,34.0,91,2,,
2025-07-25T08:49:24.144+0200,1666,1577,18.569,4787.956,42.48,38.15,42.16,59.21,,-2.03,129.39,0.56,1.00,72,91,26,,,64,,,,,,0,2025-07-25T08:49:23.000+0200,1586,1538,16.744,48.1381417,-1.9756883,39.30,34.68,38.78,54.39,34.0,91,2,,
2025-07-25T08:49:24.747+0200,1667,1578,18.576,4787.964,42.48,38.15,42.16,59.21,,-5.50,129.59,-10.50,-37.20,-1361,91,26,,,64,,,,,,0,2025-07-25T08:49:24.000+0200,1586,1538,16.754,48.1381417,-1.9755433,38.45,34.68,38.78,54.39,33.7,91,2,,
2025-07-25T08:49:24.771+0200,1667,1578,18.576,4787.964,42.48,38.15,42.16,59.21,,-5.50,129.59,-10.50,-37.20,-1361,91,26,,,64,,,,,,0,2025-07-25T08:49:24.000+0200,1586,1538,16.754,48.1381417,-1.9755433,38.45,34.68,38.78,54.39,33.7,91,2,,
2025-07-25T08:49:25.365+0200,1668,1578,18.584,4787.971,36.93,38.15,42.16,59.21,,-7.74,130.09,-3.36,-13.20,-437,92,26,,,69,,,,,,0,2025-07-25T08:49:24.000+0200,1587,1539,16.754,48.1381417,-1.9755433,38.45,34.68,38.78,54.39,33.7,91,2,,
2025-07-25T08:49:25.389+0200,1668,1578,18.584,4787.971,36.93,38.15,42.16,59.21,,-7.74,130.09,-3.36,-13.20,-437,92,26,,,69,,,,,,0,2025-07-25T08:49:24.000+0200,1587,1539,16.754,48.1381417,-1.9755433,38.45,34.68,38.78,54.39,33.7,91,2,,
2025-07-25T08:49:26.006+0200,1668,1579,18.590,4787.978,37.43,38.15,42.16,59.21,,1.44,130.00,8.59,16.69,1117,92,25,,,68,,,,,,0,2025-07-25T08:49:25.000+0200,1587,1539,16.764,48.1381400,-1.9754133,35.10,34.68,38.78,54.39,33.7,90,2,,
2025-07-25T08:49:26.029+0200,1668,1579,18.590,4787.978,37.43,38.15,42.16,59.21,,1.44,130.00,8.59,16.69,1117,92,25,,,68,,,,,,0,2025-07-25T08:49:25.000+0200,1587,1539,16.764,48.1381400,-1.9754133,35.10,34.68,38.78,54.39,33.7,90,2,,
2025-07-25T08:49:26.628+0200,1669,1579,18.597,4787.984,35.31,38.15,42.15,59.21,,-5.40,129.80,-0.19,-0.79,-25,92,26,,,70,,,,,,0,2025-07-25T08:49:25.000+0200,1588,1540,16.764,48.1381400,-1.9754133,35.10,34.68,38.78,54.39,33.7,90,2,,
2025-07-25T08:49:26.650+0200,1669,1579,18.597,4787.984,35.31,38.15,42.15,59.21,,-5.40,129.80,-0.19,-0.79,-25,92,26,,,70,,,,,,0,2025-07-25T08:49:25.000+0200,1588,1540,16.764,48.1381400,-1.9754133,35.10,34.68,38.78,54.39,33.7,90,2,,
2025-07-25T08:49:27.248+0200,1669,1580,18.603,4787.990,34.77,38.15,42.15,59.21,,3.12,129.89,6.19,12.70,804,92,26,,,71,,,,,,0,2025-07-25T08:49:26.000+0200,1589,1541,16.774,48.1381433,-1.9752850,32.91,34.68,38.78,54.39,33.9,85,2,,
2025-07-25T08:49:27.270+0200,1669,1580,18.603,4787.990,34.77,38.15,42.15,59.21,,3.12,129.89,6.19,12.70,804,92,26,,,71,,,,,,0,2025-07-25T08:49:26.000+0200,1589,1541,16.774,48.1381433,-1.9752850,32.91,34.68,38.78,54.39,33.9,85,2,,
2025-07-25T08:49:27.865+0200,1670,1581,18.609,4787.996,36.21,38.15,42.15,59.21,,4.47,129.50,20.13,40.09,2607,92,26,,,69,,,,,,0,2025-07-25T08:49:27.000+0200,1589,1541,16.782,48.1381367,-1.9751717,31.75,34.68,38.77,54.39,33.8,94,2,,
2025-07-25T08:49:27.883+0200,1670,1581,18.609,4787.996,36.21,38.15,42.15,59.21,,4.47,129.50,20.13,40.09,2607,92,26,,,69,,,,,,0,2025-07-25T08:49:27.000+0200,1589,1541,16.782,48.1381367,-1.9751717,31.75,34.68,38.77,54.39,33.8,94,2,,
2025-07-25T08:49:28.503+0200,1671,1581,18.615,4788.003,36.00,38.15,42.15,59.21,,-1.32,129.50,-0.57,-2.30,-74,92,25,,,69,,,,,,0,2025-07-25T08:49:27.000+0200,1590,1542,16.782,48.1381367,-1.9751717,31.75,34.68,38.77,54.39,33.8,94,2,,
2025-07-25T08:49:28.523+0200,1671,1581,18.615,4788.003,36.00,38.15,42.15,59.21,,-1.32,129.50,-0.57,-2.30,-74,92,25,,,69,,,,,,0,2025-07-25T08:49:27.000+0200,1590,1542,16.782,48.1381367,-1.9751717,31.75,34.68,38.77,54.39,33.8,94,2,,
2025-07-25T08:49:29.120+0200,1671,1582,18.622,4788.009,37.72,38.15,42.14,59.21,,8.64,129.50,6.15,11.90,796,92,25,,,68,,,,,,0,2025-07-25T08:49:28.000+0200,1591,1543,16.791,48.1381300,-1.9750583,33.28,34.68,38.77,54.39,33.5,97,2,,
2025-07-25T08:49:29.144+0200,1671,1582,18.622,4788.009,37.72,38.15,42.14,59.21,,8.64,129.50,6.15,11.90,796,92,25,,,68,,,,,,0,2025-07-25T08:49:28.000+0200,1591,1543,16.791,48.1381300,-1.9750583,33.28,34.68,38.77,54.39,33.5,97,2,,
2025-07-25T08:49:29.746+0200,1672,1583,18.628,4788.015,39.63,38.15,42.14,59.21,,7.08,129.30,17.00,31.70,2198,92,26,,,66,,,,,,0,2025-07-25T08:49:29.000+0200,1591,1543,16.800,48.1381183,-1.9749350,34.15,34.68,38.77,54.39,33.4,98,2,,
2025-07-25T08:49:29.768+0200,1672,1583,18.628,4788.015,39.63,38.15,42.14,59.21,,7.08,129.30,17.00,31.70,2198,92,26,,,66,,,,,,0,2025-07-25T08:49:29.000+0200,1591,1543,16.800,48.1381183,-1.9749350,34.15,34.68,38.77,54.39,33.4,98,2,,
2025-07-25T08:49:30.367+0200,1672,1583,18.635,4788.022,38.91,38.15,42.14,59.21,,-0.12,129.20,13.91,26.30,1797,92,25,,,67,,,,,,0,2025-07-25T08:49:29.000+0200,1592,1544,16.800,48.1381183,-1.9749350,34.15,34.68,38.77,54.39,33.4,98,2,,
2025-07-25T08:49:30.390+0200,1672,1583,18.635,4788.022,38.91,38.15,42.14,59.21,,-0.12,129.20,13.91,26.30,1797,92,25,,,67,,,,,,0,2025-07-25T08:49:29.000+0200,1592,1544,16.800,48.1381183,-1.9749350,34.15,34.68,38.77,54.39,33.4,98,2,,
2025-07-25T08:49:30.984+0200,1673,1584,18.641,4788.029,40.42,38.15,42.14,59.21,,0.12,128.89,19.37,35.59,2497,92,26,,,65,,,,,,0,2025-07-25T08:49:30.000+0200,1592,1544,16.810,48.1381050,-1.9748050,34.63,34.68,38.76,54.39,33.1,99,2,,
2025-07-25T08:49:31.007+0200,1673,1584,18.641,4788.029,40.42,38.15,42.14,59.21,,0.12,128.89,19.37,35.59,2497,92,26,,,65,,,,,,0,2025-07-25T08:49:30.000+0200,1592,1544,16.810,48.1381050,-1.9748050,34.63,34.68,38.76,54.39,33.1,99,2,,
2025-07-25T08:49:31.609+0200,1674,1584,18.648,4788.036,40.93,38.15,42.14,59.21,,-4.16,128.89,5.93,10.80,764,92,26,,,65,,,,,,0,2025-07-25T08:49:30.000+0200,1593,1545,16.810,48.1381050,-1.9748050,34.63,34.68,38.76,54.39,33.1,99,2,,
2025-07-25T08:49:31.630+0200,1674,1584,18.648,4788.036,40.93,38.15,42.14,59.21,,-4.16,128.89,5.93,10.80,764,92,26,,,65,,,,,,0,2025-07-25T08:49:30.000+0200,1593,1545,16.810,48.1381050,-1.9748050,34.63,34.68,38.76,54.39,33.1,99,2,,
2025-07-25T08:49:32.226+0200,1674,1585,18.655,4788.043,39.99,38.15,42.14,59.21,,-3.34,129.00,3.94,7.30,508,92,26,,,66,,,,,,0,2025-07-25T08:49:31.000+0200,1594,1546,16.820,48.1380883,-1.9746733,36.21,34.68,38.76,54.39,33.0,100,2,,
2025-07-25T08:49:32.250+0200,1674,1585,18.655,4788.043,39.99,38.15,42.14,59.21,,-3.34,129.00,3.94,7.30,508,92,26,,,66,,,,,,0,2025-07-25T08:49:31.000+0200,1594,1546,16.820,48.1380883,-1.9746733,36.21,34.68,38.76,54.39,33.0,100,2,,
2025-07-25T08:49:32.845+0200,1675,1586,18.662,4788.050,41.00,38.15,42.14,59.21,,3.72,129.00,12.48,22.70,1610,92,26,,,65,,,,,,0,2025-07-25T08:49:32.000+0200,1594,1546,16.830,48.1380700,-1.9745367,40.47,34.68,38.76,54.39,32.9,102,2,,
2025-07-25T08:49:32.867+0200,1675,1586,18.662,4788.050,41.00,38.15,42.14,59.21,,3.72,129.00,12.48,22.70,1610,92,26,,,65,,,,,,0,2025-07-25T08:49:32.000+0200,1594,1546,16.830,48.1380700,-1.9745367,40.47,34.68,38.76,54.39,32.9,102,2,,
2025-07-25T08:49:33.466+0200,1676,1586,18.670,4788.057,40.06,38.15,42.14,59.21,,-1.24,129.09,4.59,8.50,593,92,26,,,66,,,,,,0,2025-07-25T08:49:32.000+0200,1595,1547,16.830,48.1380700,-1.9745367,40.47,34.68,38.76,54.39,32.9,102,2,,
2025-07-25T08:49:33.490+0200,1676,1586,18.670,4788.057,40.06,38.15,42.14,59.21,,-1.24,129.09,4.59,8.50,593,92,26,,,66,,,,,,0,2025-07-25T08:49:32.000+0200,1595,1547,16.830,48.1380700,-1.9745367,40.47,34.68,38.76,54.39,32.9,102,2,,
2025-07-25T08:49:34.106+0200,1676,1587,18.677,4788.064,38.51,38.15,42.14,59.21,,-1.55,129.20,4.25,8.09,549,92,26,,,67,,,,,,0,2025-07-25T08:49:33.000+0200,1596,1548,16.840,48.1380567,-1.9743983,35.31,34.68,38.76,54.39,32.8,96,2,,
2025-07-25T08:49:34.128+0200,1676,1587,18.677,4788.064,38.51,38.15,42.14,59.21,,-1.55,129.20,4.25,8.09,549,92,26,,,67,,,,,,0,2025-07-25T08:49:33.000+0200,1596,1548,16.840,48.1380567,-1.9743983,35.31,34.68,38.76,54.39,32.8,96,2,,
2025-07-25T08:49:34.725+0200,1677,1588,18.683,4788.071,37.51,38.15,42.14,59.21,,-2.39,129.20,7.41,14.40,957,92,26,,,68,,,,,,0,2025-07-25T08:49:34.000+0200,1596,1548,16.850,48.1380400,-1.9742767,35.33,34.68,38.76,54.39,33.0,102,2,,
2025-07-25T08:49:34.747+0200,1677,1588,18.683,4788.071,37.51,38.15,42.14,59.21,,-2.39,129.20,7.41,14.40,957,92,26,,,68,,,,,,0,2025-07-25T08:49:34.000+0200,1596,1548,16.850,48.1380400,-1.9742767,35.33,34.68,38.76,54.39,33.0,102,2,,
2025-07-25T08:49:35.346+0200,1677,1588,18.690,4788.077,36.93,38.15,42.13,59.21,,-3.96,129.30,0.91,1.80,118,92,26,,,69,,,,,,0,2025-07-25T08:49:34.000+0200,1597,1549,16.850,48.1380400,-1.9742767,35.33,34.68,38.76,54.39,33.0,102,2,,
2025-07-25T08:49:35.367+0200,1677,1588,18.690,4788.077,36.93,38.15,42.13,59.21,,-3.96,129.30,0.91,1.80,118,92,26,,,69,,,,,,0,2025-07-25T08:49:34.000+0200,1597,1549,16.850,48.1380400,-1.9742767,35.33,34.68,38.76,54.39,33.0,102,2,,
2025-07-25T08:49:35.964+0200,1678,1589,18.696,4788.084,36.43,38.15,42.13,59.21,,-0.12,129.50,-1.03,-4.10,-133,92,26,,,69,,,,,,0,2025-07-25T08:49:35.000+0200,1597,1549,16.859,48.1380217,-1.9741533,33.43,34.68,38.75,54.39,33.0,102,2,,
2025-07-25T08:49:35.989+0200,1678,1589,18.696,4788.084,36.43,38.15,42.13,59.21,,-0.12,129.50,-1.03,-4.10,-133,92,26,,,69,,,,,,0,2025-07-25T08:49:35.000+0200,1597,1549,16.859,48.1380217,-1.9741533,33.43,34.68,38.75,54.39,33.0,102,2,,
2025-07-25T08:49:36.584+0200,1679,1589,18.703,4788.090,35.28,38.15,42.13,59.21,,-2.27,129.70,-0.64,-2.60,-83,92,25,,,70,,,,,,0,2025-07-25T08:49:35.000+0200,1598,1550,16.859,48.1380217,-1.9741533,33.43,34.68,38.75,54.39,33.0,102,2,,
2025-07-25T08:49:36.607+0200,1679,1589,18.703,4788.090,35.28,38.15,42.13,59.21,,-2.27,129.70,-0.64,-2.60,-83,92,25,,,70,,,,,,0,2025-07-25T08:49:35.000+0200,1598,1550,16.859,48.1380217,-1.9741533,33.43,34.68,38.75,54.39,33.0,102,2,,
2025-07-25T08:49:37.207+0200,1679,1590,18.709,4788.096,36.18,38.15,42.13,59.21,,1.12,129.80,-0.25,-1.00,-32,92,25,,,69,,,,,,0,2025-07-25T08:49:36.000+0200,1599,1551,16.869,48.1380050,-1.9740283,35.21,34.68,38.75,54.39,33.1,102,2,,
2025-07-25T08:49:37.237+0200,1679,1590,18.709,4788.096,36.18,38.15,42.13,59.21,,1.12,129.80,-0.25,-1.00,-32,92,25,,,69,,,,,,0,2025-07-25T08:49:36.000+0200,1599,1551,16.869,48.1380050,-1.9740283,35.21,34.68,38.75,54.39,33.1,102,2,,
2025-07-25T08:49:37.826+0200,1680,1591,18.715,4788.102,34.70,38.15,42.12,59.21,,-0.45,129.89,1.70,3.50,221,92,25,,,71,,,,,,0,2025-07-25T08:49:37.000+0200,1599,1551,16.877,48.1379883,-1.9739117,34.14,34.68,38.75,54.39,33.0,104,2,,
2025-07-25T08:49:37.853+0200,1680,1591,18.715,4788.102,34.70,38.15,42.12,59.21,,-0.45,129.89,1.70,3.50,221,92,25,,,71,,,,,,0,2025-07-25T08:49:37.000+0200,1599,1551,16.877,48.1379883,-1.9739117,34.14,34.68,38.75,54.39,33.0,104,2,,
2025-07-25T08:49:38.443+0200,1681,1591,18.721,4788.108,33.33,38.15,42.12,59.21,,-1.24,129.89,-0.47,-2.00,-61,92,25,,,72,,,,,,0,2025-07-25T08:49:37.000+0200,1600,1552,16.877,48.1379883,-1.9739117,34.14,34.68,38.75,54.39,33.0,104,2,,
2025-07-25T08:49:38.468+0200,1681,1591,18.721,4788.108,33.33,38.15,42.12,59.21,,-1.24,129.89,-0.47,-2.00,-61,92,25,,,72,,,,,,0,2025-07-25T08:49:37.000+0200,1600,1552,16.877,48.1379883,-1.9739117,34.14,34.68,38.75,54.39,33.0,104,2,,
2025-07-25T08:49:39.066+0200,1681,1592,18.727,4788.114,32.29,38.14,42.12,59.21,,-1.69,130.00,-1.20,-5.20,-156,92,25,,,73,,,,,,0,2025-07-25T08:49:38.000+0200,1600,1552,16.886,48.1379717,-1.9737967,34.27,34.68,38.75,54.39,33.1,106,2,,
2025-07-25T08:49:39.089+0200,1681,1592,18.727,4788.114,32.29,38.14,42.12,59.21,,-1.69,130.00,-1.20,-5.20,-156,92,25,,,73,,,,,,0,2025-07-25T08:49:38.000+0200,1600,1552,16.886,48.1379717,-1.9737967,34.27,34.68,38.75,54.39,33.1,106,2,,
2025-07-25T08:49:39.688+0200,1682,1592,18.733,4788.119,30.38,38.14,42.11,59.21,,-1.38,130.20,-3.86,-17.40,-503,92,25,,,74,,,,,,0,2025-07-25T08:49:39.000+0200,1601,1553,16.894,48.1379750,-1.9736950,31.96,34.68,38.74,54.39,33.2,94,2,,
2025-07-25T08:49:39.712+0200,1682,1592,18.733,4788.119,30.38,38.14,42.11,59.21,,-1.38,130.20,-3.86,-17.40,-503,92,25,,,74,,,,,,0,2025-07-25T08:49:39.000+0200,1601,1553,16.894,48.1379750,-1.9736950,31.96,34.68,38.74,54.39,33.2,94,2,,
2025-07-25T08:49:40.325+0200,1682,1593,18.738,4788.125,26.67,38.14,42.11,59.21,,-6.32,130.39,-3.98,-19.60,-519,92,25,,,77,,,,,,0,2025-07-25T08:49:39.000+0200,1602,1554,16.894,48.1379750,-1.9736950,31.96,34.68,38.74,54.39,33.2,94,2,,
2025-07-25T08:49:40.354+0200,1682,1593,18.738,4788.125,26.67,38.14,42.11,59.21,,-6.32,130.39,-3.98,-19.60,-519,92,25,,,77,,,,,,0,2025-07-25T08:49:39.000+0200,1602,1554,16.894,48.1379750,-1.9736950,31.96,34.68,38.74,54.39,33.2,94,2,,
2025-07-25T08:49:40.946+0200,1683,1594,18.743,4788.129,24.58,38.13,42.10,59.21,,-4.15,130.50,-2.14,-11.10,-279,92,25,,,79,,,,,,0,2025-07-25T08:49:40.000+0200,1602,1554,16.901,48.1379700,-1.9735950,26.22,34.68,38.73,54.39,33.1,98,2,,
2025-07-25T08:49:40.971+0200,1683,1594,18.743,4788.129,24.58,38.13,42.10,59.21,,-4.15,130.50,-2.14,-11.10,-279,92,25,,,79,,,,,,0,2025-07-25T08:49:40.000+0200,1602,1554,16.901,48.1379700,-1.9735950,26.22,34.68,38.73,54.39,33.1,98,2,,
2025-07-25T08:49:41.564+0200,1684,1594,18.747,4788.133,23.29,38.13,42.09,59.21,,-3.81,130.50,-2.27,-12.20,-296,92,25,,,80,,,,,,0,2025-07-25T08:49:40.000+0200,1603,1555,16.901,48.1379700,-1.9735950,26.22,34.68,38.73,54.39,33.1,98,2,,
2025-07-25T08:49:41.589+0200,1684,1594,18.747,4788.133,23.29,38.13,42.09,59.21,,-3.81,130.50,-2.27,-12.20,-296,92,25,,,80,,,,,,0,2025-07-25T08:49:40.000+0200,1603,1555,16.901,48.1379700,-1.9735950,26.22,34.68,38.73,54.39,33.1,98,2,,
2025-07-25T08:49:42.183+0200,1684,1595,18.751,4788.137,22.78,38.12,42.09,59.21,,-3.59,130.50,-5.03,-27.40,-656,92,25,,,81,,,,,,0,2025-07-25T08:49:41.000+0200,1604,1556,16.908,48.1379617,-1.9735017,22.31,34.67,38.72,54.39,33.4,98,2,,
2025-07-25T08:49:42.207+0200,1684,1595,18.751,4788.137,22.78,38.12,42.09,59.21,,-3.59,130.50,-5.03,-27.40,-656,92,25,,,81,,,,,,0,2025-07-25T08:49:41.000+0200,1604,1556,16.908,48.1379617,-1.9735017,22.31,34.67,38.72,54.39,33.4,98,2,,
2025-07-25T08:49:42.803+0200,1685,1596,18.755,4788.141,20.51,38.12,42.08,59.21,,-5.91,130.59,-2.76,-16.00,-360,93,25,,,83,,,,,,0,2025-07-25T08:49:42.000+0200,1604,1556,16.913,48.1379417,-1.9734383,20.22,34.66,38.71,54.39,33.9,106,2,,
2025-07-25T08:49:42.827+0200,1685,1596,18.755,4788.141,20.51,38.12,42.08,59.21,,-5.91,130.59,-2.76,-16.00,-360,93,25,,,83,,,,,,0,2025-07-25T08:49:42.000+0200,1604,1556,16.913,48.1379417,-1.9734383,20.22,34.66,38.71,54.39,33.9,106,2,,
2025-07-25T08:49:43.424+0200,1686,1596,18.759,4788.145,20.48,38.11,42.07,59.21,,1.79,130.39,7.82,22.70,1020,93,25,,,83,,,,,,0,2025-07-25T08:49:42.000+0200,1605,1557,16.913,48.1379417,-1.9734383,20.22,34.66,38.71,54.39,33.9,106,2,,
2025-07-25T08:49:43.443+0200,1686,1596,18.759,4788.145,20.48,38.11,42.07,59.21,,1.79,130.39,7.82,22.70,1020,93,25,,,83,,,,,,0,2025-07-25T08:49:42.000+0200,1605,1557,16.913,48.1379417,-1.9734383,20.22,34.66,38.71,54.39,33.9,106,2,,
2025-07-25T08:49:44.064+0200,1686,1597,18.763,4788.149,22.53,38.11,42.06,59.21,,2.04,130.09,15.56,42.60,2024,93,25,,,81,,,,,,0,2025-07-25T08:49:43.000+0200,1605,1557,16.918,48.1379250,-1.9733767,22.20,34.65,38.70,54.39,34.4,108,2,,
2025-07-25T08:49:44.090+0200,1686,1597,18.763,4788.149,22.53,38.11,42.06,59.21,,2.04,130.09,15.56,42.60,2024,93,25,,,81,,,,,,0,2025-07-25T08:49:43.000+0200,1605,1557,16.918,48.1379250,-1.9733767,22.20,34.65,38.70,54.39,34.4,108,2,,
2025-07-25T08:49:44.691+0200,1687,1597,18.767,4788.153,25.23,38.10,42.05,59.21,,2.14,129.80,7.92,20.19,1028,93,25,,,79,,,,,,0,2025-07-25T08:49:44.000+0200,1606,1558,16.924,48.1379033,-1.9733067,21.78,34.65,38.69,54.39,34.6,111,2,,
2025-07-25T08:49:44.716+0200,1687,1597,18.767,4788.153,25.23,38.10,42.05,59.21,,2.14,129.80,7.92,20.19,1028,93,25,,,79,,,,,,0,2025-07-25T08:49:44.000+0200,1606,1558,16.924,48.1379033,-1.9733067,21.78,34.65,38.69,54.39,34.6,111,2,,
2025-07-25T08:49:45.302+0200,1687,1598,18.771,4788.157,25.70,38.10,42.05,59.21,,1.31,129.80,6.31,15.90,819,93,25,,,78,,,,,,0,2025-07-25T08:49:44.000+0200,1607,1559,16.924,48.1379033,-1.9733067,21.78,34.65,38.69,54.39,34.6,111,2,,
2025-07-25T08:49:45.334+0200,1687,1598,18.771,4788.157,25.70,38.10,42.05,59.21,,1.31,129.80,6.31,15.90,819,93,25,,,78,,,,,,0,2025-07-25T08:49:44.000+0200,1607,1559,16.924,48.1379033,-1.9733067,21.78,34.65,38.69,54.39,34.6,111,2,,
2025-07-25T08:49:45.930+0200,1688,1599,18.775,4788.161,25.74,38.09,42.04,59.21,,1.57,129.80,1.07,2.70,139,93,25,,,78,,,,,,0,2025-07-25T08:49:45.000+0200,1607,1559,16.930,48.1378883,-1.9732267,22.90,34.64,38.68,54.39,34.8,103,2,,
2025-07-25T08:49:45.952+0200,1688,1599,18.775,4788.161,25.74,38.09,42.04,59.21,,1.57,129.80,1.07,2.70,139,93,25,,,78,,,,,,0,2025-07-25T08:49:45.000+0200,1607,1559,16.930,48.1378883,-1.9732267,22.90,34.64,38.68,54.39,34.8,103,2,,
2025-07-25T08:49:46.539+0200,1689,1599,18.780,4788.166,25.56,38.09,42.04,59.21,,-0.11,129.70,11.27,28.50,1462,93,25,,,78,,,,,,0,2025-07-25T08:49:45.000+0200,1608,1560,16.930,48.1378883,-1.9732267,22.90,34.64,38.68,54.39,34.8,103,2,,
2025-07-25T08:49:46.566+0200,1689,1599,18.780,4788.166,25.56,38.09,42.04,59.21,,-0.11,129.70,11.27,28.50,1462,93,25,,,78,,,,,,0,2025-07-25T08:49:45.000+0200,1608,1560,16.930,48.1378883,-1.9732267,22.90,34.64,38.68,54.39,34.8,103,2,,
2025-07-25T08:49:47.171+0200,1689,1600,18.784,4788.170,27.35,38.08,42.03,59.21,,-1.01,129.50,15.26,36.89,1976,93,25,,,77,,,,,,0,2025-07-25T08:49:46.000+0200,1609,1561,16.936,48.1378783,-1.9731467,23.30,34.63,38.67,54.39,34.7,96,2,,
2025-07-25T08:49:47.194+0200,1689,1600,18.784,4788.170,27.35,38.08,42.03,59.21,,-1.01,129.50,15.26,36.89,1976,93,25,,,77,,,,,,0,2025-07-25T08:49:46.000+0200,1609,1561,16.936,48.1378783,-1.9731467,23.30,34.63,38.67,54.39,34.7,96,2,,
2025-07-25T08:49:47.787+0200,1690,1601,18.789,4788.175,28.72,38.08,42.02,59.21,,0.11,129.50,2.00,4.69,259,93,25,,,76,,,,,,0,2025-07-25T08:49:47.000+0200,1609,1561,16.943,48.1378683,-1.9730567,25.53,34.63,38.66,54.39,34.8,92,2,,
2025-07-25T08:49:47.810+0200,1690,1601,18.789,4788.175,28.72,38.08,42.02,59.21,,0.11,129.50,2.00,4.69,259,93,25,,,76,,,,,,0,2025-07-25T08:49:47.000+0200,1609,1561,16.943,48.1378683,-1.9730567,25.53,34.63,38.66,54.39,34.8,92,2,,
2025-07-25T08:49:48.405+0200,1691,1601,18.794,4788.180,28.72,38.08,42.02,59.21,,0.00,129.50,6.58,15.40,852,93,25,,,76,,,,,,0,2025-07-25T08:49:47.000+0200,1610,1562,16.943,48.1378683,-1.9730567,25.53,34.63,38.66,54.39,34.8,92,2,,
2025-07-25T08:49:48.431+0200,1691,1601,18.794,4788.180,28.72,38.08,42.02,59.21,,0.00,129.50,6.58,15.40,852,93,25,,,76,,,,,,0,2025-07-25T08:49:47.000+0200,1610,1562,16.943,48.1378683,-1.9730567,25.53,34.63,38.66,54.39,34.8,92,2,,
2025-07-25T08:49:49.022+0200,1691,1602,18.799,4788.185,30.06,38.07,42.01,59.21,,0.11,129.39,8.67,19.69,1122,93,26,,,74,,,,,,0,2025-07-25T08:49:48.000+0200,1610,1562,16.950,48.1378567,-1.9729717,22.51,34.62,38.65,54.39,34.8,99,2,,
2025-07-25T08:49:49.047+0200,1691,1602,18.799,4788.185,30.06,38.07,42.01,59.21,,0.11,129.39,8.67,19.69,1122,93,26,,,74,,,,,,0,2025-07-25T08:49:48.000+0200,1610,1562,16.950,48.1378567,-1.9729717,22.51,34.62,38.65,54.39,34.8,99,2,,
2025-07-25T08:49:49.647+0200,1692,1602,18.804,4788.191,32.11,38.07,42.01,59.21,,0.79,129.30,10.69,23.20,1382,93,26,,,73,,,,,,0,2025-07-25T08:49:48.000+0200,1611,1563,16.950,48.1378567,-1.9729717,22.51,34.62,38.65,54.39,34.8,99,2,,
2025-07-25T08:49:49.671+0200,1692,1602,18.804,4788.191,32.11,38.07,42.01,59.21,,0.79,129.30,10.69,23.20,1382,93,26,,,73,,,,,,0,2025-07-25T08:49:49.000+0200,1611,1563,16.955,48.1378683,-1.9729033,27.19,34.62,38.64,54.39,34.9,93,2,,
2025-07-25T08:49:50.288+0200,1692,1603,18.809,4788.196,32.43,38.07,42.01,59.21,,0.96,129.30,5.01,10.80,648,93,26,,,72,,,,,,0,2025-07-25T08:49:49.000+0200,1612,1564,16.955,48.1378683,-1.9729033,27.19,34.62,38.64,54.39,34.9,93,2,,
2025-07-25T08:49:50.311+0200,1692,1603,18.809,4788.196,32.43,38.07,42.01,59.21,,0.96,129.30,5.01,10.80,648,93,26,,,72,,,,,,0,2025-07-25T08:49:49.000+0200,1612,1564,16.955,48.1378683,-1.9729033,27.19,34.62,38.64,54.39,34.9,93,2,,
2025-07-25T08:49:50.924+0200,1693,1604,18.815,4788.202,32.83,38.07,42.00,59.21,,-0.36,129.30,11.52,24.60,1490,93,26,,,72,,,,,,0,2025-07-25T08:49:50.000+0200,1612,1564,16.963,48.1378483,-1.9728000,29.72,34.61,38.64,54.39,35.1,99,2,,
2025-07-25T08:49:50.948+0200,1693,1604,18.815,4788.202,32.83,38.07,42.00,59.21,,-0.36,129.30,11.52,24.60,1490,93,26,,,72,,,,,,0,2025-07-25T08:49:50.000+0200,1612,1564,16.963,48.1378483,-1.9728000,29.72,34.61,38.64,54.39,35.1,99,2,,
2025-07-25T08:49:51.547+0200,1694,1604,18.821,4788.208,34.01,38.07,42.00,59.21,,3.84,129.30,10.08,21.00,1303,93,26,,,71,,,,,,0,2025-07-25T08:49:50.000+0200,1613,1565,16.963,48.1378483,-1.9728000,29.72,34.61,38.64,54.39,35.1,99,2,,
2025-07-25T08:49:51.571+0200,1694,1604,18.821,4788.208,34.01,38.07,42.00,59.21,,3.84,129.30,10.08,21.00,1303,93,26,,,71,,,,,,0,2025-07-25T08:49:50.000+0200,1613,1565,16.963,48.1378483,-1.9728000,29.72,34.61,38.64,54.39,35.1,99,2,,
2025-07-25T08:49:52.147+0200,1694,1605,18.826,4788.213,34.84,38.06,42.00,59.21,,3.50,129.20,15.24,31.20,1969,93,26,,,70,,,,,,0,2025-07-25T08:49:51.000+0200,1614,1566,16.972,48.1378267,-1.9726817,31.98,34.61,38.63,54.39,35.2,104,2,,
2025-07-25T08:49:52.170+0200,1694,1605,18.826,4788.213,34.84,38.06,42.00,59.21,,3.50,129.20,15.24,31.20,1969,93,26,,,70,,,,,,0,2025-07-25T08:49:51.000+0200,1614,1566,16.972,48.1378267,-1.9726817,31.98,34.61,38.63,54.39,35.2,104,2,,
2025-07-25T08:49:52.788+0200,1695,1606,18.832,4788.220,35.71,38.06,41.99,59.21,,2.76,129.20,11.28,22.70,1457,93,26,,,70,,,,,,0,2025-07-25T08:49:52.000+0200,1614,1566,16.981,48.1378050,-1.9725650,30.56,34.61,38.63,54.39,35.3,106,2,,
2025-07-25T08:49:52.810+0200,1695,1606,18.832,4788.220,35.71,38.06,41.99,59.21,,2.76,129.20,11.28,22.70,1457,93,26,,,70,,,,,,0,2025-07-25T08:49:52.000+0200,1614,1566,16.981,48.1378050,-1.9725650,30.56,34.61,38.63,54.39,35.3,106,2,,
2025-07-25T08:49:53.413+0200,1696,1606,18.839,4788.226,34.88,38.06,41.99,59.21,,-0.48,129.30,4.44,9.09,574,93,26,,,70,,,,,,0,2025-07-25T08:49:52.000+0200,1615,1567,16.981,48.1378050,-1.9725650,30.56,34.61,38.63,54.39,35.3,106,2,,
2025-07-25T08:49:53.434+0200,1696,1606,18.839,4788.226,34.88,38.06,41.99,59.21,,-0.48,129.30,4.44,9.09,574,93,26,,,70,,,,,,0,2025-07-25T08:49:52.000+0200,1615,1567,16.981,48.1378050,-1.9725650,30.56,34.61,38.63,54.39,35.3,106,2,,
2025-07-25T08:49:54.024+0200,1696,1607,18.845,4788.232,35.17,38.06,41.99,59.21,,0.34,129.30,13.66,27.80,1766,93,26,,,70,,,,,,0,2025-07-25T08:49:53.000+0200,1615,1567,16.989,48.1377883,-1.9724600,29.21,34.61,38.62,54.39,35.4,103,2,,
2025-07-25T08:49:54.047+0200,1696,1607,18.845,4788.232,35.17,38.06,41.99,59.21,,0.34,129.30,13.66,27.80,1766,93,26,,,70,,,,,,0,2025-07-25T08:49:53.000+0200,1615,1567,16.989,48.1377883,-1.9724600,29.21,34.61,38.62,54.39,35.4,103,2,,
2025-07-25T08:49:54.646+0200,1697,1607,18.851,4788.238,35.78,38.06,41.99,59.21,,-1.46,129.30,3.43,6.89,443,93,26,,,70,,,,,,0,2025-07-25T08:49:53.000+0200,1616,1568,16.989,48.1377883,-1.9724600,29.21,34.61,38.62,54.39,35.4,103,2,,
2025-07-25T08:49:54.674+0200,1697,1607,18.851,4788.238,35.78,38.06,41.99,59.21,,-1.46,129.30,3.43,6.89,443,93,26,,,70,,,,,,0,2025-07-25T08:49:54.000+0200,1616,1568,16.998,48.1377617,-1.9723483,31.21,34.61,38.62,54.39,35.7,106,2,,
2025-07-25T08:49:55.266+0200,1697,1608,18.857,4788.244,35.89,38.06,41.98,59.21,,-1.80,129.20,7.83,15.70,1012,93,26,,,69,,,,,,0,2025-07-25T08:49:54.000+0200,1617,1569,16.998,48.1377617,-1.9723483,31.21,34.61,38.62,54.39,35.7,106,2,,
2025-07-25T08:49:55.285+0200,1697,1608,18.857,4788.244,35.89,38.06,41.98,59.21,,-1.80,129.20,7.83,15.70,1012,93,26,,,69,,,,,,0,2025-07-25T08:49:54.000+0200,1617,1569,16.998,48.1377617,-1.9723483,31.21,34.61,38.62,54.39,35.7,106,2,,
2025-07-25T08:49:55.885+0200,1698,1609,18.863,4788.250,34.52,38.06,41.98,59.21,,-5.53,129.59,-5.28,-21.80,-684,93,26,,,71,,,,,,0,2025-07-25T08:49:55.000+0200,1617,1569,17.006,48.1377433,-1.9722483,29.24,34.60,38.61,54.39,35.9,105,2,,
2025-07-25T08:49:55.907+0200,1698,1609,18.863,4788.250,34.52,38.06,41.98,59.21,,-5.53,129.59,-5.28,-21.80,-684,93,26,,,71,,,,,,0,2025-07-25T08:49:55.000+0200,1617,1569,17.006,48.1377433,-1.9722483,29.24,34.60,38.61,54.39,35.9,105,2,,
2025-07-25T08:49:56.508+0200,1699,1609,18.869,4788.256,30.78,38.06,41.98,59.21,,-5.85,129.89,-3.33,-14.90,-433,93,26,,,74,,,,,,0,2025-07-25T08:49:55.000+0200,1618,1570,17.006,48.1377433,-1.9722483,29.24,34.60,38.61,54.39,35.9,105,2,,
2025-07-25T08:49:56.528+0200,1699,1609,18.869,4788.256,30.78,38.06,41.98,59.21,,-5.85,129.89,-3.33,-14.90,-433,93,26,,,74,,,,,,0,2025-07-25T08:49:55.000+0200,1618,1570,17.006,48.1377433,-1.9722483,29.24,34.60,38.61,54.39,35.9,105,2,,
2025-07-25T08:49:57.126+0200,1699,1610,18.875,4788.262,29.80,38.05,41.97,59.21,,-0.45,130.00,2.45,5.60,319,93,26,,,75,,,,,,0,2025-07-25T08:49:56.000+0200,1619,1571,17.014,48.1377250,-1.9721433,27.57,34.60,38.60,54.39,36.0,104,2,,
2025-07-25T08:49:57.147+0200,1699,1610,18.875,4788.262,29.80,38.05,41.97,59.21,,-0.45,130.00,2.45,5.60,319,93,26,,,75,,,,,,0,2025-07-25T08:49:56.000+0200,1619,1571,17.014,48.1377250,-1.9721433,27.57,34.60,38.60,54.39,36.0,104,2,,
2025-07-25T08:49:57.742+0200,1700,1611,18.880,4788.267,29.05,38.05,41.97,59.21,,0.79,129.89,4.90,11.40,636,93,26,,,75,,,,,,0,2025-07-25T08:49:57.000+0200,1619,1571,17.022,48.1376983,-1.9720417,26.76,34.59,38.60,54.39,36.2,107,2,,
2025-07-25T08:49:57.764+0200,1700,1611,18.880,4788.267,29.05,38.05,41.97,59.21,,0.79,129.89,4.90,11.40,636,93,26,,,75,,,,,,0,2025-07-25T08:49:57.000+0200,1619,1571,17.022,48.1376983,-1.9720417,26.76,34.59,38.60,54.39,36.2,107,2,,
2025-07-25T08:49:58.365+0200,1701,1611,18.885,4788.272,28.36,38.05,41.96,59.21,,-1.24,129.89,2.88,6.80,374,93,26,,,76,,,,,,0,2025-07-25T08:49:57.000+0200,1620,1572,17.022,48.1376983,-1.9720417,26.76,34.59,38.60,54.39,36.2,107,2,,
2025-07-25T08:49:58.386+0200,1701,1611,18.885,4788.272,28.36,38.05,41.96,59.21,,-1.24,129.89,2.88,6.80,374,93,26,,,76,,,,,,0,2025-07-25T08:49:57.000+0200,1620,1572,17.022,48.1376983,-1.9720417,26.76,34.59,38.60,54.39,36.2,107,2,,
2025-07-25T08:49:59.008+0200,1701,1612,18.890,4788.277,26.28,38.04,41.96,59.21,,-3.24,130.00,-0.48,-2.39,-62,93,26,,,78,,,,,,0,2025-07-25T08:49:58.000+0200,1620,1572,17.028,48.1377033,-1.9719517,24.88,34.59,38.59,54.39,35.9,87,2,,
2025-07-25T08:49:59.026+0200,1701,1612,18.890,4788.277,26.28,38.04,41.96,59.21,,-3.24,130.00,-0.48,-2.39,-62,93,26,,,78,,,,,,0,2025-07-25T08:49:58.000+0200,1620,1572,17.028,48.1377033,-1.9719517,24.88,34.59,38.59,54.39,35.9,87,2,,
2025-07-25T08:49:59.624+0200,1702,1612,18.895,4788.281,24.73,38.04,41.95,59.21,,-4.19,130.00,2.20,5.70,286,93,26,,,79,,,,,,0,2025-07-25T08:49:58.000+0200,1621,1573,17.028,48.1377033,-1.9719517,24.88,34.59,38.59,54.39,35.9,87,2,,
2025-07-25T08:49:59.651+0200,1702,1612,18.895,4788.281,24.73,38.04,41.95,59.21,,-4.19,130.00,2.20,5.70,286,93,26,,,79,,,,,,0,2025-07-25T08:49:58.000+0200,1621,1573,17.028,48.1377033,-1.9719517,24.88,34.59,38.59,54.39,35.9,87,2,,
2025-07-25T08:50:00.243+0200,1702,1613,18.899,4788.286,23.54,38.03,41.94,59.21,,0.60,130.09,0.45,1.19,59,93,25,,,80,,,,,,0,2025-07-25T08:49:59.000+0200,1622,1574,17.035,48.1377250,-1.9718683,24.02,34.58,38.58,54.39,35.6,66,2,,
2025-07-25T08:50:00.265+0200,1702,1613,18.899,4788.286,23.54,38.03,41.94,59.21,,0.60,130.09,0.45,1.19,59,93,25,,,80,,,,,,0,2025-07-25T08:49:59.000+0200,1622,1574,17.035,48.1377250,-1.9718683,24.02,34.58,38.58,54.39,35.6,66,2,,
2025-07-25T08:50:00.866+0200,1703,1614,18.903,4788.289,20.91,38.03,41.94,59.21,,-1.13,130.00,0.80,2.30,104,93,25,,,82,,,,,,0,2025-07-25T08:50:00.000+0200,1622,1574,17.041,48.1377433,-1.9717933,20.67,34.57,38.57,54.39,35.6,67,2,,
2025-07-25T08:50:00.887+0200,1703,1614,18.903,4788.289,20.91,38.03,41.94,59.21,,-1.13,130.00,0.80,2.30,104,93,25,,,82,,,,,,0,2025-07-25T08:50:00.000+0200,1622,1574,17.041,48.1377433,-1.9717933,20.67,34.57,38.57,54.39,35.6,67,2,,
2025-07-25T08:50:01.485+0200,1704,1614,18.907,4788.293,19.65,38.02,41.93,59.21,,-1.91,130.00,3.33,9.89,433,93,25,,,83,,,,,,0,2025-07-25T08:50:00.000+0200,1623,1575,17.041,48.1377433,-1.9717933,20.67,34.57,38.57,54.39,35.6,67,2,,
2025-07-25T08:50:01.506+0200,1704,1614,18.907,4788.293,19.65,38.02,41.93,59.21,,-1.91,130.00,3.33,9.89,433,93,25,,,83,,,,,,0,2025-07-25T08:50:00.000+0200,1623,1575,17.041,48.1377433,-1.9717933,20.67,34.57,38.57,54.39,35.6,67,2,,
2025-07-25T08:50:02.104+0200,1704,1615,18.911,4788.296,19.11,38.02,41.92,59.21,,2.16,129.89,18.64,56.30,2421,93,25,,,84,,,,,,0,2025-07-25T08:50:01.000+0200,1623,1575,17.046,48.1377583,-1.9717333,16.27,34.56,38.55,54.39,35.4,80,2,,
2025-07-25T08:50:02.124+0200,1704,1615,18.911,4788.296,19.11,38.02,41.92,59.21,,2.16,129.89,18.64,56.30,2421,93,25,,,84,,,,,,0,2025-07-25T08:50:01.000+0200,1624,1576,17.046,48.1377583,-1.9717333,16.27,34.56,38.55,54.39,35.4,80,2,,
2025-07-25T08:50:02.724+0200,1705,1615,18.914,4788.300,21.20,38.01,41.91,59.21,,-0.23,129.70,6.01,17.10,779,93,25,,,82,,,,,,0,2025-07-25T08:50:02.000+0200,1624,1576,17.051,48.1377617,-1.9716683,19.82,34.56,38.54,54.39,35.8,89,2,,
2025-07-25T08:50:02.746+0200,1705,1616,18.914,4788.300,21.20,38.01,41.91,59.21,,-0.23,129.70,6.01,17.10,779,93,25,,,82,,,,,,0,2025-07-25T08:50:02.000+0200,1624,1576,17.051,48.1377617,-1.9716683,19.82,34.56,38.54,54.39,35.8,89,2,,
2025-07-25T08:50:03.349+0200,1705,1616,18.918,4788.304,22.57,38.00,41.90,59.21,,0.11,129.70,0.25,0.70,32,93,25,,,81,,,,,,0,2025-07-25T08:50:02.000+0200,1625,1577,17.051,48.1377617,-1.9716683,19.82,34.56,38.54,54.39,35.8,89,2,,
2025-07-25T08:50:03.369+0200,1705,1616,18.918,4788.304,22.57,38.00,41.90,59.21,,0.11,129.70,0.25,0.70,32,93,25,,,81,,,,,,0,2025-07-25T08:50:02.000+0200,1625,1577,17.051,48.1377617,-1.9716683,19.82,34.56,38.54,54.39,35.8,89,2,,
2025-07-25T08:50:03.967+0200,1706,1617,18.922,4788.308,23.50,38.00,41.90,59.21,,2.75,129.80,0.67,1.80,87,93,25,,,80,,,,,,0,2025-07-25T08:50:03.000+0200,1625,1577,17.056,48.1377600,-1.9715933,19.47,34.55,38.53,54.39,35.5,93,2,,
2025-07-25T08:50:03.991+0200,1706,1617,18.922,4788.308,23.50,38.00,41.90,59.21,,2.75,129.80,0.67,1.80,87,93,25,,,80,,,,,,0,2025-07-25T08:50:03.000+0200,1625,1577,17.056,48.1377600,-1.9715933,19.47,34.55,38.53,54.39,35.5,93,2,,
2025-07-25T08:50:04.604+0200,1707,1617,18.926,4788.312,22.64,37.99,41.89,59.21,,0.22,129.80,8.57,23.40,1112,93,25,,,81,,,,,,0,2025-07-25T08:50:03.000+0200,1626,1578,17.056,48.1377600,-1.9715933,19.47,34.55,38.53,54.39,35.5,93,2,,
2025-07-25T08:50:04.628+0200,1707,1617,18.926,4788.312,22.64,37.99,41.89,59.21,,0.22,129.80,8.57,23.40,1112,93,25,,,81,,,,,,0,2025-07-25T08:50:03.000+0200,1626,1578,17.056,48.1377600,-1.9715933,19.47,34.55,38.53,54.39,35.5,93,2,,
2025-07-25T08:50:05.221+0200,1707,1618,18.930,4788.316,22.64,37.99,41.88,59.21,,-4.93,129.89,-0.36,-2.00,-47,93,25,,,81,,,,,,0,2025-07-25T08:50:04.000+0200,1627,1579,17.061,48.1377567,-1.9715250,21.08,34.54,38.52,54.39,35.3,94,2,,
2025-07-25T08:50:05.242+0200,1707,1618,18.930,4788.316,22.64,37.99,41.88,59.21,,-4.93,129.89,-0.36,-2.00,-47,93,25,,,81,,,,,,0,2025-07-25T08:50:04.000+0200,1627,1579,17.061,48.1377567,-1.9715250,21.08,34.54,38.52,54.39,35.3,94,2,,
2025-07-25T08:50:05.845+0200,1708,1619,18.934,4788.320,23.83,37.98,41.87,59.21,,3.91,129.89,7.03,18.60,913,93,25,,,80,,,,,,0,2025-07-25T08:50:05.000+0200,1627,1579,17.067,48.1377533,-1.9714467,22.69,34.53,38.51,54.39,35.3,94,2,,
2025-07-25T08:50:05.869+0200,1708,1619,18.934,4788.320,23.83,37.98,41.87,59.21,,3.91,129.89,7.03,18.60,913,93,25,,,80,,,,,,0,2025-07-25T08:50:05.000+0200,1627,1579,17.067,48.1377533,-1.9714467,22.69,34.53,38.51,54.39,35.3,94,2,,
2025-07-25T08:50:06.483+0200,1709,1619,18.938,4788.324,22.64,37.98,41.87,59.21,,-5.76,130.00,-1.55,-8.50,-202,93,25,,,81,,,,,,0,2025-07-25T08:50:05.000+0200,1628,1580,17.067,48.1377533,-1.9714467,22.69,34.53,38.51,54.39,35.3,94,2,,
2025-07-25T08:50:06.506+0200,1709,1619,18.938,4788.324,22.64,37.98,41.87,59.21,,-5.76,130.00,-1.55,-8.50,-202,93,25,,,81,,,,,,0,2025-07-25T08:50:05.000+0200,1628,1580,17.067,48.1377533,-1.9714467,22.69,34.53,38.51,54.39,35.3,94,2,,
2025-07-25T08:50:07.105+0200,1709,1620,18.942,4788.328,22.57,37.97,41.86,59.21,,4.68,129.89,13.38,36.59,1738,93,25,,,81,,,,,,0,2025-07-25T08:50:06.000+0200,1628,1580,17.073,48.1377533,-1.9713650,19.96,34.52,38.50,54.39,35.0,81,2,,
2025-07-25T08:50:07.128+0200,1709,1620,18.942,4788.328,22.57,37.97,41.86,59.21,,4.68,129.89,13.38,36.59,1738,93,25,,,81,,,,,,0,2025-07-25T08:50:06.000+0200,1629,1581,17.073,48.1377533,-1.9713650,19.96,34.52,38.50,54.39,35.0,81,2,,
2025-07-25T08:50:07.724+0200,1710,1620,18.946,4788.332,23.18,37.97,41.85,59.21,,6.10,129.80,4.38,11.80,569,94,25,,,80,,,,,,0,2025-07-25T08:50:07.000+0200,1629,1581,17.079,48.1377600,-1.9712933,16.28,34.51,38.48,54.39,34.9,81,2,,
2025-07-25T08:50:07.744+0200,1710,1621,18.946,4788.332,23.18,37.97,41.85,59.21,,6.10,129.80,4.38,11.80,569,94,25,,,80,,,,,,0,2025-07-25T08:50:07.000+0200,1629,1581,17.079,48.1377600,-1.9712933,16.28,34.51,38.48,54.39,34.9,81,2,,
2025-07-25T08:50:08.342+0200,1710,1621,18.950,4788.335,24.58,37.96,41.84,59.21,,2.40,129.59,17.44,45.20,2260,94,25,,,79,,,,,,0,2025-07-25T08:50:07.000+0200,1630,1582,17.079,48.1377600,-1.9712933,16.28,34.51,38.48,54.39,34.9,81,2,,
2025-07-25T08:50:08.362+0200,1710,1621,18.950,4788.335,24.58,37.96,41.84,59.21,,2.40,129.59,17.44,45.20,2260,94,25,,,79,,,,,,0,2025-07-25T08:50:07.000+0200,1630,1582,17.079,48.1377600,-1.9712933,16.28,34.51,38.48,54.39,34.9,81,2,,
2025-07-25T08:50:08.966+0200,1711,1622,18.954,4788.340,29.23,37.96,41.84,59.21,,8.10,129.09,23.47,54.30,3030,94,26,,,75,,,,,,0,2025-07-25T08:50:08.000+0200,1630,1582,17.085,48.1377683,-1.9712083,21.68,34.51,38.47,54.39,33.6,87,2,,
2025-07-25T08:50:08.986+0200,1711,1622,18.954,4788.340,29.23,37.96,41.84,59.21,,8.10,129.09,23.47,54.30,3030,94,26,,,75,,,,,,0,2025-07-25T08:50:08.000+0200,1630,1582,17.085,48.1377683,-1.9712083,21.68,34.51,38.47,54.39,33.6,87,2,,
2025-07-25T08:50:09.587+0200,1712,1622,18.958,4788.345,31.67,37.96,41.84,59.21,,3.15,128.89,16.17,35.39,2084,93,26,,,73,,,,,,0,2025-07-25T08:50:08.000+0200,1631,1583,17.085,48.1377683,-1.9712083,21.68,34.51,38.47,54.39,33.6,87,2,,
2025-07-25T08:50:09.610+0200,1712,1622,18.958,4788.345,31.67,37.96,41.84,59.21,,3.15,128.89,16.17,35.39,2084,93,26,,,73,,,,,,0,2025-07-25T08:50:08.000+0200,1631,1583,17.085,48.1377683,-1.9712083,21.68,34.51,38.47,54.39,33.6,87,2,,
2025-07-25T08:50:10.201+0200,1712,1623,18.964,4788.350,33.73,37.95,41.83,59.21,,3.48,128.70,24.86,52.10,3199,93,26,,,71,,,,,,0,2025-07-25T08:50:09.000+0200,1632,1584,17.092,48.1377683,-1.9711167,25.01,34.50,38.46,54.39,33.6,89,2,,
2025-07-25T08:50:10.225+0200,1712,1623,18.964,4788.350,33.73,37.95,41.83,59.21,,3.48,128.70,24.86,52.10,3199,93,26,,,71,,,,,,0,2025-07-25T08:50:09.000+0200,1632,1584,17.092,48.1377683,-1.9711167,25.01,34.50,38.46,54.39,33.6,89,2,,
2025-07-25T08:50:10.823+0200,1713,1624,18.969,4788.356,36.89,37.95,41.83,59.21,,2.26,128.50,16.18,31.80,2079,93,26,,,68,,,,,,0,2025-07-25T08:50:10.000+0200,1632,1584,17.101,48.1377600,-1.9709983,29.56,34.50,38.46,54.39,33.5,93,2,,
2025-07-25T08:50:10.846+0200,1713,1624,18.969,4788.356,36.89,37.95,41.83,59.21,,2.26,128.50,16.18,31.80,2079,93,26,,,68,,,,,,0,2025-07-25T08:50:10.000+0200,1632,1584,17.101,48.1377600,-1.9709983,29.56,34.50,38.46,54.39,33.5,93,2,,
2025-07-25T08:50:11.446+0200,1714,1624,18.975,4788.363,37.90,37.95,41.83,59.21,,1.34,128.39,15.46,29.80,1985,93,26,,,67,,,,,,0,2025-07-25T08:50:10.000+0200,1633,1585,17.101,48.1377600,-1.9709983,29.56,34.50,38.46,54.39,33.5,93,2,,
2025-07-25T08:50:11.469+0200,1714,1624,18.975,4788.363,37.90,37.95,41.83,59.21,,1.34,128.39,15.46,29.80,1985,93,26,,,67,,,,,,0,2025-07-25T08:50:10.000+0200,1633,1585,17.101,48.1377600,-1.9709983,29.56,34.50,38.46,54.39,33.5,93,2,,
2025-07-25T08:50:12.067+0200,1714,1625,18.982,4788.369,39.78,37.95,41.83,59.21,,4.39,128.39,19.09,35.50,2451,93,26,,,66,,,,,,0,2025-07-25T08:50:11.000+0200,1633,1585,17.110,48.1377533,-1.9708733,34.74,34.50,38.46,54.39,33.3,95,2,,
2025-07-25T08:50:12.091+0200,1714,1625,18.982,4788.369,39.78,37.95,41.83,59.21,,4.39,128.39,19.09,35.50,2451,93,26,,,66,,,,,,0,2025-07-25T08:50:11.000+0200,1633,1585,17.110,48.1377533,-1.9708733,34.74,34.50,38.46,54.39,33.3,95,2,,
2025-07-25T08:50:12.703+0200,1715,1625,18.989,4788.376,42.12,37.96,41.83,59.21,,3.49,128.30,18.23,32.50,2339,93,26,,,64,,,,,,0,2025-07-25T08:50:12.000+0200,1634,1586,17.121,48.1377367,-1.9707283,33.33,34.50,38.45,54.39,33.3,99,2,,
2025-07-25T08:50:12.727+0200,1715,1625,18.989,4788.376,42.12,37.96,41.83,59.21,,3.49,128.30,18.23,32.50,2339,93,26,,,64,,,,,,0,2025-07-25T08:50:12.000+0200,1634,1586,17.121,48.1377367,-1.9707283,33.33,34.50,38.45,54.39,33.3,99,2,,
2025-07-25T08:50:13.327+0200,1715,1626,18.996,4788.383,43.05,37.96,41.83,59.21,,0.72,128.30,15.46,27.09,1984,93,26,,,63,,,,,,0,2025-07-25T08:50:12.000+0200,1635,1587,17.121,48.1377367,-1.9707283,33.33,34.50,38.45,54.39,33.3,99,2,,
2025-07-25T08:50:13.347+0200,1715,1626,18.996,4788.383,43.05,37.96,41.83,59.21,,0.72,128.30,15.46,27.09,1984,93,26,,,63,,,,,,0,2025-07-25T08:50:12.000+0200,1635,1587,17.121,48.1377367,-1.9707283,33.33,34.50,38.45,54.39,33.3,99,2,,
2025-07-25T08:50:13.949+0200,1716,1627,19.003,4788.391,43.88,37.96,41.83,59.21,,0.34,128.39,12.79,22.10,1642,93,26,,,62,,,,,,0,2025-07-25T08:50:13.000+0200,1635,1587,17.131,48.1377283,-1.9705917,35.91,34.50,38.45,54.39,33.6,94,2,,
2025-07-25T08:50:13.973+0200,1716,1627,19.003,4788.391,43.88,37.96,41.83,59.21,,0.34,128.39,12.79,22.10,1642,93,26,,,62,,,,,,0,2025-07-25T08:50:13.000+0200,1635,1587,17.131,48.1377283,-1.9705917,35.91,34.50,38.45,54.39,33.6,94,2,,
2025-07-25T08:50:14.567+0200,1717,1627,19.011,4788.399,45.14,37.96,41.83,59.21,,3.36,128.30,13.95,23.60,1790,93,26,,,61,,,,,,0,2025-07-25T08:50:13.000+0200,1636,1588,17.131,48.1377283,-1.9705917,35.91,34.50,38.45,54.39,33.6,94,2,,
2025-07-25T08:50:14.584+0200,1717,1627,19.011,4788.399,45.14,37.96,41.83,59.21,,3.36,128.30,13.95,23.60,1790,93,26,,,61,,,,,,0,2025-07-25T08:50:13.000+0200,1636,1588,17.131,48.1377283,-1.9705917,35.91,34.50,38.45,54.39,33.6,94,2,,
2025-07-25T08:50:15.207+0200,1717,1628,19.019,4788.406,46.33,37.96,41.83,59.21,,1.29,128.30,14.90,24.70,1912,93,26,,,60,,,,,,0,2025-07-25T08:50:14.000+0200,1637,1589,17.142,48.1377200,-1.9704450,35.80,34.50,38.45,54.39,33.7,92,2,,
2025-07-25T08:50:15.231+0200,1717,1628,19.019,4788.406,46.33,37.96,41.83,59.21,,1.29,128.30,14.90,24.70,1912,93,26,,,60,,,,,,0,2025-07-25T08:50:14.000+0200,1637,1589,17.142,48.1377200,-1.9704450,35.80,34.50,38.45,54.39,33.7,92,2,,
2025-07-25T08:50:15.826+0200,1718,1629,19.026,4788.414,47.62,37.97,41.83,59.21,,2.63,128.00,28.53,46.30,3652,93,26,,,59,,,,,,0,2025-07-25T08:50:15.000+0200,1637,1589,17.154,48.1377100,-1.9702850,42.29,34.50,38.45,54.39,33.9,94,2,,
2025-07-25T08:50:15.849+0200,1718,1629,19.026,4788.414,47.62,37.97,41.83,59.21,,2.63,128.00,28.53,46.30,3652,93,26,,,59,,,,,,0,2025-07-25T08:50:15.000+0200,1637,1589,17.154,48.1377100,-1.9702850,42.29,34.50,38.45,54.39,33.9,94,2,,
2025-07-25T08:50:16.445+0200,1719,1629,19.035,4788.423,50.00,37.97,41.84,59.21,,2.63,127.60,27.20,42.50,3471,93,26,,,57,,,,,,0,2025-07-25T08:50:15.000+0200,1638,1590,17.154,48.1377100,-1.9702850,42.29,34.50,38.45,54.39,33.9,94,2,,
2025-07-25T08:50:16.468+0200,1719,1629,19.035,4788.423,50.00,37.97,41.84,59.21,,2.63,127.60,27.20,42.50,3471,93,26,,,57,,,,,,0,2025-07-25T08:50:15.000+0200,1638,1590,17.154,48.1377100,-1.9702850,42.29,34.50,38.45,54.39,33.9,94,2,,
2025-07-25T08:50:17.067+0200,1719,1630,19.043,4788.432,53.10,37.98,41.84,59.21,,3.04,127.30,30.39,45.30,3869,93,26,,,54,,,,,,0,2025-07-25T08:50:16.000+0200,1638,1590,17.167,48.1377000,-1.9701117,46.01,34.51,38.46,54.39,33.7,93,2,,
2025-07-25T08:50:17.090+0200,1719,1630,19.043,4788.432,53.10,37.98,41.84,59.21,,3.04,127.30,30.39,45.30,3869,93,26,,,54,,,,,,0,2025-07-25T08:50:16.000+0200,1638,1590,17.167,48.1377000,-1.9701117,46.01,34.51,38.46,54.39,33.7,93,2,,
2025-07-25T08:50:17.683+0200,1720,1630,19.053,4788.441,55.97,37.98,41.85,59.21,,4.71,127.10,28.41,40.59,3611,93,26,,,51,,,,,,0,2025-07-25T08:50:17.000+0200,1639,1591,17.181,48.1376917,-1.9699250,49.46,34.52,38.46,54.39,33.6,92,2,,
2025-07-25T08:50:17.706+0200,1720,1630,19.053,4788.441,55.97,37.98,41.85,59.21,,4.71,127.10,28.41,40.59,3611,93,26,,,51,,,,,,0,2025-07-25T08:50:17.000+0200,1639,1591,17.181,48.1376917,-1.9699250,49.46,34.52,38.46,54.39,33.6,92,2,,
2025-07-25T08:50:18.308+0200,1720,1631,19.062,4788.451,56.62,37.99,41.85,59.21,,2.70,127.30,10.87,15.40,1384,93,27,,,51,,,,,,0,2025-07-25T08:50:17.000+0200,1640,1592,17.181,48.1376917,-1.9699250,49.46,34.52,38.46,54.39,33.6,92,2,,
2025-07-25T08:50:18.331+0200,1720,1631,19.062,4788.451,56.62,37.99,41.85,59.21,,2.70,127.30,10.87,15.40,1384,93,27,,,51,,,,,,0,2025-07-25T08:50:17.000+0200,1640,1592,17.181,48.1376917,-1.9699250,49.46,34.52,38.46,54.39,33.6,92,2,,
2025-07-25T08:50:18.926+0200,1721,1632,19.072,4788.461,54.71,38.00,41.86,59.21,,-2.14,127.70,10.72,15.60,1369,92,27,,,53,,,,,,0,2025-07-25T08:50:18.000+0200,1640,1592,17.196,48.1376817,-1.9697300,51.24,34.53,38.47,54.39,33.5,93,2,,
2025-07-25T08:50:18.950+0200,1721,1632,19.072,4788.461,54.71,38.00,41.86,59.21,,-2.14,127.70,10.72,15.60,1369,92,27,,,53,,,,,,0,2025-07-25T08:50:18.000+0200,1640,1592,17.196,48.1376817,-1.9697300,51.24,34.53,38.47,54.39,33.5,93,2,,
2025-07-25T08:50:19.565+0200,1722,1632,19.081,4788.470,55.15,38.00,41.86,59.21,,-0.24,128.00,11.61,16.79,1486,92,27,,,53,,,,,,0,2025-07-25T08:50:18.000+0200,1641,1593,17.196,48.1376817,-1.9697300,51.24,34.53,38.47,54.39,33.5,93,2,,
2025-07-25T08:50:19.590+0200,1722,1632,19.081,4788.470,55.15,38.00,41.86,59.21,,-0.24,128.00,11.61,16.79,1486,92,27,,,53,,,,,,0,2025-07-25T08:50:18.000+0200,1641,1593,17.196,48.1376817,-1.9697300,51.24,34.53,38.47,54.39,33.5,93,2,,
2025-07-25T08:50:20.187+0200,1722,1633,19.091,4788.480,53.49,38.01,41.87,59.21,,-2.60,128.30,9.04,13.40,1160,92,27,,,54,,,,,,0,2025-07-25T08:50:19.000+0200,1642,1594,17.210,48.1376800,-1.9695367,49.05,34.54,38.48,54.39,33.3,91,2,,
2025-07-25T08:50:20.208+0200,1722,1633,19.091,4788.480,53.49,38.01,41.87,59.21,,-2.60,128.30,9.04,13.40,1160,92,27,,,54,,,,,,0,2025-07-25T08:50:19.000+0200,1642,1594,17.210,48.1376800,-1.9695367,49.05,34.54,38.48,54.39,33.3,91,2,,
2025-07-25T08:50:20.807+0200,1723,1634,19.100,4788.489,53.85,38.01,41.87,59.21,,-0.84,128.39,14.72,21.70,1890,92,26,,,54,,,,,,0,2025-07-25T08:50:20.000+0200,1642,1594,17.224,48.1376800,-1.9693433,52.43,34.55,38.49,54.39,33.2,88,2,,
2025-07-25T08:50:20.829+0200,1723,1634,19.100,4788.489,53.85,38.01,41.87,59.21,,-0.84,128.39,14.72,21.70,1890,92,26,,,54,,,,,,0,2025-07-25T08:50:20.000+0200,1642,1594,17.224,48.1376800,-1.9693433,52.43,34.55,38.49,54.39,33.2,88,2,,
2025-07-25T08:50:21.427+0200,1724,1634,19.110,4788.498,53.31,38.02,41.87,59.21,,-0.24,128.39,6.46,9.59,829,92,26,,,54,,,,,,0,2025-07-25T08:50:20.000+0200,1643,1595,17.224,48.1376800,-1.9693433,52.43,34.55,38.49,54.39,33.2,88,2,,
2025-07-25T08:50:21.450+0200,1724,1634,19.110,4788.498,53.31,38.02,41.87,59.21,,-0.24,128.39,6.46,9.59,829,92,26,,,54,,,,,,0,2025-07-25T08:50:20.000+0200,1643,1595,17.224,48.1376800,-1.9693433,52.43,34.55,38.49,54.39,33.2,88,2,,
2025-07-25T08:50:22.049+0200,1724,1635,19.119,4788.508,53.24,38.02,41.88,59.21,,2.26,128.50,9.14,13.60,1174,92,26,,,54,,,,,,0,2025-07-25T08:50:21.000+0200,1643,1595,17.239,48.1376850,-1.9691517,47.62,34.55,38.49,54.39,33.4,86,2,,
2025-07-25T08:50:22.070+0200,1724,1635,19.119,4788.508,53.24,38.02,41.88,59.21,,2.26,128.50,9.14,13.60,1174,92,26,,,54,,,,,,0,2025-07-25T08:50:21.000+0200,1643,1595,17.239,48.1376850,-1.9691517,47.62,34.55,38.49,54.39,33.4,86,2,,
2025-07-25T08:50:22.659+0200,1725,1635,19.128,4788.517,51.51,38.03,41.88,59.21,,-2.24,128.59,13.82,21.10,1777,92,26,,,56,,,,,,0,2025-07-25T08:50:22.000+0200,1644,1596,17.252,48.1376917,-1.9689733,48.83,34.56,38.50,54.39,33.2,86,2,,
2025-07-25T08:50:22.686+0200,1725,1635,19.128,4788.517,51.51,38.03,41.88,59.21,,-2.24,128.59,13.82,21.10,1777,92,26,,,56,,,,,,0,2025-07-25T08:50:22.000+0200,1644,1596,17.252,48.1376917,-1.9689733,48.83,34.56,38.50,54.39,33.2,86,2,,
2025-07-25T08:50:23.284+0200,1725,1636,19.137,4788.526,51.30,38.03,41.89,59.21,,-2.13,128.59,9.72,14.90,1250,92,26,,,56,,,,,,0,2025-07-25T08:50:22.000+0200,1645,1597,17.252,48.1376917,-1.9689733,48.83,34.56,38.50,54.39,33.2,86,2,,
2025-07-25T08:50:23.307+0200,1725,1636,19.137,4788.526,51.30,38.03,41.89,59.21,,-2.13,128.59,9.72,14.90,1250,92,26,,,56,,,,,,0,2025-07-25T08:50:22.000+0200,1645,1597,17.252,48.1376917,-1.9689733,48.83,34.56,38.50,54.39,33.2,86,2,,
2025-07-25T08:50:23.927+0200,1726,1637,19.146,4788.535,51.48,38.04,41.89,59.21,,0.60,128.50,16.17,24.70,2078,92,26,,,56,,,,,,0,2025-07-25T08:50:23.000+0200,1645,1597,17.265,48.1377000,-1.9687933,46.19,34.57,38.50,54.39,32.8,86,2,,
2025-07-25T08:50:23.951+0200,1726,1637,19.146,4788.535,51.48,38.04,41.89,59.21,,0.60,128.50,16.17,24.70,2078,92,26,,,56,,,,,,0,2025-07-25T08:50:23.000+0200,1645,1597,17.265,48.1377000,-1.9687933,46.19,34.57,38.50,54.39,32.8,86,2,,
2025-07-25T08:50:24.539+0200,1727,1637,19.155,4788.544,51.91,38.04,41.89,59.21,,1.69,128.50,13.64,20.70,1753,92,26,,,55,,,,,,0,2025-07-25T08:50:23.000+0200,1646,1598,17.265,48.1377000,-1.9687933,46.19,34.57,38.50,54.39,32.8,86,2,,
2025-07-25T08:50:24.556+0200,1727,1637,19.155,4788.544,51.91,38.04,41.89,59.21,,1.69,128.50,13.64,20.70,1753,92,26,,,55,,,,,,0,2025-07-25T08:50:23.000+0200,1646,1598,17.265,48.1377000,-1.9687933,46.19,34.57,38.50,54.39,32.8,86,2,,
2025-07-25T08:50:25.163+0200,1727,1638,19.164,4788.553,52.34,38.05,41.90,59.21,,3.26,128.50,5.10,7.70,655,92,26,,,55,,,,,,0,2025-07-25T08:50:24.000+0200,1647,1599,17.278,48.1377017,-1.9686200,47.15,34.58,38.51,54.39,32.4,88,2,,
2025-07-25T08:50:25.183+0200,1727,1638,19.164,4788.553,52.34,38.05,41.90,59.21,,3.26,128.50,5.10,7.70,655,92,26,,,55,,,,,,0,2025-07-25T08:50:24.000+0200,1647,1599,17.278,48.1377017,-1.9686200,47.15,34.58,38.51,54.39,32.4,88,2,,
2025-07-25T08:50:25.781+0200,1728,1639,19.173,4788.562,51.26,38.05,41.90,59.21,,2.73,128.59,11.22,17.19,1443,92,26,,,56,,,,,,0,2025-07-25T08:50:25.000+0200,1647,1599,17.291,48.1377083,-1.9684450,48.76,34.58,38.52,54.39,32.2,85,2,,
2025-07-25T08:50:25.799+0200,1728,1639,19.173,4788.562,51.26,38.05,41.90,59.21,,2.73,128.59,11.22,17.19,1443,92,26,,,56,,,,,,0,2025-07-25T08:50:25.000+0200,1647,1599,17.291,48.1377083,-1.9684450,48.76,34.58,38.52,54.39,32.2,85,2,,
2025-07-25T08:50:26.404+0200,1729,1639,19.182,4788.570,51.04,38.06,41.90,59.21,,-0.56,128.70,10.40,16.00,1338,92,26,,,56,,,,,,0,2025-07-25T08:50:25.000+0200,1648,1600,17.291,48.1377083,-1.9684450,48.76,34.58,38.52,54.39,32.2,85,2,,
2025-07-25T08:50:26.425+0200,1729,1639,19.182,4788.570,51.04,38.06,41.90,59.21,,-0.56,128.70,10.40,16.00,1338,92,26,,,56,,,,,,0,2025-07-25T08:50:25.000+0200,1648,1600,17.291,48.1377083,-1.9684450,48.76,34.58,38.52,54.39,32.2,85,2,,
2025-07-25T08:50:27.025+0200,1729,1640,19.191,4788.579,50.54,38.06,41.91,59.21,,0.56,128.80,6.45,10.00,831,92,26,,,57,,,,,,0,2025-07-25T08:50:26.000+0200,1648,1600,17.304,48.1377233,-1.9682717,46.57,34.59,38.52,54.39,31.9,86,2,,
2025-07-25T08:50:27.045+0200,1729,1640,19.191,4788.579,50.54,38.06,41.91,59.21,,0.56,128.80,6.45,10.00,831,92,26,,,57,,,,,,0,2025-07-25T08:50:26.000+0200,1648,1600,17.304,48.1377233,-1.9682717,46.57,34.59,38.52,54.39,31.9,86,2,,
2025-07-25T08:50:27.649+0200,1730,1640,19.200,4788.588,49.67,38.06,41.91,59.21,,0.34,128.80,9.87,15.50,1271,92,26,,,58,,,,,,0,2025-07-25T08:50:27.000+0200,1649,1601,17.316,48.1377367,-1.9681100,45.26,34.60,38.52,54.39,32.2,84,2,,
2025-07-25T08:50:27.666+0200,1730,1640,19.200,4788.588,49.67,38.06,41.91,59.21,,0.34,128.80,9.87,15.50,1271,92,26,,,58,,,,,,0,2025-07-25T08:50:27.000+0200,1649,1601,17.316,48.1377367,-1.9681100,45.26,34.60,38.52,54.39,32.2,84,2,,
2025-07-25T08:50:28.280+0200,1730,1641,19.208,4788.597,50.18,38.07,41.91,59.21,,0.36,128.80,9.17,14.29,1181,92,26,,,57,,,,,,0,2025-07-25T08:50:27.000+0200,1650,1602,17.316,48.1377367,-1.9681100,45.26,34.60,38.52,54.39,32.2,84,2,,
2025-07-25T08:50:28.303+0200,1730,1641,19.208,4788.597,50.18,38.07,41.91,59.21,,0.36,128.80,9.17,14.29,1181,92,26,,,57,,,,,,0,2025-07-25T08:50:27.000+0200,1650,1602,17.316,48.1377367,-1.9681100,45.26,34.60,38.52,54.39,32.2,84,2,,
2025-07-25T08:50:28.901+0200,1731,1642,19.217,4788.605,49.64,38.07,41.92,59.21,,-1.91,128.80,9.99,15.70,1287,92,26,,,58,,,,,,0,2025-07-25T08:50:28.000+0200,1650,1602,17.330,48.1377533,-1.9679333,45.29,34.60,38.53,54.39,33.0,86,2,,
2025-07-25T08:50:28.924+0200,1731,1642,19.217,4788.605,49.64,38.07,41.92,59.21,,-1.91,128.80,9.99,15.70,1287,92,26,,,58,,,,,,0,2025-07-25T08:50:28.000+0200,1650,1602,17.330,48.1377533,-1.9679333,45.29,34.60,38.53,54.39,33.0,86,2,,
2025-07-25T08:50:29.527+0200,1732,1642,19.226,4788.614,49.24,38.08,41.92,59.21,,0.00,128.80,7.84,12.40,1010,92,26,,,58,,,,,,0,2025-07-25T08:50:28.000+0200,1651,1603,17.330,48.1377533,-1.9679333,45.29,34.60,38.53,54.39,33.0,86,2,,
2025-07-25T08:50:29.549+0200,1732,1642,19.226,4788.614,49.24,38.08,41.92,59.21,,0.00,128.80,7.84,12.40,1010,92,26,,,58,,,,,,0,2025-07-25T08:50:28.000+0200,1651,1603,17.330,48.1377533,-1.9679333,45.29,34.60,38.53,54.39,33.0,86,2,,
2025-07-25T08:50:30.144+0200,1732,1643,19.234,4788.622,49.21,38.08,41.92,59.21,,0.00,128.89,8.78,13.90,1132,92,26,,,58,,,,,,0,2025-07-25T08:50:29.000+0200,1652,1604,17.343,48.1377683,-1.9677617,44.91,34.61,38.53,54.39,33.6,84,2,,
2025-07-25T08:50:30.160+0200,1732,1643,19.234,4788.622,49.21,38.08,41.92,59.21,,0.00,128.89,8.78,13.90,1132,92,26,,,58,,,,,,0,2025-07-25T08:50:29.000+0200,1652,1604,17.343,48.1377683,-1.9677617,44.91,34.61,38.53,54.39,33.6,84,2,,
2025-07-25T08:50:30.765+0200,1733,1644,19.243,4788.631,47.80,38.08,41.92,59.21,,-1.58,128.89,8.90,14.40,1147,92,26,,,59,,,,,,0,2025-07-25T08:50:30.000+0200,1652,1604,17.355,48.1377800,-1.9675917,43.47,34.61,38.54,54.39,33.9,85,2,,
2025-07-25T08:50:30.786+0200,1733,1644,19.243,4788.631,47.80,38.08,41.92,59.21,,-1.58,128.89,8.90,14.40,1147,92,26,,,59,,,,,,0,2025-07-25T08:50:30.000+0200,1652,1604,17.355,48.1377800,-1.9675917,43.47,34.61,38.54,54.39,33.9,85,2,,
2025-07-25T08:50:31.406+0200,1734,1644,19.251,4788.639,47.95,38.09,41.93,59.21,,-1.44,128.89,5.76,9.30,742,92,26,,,59,,,,,,0,2025-07-25T08:50:30.000+0200,1653,1605,17.355,48.1377800,-1.9675917,43.47,34.61,38.54,54.39,33.9,85,2,,
2025-07-25T08:50:31.429+0200,1734,1644,19.251,4788.639,47.95,38.09,41.93,59.21,,-1.44,128.89,5.76,9.30,742,92,26,,,59,,,,,,0,2025-07-25T08:50:30.000+0200,1653,1605,17.355,48.1377800,-1.9675917,43.47,34.61,38.54,54.39,33.9,85,2,,
2025-07-25T08:50:32.007+0200,1734,1645,19.260,4788.648,48.74,38.09,41.93,59.21,,-0.56,128.89,7.59,12.10,978,92,26,,,58,,,,,,0,2025-07-25T08:50:31.000+0200,1653,1605,17.368,48.1377933,-1.9674283,44.49,34.62,38.54,54.39,33.9,84,2,,
2025-07-25T08:50:32.029+0200,1734,1645,19.260,4788.648,48.74,38.09,41.93,59.21,,-0.56,128.89,7.59,12.10,978,92,26,,,58,,,,,,0,2025-07-25T08:50:31.000+0200,1653,1605,17.368,48.1377933,-1.9674283,44.49,34.62,38.54,54.39,33.9,84,2,,
2025-07-25T08:50:32.645+0200,1735,1645,19.268,4788.656,48.52,38.09,41.93,59.21,,1.54,128.89,12.06,19.29,1554,92,26,,,59,,,,,,0,2025-07-25T08:50:31.000+0200,1654,1606,17.368,48.1377933,-1.9674283,44.49,34.62,38.54,54.39,33.9,84,2,,
2025-07-25T08:50:32.666+0200,1735,1645,19.268,4788.656,48.52,38.09,41.93,59.21,,1.54,128.89,12.06,19.29,1554,92,26,,,59,,,,,,0,2025-07-25T08:50:32.000+0200,1654,1606,17.380,48.1378067,-1.9672617,44.15,34.62,38.54,54.39,34.3,84,2,,
2025-07-25T08:50:33.265+0200,1735,1646,19.276,4788.665,47.33,38.10,41.93,59.21,,-3.12,128.89,6.25,10.20,806,92,26,,,60,,,,,,0,2025-07-25T08:50:32.000+0200,1655,1607,17.380,48.1378067,-1.9672617,44.15,34.62,38.54,54.39,34.3,84,2,,
2025-07-25T08:50:33.288+0200,1735,1646,19.276,4788.665,47.33,38.10,41.93,59.21,,-3.12,128.89,6.25,10.20,806,92,26,,,60,,,,,,0,2025-07-25T08:50:32.000+0200,1655,1607,17.380,48.1378067,-1.9672617,44.15,34.62,38.54,54.39,34.3,84,2,,
2025-07-25T08:50:33.886+0200,1736,1647,19.285,4788.673,48.56,38.10,41.94,59.21,,1.32,128.89,10.26,16.40,1322,92,26,,,58,,,,,,0,2025-07-25T08:50:33.000+0200,1655,1607,17.393,48.1378183,-1.9670933,44.08,34.63,38.55,54.39,34.2,83,2,,
2025-07-25T08:50:33.908+0200,1736,1647,19.285,4788.673,48.56,38.10,41.94,59.21,,1.32,128.89,10.26,16.40,1322,92,26,,,58,,,,,,0,2025-07-25T08:50:33.000+0200,1655,1607,17.393,48.1378183,-1.9670933,44.08,34.63,38.55,54.39,34.2,83,2,,
2025-07-25T08:50:34.509+0200,1737,1647,19.293,4788.681,48.42,38.10,41.94,59.21,,1.44,128.89,9.23,14.79,1190,92,26,,,59,,,,,,0,2025-07-25T08:50:33.000+0200,1656,1608,17.393,48.1378183,-1.9670933,44.08,34.63,38.55,54.39,34.2,83,2,,
2025-07-25T08:50:34.531+0200,1737,1647,19.293,4788.681,48.42,38.10,41.94,59.21,,1.44,128.89,9.23,14.79,1190,92,26,,,59,,,,,,0,2025-07-25T08:50:33.000+0200,1656,1608,17.393,48.1378183,-1.9670933,44.08,34.63,38.55,54.39,34.2,83,2,,
2025-07-25T08:50:35.129+0200,1737,1648,19.301,4788.689,47.19,38.11,41.94,59.21,,-1.69,128.80,11.32,18.50,1458,92,26,,,60,,,,,,0,2025-07-25T08:50:34.000+0200,1657,1609,17.405,48.1378317,-1.9669283,44.42,34.63,38.55,54.39,34.4,84,2,,
2025-07-25T08:50:35.154+0200,1737,1648,19.301,4788.689,47.19,38.11,41.94,59.21,,-1.69,128.80,11.32,18.50,1458,92,26,,,60,,,,,,0,2025-07-25T08:50:34.000+0200,1657,1609,17.405,48.1378317,-1.9669283,44.42,34.63,38.55,54.39,34.4,84,2,,
2025-07-25T08:50:35.749+0200,1738,1649,19.310,4788.698,48.45,38.11,41.94,59.21,,0.90,128.80,14.48,23.20,1865,92,26,,,59,,,,,,0,2025-07-25T08:50:35.000+0200,1657,1609,17.417,48.1378417,-1.9667700,43.97,34.64,38.55,54.39,34.3,83,2,,
2025-07-25T08:50:35.770+0200,1738,1649,19.310,4788.698,48.45,38.11,41.94,59.21,,0.90,128.80,14.48,23.20,1865,92,26,,,59,,,,,,0,2025-07-25T08:50:35.000+0200,1657,1609,17.417,48.1378417,-1.9667700,43.97,34.64,38.55,54.39,34.3,83,2,,
2025-07-25T08:50:36.390+0200,1739,1649,19.318,4788.706,47.69,38.11,41.95,59.21,,-1.46,128.70,13.82,22.40,1779,92,26,,,59,,,,,,0,2025-07-25T08:50:35.000+0200,1658,1610,17.417,48.1378417,-1.9667700,43.97,34.64,38.55,54.39,34.3,83,2,,
2025-07-25T08:50:36.410+0200,1739,1649,19.318,4788.706,47.69,38.11,41.95,59.21,,-1.46,128.70,13.82,22.40,1779,92,26,,,59,,,,,,0,2025-07-25T08:50:35.000+0200,1658,1610,17.417,48.1378417,-1.9667700,43.97,34.64,38.55,54.39,34.3,83,2,,
2025-07-25T08:50:36.988+0200,1739,1650,19.326,4788.714,48.63,38.12,41.95,59.21,,1.13,128.70,11.02,17.60,1418,92,26,,,58,,,,,,0,2025-07-25T08:50:36.000+0200,1658,1610,17.429,48.1378533,-1.9666117,45.93,34.65,38.56,54.39,34.3,84,2,,
2025-07-25T08:50:37.011+0200,1739,1650,19.326,4788.714,48.63,38.12,41.95,59.21,,1.13,128.70,11.02,17.60,1418,92,26,,,58,,,,,,0,2025-07-25T08:50:36.000+0200,1658,1610,17.429,48.1378533,-1.9666117,45.93,34.65,38.56,54.39,34.3,84,2,,
2025-07-25T08:50:37.631+0200,1740,1650,19.335,4788.723,47.91,38.12,41.95,59.21,,-1.20,128.70,9.72,15.70,1251,92,26,,,59,,,,,,0,2025-07-25T08:50:36.000+0200,1659,1611,17.429,48.1378533,-1.9666117,45.93,34.65,38.56,54.39,34.3,84,2,,
2025-07-25T08:50:37.654+0200,1740,1650,19.335,4788.723,47.91,38.12,41.95,59.21,,-1.20,128.70,9.72,15.70,1251,92,26,,,59,,,,,,0,2025-07-25T08:50:36.000+0200,1659,1611,17.429,48.1378533,-1.9666117,45.93,34.65,38.56,54.39,34.3,84,2,,
2025-07-25T08:50:38.246+0200,1740,1651,19.343,4788.731,47.23,38.12,41.95,59.21,,-3.48,128.80,6.85,11.20,882,92,26,,,60,,,,,,0,2025-07-25T08:50:37.000+0200,1660,1612,17.441,48.1378683,-1.9664483,43.88,34.65,38.56,54.39,34.8,81,2,,
2025-07-25T08:50:38.266+0200,1740,1651,19.343,4788.731,47.23,38.12,41.95,59.21,,-3.48,128.80,6.85,11.20,882,92,26,,,60,,,,,,0,2025-07-25T08:50:37.000+0200,1660,1612,17.441,48.1378683,-1.9664483,43.88,34.65,38.56,54.39,34.8,81,2,,
2025-07-25T08:50:38.883+0200,1741,1652,19.351,4788.739,47.73,38.13,41.95,59.21,,1.94,128.89,6.72,10.90,866,92,26,,,59,,,,,,0,2025-07-25T08:50:38.000+0200,1660,1612,17.453,48.1378817,-1.9662833,43.02,34.66,38.56,54.39,35.3,80,2,,
2025-07-25T08:50:38.910+0200,1741,1652,19.351,4788.739,47.73,38.13,41.95,59.21,,1.94,128.89,6.72,10.90,866,92,26,,,59,,,,,,0,2025-07-25T08:50:38.000+0200,1660,1612,17.453,48.1378817,-1.9662833,43.02,34.66,38.56,54.39,35.3,80,2,,
2025-07-25T08:50:39.483+0200,1742,1652,19.360,4788.748,47.12,38.13,41.96,59.21,,-0.24,128.89,4.95,8.09,638,92,26,,,60,,,,,,0,2025-07-25T08:50:38.000+0200,1661,1613,17.453,48.1378817,-1.9662833,43.02,34.66,38.56,54.39,35.3,80,2,,
2025-07-25T08:50:39.507+0200,1742,1652,19.360,4788.748,47.12,38.13,41.96,59.21,,-0.24,128.89,4.95,8.09,638,92,26,,,60,,,,,,0,2025-07-25T08:50:38.000+0200,1661,1613,17.453,48.1378817,-1.9662833,43.02,34.66,38.56,54.39,35.3,80,2,,
2025-07-25T08:50:40.125+0200,1742,1653,19.368,4788.756,47.12,38.13,41.96,59.21,,3.83,129.00,5.99,9.80,773,92,26,,,60,,,,,,0,2025-07-25T08:50:39.000+0200,1662,1614,17.465,48.1378983,-1.9661283,43.12,34.66,38.57,54.39,35.5,79,2,,
2025-07-25T08:50:40.149+0200,1742,1653,19.368,4788.756,47.12,38.13,41.96,59.21,,3.83,129.00,5.99,9.80,773,92,26,,,60,,,,,,0,2025-07-25T08:50:39.000+0200,1662,1614,17.465,48.1378983,-1.9661283,43.12,34.66,38.57,54.39,35.5,79,2,,
2025-07-25T08:50:40.753+0200,1743,1654,19.376,4788.764,46.18,38.14,41.96,59.21,,1.32,129.00,5.29,8.80,682,92,26,,,61,,,,,,0,2025-07-25T08:50:40.000+0200,1662,1614,17.477,48.1379167,-1.9659717,42.43,34.66,38.57,54.39,35.6,78,2,,
2025-07-25T08:50:40.782+0200,1743,1654,19.376,4788.764,46.18,38.14,41.96,59.21,,1.32,129.00,5.29,8.80,682,92,26,,,61,,,,,,0,2025-07-25T08:50:40.000+0200,1662,1614,17.477,48.1379167,-1.9659717,42.43,34.66,38.57,54.39,35.6,78,2,,
2025-07-25T08:50:41.372+0200,1743,1654,19.384,4788.772,45.79,38.14,41.96,59.21,,-3.22,129.09,2.63,4.40,340,92,26,,,61,,,,,,0,2025-07-25T08:50:40.000+0200,1663,1615,17.477,48.1379167,-1.9659717,42.43,34.66,38.57,54.39,35.6,78,2,,
2025-07-25T08:50:41.393+0200,1743,1654,19.384,4788.772,45.79,38.14,41.96,59.21,,-3.22,129.09,2.63,4.40,340,92,26,,,61,,,,,,0,2025-07-25T08:50:40.000+0200,1663,1615,17.477,48.1379167,-1.9659717,42.43,34.66,38.57,54.39,35.6,78,2,,
2025-07-25T08:50:41.988+0200,1744,1655,19.392,4788.780,45.14,38.14,41.96,59.21,,-4.20,129.30,5.85,9.89,756,92,26,,,62,,,,,,0,2025-07-25T08:50:41.000+0200,1663,1615,17.489,48.1379400,-1.9658167,41.64,34.67,38.57,54.39,35.6,77,2,,
2025-07-25T08:50:42.013+0200,1744,1655,19.392,4788.780,45.14,38.14,41.96,59.21,,-4.20,129.30,5.85,9.89,756,92,26,,,62,,,,,,0,2025-07-25T08:50:41.000+0200,1663,1615,17.489,48.1379400,-1.9658167,41.64,34.67,38.57,54.39,35.6,77,2,,
2025-07-25T08:50:42.612+0200,1745,1655,19.400,4788.788,44.71,38.14,41.96,59.21,,-1.23,129.39,-0.11,-0.39,-14,92,26,,,62,,,,,,0,2025-07-25T08:50:41.000+0200,1664,1616,17.489,48.1379400,-1.9658167,41.64,34.67,38.57,54.39,35.6,77,2,,
2025-07-25T08:50:42.634+0200,1745,1655,19.400,4788.788,44.71,38.14,41.96,59.21,,-1.23,129.39,-0.11,-0.39,-14,92,26,,,62,,,,,,0,2025-07-25T08:50:41.000+0200,1664,1616,17.489,48.1379400,-1.9658167,41.64,34.67,38.57,54.39,35.6,77,2,,
2025-07-25T08:50:43.232+0200,1745,1656,19.408,4788.796,43.09,38.15,41.96,59.21,,-1.93,129.50,3.65,6.39,473,92,26,,,63,,,,,,0,2025-07-25T08:50:42.000+0200,1665,1617,17.500,48.1379617,-1.9656617,41.32,34.67,38.57,54.39,35.9,78,2,,
2025-07-25T08:50:43.258+0200,1745,1656,19.408,4788.796,43.09,38.15,41.96,59.21,,-1.93,129.50,3.65,6.39,473,92,26,,,63,,,,,,0,2025-07-25T08:50:42.000+0200,1665,1617,17.500,48.1379617,-1.9656617,41.32,34.67,38.57,54.39,35.9,78,2,,
2025-07-25T08:50:43.845+0200,1746,1657,19.415,4788.803,42.69,38.15,41.97,59.21,,-1.24,129.50,2.83,5.00,366,92,26,,,64,,,,,,0,2025-07-25T08:50:43.000+0200,1665,1617,17.512,48.1379783,-1.9655150,38.34,34.67,38.57,54.39,36.1,78,2,,
2025-07-25T08:50:43.867+0200,1746,1657,19.415,4788.803,42.69,38.15,41.97,59.21,,-1.24,129.50,2.83,5.00,366,92,26,,,64,,,,,,0,2025-07-25T08:50:43.000+0200,1665,1617,17.512,48.1379783,-1.9655150,38.34,34.67,38.57,54.39,36.1,78,2,,
2025-07-25T08:50:44.487+0200,1747,1657,19.423,4788.811,41.18,38.15,41.96,59.21,,-2.29,129.59,0.99,1.80,128,92,26,,,65,,,,,,0,2025-07-25T08:50:43.000+0200,1666,1618,17.512,48.1379783,-1.9655150,38.34,34.67,38.57,54.39,36.1,78,2,,
2025-07-25T08:50:44.510+0200,1747,1657,19.423,4788.811,41.18,38.15,41.96,59.21,,-2.29,129.59,0.99,1.80,128,92,26,,,65,,,,,,0,2025-07-25T08:50:43.000+0200,1666,1618,17.512,48.1379783,-1.9655150,38.34,34.67,38.57,54.39,36.1,78,2,,
2025-07-25T08:50:45.087+0200,1747,1658,19.430,4788.818,39.49,38.15,41.96,59.21,,-4.71,129.70,1.01,1.90,131,92,26,,,66,,,,,,0,2025-07-25T08:50:44.000+0200,1666,1618,17.522,48.1380017,-1.9653833,37.70,34.68,38.57,54.39,36.2,75,2,,
2025-07-25T08:50:45.110+0200,1747,1658,19.430,4788.818,39.49,38.15,41.96,59.21,,-4.71,129.70,1.01,1.90,131,92,26,,,66,,,,,,0,2025-07-25T08:50:44.000+0200,1666,1618,17.522,48.1380017,-1.9653833,37.70,34.68,38.57,54.39,36.2,75,2,,
2025-07-25T08:50:45.715+0200,1748,1658,19.437,4788.825,39.13,38.15,41.96,59.21,,-2.33,129.70,4.19,7.89,543,92,25,,,67,,,,,,0,2025-07-25T08:50:45.000+0200,1667,1619,17.532,48.1380267,-1.9652533,35.84,34.68,38.57,54.39,36.2,75,2,,
2025-07-25T08:50:45.735+0200,1748,1658,19.437,4788.825,39.13,38.15,41.96,59.21,,-2.33,129.70,4.19,7.89,543,92,25,,,67,,,,,,0,2025-07-25T08:50:45.000+0200,1667,1619,17.532,48.1380267,-1.9652533,35.84,34.68,38.57,54.39,36.2,75,2,,
2025-07-25T08:50:46.328+0200,1748,1659,19.444,4788.832,39.02,38.15,41.96,59.21,,0.00,129.70,3.87,7.30,502,92,25,,,67,,,,,,0,2025-07-25T08:50:45.000+0200,1668,1620,17.532,48.1380267,-1.9652533,35.84,34.68,38.57,54.39,36.2,75,2,,
2025-07-25T08:50:46.353+0200,1748,1659,19.444,4788.832,39.02,38.15,41.96,59.21,,0.00,129.70,3.87,7.30,502,92,25,,,67,,,,,,0,2025-07-25T08:50:45.000+0200,1668,1620,17.532,48.1380267,-1.9652533,35.84,34.68,38.57,54.39,36.2,75,2,,
2025-07-25T08:50:46.946+0200,1749,1660,19.451,4788.838,38.95,38.15,41.96,59.21,,-0.11,129.70,0.37,0.70,48,92,25,,,67,,,,,,0,2025-07-25T08:50:46.000+0200,1668,1620,17.542,48.1380483,-1.9651250,35.50,34.68,38.57,54.39,35.8,76,2,,
2025-07-25T08:50:46.970+0200,1749,1660,19.451,4788.838,38.95,38.15,41.96,59.21,,-0.11,129.70,0.37,0.70,48,92,25,,,67,,,,,,0,2025-07-25T08:50:46.000+0200,1668,1620,17.542,48.1380483,-1.9651250,35.50,34.68,38.57,54.39,35.8,76,2,,
2025-07-25T08:50:47.586+0200,1750,1660,19.458,4788.845,38.26,38.15,41.96,59.21,,-1.91,129.80,-1.43,-5.50,-186,92,25,,,68,,,,,,0,2025-07-25T08:50:46.000+0200,1669,1621,17.542,48.1380483,-1.9651250,35.50,34.68,38.57,54.39,35.8,76,2,,
2025-07-25T08:50:47.611+0200,1750,1660,19.458,4788.845,38.26,38.15,41.96,59.21,,-1.91,129.80,-1.43,-5.50,-186,92,25,,,68,,,,,,0,2025-07-25T08:50:46.000+0200,1669,1621,17.542,48.1380483,-1.9651250,35.50,34.68,38.57,54.39,35.8,76,2,,
2025-07-25T08:50:48.206+0200,1750,1661,19.464,4788.852,35.53,38.15,41.96,59.21,,-7.51,130.00,-5.69,-23.00,-740,92,25,,,70,,,,,,0,2025-07-25T08:50:47.000+0200,1670,1622,17.551,48.1380717,-1.9649983,32.24,34.68,38.57,54.39,35.9,74,2,,
2025-07-25T08:50:48.230+0200,1750,1661,19.464,4788.852,35.53,38.15,41.96,59.21,,-7.51,130.00,-5.69,-23.00,-740,92,25,,,70,,,,,,0,2025-07-25T08:50:47.000+0200,1670,1622,17.551,48.1380717,-1.9649983,32.24,34.68,38.57,54.39,35.9,74,2,,
2025-07-25T08:50:48.820+0200,1751,1662,19.471,4788.858,32.07,38.15,41.95,59.21,,-5.41,130.39,-7.00,-30.40,-913,92,25,,,73,,,,,,0,2025-07-25T08:50:48.000+0200,1670,1622,17.560,48.1380950,-1.9648933,30.83,34.67,38.56,54.39,35.9,77,2,,
2025-07-25T08:50:48.843+0200,1751,1662,19.471,4788.858,32.07,38.15,41.95,59.21,,-5.41,130.39,-7.00,-30.40,-913,92,25,,,73,,,,,,0,2025-07-25T08:50:48.000+0200,1670,1622,17.560,48.1380950,-1.9648933,30.83,34.67,38.56,54.39,35.9,77,2,,
2025-07-25T08:50:49.443+0200,1752,1662,19.477,4788.863,30.52,38.15,41.95,59.21,,1.08,130.50,-2.09,-9.39,-273,92,25,,,74,,,,,,0,2025-07-25T08:50:48.000+0200,1671,1623,17.560,48.1380950,-1.9648933,30.83,34.67,38.56,54.39,35.9,77,2,,
2025-07-25T08:50:49.468+0200,1752,1662,19.477,4788.863,30.52,38.15,41.95,59.21,,1.08,130.50,-2.09,-9.39,-273,92,25,,,74,,,,,,0,2025-07-25T08:50:48.000+0200,1671,1623,17.560,48.1380950,-1.9648933,30.83,34.67,38.56,54.39,35.9,77,2,,
2025-07-25T08:50:50.075+0200,1752,1663,19.482,4788.869,28.76,38.14,41.95,59.21,,-2.36,130.50,-0.79,-3.69,-103,92,25,,,76,,,,,,0,2025-07-25T08:50:49.000+0200,1671,1623,17.567,48.1381050,-1.9647900,27.23,34.67,38.55,54.39,35.7,85,2,,
2025-07-25T08:50:50.097+0200,1752,1663,19.482,4788.869,28.76,38.14,41.95,59.21,,-2.36,130.50,-0.79,-3.69,-103,92,25,,,76,,,,,,0,2025-07-25T08:50:49.000+0200,1671,1623,17.567,48.1381050,-1.9647900,27.23,34.67,38.55,54.39,35.7,85,2,,
2025-07-25T08:50:50.684+0200,1753,1663,19.487,4788.874,28.40,38.14,41.94,59.21,,1.58,130.30,9.79,23.10,1276,92,25,,,76,,,,,,0,2025-07-25T08:50:50.000+0200,1672,1624,17.575,48.1381017,-1.9646867,26.79,34.67,38.55,54.39,35.3,89,2,,
2025-07-25T08:50:50.712+0200,1753,1663,19.487,4788.874,28.40,38.14,41.94,59.21,,1.58,130.30,9.79,23.10,1276,92,25,,,76,,,,,,0,2025-07-25T08:50:50.000+0200,1672,1624,17.575,48.1381017,-1.9646867,26.79,34.67,38.55,54.39,35.3,89,2,,
2025-07-25T08:50:51.308+0200,1753,1664,19.492,4788.878,29.55,38.14,41.94,59.21,,6.95,129.89,19.99,45.90,2597,92,25,,,75,,,,,,0,2025-07-25T08:50:50.000+0200,1673,1625,17.575,48.1381017,-1.9646867,26.79,34.67,38.55,54.39,35.3,89,2,,
2025-07-25T08:50:51.332+0200,1753,1664,19.492,4788.878,29.55,38.14,41.94,59.21,,6.95,129.89,19.99,45.90,2597,92,25,,,75,,,,,,0,2025-07-25T08:50:50.000+0200,1673,1625,17.575,48.1381017,-1.9646867,26.79,34.67,38.55,54.39,35.3,89,2,,
2025-07-25T08:50:51.926+0200,1754,1665,19.497,4788.883,30.74,38.13,41.93,59.21,,0.79,129.50,9.79,21.90,1268,93,25,,,74,,,,,,0,2025-07-25T08:50:51.000+0200,1673,1625,17.582,48.1380783,-1.9646067,23.93,34.66,38.54,54.39,35.2,107,2,,
2025-07-25T08:50:51.951+0200,1754,1665,19.497,4788.883,30.74,38.13,41.93,59.21,,0.79,129.50,9.79,21.90,1268,93,25,,,74,,,,,,0,2025-07-25T08:50:51.000+0200,1673,1625,17.582,48.1380783,-1.9646067,23.93,34.66,38.54,54.39,35.2,107,2,,
2025-07-25T08:50:52.547+0200,1755,1665,19.502,4788.889,30.74,38.13,41.93,59.21,,1.35,129.39,9.48,21.20,1227,93,25,,,74,,,,,,0,2025-07-25T08:50:51.000+0200,1674,1626,17.582,48.1380783,-1.9646067,23.93,34.66,38.54,54.39,35.2,107,2,,
2025-07-25T08:50:52.572+0200,1755,1665,19.502,4788.889,30.74,38.13,41.93,59.21,,1.35,129.39,9.48,21.20,1227,93,25,,,74,,,,,,0,2025-07-25T08:50:51.000+0200,1674,1626,17.582,48.1380783,-1.9646067,23.93,34.66,38.54,54.39,35.2,107,2,,
2025-07-25T08:50:53.185+0200,1755,1666,19.507,4788.894,30.74,38.13,41.92,59.21,,0.00,129.30,19.50,43.60,2521,93,25,,,74,,,,,,0,2025-07-25T08:50:52.000+0200,1675,1627,17.589,48.1380267,-1.9645517,23.18,34.65,38.53,54.39,35.0,125,2,,
2025-07-25T08:50:53.208+0200,1755,1666,19.507,4788.894,30.74,38.13,41.92,59.21,,0.00,129.30,19.50,43.60,2521,93,25,,,74,,,,,,0,2025-07-25T08:50:52.000+0200,1675,1627,17.589,48.1380267,-1.9645517,23.18,34.65,38.53,54.39,35.0,125,2,,
2025-07-25T08:50:53.806+0200,1756,1667,19.513,4788.899,32.75,38.13,41.92,59.21,,1.23,129.00,8.93,19.10,1152,93,26,,,72,,,,,,0,2025-07-25T08:50:53.000+0200,1675,1627,17.597,48.1379617,-1.9645033,26.28,34.65,38.52,54.39,34.8,137,2,,
2025-07-25T08:50:53.828+0200,1756,1667,19.513,4788.899,32.75,38.13,41.92,59.21,,1.23,129.00,8.93,19.10,1152,93,26,,,72,,,,,,0,2025-07-25T08:50:53.000+0200,1675,1627,17.597,48.1379617,-1.9645033,26.28,34.65,38.52,54.39,34.8,137,2,,
2025-07-25T08:50:54.425+0200,1757,1667,19.518,4788.905,34.45,38.12,41.92,59.21,,3.94,128.89,7.89,16.29,1017,93,26,,,71,,,,,,0,2025-07-25T08:50:53.000+0200,1676,1628,17.597,48.1379617,-1.9645033,26.28,34.65,38.52,54.39,34.8,137,2,,
2025-07-25T08:50:54.450+0200,1757,1667,19.518,4788.905,34.45,38.12,41.92,59.21,,3.94,128.89,7.89,16.29,1017,93,26,,,71,,,,,,0,2025-07-25T08:50:53.000+0200,1676,1628,17.597,48.1379617,-1.9645033,26.28,34.65,38.52,54.39,34.8,137,2,,
2025-07-25T08:50:55.053+0200,1757,1668,19.524,4788.911,33.58,38.12,41.91,59.21,,-1.35,128.89,9.04,19.00,1165,92,26,,,71,,,,,,0,2025-07-25T08:50:54.000+0200,1676,1628,17.605,48.1378983,-1.9644383,28.85,34.65,38.51,54.39,34.6,137,2,,
2025-07-25T08:50:55.073+0200,1757,1668,19.524,4788.911,33.58,38.12,41.91,59.21,,-1.35,128.89,9.04,19.00,1165,92,26,,,71,,,,,,0,2025-07-25T08:50:54.000+0200,1676,1628,17.605,48.1378983,-1.9644383,28.85,34.65,38.51,54.39,34.6,137,2,,
2025-07-25T08:50:55.664+0200,1758,1668,19.530,4788.917,34.91,38.12,41.91,59.21,,0.22,128.89,13.40,27.40,1727,92,26,,,70,,,,,,0,2025-07-25T08:50:55.000+0200,1677,1629,17.615,48.1378267,-1.9643667,31.29,34.64,38.51,54.39,34.6,140,2,,
2025-07-25T08:50:55.687+0200,1758,1668,19.530,4788.917,34.91,38.12,41.91,59.21,,0.22,128.89,13.40,27.40,1727,92,26,,,70,,,,,,0,2025-07-25T08:50:55.000+0200,1677,1629,17.615,48.1378267,-1.9643667,31.29,34.64,38.51,54.39,34.6,140,2,,
2025-07-25T08:50:56.282+0200,1758,1669,19.536,4788.923,35.53,38.12,41.91,59.21,,-0.79,128.89,9.80,19.79,1263,92,26,,,70,,,,,,0,2025-07-25T08:50:55.000+0200,1678,1630,17.615,48.1378267,-1.9643667,31.29,34.64,38.51,54.39,34.6,140,2,,
2025-07-25T08:50:56.303+0200,1758,1669,19.536,4788.923,35.53,38.12,41.91,59.21,,-0.79,128.89,9.80,19.79,1263,92,26,,,70,,,,,,0,2025-07-25T08:50:55.000+0200,1678,1630,17.615,48.1378267,-1.9643667,31.29,34.64,38.51,54.39,34.6,140,2,,
2025-07-25T08:50:56.931+0200,1759,1670,19.542,4788.930,36.71,38.12,41.91,59.21,,2.76,129.00,5.93,11.70,765,92,26,,,69,,,,,,0,2025-07-25T08:50:56.000+0200,1678,1630,17.624,48.1377617,-1.9642917,32.61,34.64,38.51,54.39,34.5,139,2,,
2025-07-25T08:50:56.955+0200,1759,1670,19.542,4788.930,36.71,38.12,41.91,59.21,,2.76,129.00,5.93,11.70,765,92,26,,,69,,,,,,0,2025-07-25T08:50:56.000+0200,1678,1630,17.624,48.1377617,-1.9642917,32.61,34.64,38.51,54.39,34.5,139,2,,
2025-07-25T08:50:57.540+0200,1760,1670,19.549,4788.936,35.35,38.12,41.90,59.21,,-1.31,129.20,2.76,5.60,357,92,26,,,70,,,,,,0,2025-07-25T08:50:56.000+0200,1679,1631,17.624,48.1377617,-1.9642917,32.61,34.64,38.51,54.39,34.5,139,2,,
2025-07-25T08:50:57.561+0200,1760,1670,19.549,4788.936,35.35,38.12,41.90,59.21,,-1.31,129.20,2.76,5.60,357,92,26,,,70,,,,,,0,2025-07-25T08:50:56.000+0200,1679,1631,17.624,48.1377617,-1.9642917,32.61,34.64,38.51,54.39,34.5,139,2,,
2025-07-25T08:50:58.164+0200,1760,1671,19.555,4788.942,34.88,38.12,41.90,59.21,,0.00,129.30,2.98,6.10,385,92,26,,,70,,,,,,0,2025-07-25T08:50:57.000+0200,1680,1632,17.633,48.1376983,-1.9642133,29.15,34.64,38.50,54.39,34.6,136,2,,
2025-07-25T08:50:58.187+0200,1760,1671,19.555,4788.942,34.88,38.12,41.90,59.21,,0.00,129.30,2.98,6.10,385,92,26,,,70,,,,,,0,2025-07-25T08:50:57.000+0200,1680,1632,17.633,48.1376983,-1.9642133,29.15,34.64,38.50,54.39,34.6,136,2,,
2025-07-25T08:50:58.786+0200,1761,1672,19.561,4788.948,34.88,38.12,41.90,59.21,,0.00,129.39,0.73,1.50,94,92,26,,,70,,,,,,0,2025-07-25T08:50:58.000+0200,1680,1632,17.642,48.1376500,-1.9641267,29.71,34.64,38.50,54.39,34.4,128,2,,
2025-07-25T08:50:58.808+0200,1761,1672,19.561,4788.948,34.88,38.12,41.90,59.21,,0.00,129.39,0.73,1.50,94,92,26,,,70,,,,,,0,2025-07-25T08:50:58.000+0200,1680,1632,17.642,48.1376500,-1.9641267,29.71,34.64,38.50,54.39,34.4,128,2,,
2025-07-25T08:50:59.409+0200,1762,1672,19.567,4788.954,34.37,38.12,41.90,59.21,,1.24,129.50,1.49,3.10,193,92,26,,,71,,,,,,0,2025-07-25T08:50:58.000+0200,1681,1633,17.642,48.1376500,-1.9641267,29.71,34.64,38.50,54.39,34.4,128,2,,
2025-07-25T08:50:59.432+0200,1762,1672,19.567,4788.954,34.37,38.12,41.90,59.21,,1.24,129.50,1.49,3.10,193,92,26,,,71,,,,,,0,2025-07-25T08:50:58.000+0200,1681,1633,17.642,48.1376500,-1.9641267,29.71,34.64,38.50,54.39,34.4,128,2,,
2025-07-25T08:51:00.046+0200,1762,1673,19.573,4788.960,32.97,38.11,41.89,59.21,,-2.76,129.70,0.46,1.00,60,93,26,,,72,,,,,,0,2025-07-25T08:50:59.000+0200,1681,1633,17.649,48.1376117,-1.9640450,30.15,34.63,38.49,54.39,33.6,125,2,,
2025-07-25T08:51:00.070+0200,1762,1673,19.573,4788.960,32.97,38.11,41.89,59.21,,-2.76,129.70,0.46,1.00,60,93,26,,,72,,,,,,0,2025-07-25T08:50:59.000+0200,1681,1633,17.649,48.1376117,-1.9640450,30.15,34.63,38.49,54.39,33.6,125,2,,
2025-07-25T08:51:00.645+0200,1763,1673,19.579,4788.966,34.19,38.11,41.89,59.21,,4.25,129.70,9.20,19.10,1193,93,26,,,71,,,,,,0,2025-07-25T08:50:59.000+0200,1682,1634,17.649,48.1376117,-1.9640450,30.15,34.63,38.49,54.39,33.6,125,2,,
2025-07-25T08:51:00.668+0200,1763,1673,19.579,4788.966,34.19,38.11,41.89,59.21,,4.25,129.70,9.20,19.10,1193,93,26,,,71,,,,,,0,2025-07-25T08:51:00.000+0200,1682,1634,17.657,48.1375767,-1.9639550,27.66,34.63,38.48,54.39,33.6,119,2,,
2025-07-25T08:51:01.285+0200,1763,1674,19.585,4788.972,34.84,38.11,41.89,59.21,,3.35,129.59,7.76,15.90,1006,93,26,,,70,,,,,,0,2025-07-25T08:51:00.000+0200,1683,1635,17.657,48.1375767,-1.9639550,27.66,34.63,38.48,54.39,33.6,119,2,,
2025-07-25T08:51:01.302+0200,1763,1674,19.585,4788.972,34.84,38.11,41.89,59.21,,3.35,129.59,7.76,15.90,1006,93,26,,,70,,,,,,0,2025-07-25T08:51:00.000+0200,1683,1635,17.657,48.1375767,-1.9639550,27.66,34.63,38.48,54.39,33.6,119,2,,
2025-07-25T08:51:01.906+0200,1764,1675,19.591,4788.978,33.48,38.11,41.88,59.21,,-4.19,129.70,1.13,2.39,147,93,26,,,72,,,,,,0,2025-07-25T08:51:01.000+0200,1683,1635,17.665,48.1375383,-1.9638650,28.33,34.63,38.48,54.39,33.6,127,2,,
2025-07-25T08:51:01.927+0200,1764,1675,19.591,4788.978,33.48,38.11,41.88,59.21,,-4.19,129.70,1.13,2.39,147,93,26,,,72,,,,,,0,2025-07-25T08:51:01.000+0200,1683,1635,17.665,48.1375383,-1.9638650,28.33,34.63,38.48,54.39,33.6,127,2,,
2025-07-25T08:51:02.524+0200,1765,1675,19.597,4788.983,32.86,38.11,41.88,59.21,,-2.52,129.80,-1.57,-6.70,-204,93,26,,,72,,,,,,0,2025-07-25T08:51:01.000+0200,1684,1636,17.665,48.1375383,-1.9638650,28.33,34.63,38.48,54.39,33.6,127,2,,
2025-07-25T08:51:02.545+0200,1765,1675,19.597,4788.983,32.86,38.11,41.88,59.21,,-2.52,129.80,-1.57,-6.70,-204,93,26,,,72,,,,,,0,2025-07-25T08:51:01.000+0200,1684,1636,17.665,48.1375383,-1.9638650,28.33,34.63,38.48,54.39,33.6,127,2,,
2025-07-25T08:51:03.147+0200,1765,1676,19.602,4788.989,30.16,38.11,41.88,59.21,,-5.36,130.00,-3.95,-17.90,-514,93,25,,,74,,,,,,0,2025-07-25T08:51:02.000+0200,1685,1637,17.672,48.1374950,-1.9637867,29.38,34.62,38.47,54.39,33.5,138,2,,
2025-07-25T08:51:03.169+0200,1765,1676,19.602,4788.989,30.16,38.11,41.88,59.21,,-5.36,130.00,-3.95,-17.90,-514,93,25,,,74,,,,,,0,2025-07-25T08:51:02.000+0200,1685,1637,17.672,48.1374950,-1.9637867,29.38,34.62,38.47,54.39,33.5,138,2,,
2025-07-25T08:51:03.789+0200,1766,1677,19.608,4788.994,28.54,38.10,41.87,59.21,,-4.56,130.20,-3.63,-17.10,-473,93,25,,,76,,,,,,0,2025-07-25T08:51:03.000+0200,1685,1637,17.680,48.1374417,-1.9637150,26.71,34.62,38.46,54.39,33.3,138,2,,
2025-07-25T08:51:03.811+0200,1766,1677,19.608,4788.994,28.54,38.10,41.87,59.21,,-4.56,130.20,-3.63,-17.10,-473,93,25,,,76,,,,,,0,2025-07-25T08:51:03.000+0200,1685,1637,17.680,48.1374417,-1.9637150,26.71,34.62,38.46,54.39,33.3,138,2,,
2025-07-25T08:51:04.409+0200,1767,1677,19.613,4788.999,26.67,38.10,41.87,59.21,,-3.11,130.30,0.12,0.29,16,93,25,,,77,,,,,,0,2025-07-25T08:51:03.000+0200,1686,1638,17.680,48.1374417,-1.9637150,26.71,34.62,38.46,54.39,33.3,138,2,,
2025-07-25T08:51:04.431+0200,1767,1677,19.613,4788.999,26.67,38.10,41.87,59.21,,-3.11,130.30,0.12,0.29,16,93,25,,,77,,,,,,0,2025-07-25T08:51:03.000+0200,1686,1638,17.680,48.1374417,-1.9637150,26.71,34.62,38.46,54.39,33.3,138,2,,
2025-07-25T08:51:05.027+0200,1767,1678,19.618,4789.004,26.31,38.10,41.86,59.21,,-1.02,130.20,5.28,13.10,687,93,25,,,78,,,,,,0,2025-07-25T08:51:04.000+0200,1686,1638,17.688,48.1373967,-1.9636400,25.80,34.61,38.46,54.39,33.1,133,2,,
2025-07-25T08:51:05.049+0200,1767,1678,19.618,4789.004,26.31,38.10,41.86,59.21,,-1.02,130.20,5.28,13.10,687,93,25,,,78,,,,,,0,2025-07-25T08:51:04.000+0200,1686,1638,17.688,48.1373967,-1.9636400,25.80,34.61,38.46,54.39,33.1,133,2,,
2025-07-25T08:51:05.655+0200,1768,1678,19.622,4789.009,26.60,38.09,41.85,59.21,,-1.55,130.09,-1.96,-9.70,-255,93,25,,,77,,,,,,0,2025-07-25T08:51:05.000+0200,1687,1639,17.695,48.1373567,-1.9635617,24.42,34.61,38.45,54.39,32.8,126,2,,
2025-07-25T08:51:05.678+0200,1768,1678,19.622,4789.009,26.60,38.09,41.85,59.21,,-1.55,130.09,-1.96,-9.70,-255,93,25,,,77,,,,,,0,2025-07-25T08:51:05.000+0200,1687,1639,17.695,48.1373567,-1.9635617,24.42,34.61,38.45,54.39,32.8,126,2,,
2025-07-25T08:51:06.264+0200,1768,1679,19.627,4789.013,25.34,38.09,41.85,59.21,,0.24,130.09,3.73,9.50,485,93,25,,,79,,,,,,0,2025-07-25T08:51:05.000+0200,1688,1640,17.695,48.1373567,-1.9635617,24.42,34.61,38.45,54.39,32.8,126,2,,
2025-07-25T08:51:06.287+0200,1768,1679,19.627,4789.013,25.34,38.09,41.85,59.21,,0.24,130.09,3.73,9.50,485,93,25,,,79,,,,,,0,2025-07-25T08:51:05.000+0200,1688,1640,17.695,48.1373567,-1.9635617,24.42,34.61,38.45,54.39,32.8,126,2,,
2025-07-25T08:51:06.888+0200,1769,1680,19.632,4789.018,26.60,38.08,41.84,59.21,,0.96,130.09,-6.19,-30.50,-805,93,25,,,77,,,,,,0,2025-07-25T08:51:06.000+0200,1688,1640,17.701,48.1373350,-1.9634900,20.52,34.60,38.44,54.39,32.1,123,2,,
2025-07-25T08:51:06.908+0200,1769,1680,19.632,4789.018,26.60,38.08,41.84,59.21,,0.96,130.09,-6.19,-30.50,-805,93,25,,,77,,,,,,0,2025-07-25T08:51:06.000+0200,1688,1640,17.701,48.1373350,-1.9634900,20.52,34.60,38.44,54.39,32.1,123,2,,
2025-07-25T08:51:07.514+0200,1770,1680,19.636,4789.022,23.25,38.08,41.84,59.21,,-7.92,130.30,-0.29,-1.59,-38,93,25,,,80,,,,,,0,2025-07-25T08:51:06.000+0200,1689,1641,17.701,48.1373350,-1.9634900,20.52,34.60,38.44,54.39,32.1,123,2,,
2025-07-25T08:51:07.532+0200,1770,1680,19.636,4789.022,23.25,38.08,41.84,59.21,,-7.92,130.30,-0.29,-1.59,-38,93,25,,,80,,,,,,0,2025-07-25T08:51:06.000+0200,1689,1641,17.701,48.1373350,-1.9634900,20.52,34.60,38.44,54.39,32.1,123,2,,
2025-07-25T08:51:08.129+0200,1770,1681,19.640,4789.027,26.06,38.07,41.83,59.21,,7.31,130.00,18.42,46.00,2395,93,25,,,78,,,,,,0,2025-07-25T08:51:07.000+0200,1689,1641,17.706,48.1373517,-1.9634300,17.46,34.59,38.42,54.39,30.9,102,2,,
2025-07-25T08:51:08.151+0200,1770,1681,19.640,4789.027,26.06,38.07,41.83,59.21,,7.31,130.00,18.42,46.00,2395,93,25,,,78,,,,,,0,2025-07-25T08:51:07.000+0200,1690,1642,17.706,48.1373517,-1.9634300,17.46,34.59,38.42,54.39,30.9,102,2,,
2025-07-25T08:51:08.750+0200,1771,1681,19.645,4789.031,30.02,38.07,41.83,59.21,,4.50,129.59,12.19,27.70,1580,93,25,,,74,,,,,,0,2025-07-25T08:51:08.000+0200,1690,1642,17.712,48.1373533,-1.9633433,22.00,34.58,38.41,54.39,30.4,99,2,,
2025-07-25T08:51:08.772+0200,1771,1682,19.645,4789.031,30.02,38.07,41.83,59.21,,4.50,129.59,12.19,27.70,1580,93,25,,,74,,,,,,0,2025-07-25T08:51:08.000+0200,1690,1642,17.712,48.1373533,-1.9633433,22.00,34.58,38.41,54.39,30.4,99,2,,
2025-07-25T08:51:09.389+0200,1772,1682,19.650,4789.036,28.87,38.07,41.82,59.21,,-2.64,129.59,13.50,31.50,1749,93,25,,,75,,,,,,0,2025-07-25T08:51:08.000+0200,1691,1643,17.712,48.1373533,-1.9633433,22.00,34.58,38.41,54.39,30.4,99,2,,
2025-07-25T08:51:09.410+0200,1772,1682,19.650,4789.036,28.87,38.07,41.82,59.21,,-2.64,129.59,13.50,31.50,1749,93,25,,,75,,,,,,0,2025-07-25T08:51:08.000+0200,1691,1643,17.712,48.1373533,-1.9633433,22.00,34.58,38.41,54.39,30.4,99,2,,
2025-07-25T08:51:09.988+0200,1772,1683,19.655,4789.041,27.43,38.07,41.82,59.21,,-4.02,129.70,-1.16,-5.60,-150,93,25,,,77,,,,,,0,2025-07-25T08:51:09.000+0200,1691,1643,17.719,48.1373583,-1.9632483,24.63,34.58,38.41,54.39,30.1,91,2,,
2025-07-25T08:51:10.012+0200,1772,1683,19.655,4789.041,27.43,38.07,41.82,59.21,,-4.02,129.70,-1.16,-5.60,-150,93,25,,,77,,,,,,0,2025-07-25T08:51:09.000+0200,1691,1643,17.719,48.1373583,-1.9632483,24.63,34.58,38.41,54.39,30.1,91,2,,
2025-07-25T08:51:10.628+0200,1773,1683,19.660,4789.046,27.93,38.06,41.81,59.21,,0.48,129.89,-0.96,-4.60,-125,93,26,,,76,,,,,,0,2025-07-25T08:51:09.000+0200,1692,1644,17.719,48.1373583,-1.9632483,24.63,34.58,38.41,54.39,30.1,91,2,,
2025-07-25T08:51:10.650+0200,1773,1683,19.660,4789.046,27.93,38.06,41.81,59.21,,0.48,129.89,-0.96,-4.60,-125,93,26,,,76,,,,,,0,2025-07-25T08:51:09.000+0200,1692,1644,17.719,48.1373583,-1.9632483,24.63,34.58,38.41,54.39,30.1,91,2,,
2025-07-25T08:51:11.246+0200,1773,1684,19.664,4789.051,25.23,38.06,41.80,59.21,,-4.80,130.00,-0.25,-1.30,-33,93,25,,,79,,,,,,0,2025-07-25T08:51:10.000+0200,1693,1645,17.726,48.1373633,-1.9631550,23.82,34.57,38.40,54.39,29.9,94,2,,
2025-07-25T08:51:11.267+0200,1773,1684,19.664,4789.051,25.23,38.06,41.80,59.21,,-4.80,130.00,-0.25,-1.30,-33,93,25,,,79,,,,,,0,2025-07-25T08:51:10.000+0200,1693,1645,17.726,48.1373633,-1.9631550,23.82,34.57,38.40,54.39,29.9,94,2,,
2025-07-25T08:51:11.865+0200,1774,1685,19.669,4789.055,24.62,38.05,41.80,59.21,,-3.12,130.09,-1.60,-8.30,-208,93,25,,,79,,,,,,0,2025-07-25T08:51:11.000+0200,1693,1645,17.733,48.1373667,-1.9630617,24.50,34.57,38.39,54.39,29.8,94,2,,
2025-07-25T08:51:11.888+0200,1774,1685,19.669,4789.055,24.62,38.05,41.80,59.21,,-3.12,130.09,-1.60,-8.30,-208,93,25,,,79,,,,,,0,2025-07-25T08:51:11.000+0200,1693,1645,17.733,48.1373667,-1.9630617,24.50,34.57,38.39,54.39,29.8,94,2,,
2025-07-25T08:51:12.484+0200,1775,1685,19.673,4789.060,22.75,38.05,41.79,59.21,,-3.59,130.20,-1.78,-9.70,-232,93,25,,,81,,,,,,0,2025-07-25T08:51:11.000+0200,1694,1646,17.733,48.1373667,-1.9630617,24.50,34.57,38.39,54.39,29.8,94,2,,
2025-07-25T08:51:12.507+0200,1775,1685,19.673,4789.060,22.75,38.05,41.79,59.21,,-3.59,130.20,-1.78,-9.70,-232,93,25,,,81,,,,,,0,2025-07-25T08:51:11.000+0200,1694,1646,17.733,48.1373667,-1.9630617,24.50,34.57,38.39,54.39,29.8,94,2,,
2025-07-25T08:51:13.109+0200,1775,1686,19.678,4789.064,21.81,38.04,41.78,59.21,,-2.52,130.30,-3.52,-19.69,-459,93,25,,,82,,,,,,0,2025-07-25T08:51:12.000+0200,1694,1646,17.740,48.1373617,-1.9629767,20.93,34.56,38.38,54.39,30.5,97,2,,
2025-07-25T08:51:13.134+0200,1775,1686,19.678,4789.064,21.81,38.04,41.78,59.21,,-2.52,130.30,-3.52,-19.69,-459,93,25,,,82,,,,,,0,2025-07-25T08:51:12.000+0200,1694,1646,17.740,48.1373617,-1.9629767,20.93,34.56,38.38,54.39,30.5,97,2,,
2025-07-25T08:51:13.729+0200,1776,1686,19.682,4789.067,17.27,38.04,41.78,59.21,,-8.85,130.50,-4.87,-31.20,-636,93,25,,,85,,,,,,0,2025-07-25T08:51:13.000+0200,1695,1647,17.745,48.1373567,-1.9629000,17.75,34.55,38.37,54.39,31.0,101,2,,
2025-07-25T08:51:13.752+0200,1776,1686,19.682,4789.067,17.27,38.04,41.78,59.21,,-8.85,130.50,-4.87,-31.20,-636,93,25,,,85,,,,,,0,2025-07-25T08:51:13.000+0200,1695,1647,17.745,48.1373567,-1.9629000,17.75,34.55,38.37,54.39,31.0,101,2,,
2025-07-25T08:51:14.350+0200,1776,1687,19.685,4789.070,15.01,38.03,41.77,59.21,,-2.36,130.50,-3.37,-23.30,-440,93,25,,,87,,,,,,0,2025-07-25T08:51:13.000+0200,1696,1648,17.745,48.1373567,-1.9629000,17.75,34.55,38.37,54.39,31.0,101,2,,
2025-07-25T08:51:14.374+0200,1776,1687,19.685,4789.070,15.01,38.03,41.77,59.21,,-2.36,130.50,-3.37,-23.30,-440,93,25,,,87,,,,,,0,2025-07-25T08:51:13.000+0200,1696,1648,17.745,48.1373567,-1.9629000,17.75,34.55,38.37,54.39,31.0,101,2,,
2025-07-25T08:51:14.974+0200,1777,1688,19.688,4789.073,12.31,38.02,41.76,59.21,,-3.20,130.50,-1.69,-12.90,-221,93,26,,,90,,,,,,0,2025-07-25T08:51:14.000+0200,1696,1648,17.749,48.1373483,-1.9628500,13.80,34.54,38.35,54.39,30.8,104,2,,
2025-07-25T08:51:14.998+0200,1777,1688,19.688,4789.073,12.31,38.02,41.76,59.21,,-3.20,130.50,-1.69,-12.90,-221,93,26,,,90,,,,,,0,2025-07-25T08:51:14.000+0200,1696,1648,17.749,48.1373483,-1.9628500,13.80,34.54,38.35,54.39,30.8,104,2,,
2025-07-25T08:51:15.609+0200,1778,1688,19.690,4789.075,11.37,38.01,41.74,59.21,,0.00,130.50,-0.02,-0.19,-3,94,26,,,90,,,,,,0,2025-07-25T08:51:14.000+0200,1697,1649,17.749,48.1373483,-1.9628500,13.80,34.54,38.35,54.39,30.8,104,2,,
2025-07-25T08:51:15.630+0200,1778,1688,19.690,4789.075,11.37,38.01,41.74,59.21,,0.00,130.50,-0.02,-0.19,-3,94,26,,,90,,,,,,0,2025-07-25T08:51:14.000+0200,1697,1649,17.749,48.1373483,-1.9628500,13.80,34.54,38.35,54.39,30.8,104,2,,
2025-07-25T08:51:16.229+0200,1778,1689,19.692,4789.077,11.19,38.00,41.73,59.21,,-0.45,130.39,3.07,12.20,400,94,25,,,91,,,,,,0,2025-07-25T08:51:15.000+0200,1698,1650,17.752,48.1373417,-1.9628083,9.42,34.53,38.33,54.39,30.9,97,2,,
2025-07-25T08:51:16.253+0200,1778,1689,19.692,4789.077,11.19,38.00,41.73,59.21,,-0.45,130.39,3.07,12.20,400,94,25,,,91,,,,,,0,2025-07-25T08:51:15.000+0200,1698,1650,17.752,48.1373417,-1.9628083,9.42,34.53,38.33,54.39,30.9,97,2,,
2025-07-25T08:51:16.847+0200,1779,1690,19.694,4789.079,14.47,37.99,41.72,59.21,,6.71,130.20,7.88,27.70,1026,94,25,,,88,,,,,,0,2025-07-25T08:51:16.000+0200,1698,1650,17.755,48.1373400,-1.9627683,10.49,34.51,38.32,54.39,30.9,93,2,,
2025-07-25T08:51:16.866+0200,1779,1690,19.694,4789.079,14.47,37.99,41.72,59.21,,6.71,130.20,7.88,27.70,1026,94,25,,,88,,,,,,0,2025-07-25T08:51:16.000+0200,1698,1650,17.755,48.1373400,-1.9627683,10.49,34.51,38.32,54.39,30.9,93,2,,
2025-07-25T08:51:17.490+0200,1780,1690,19.696,4789.082,14.75,37.99,41.71,59.21,,-5.16,130.09,3.85,13.40,501,94,26,,,88,,,,,,0,2025-07-25T08:51:16.000+0200,1699,1651,17.755,48.1373400,-1.9627683,10.49,34.51,38.32,54.39,30.9,93,2,,
2025-07-25T08:51:17.513+0200,1780,1690,19.696,4789.082,14.75,37.99,41.71,59.21,,-5.16,130.09,3.85,13.40,501,94,26,,,88,,,,,,0,2025-07-25T08:51:16.000+0200,1699,1651,17.755,48.1373400,-1.9627683,10.49,34.51,38.32,54.39,30.9,93,2,,
2025-07-25T08:51:18.105+0200,1780,1691,19.699,4789.084,15.55,37.98,41.70,59.21,,4.66,129.89,12.08,40.89,1569,94,26,,,87,,,,,,0,2025-07-25T08:51:17.000+0200,1699,1651,17.758,48.1373283,-1.9627350,9.17,34.50,38.30,54.39,30.6,119,2,,
2025-07-25T08:51:18.127+0200,1780,1691,19.699,4789.084,15.55,37.98,41.70,59.21,,4.66,129.89,12.08,40.89,1569,94,26,,,87,,,,,,0,2025-07-25T08:51:17.000+0200,1699,1651,17.758,48.1373283,-1.9627350,9.17,34.50,38.30,54.39,30.6,119,2,,
2025-07-25T08:51:18.724+0200,1781,1691,19.702,4789.087,18.57,37.97,41.69,59.21,,5.13,129.59,19.02,58.40,2465,94,26,,,84,,,,,,0,2025-07-25T08:51:18.000+0200,1700,1652,17.762,48.1373000,-1.9627033,12.26,34.49,38.28,54.39,30.8,141,2,,
2025-07-25T08:51:18.746+0200,1781,1691,19.702,4789.087,18.57,37.97,41.69,59.21,,5.13,129.59,19.02,58.40,2465,94,26,,,84,,,,,,0,2025-07-25T08:51:18.000+0200,1700,1652,17.762,48.1373000,-1.9627033,12.26,34.49,38.28,54.39,30.8,141,2,,
2025-07-25T08:51:19.349+0200,1781,1692,19.705,4789.090,22.53,37.97,41.69,59.21,,6.84,129.30,17.09,46.80,2210,94,26,,,81,,,,,,0,2025-07-25T08:51:18.000+0200,1701,1653,17.762,48.1373000,-1.9627033,12.26,34.49,38.28,54.39,30.8,141,2,,
2025-07-25T08:51:19.372+0200,1781,1692,19.705,4789.090,22.53,37.97,41.69,59.21,,6.84,129.30,17.09,46.80,2210,94,26,,,81,,,,,,0,2025-07-25T08:51:18.000+0200,1701,1653,17.762,48.1373000,-1.9627033,12.26,34.49,38.28,54.39,30.8,141,2,,
2025-07-25T08:51:19.968+0200,1782,1693,19.708,4789.094,25.59,37.96,41.68,59.21,,3.48,129.00,16.47,41.60,2125,94,26,,,78,,,,,,0,2025-07-25T08:51:19.000+0200,1701,1653,17.768,48.1372500,-1.9626733,19.22,34.48,38.27,54.39,30.7,154,2,,
2025-07-25T08:51:19.992+0200,1782,1693,19.708,4789.094,25.59,37.96,41.68,59.21,,3.48,129.00,16.47,41.60,2125,94,26,,,78,,,,,,0,2025-07-25T08:51:19.000+0200,1701,1653,17.768,48.1372500,-1.9626733,19.22,34.48,38.27,54.39,30.7,154,2,,
2025-07-25T08:51:20.588+0200,1783,1693,19.712,4789.099,29.01,37.96,41.68,59.21,,5.52,128.70,17.76,41.30,2286,94,26,,,75,,,,,,0,2025-07-25T08:51:19.000+0200,1702,1654,17.768,48.1372500,-1.9626733,19.22,34.48,38.27,54.39,30.7,154,2,,
2025-07-25T08:51:20.613+0200,1783,1693,19.712,4789.099,29.01,37.96,41.68,59.21,,5.52,128.70,17.76,41.30,2286,94,26,,,75,,,,,,0,2025-07-25T08:51:19.000+0200,1702,1654,17.768,48.1372500,-1.9626733,19.22,34.48,38.27,54.39,30.7,154,2,,
2025-07-25T08:51:21.204+0200,1783,1694,19.717,4789.104,31.14,37.96,41.67,59.21,,4.26,128.59,18.37,40.70,2362,94,26,,,73,,,,,,0,2025-07-25T08:51:20.000+0200,1703,1655,17.775,48.1371883,-1.9626400,24.67,34.47,38.26,54.39,30.5,160,2,,
2025-07-25T08:51:21.227+0200,1783,1694,19.717,4789.104,31.14,37.96,41.67,59.21,,4.26,128.59,18.37,40.70,2362,94,26,,,73,,,,,,0,2025-07-25T08:51:20.000+0200,1703,1655,17.775,48.1371883,-1.9626400,24.67,34.47,38.26,54.39,30.5,160,2,,
2025-07-25T08:51:21.826+0200,1784,1695,19.723,4789.109,34.16,37.96,41.67,59.21,,4.84,128.39,23.07,47.90,2962,94,26,,,71,,,,,,0,2025-07-25T08:51:21.000+0200,1703,1655,17.783,48.1371250,-1.9626000,28.83,34.47,38.26,54.39,30.4,157,2,,
2025-07-25T08:51:21.847+0200,1784,1695,19.723,4789.109,34.16,37.96,41.67,59.21,,4.84,128.39,23.07,47.90,2962,94,26,,,71,,,,,,0,2025-07-25T08:51:21.000+0200,1703,1655,17.783,48.1371250,-1.9626000,28.83,34.47,38.26,54.39,30.4,157,2,,
2025-07-25T08:51:22.449+0200,1785,1695,19.728,4789.115,35.92,37.95,41.67,59.21,,3.36,128.39,16.27,32.59,2089,94,26,,,69,,,,,,0,2025-07-25T08:51:21.000+0200,1704,1656,17.783,48.1371250,-1.9626000,28.83,34.47,38.26,54.39,30.4,157,2,,
2025-07-25T08:51:22.470+0200,1785,1695,19.728,4789.115,35.92,37.95,41.67,59.21,,3.36,128.39,16.27,32.59,2089,94,26,,,69,,,,,,0,2025-07-25T08:51:21.000+0200,1704,1656,17.783,48.1371250,-1.9626000,28.83,34.47,38.26,54.39,30.4,157,2,,
2025-07-25T08:51:23.065+0200,1785,1696,19.734,4789.122,36.89,37.95,41.66,59.21,,3.82,128.50,13.03,25.59,1674,93,26,,,68,,,,,,0,2025-07-25T08:51:22.000+0200,1704,1656,17.791,48.1370567,-1.9625483,31.58,34.47,38.25,54.39,30.1,155,2,,
2025-07-25T08:51:23.089+0200,1785,1696,19.734,4789.122,36.89,37.95,41.66,59.21,,3.82,128.50,13.03,25.59,1674,93,26,,,68,,,,,,0,2025-07-25T08:51:22.000+0200,1704,1656,17.791,48.1370567,-1.9625483,31.58,34.47,38.25,54.39,30.1,155,2,,
2025-07-25T08:51:23.684+0200,1786,1696,19.741,4789.128,36.93,37.95,41.66,59.21,,-0.68,128.59,7.18,14.10,923,93,26,,,68,,,,,,0,2025-07-25T08:51:23.000+0200,1705,1657,17.801,48.1369833,-1.9624933,32.45,34.47,38.25,54.39,30.0,156,2,,
2025-07-25T08:51:23.708+0200,1786,1696,19.741,4789.128,36.93,37.95,41.66,59.21,,-0.68,128.59,7.18,14.10,923,93,26,,,68,,,,,,0,2025-07-25T08:51:23.000+0200,1705,1657,17.801,48.1369833,-1.9624933,32.45,34.47,38.25,54.39,30.0,156,2,,
2025-07-25T08:51:24.309+0200,1786,1697,19.747,4789.134,36.93,37.95,41.66,59.21,,0.00,128.70,9.88,19.40,1272,93,26,,,68,,,,,,0,2025-07-25T08:51:23.000+0200,1706,1658,17.801,48.1369833,-1.9624933,32.45,34.47,38.25,54.39,30.0,156,2,,
2025-07-25T08:51:24.332+0200,1786,1697,19.747,4789.134,36.93,37.95,41.66,59.21,,0.00,128.70,9.88,19.40,1272,93,26,,,68,,,,,,0,2025-07-25T08:51:23.000+0200,1706,1658,17.801,48.1369833,-1.9624933,32.45,34.47,38.25,54.39,30.0,156,2,,
2025-07-25T08:51:24.951+0200,1787,1698,19.754,4789.141,38.05,37.95,41.66,59.21,,-1.67,128.80,9.99,19.19,1287,93,26,,,67,,,,,,0,2025-07-25T08:51:24.000+0200,1706,1658,17.810,48.1369100,-1.9624300,33.29,34.47,38.25,54.39,29.8,152,2,,
2025-07-25T08:51:24.975+0200,1787,1698,19.754,4789.141,38.05,37.95,41.66,59.21,,-1.67,128.80,9.99,19.19,1287,93,26,,,67,,,,,,0,2025-07-25T08:51:24.000+0200,1706,1658,17.810,48.1369100,-1.9624300,33.29,34.47,38.25,54.39,29.8,152,2,,
2025-07-25T08:51:25.566+0200,1788,1698,19.760,4789.147,38.16,37.95,41.66,59.21,,1.08,128.89,5.42,10.40,699,93,26,,,67,,,,,,0,2025-07-25T08:51:24.000+0200,1707,1659,17.810,48.1369100,-1.9624300,33.29,34.47,38.25,54.39,29.8,152,2,,
2025-07-25T08:51:25.589+0200,1788,1698,19.760,4789.147,38.16,37.95,41.66,59.21,,1.08,128.89,5.42,10.40,699,93,26,,,67,,,,,,0,2025-07-25T08:51:24.000+0200,1707,1659,17.810,48.1369100,-1.9624300,33.29,34.47,38.25,54.39,29.8,152,2,,
2025-07-25T08:51:26.187+0200,1788,1699,19.767,4789.154,38.41,37.95,41.66,59.21,,1.79,129.00,10.06,19.19,1298,93,26,,,67,,,,,,0,2025-07-25T08:51:25.000+0200,1708,1660,17.819,48.1368417,-1.9623567,33.41,34.47,38.24,54.39,29.6,148,2,,
2025-07-25T08:51:26.214+0200,1788,1699,19.767,4789.154,38.41,37.95,41.66,59.21,,1.79,129.00,10.06,19.19,1298,93,26,,,67,,,,,,0,2025-07-25T08:51:25.000+0200,1708,1660,17.819,48.1368417,-1.9623567,33.41,34.47,38.24,54.39,29.6,148,2,,
2025-07-25T08:51:26.832+0200,1789,1700,19.773,4789.160,38.26,37.95,41.66,59.21,,1.44,129.00,9.82,18.79,1267,93,26,,,67,,,,,,0,2025-07-25T08:51:26.000+0200,1708,1660,17.828,48.1367783,-1.9622833,32.89,34.47,38.24,54.39,29.4,144,2,,
2025-07-25T08:51:26.855+0200,1789,1700,19.773,4789.160,38.26,37.95,41.66,59.21,,1.44,129.00,9.82,18.79,1267,93,26,,,67,,,,,,0,2025-07-25T08:51:26.000+0200,1708,1660,17.828,48.1367783,-1.9622833,32.89,34.47,38.24,54.39,29.4,144,2,,
2025-07-25T08:51:27.445+0200,1790,1700,19.780,4789.167,38.80,37.95,41.65,59.21,,3.59,129.00,9.34,17.69,1205,93,26,,,67,,,,,,0,2025-07-25T08:51:26.000+0200,1709,1661,17.828,48.1367783,-1.9622833,32.89,34.47,38.24,54.39,29.4,144,2,,
2025-07-25T08:51:27.464+0200,1790,1700,19.780,4789.167,38.80,37.95,41.65,59.21,,3.59,129.00,9.34,17.69,1205,93,26,,,67,,,,,,0,2025-07-25T08:51:26.000+0200,1709,1661,17.828,48.1367783,-1.9622833,32.89,34.47,38.24,54.39,29.4,144,2,,
2025-07-25T08:51:28.070+0200,1790,1701,19.786,4789.174,38.41,37.95,41.65,59.21,,-1.44,129.09,3.72,7.10,480,93,26,,,67,,,,,,0,2025-07-25T08:51:27.000+0200,1709,1661,17.837,48.1367117,-1.9622150,33.02,34.47,38.24,54.39,29.1,146,2,,
2025-07-25T08:51:28.093+0200,1790,1701,19.786,4789.174,38.41,37.95,41.65,59.21,,-1.44,129.09,3.72,7.10,480,93,26,,,67,,,,,,0,2025-07-25T08:51:27.000+0200,1709,1661,17.837,48.1367117,-1.9622150,33.02,34.47,38.24,54.39,29.1,146,2,,
2025-07-25T08:51:28.684+0200,1791,1701,19.793,4789.180,37.62,37.95,41.65,59.21,,-3.12,129.09,6.81,13.20,879,93,26,,,68,,,,,,0,2025-07-25T08:51:28.000+0200,1710,1662,17.847,48.1366383,-1.9621467,34.15,34.47,38.24,54.39,29.0,147,2,,
2025-07-25T08:51:28.705+0200,1791,1701,19.793,4789.180,37.62,37.95,41.65,59.21,,-3.12,129.09,6.81,13.20,879,93,26,,,68,,,,,,0,2025-07-25T08:51:28.000+0200,1710,1662,17.847,48.1366383,-1.9621467,34.15,34.47,38.24,54.39,29.0,147,2,,
2025-07-25T08:51:29.300+0200,1791,1702,19.800,4789.187,37.72,37.95,41.65,59.21,,1.67,129.20,10.86,21.00,1403,93,26,,,68,,,,,,0,2025-07-25T08:51:28.000+0200,1711,1663,17.847,48.1366383,-1.9621467,34.15,34.47,38.24,54.39,29.0,147,2,,
2025-07-25T08:51:29.327+0200,1791,1702,19.800,4789.187,37.72,37.95,41.65,59.21,,1.67,129.20,10.86,21.00,1403,93,26,,,68,,,,,,0,2025-07-25T08:51:28.000+0200,1711,1663,17.847,48.1366383,-1.9621467,34.15,34.47,38.24,54.39,29.0,147,2,,
2025-07-25T08:51:29.930+0200,1792,1703,19.806,4789.194,37.29,37.95,41.65,59.21,,-3.00,129.20,6.30,12.30,814,93,26,,,68,,,,,,0,2025-07-25T08:51:29.000+0200,1711,1663,17.856,48.1365733,-1.9620683,34.23,34.46,38.23,54.39,28.8,142,2,,
2025-07-25T08:51:29.950+0200,1792,1703,19.806,4789.194,37.29,37.95,41.65,59.21,,-3.00,129.20,6.30,12.30,814,93,26,,,68,,,,,,0,2025-07-25T08:51:29.000+0200,1711,1663,17.856,48.1365733,-1.9620683,34.23,34.46,38.23,54.39,28.8,142,2,,
2025-07-25T08:51:30.545+0200,1793,1703,19.813,4789.200,38.05,37.95,41.65,59.21,,2.03,129.30,2.55,4.90,330,93,26,,,68,,,,,,0,2025-07-25T08:51:29.000+0200,1712,1664,17.856,48.1365733,-1.9620683,34.23,34.46,38.23,54.39,28.8,142,2,,
2025-07-25T08:51:30.567+0200,1793,1703,19.813,4789.200,38.05,37.95,41.65,59.21,,2.03,129.30,2.55,4.90,330,93,26,,,68,,,,,,0,2025-07-25T08:51:29.000+0200,1712,1664,17.856,48.1365733,-1.9620683,34.23,34.46,38.23,54.39,28.8,142,2,,
2025-07-25T08:51:31.171+0200,1793,1704,19.819,4789.207,37.33,37.95,41.65,59.21,,-2.60,129.30,2.72,5.30,352,93,26,,,68,,,,,,0,2025-07-25T08:51:30.000+0200,1713,1665,17.866,48.1365017,-1.9619900,34.83,34.47,38.23,54.39,28.9,142,2,,
2025-07-25T08:51:31.195+0200,1793,1704,19.819,4789.207,37.33,37.95,41.65,59.21,,-2.60,129.30,2.72,5.30,352,93,26,,,68,,,,,,0,2025-07-25T08:51:30.000+0200,1713,1665,17.866,48.1365017,-1.9619900,34.83,34.47,38.23,54.39,28.9,142,2,,
2025-07-25T08:51:31.785+0200,1794,1705,19.826,4789.213,36.93,37.95,41.64,59.21,,0.00,129.39,7.64,15.00,989,93,26,,,69,,,,,,0,2025-07-25T08:51:31.000+0200,1713,1665,17.875,48.1364400,-1.9619033,34.72,34.47,38.23,54.39,28.8,135,2,,
2025-07-25T08:51:31.806+0200,1794,1705,19.826,4789.213,36.93,37.95,41.64,59.21,,0.00,129.39,7.64,15.00,989,93,26,,,69,,,,,,0,2025-07-25T08:51:31.000+0200,1713,1665,17.875,48.1364400,-1.9619033,34.72,34.47,38.23,54.39,28.8,135,2,,
2025-07-25T08:51:32.422+0200,1795,1705,19.832,4789.220,36.89,37.95,41.64,59.21,,0.00,129.30,11.80,23.20,1526,93,26,,,69,,,,,,0,2025-07-25T08:51:31.000+0200,1714,1666,17.875,48.1364400,-1.9619033,34.72,34.47,38.23,54.39,28.8,135,2,,
2025-07-25T08:51:32.441+0200,1795,1705,19.832,4789.220,36.89,37.95,41.64,59.21,,0.00,129.30,11.80,23.20,1526,93,26,,,69,,,,,,0,2025-07-25T08:51:31.000+0200,1714,1666,17.875,48.1364400,-1.9619033,34.72,34.47,38.23,54.39,28.8,135,2,,
2025-07-25T08:51:33.024+0200,1795,1706,19.839,4789.226,38.41,37.95,41.64,59.21,,2.36,129.20,12.42,23.70,1605,93,26,,,67,,,,,,0,2025-07-25T08:51:32.000+0200,1714,1666,17.885,48.1363817,-1.9618100,35.31,34.47,38.23,54.39,28.6,136,2,,
2025-07-25T08:51:33.047+0200,1795,1706,19.839,4789.226,38.41,37.95,41.64,59.21,,2.36,129.20,12.42,23.70,1605,93,26,,,67,,,,,,0,2025-07-25T08:51:32.000+0200,1714,1666,17.885,48.1363817,-1.9618100,35.31,34.47,38.23,54.39,28.6,136,2,,
2025-07-25T08:51:33.653+0200,1796,1706,19.845,4789.233,38.44,37.95,41.64,59.21,,1.02,129.20,8.23,15.70,1063,93,26,,,67,,,,,,0,2025-07-25T08:51:33.000+0200,1715,1667,17.893,48.1363233,-1.9617350,34.51,34.47,38.22,54.39,28.4,137,2,,
2025-07-25T08:51:33.674+0200,1796,1706,19.845,4789.233,38.44,37.95,41.64,59.21,,1.02,129.20,8.23,15.70,1063,93,26,,,67,,,,,,0,2025-07-25T08:51:33.000+0200,1715,1667,17.893,48.1363233,-1.9617350,34.51,34.47,38.22,54.39,28.4,137,2,,
2025-07-25T08:51:34.286+0200,1796,1707,19.852,4789.239,38.48,37.95,41.64,59.21,,1.67,129.09,11.02,21.00,1423,93,26,,,67,,,,,,0,2025-07-25T08:51:33.000+0200,1716,1668,17.893,48.1363233,-1.9617350,34.51,34.47,38.22,54.39,28.4,137,2,,
2025-07-25T08:51:34.310+0200,1796,1707,19.852,4789.239,38.48,37.95,41.64,59.21,,1.67,129.09,11.02,21.00,1423,93,26,,,67,,,,,,0,2025-07-25T08:51:33.000+0200,1716,1668,17.893,48.1363233,-1.9617350,34.51,34.47,38.22,54.39,28.4,137,2,,
2025-07-25T08:51:34.909+0200,1797,1708,19.859,4789.246,38.87,37.95,41.64,59.21,,0.00,129.09,7.61,14.40,982,93,26,,,67,,,,,,0,2025-07-25T08:51:34.000+0200,1716,1668,17.904,48.1362633,-1.9616317,34.59,34.47,38.22,54.39,28.4,132,2,,
2025-07-25T08:51:34.932+0200,1797,1708,19.859,4789.246,38.87,37.95,41.64,59.21,,0.00,129.09,7.61,14.40,982,93,26,,,67,,,,,,0,2025-07-25T08:51:34.000+0200,1716,1668,17.904,48.1362633,-1.9616317,34.59,34.47,38.22,54.39,28.4,132,2,,
2025-07-25T08:51:35.526+0200,1798,1708,19.865,4789.253,37.62,37.95,41.64,59.21,,-4.19,129.09,9.80,19.00,1265,93,26,,,68,,,,,,0,2025-07-25T08:51:34.000+0200,1717,1669,17.904,48.1362633,-1.9616317,34.59,34.47,38.22,54.39,28.4,132,2,,
2025-07-25T08:51:35.550+0200,1798,1708,19.865,4789.253,37.62,37.95,41.64,59.21,,-4.19,129.09,9.80,19.00,1265,93,26,,,68,,,,,,0,2025-07-25T08:51:34.000+0200,1717,1669,17.904,48.1362633,-1.9616317,34.59,34.47,38.22,54.39,28.4,132,2,,
2025-07-25T08:51:36.147+0200,1798,1709,19.872,4789.259,38.23,37.95,41.64,59.21,,-2.24,129.09,12.64,24.20,1632,93,26,,,67,,,,,,0,2025-07-25T08:51:35.000+0200,1718,1670,17.913,48.1362050,-1.9615350,34.68,34.47,38.22,54.39,28.4,132,2,,
2025-07-25T08:51:36.169+0200,1798,1709,19.872,4789.259,38.23,37.95,41.64,59.21,,-2.24,129.09,12.64,24.20,1632,93,26,,,67,,,,,,0,2025-07-25T08:51:35.000+0200,1718,1670,17.913,48.1362050,-1.9615350,34.68,34.47,38.22,54.39,28.4,132,2,,
2025-07-25T08:51:36.769+0200,1799,1710,19.879,4789.266,40.21,37.95,41.63,59.21,,3.72,129.09,20.22,37.30,2610,93,26,,,66,,,,,,0,2025-07-25T08:51:36.000+0200,1718,1670,17.924,48.1361483,-1.9614217,37.31,34.47,38.22,54.39,28.4,129,2,,
2025-07-25T08:51:36.791+0200,1799,1710,19.879,4789.266,40.21,37.95,41.63,59.21,,3.72,129.09,20.22,37.30,2610,93,26,,,66,,,,,,0,2025-07-25T08:51:36.000+0200,1718,1670,17.924,48.1361483,-1.9614217,37.31,34.47,38.22,54.39,28.4,129,2,,
2025-07-25T08:51:37.568+0200,1800,1710,19.889,4789.276,38.98,37.95,41.63,59.21,,0.24,129.20,7.04,13.29,910,93,26,,,67,,,,,,0,2025-07-25T08:51:36.000+0200,1719,1671,17.924,48.1361483,-1.9614217,37.31,34.47,38.22,54.39,28.4,129,2,,
2025-07-25T08:51:37.591+0200,1800,1710,19.889,4789.276,38.98,37.95,41.63,59.21,,0.24,129.20,7.04,13.29,910,93,26,,,67,,,,,,0,2025-07-25T08:51:36.000+0200,1719,1671,17.924,48.1361483,-1.9614217,37.31,34.47,38.22,54.39,28.4,129,2,,
2025-07-25T08:51:37.611+0200,1800,1710,19.889,4789.276,38.98,37.95,41.63,59.21,,0.24,129.20,7.04,13.29,910,93,26,,,67,,,,,,0,2025-07-25T08:51:36.000+0200,1719,1671,17.924,48.1361483,-1.9614217,37.31,34.47,38.22,54.39,28.4,129,2,,
2025-07-25T08:51:38.328+0200,1800,1711,19.896,4789.283,39.74,37.95,41.63,59.21,,1.01,129.09,5.75,10.70,742,93,26,,,66,,,,,,0,2025-07-25T08:51:37.000+0200,1720,1672,17.934,48.1360983,-1.9613150,35.07,34.47,38.22,54.39,28.5,126,2,,
2025-07-25T08:51:38.353+0200,1800,1711,19.896,4789.283,39.74,37.95,41.63,59.21,,1.01,129.09,5.75,10.70,742,93,26,,,66,,,,,,0,2025-07-25T08:51:37.000+0200,1720,1672,17.934,48.1360983,-1.9613150,35.07,34.47,38.22,54.39,28.5,126,2,,
2025-07-25T08:51:38.949+0200,1801,1712,19.903,4789.290,38.98,37.96,41.63,59.21,,-1.57,129.09,4.29,8.09,554,93,26,,,67,,,,,,0,2025-07-25T08:51:38.000+0200,1720,1672,17.943,48.1360483,-1.9612067,35.41,34.47,38.22,54.39,28.8,124,2,,
2025-07-25T08:51:38.973+0200,1801,1712,19.903,4789.290,38.98,37.96,41.63,59.21,,-1.57,129.09,4.29,8.09,554,93,26,,,67,,,,,,0,2025-07-25T08:51:38.000+0200,1720,1672,17.943,48.1360483,-1.9612067,35.41,34.47,38.22,54.39,28.8,124,2,,
2025-07-25T08:51:39.589+0200,1802,1712,19.909,4789.297,38.66,37.96,41.63,59.21,,-0.96,129.30,4.00,7.60,517,93,26,,,67,,,,,,0,2025-07-25T08:51:38.000+0200,1721,1673,17.943,48.1360483,-1.9612067,35.41,34.47,38.22,54.39,28.8,124,2,,
2025-07-25T08:51:39.614+0200,1802,1712,19.909,4789.297,38.66,37.96,41.63,59.21,,-0.96,129.30,4.00,7.60,517,93,26,,,67,,,,,,0,2025-07-25T08:51:38.000+0200,1721,1673,17.943,48.1360483,-1.9612067,35.41,34.47,38.22,54.39,28.8,124,2,,
2025-07-25T08:51:40.206+0200,1802,1713,19.916,4789.303,38.08,37.96,41.63,59.21,,-2.25,129.30,7.03,13.50,909,93,26,,,68,,,,,,0,2025-07-25T08:51:39.000+0200,1722,1674,17.953,48.1360083,-1.9610917,35.42,34.47,38.21,54.39,29.0,118,2,,
2025-07-25T08:51:40.231+0200,1802,1713,19.916,4789.303,38.08,37.96,41.63,59.21,,-2.25,129.30,7.03,13.50,909,93,26,,,68,,,,,,0,2025-07-25T08:51:39.000+0200,1722,1674,17.953,48.1360083,-1.9610917,35.42,34.47,38.21,54.39,29.0,118,2,,
2025-07-25T08:51:40.825+0200,1803,1714,19.923,4789.310,38.16,37.96,41.63,59.21,,-2.61,129.30,8.65,16.60,1118,93,26,,,67,,,,,,0,2025-07-25T08:51:40.000+0200,1722,1674,17.962,48.1359717,-1.9609783,32.45,34.47,38.21,54.39,29.2,116,2,,
2025-07-25T08:51:40.848+0200,1803,1714,19.923,4789.310,38.16,37.96,41.63,59.21,,-2.61,129.30,8.65,16.60,1118,93,26,,,67,,,,,,0,2025-07-25T08:51:40.000+0200,1722,1674,17.962,48.1359717,-1.9609783,32.45,34.47,38.21,54.39,29.2,116,2,,
2025-07-25T08:51:41.448+0200,1804,1714,19.929,4789.317,37.69,37.96,41.63,59.21,,-3.93,129.30,9.97,19.29,1289,93,26,,,68,,,,,,0,2025-07-25T08:51:40.000+0200,1723,1675,17.962,48.1359717,-1.9609783,32.45,34.47,38.21,54.39,29.2,116,2,,
2025-07-25T08:51:41.471+0200,1804,1714,19.929,4789.317,37.69,37.96,41.63,59.21,,-3.93,129.30,9.97,19.29,1289,93,26,,,68,,,,,,0,2025-07-25T08:51:40.000+0200,1723,1675,17.962,48.1359717,-1.9609783,32.45,34.47,38.21,54.39,29.2,116,2,,
2025-07-25T08:51:42.090+0200,1804,1715,19.936,4789.324,38.98,37.96,41.63,59.21,,0.12,129.20,3.39,6.39,438,93,26,,,67,,,,,,0,2025-07-25T08:51:41.000+0200,1723,1675,17.972,48.1359400,-1.9608600,33.62,34.47,38.21,54.39,29.1,113,2,,
2025-07-25T08:51:42.111+0200,1804,1715,19.936,4789.324,38.98,37.96,41.63,59.21,,0.12,129.20,3.39,6.39,438,93,26,,,67,,,,,,0,2025-07-25T08:51:41.000+0200,1723,1675,17.972,48.1359400,-1.9608600,33.62,34.47,38.21,54.39,29.1,113,2,,
2025-07-25T08:51:42.714+0200,1805,1715,19.943,4789.330,37.87,37.96,41.63,59.21,,-2.88,129.30,1.29,2.50,167,93,26,,,68,,,,,,0,2025-07-25T08:51:42.000+0200,1724,1676,17.982,48.1359067,-1.9607350,37.40,34.47,38.21,54.39,29.1,111,2,,
2025-07-25T08:51:42.737+0200,1805,1715,19.943,4789.330,37.87,37.96,41.63,59.21,,-2.88,129.30,1.29,2.50,167,93,26,,,68,,,,,,0,2025-07-25T08:51:42.000+0200,1724,1676,17.982,48.1359067,-1.9607350,37.40,34.47,38.21,54.39,29.1,111,2,,
2025-07-25T08:51:43.323+0200,1805,1716,19.950,4789.337,38.55,37.96,41.62,59.21,,-1.19,129.39,6.51,12.40,842,93,26,,,67,,,,,,0,2025-07-25T08:51:42.000+0200,1725,1677,17.982,48.1359067,-1.9607350,37.40,34.47,38.21,54.39,29.1,111,2,,
2025-07-25T08:51:43.346+0200,1805,1716,19.950,4789.337,38.55,37.96,41.62,59.21,,-1.19,129.39,6.51,12.40,842,93,26,,,67,,,,,,0,2025-07-25T08:51:42.000+0200,1725,1677,17.982,48.1359067,-1.9607350,37.40,34.47,38.21,54.39,29.1,111,2,,
2025-07-25T08:51:43.949+0200,1806,1717,19.956,4789.344,36.93,37.96,41.62,59.21,,-0.45,129.39,3.87,7.60,501,93,26,,,69,,,,,,0,2025-07-25T08:51:43.000+0200,1725,1677,17.992,48.1358750,-1.9606117,36.06,34.47,38.21,54.39,29.1,110,2,,
2025-07-25T08:51:43.970+0200,1806,1717,19.956,4789.344,36.93,37.96,41.62,59.21,,-0.45,129.39,3.87,7.60,501,93,26,,,69,,,,,,0,2025-07-25T08:51:43.000+0200,1725,1677,17.992,48.1358750,-1.9606117,36.06,34.47,38.21,54.39,29.1,110,2,,
2025-07-25T08:51:44.574+0200,1807,1717,19.963,4789.350,35.78,37.96,41.62,59.21,,-3.60,129.50,1.29,2.60,167,93,26,,,70,,,,,,0,2025-07-25T08:51:43.000+0200,1726,1678,17.992,48.1358750,-1.9606117,36.06,34.47,38.21,54.39,29.1,110,2,,
2025-07-25T08:51:44.598+0200,1807,1717,19.963,4789.350,35.78,37.96,41.62,59.21,,-3.60,129.50,1.29,2.60,167,93,26,,,70,,,,,,0,2025-07-25T08:51:43.000+0200,1726,1678,17.992,48.1358750,-1.9606117,36.06,34.47,38.21,54.39,29.1,110,2,,
2025-07-25T08:51:45.189+0200,1807,1718,19.969,4789.357,35.78,37.96,41.62,59.21,,-3.24,129.50,5.52,11.10,715,93,26,,,70,,,,,,0,2025-07-25T08:51:44.000+0200,1727,1679,18.001,48.1358450,-1.9604917,30.72,34.47,38.20,54.39,29.0,112,2,,
2025-07-25T08:51:45.213+0200,1807,1718,19.969,4789.357,35.78,37.96,41.62,59.21,,-3.24,129.50,5.52,11.10,715,93,26,,,70,,,,,,0,2025-07-25T08:51:44.000+0200,1727,1679,18.001,48.1358450,-1.9604917,30.72,34.47,38.20,54.39,29.0,112,2,,
2025-07-25T08:51:45.810+0200,1808,1719,19.976,4789.363,35.67,37.95,41.62,59.21,,-3.13,129.59,3.12,6.30,404,93,26,,,70,,,,,,0,2025-07-25T08:51:45.000+0200,1727,1679,18.010,48.1358117,-1.9603867,28.81,34.46,38.20,54.39,28.9,113,2,,
2025-07-25T08:51:45.834+0200,1808,1719,19.976,4789.363,35.67,37.95,41.62,59.21,,-3.13,129.59,3.12,6.30,404,93,26,,,70,,,,,,0,2025-07-25T08:51:45.000+0200,1727,1679,18.010,48.1358117,-1.9603867,28.81,34.46,38.20,54.39,28.9,113,2,,
2025-07-25T08:51:46.429+0200,1809,1719,19.982,4789.369,34.88,37.95,41.61,59.21,,-0.11,129.70,-1.44,-5.90,-187,93,26,,,70,,,,,,0,2025-07-25T08:51:45.000+0200,1728,1680,18.010,48.1358117,-1.9603867,28.81,34.46,38.20,54.39,28.9,113,2,,
2025-07-25T08:51:46.453+0200,1809,1719,19.982,4789.369,34.88,37.95,41.61,59.21,,-0.11,129.70,-1.44,-5.90,-187,93,26,,,70,,,,,,0,2025-07-25T08:51:45.000+0200,1728,1680,18.010,48.1358117,-1.9603867,28.81,34.46,38.20,54.39,28.9,113,2,,
2025-07-25T08:51:47.049+0200,1809,1720,19.988,4789.375,33.33,37.95,41.61,59.21,,-4.74,129.89,-0.40,-1.70,-52,93,26,,,72,,,,,,0,2025-07-25T08:51:46.000+0200,1728,1680,18.018,48.1357750,-1.9602867,29.45,34.46,38.19,54.39,28.9,115,2,,
2025-07-25T08:51:47.073+0200,1809,1720,19.988,4789.375,33.33,37.95,41.61,59.21,,-4.74,129.89,-0.40,-1.70,-52,93,26,,,72,,,,,,0,2025-07-25T08:51:46.000+0200,1728,1680,18.018,48.1357750,-1.9602867,29.45,34.46,38.19,54.39,28.9,115,2,,
2025-07-25T08:51:47.686+0200,1810,1720,19.994,4789.381,31.28,37.95,41.61,59.21,,-4.80,130.00,-0.74,-3.30,-96,93,26,,,73,,,,,,0,2025-07-25T08:51:47.000+0200,1729,1681,18.027,48.1357400,-1.9601850,31.39,34.46,38.19,54.39,29.0,117,2,,
2025-07-25T08:51:47.703+0200,1810,1720,19.994,4789.381,31.28,37.95,41.61,59.21,,-4.80,130.00,-0.74,-3.30,-96,93,26,,,73,,,,,,0,2025-07-25T08:51:47.000+0200,1729,1681,18.027,48.1357400,-1.9601850,31.39,34.46,38.19,54.39,29.0,117,2,,
2025-07-25T08:51:48.288+0200,1810,1721,20.000,4789.386,30.92,37.95,41.60,59.21,,-0.22,130.00,2.69,6.00,350,93,26,,,74,,,,,,0,2025-07-25T08:51:47.000+0200,1730,1682,18.027,48.1357400,-1.9601850,31.39,34.46,38.19,54.39,29.0,117,2,,
2025-07-25T08:51:48.313+0200,1810,1721,20.000,4789.386,30.92,37.95,41.60,59.21,,-0.22,130.00,2.69,6.00,350,93,26,,,74,,,,,,0,2025-07-25T08:51:47.000+0200,1730,1682,18.027,48.1357400,-1.9601850,31.39,34.46,38.19,54.39,29.0,117,2,,
2025-07-25T08:51:48.926+0200,1811,1722,20.005,4789.392,30.74,37.95,41.60,59.21,,-0.12,130.00,-0.76,-3.40,-99,93,26,,,74,,,,,,0,2025-07-25T08:51:48.000+0200,1730,1682,18.036,48.1357050,-1.9600750,28.62,34.46,38.18,54.39,29.3,116,2,,
2025-07-25T08:51:48.951+0200,1811,1722,20.005,4789.392,30.74,37.95,41.60,59.21,,-0.12,130.00,-0.76,-3.40,-99,93,26,,,74,,,,,,0,2025-07-25T08:51:48.000+0200,1730,1682,18.036,48.1357050,-1.9600750,28.62,34.46,38.18,54.39,29.3,116,2,,
2025-07-25T08:51:49.544+0200,1812,1722,20.010,4789.397,28.11,37.94,41.60,59.21,,-4.47,130.09,-2.33,-11.10,-303,93,26,,,76,,,,,,0,2025-07-25T08:51:48.000+0200,1731,1683,18.036,48.1357050,-1.9600750,28.62,34.46,38.18,54.39,29.3,116,2,,
2025-07-25T08:51:49.569+0200,1812,1722,20.010,4789.397,28.11,37.94,41.60,59.21,,-4.47,130.09,-2.33,-11.10,-303,93,26,,,76,,,,,,0,2025-07-25T08:51:48.000+0200,1731,1683,18.036,48.1357050,-1.9600750,28.62,34.46,38.18,54.39,29.3,116,2,,
2025-07-25T08:51:50.170+0200,1812,1723,20.016,4789.402,26.85,37.94,41.59,59.21,,-2.47,130.20,-0.44,-2.20,-57,93,26,,,77,,,,,,0,2025-07-25T08:51:49.000+0200,1732,1684,18.042,48.1356767,-1.9600017,27.30,34.45,38.18,54.39,29.0,117,2,,
2025-07-25T08:51:50.194+0200,1812,1723,20.016,4789.402,26.85,37.94,41.59,59.21,,-2.47,130.20,-0.44,-2.20,-57,93,26,,,77,,,,,,0,2025-07-25T08:51:49.000+0200,1732,1684,18.042,48.1356767,-1.9600017,27.30,34.45,38.18,54.39,29.0,117,2,,
2025-07-25T08:51:50.785+0200,1813,1724,20.020,4789.407,25.99,37.94,41.58,59.21,,-1.01,130.20,5.19,13.00,676,93,26,,,78,,,,,,0,2025-07-25T08:51:50.000+0200,1732,1684,18.050,48.1356467,-1.9599150,24.85,34.45,38.17,54.39,30.0,119,2,,
2025-07-25T08:51:50.807+0200,1813,1724,20.020,4789.407,25.99,37.94,41.58,59.21,,-1.01,130.20,5.19,13.00,676,93,26,,,78,,,,,,0,2025-07-25T08:51:50.000+0200,1732,1684,18.050,48.1356467,-1.9599150,24.85,34.45,38.17,54.39,30.0,119,2,,
2025-07-25T08:51:51.405+0200,1814,1724,20.025,4789.411,27.32,37.93,41.58,59.21,,2.47,129.89,10.99,26.59,1427,93,25,,,77,,,,,,0,2025-07-25T08:51:50.000+0200,1733,1685,18.050,48.1356467,-1.9599150,24.85,34.45,38.17,54.39,30.0,119,2,,
2025-07-25T08:51:51.431+0200,1814,1724,20.025,4789.411,27.32,37.93,41.58,59.21,,2.47,129.89,10.99,26.59,1427,93,25,,,77,,,,,,0,2025-07-25T08:51:50.000+0200,1733,1685,18.050,48.1356467,-1.9599150,24.85,34.45,38.17,54.39,30.0,119,2,,
2025-07-25T08:51:52.031+0200,1814,1725,20.030,4789.416,29.66,37.93,41.58,59.21,,3.06,129.70,10.95,25.10,1420,93,26,,,75,,,,,,0,2025-07-25T08:51:51.000+0200,1733,1685,18.054,48.1356300,-1.9598633,20.23,34.44,38.16,54.39,29.3,120,2,,
2025-07-25T08:51:52.050+0200,1814,1725,20.030,4789.416,29.66,37.93,41.58,59.21,,3.06,129.70,10.95,25.10,1420,93,26,,,75,,,,,,0,2025-07-25T08:51:51.000+0200,1733,1685,18.054,48.1356300,-1.9598633,20.23,34.44,38.16,54.39,29.3,120,2,,
2025-07-25T08:51:52.647+0200,1815,1725,20.034,4789.421,28.98,37.93,41.57,59.21,,-2.26,129.59,4.94,11.50,640,93,26,,,75,,,,,,0,2025-07-25T08:51:52.000+0200,1734,1686,18.060,48.1356100,-1.9597833,22.44,34.43,38.15,54.39,30.5,112,2,,
2025-07-25T08:51:52.664+0200,1815,1725,20.034,4789.421,28.98,37.93,41.57,59.21,,-2.26,129.59,4.94,11.50,640,93,26,,,75,,,,,,0,2025-07-25T08:51:52.000+0200,1734,1686,18.060,48.1356100,-1.9597833,22.44,34.43,38.15,54.39,30.5,112,2,,
2025-07-25T08:51:53.267+0200,1815,1726,20.040,4789.426,28.90,37.92,41.57,59.21,,-0.56,129.70,1.97,4.60,256,93,26,,,75,,,,,,0,2025-07-25T08:51:52.000+0200,1735,1687,18.060,48.1356100,-1.9597833,22.44,34.43,38.15,54.39,30.5,112,2,,
2025-07-25T08:51:53.291+0200,1815,1726,20.040,4789.426,28.90,37.92,41.57,59.21,,-0.56,129.70,1.97,4.60,256,93,26,,,75,,,,,,0,2025-07-25T08:51:52.000+0200,1735,1687,18.060,48.1356100,-1.9597833,22.44,34.43,38.15,54.39,30.5,112,2,,
2025-07-25T08:51:53.910+0200,1816,1727,20.045,4789.431,28.72,37.92,41.56,59.21,,0.00,129.70,3.33,7.80,432,93,26,,,76,,,,,,0,2025-07-25T08:51:53.000+0200,1735,1687,18.064,48.1355967,-1.9597400,18.89,34.43,38.14,54.39,29.6,112,2,,
2025-07-25T08:51:53.933+0200,1816,1727,20.045,4789.431,28.72,37.92,41.56,59.21,,0.00,129.70,3.33,7.80,432,93,26,,,76,,,,,,0,2025-07-25T08:51:53.000+0200,1735,1687,18.064,48.1355967,-1.9597400,18.89,34.43,38.14,54.39,29.6,112,2,,
2025-07-25T08:51:54.536+0200,1817,1727,20.050,4789.436,28.69,37.92,41.56,59.21,,0.00,129.70,3.32,7.80,431,94,26,,,76,,,,,,0,2025-07-25T08:51:53.000+0200,1736,1688,18.064,48.1355967,-1.9597400,18.89,34.43,38.14,54.39,29.6,112,2,,
2025-07-25T08:51:54.558+0200,1817,1727,20.050,4789.436,28.69,37.92,41.56,59.21,,0.00,129.70,3.32,7.80,431,94,26,,,76,,,,,,0,2025-07-25T08:51:53.000+0200,1736,1688,18.064,48.1355967,-1.9597400,18.89,34.43,38.14,54.39,29.6,112,2,,
2025-07-25T08:51:55.152+0200,1817,1728,20.055,4789.441,28.69,37.91,41.55,59.21,,0.00,129.70,4.05,9.50,525,94,26,,,76,,,,,,0,2025-07-25T08:51:54.000+0200,1736,1688,18.065,48.1355917,-1.9597183,15.98,34.42,38.12,54.39,28.5,112,2,,
2025-07-25T08:51:55.172+0200,1817,1728,20.055,4789.441,28.69,37.91,41.55,59.21,,0.00,129.70,4.05,9.50,525,94,26,,,76,,,,,,0,2025-07-25T08:51:54.000+0200,1737,1689,18.065,48.1355917,-1.9597183,15.98,34.42,38.12,54.39,28.5,112,2,,
2025-07-25T08:51:55.767+0200,1818,1728,20.060,4789.446,28.25,37.91,41.55,59.21,,1.35,129.80,-0.86,-4.10,-112,94,26,,,76,,,,,,0,2025-07-25T08:51:55.000+0200,1737,1689,18.069,48.1355783,-1.9596683,14.87,34.41,38.11,54.39,28.3,114,3,,
2025-07-25T08:51:55.787+0200,1818,1729,20.060,4789.446,28.25,37.91,41.55,59.21,,1.35,129.80,-0.86,-4.10,-112,94,26,,,76,,,,,,0,2025-07-25T08:51:55.000+0200,1737,1689,18.069,48.1355783,-1.9596683,14.87,34.41,38.11,54.39,28.3,114,3,,
2025-07-25T08:51:56.386+0200,1819,1729,20.065,4789.451,27.03,37.91,41.54,59.21,,-1.91,129.89,3.32,8.09,431,94,26,,,77,,,,,,0,2025-07-25T08:51:55.000+0200,1738,1690,18.069,48.1355783,-1.9596683,14.87,34.41,38.11,54.39,28.3,114,3,,
2025-07-25T08:51:56.409+0200,1819,1729,20.065,4789.451,27.03,37.91,41.54,59.21,,-1.91,129.89,3.32,8.09,431,94,26,,,77,,,,,,0,2025-07-25T08:51:55.000+0200,1738,1690,18.069,48.1355783,-1.9596683,14.87,34.41,38.11,54.39,28.3,114,3,,
2025-07-25T08:51:57.006+0200,1819,1730,20.069,4789.456,26.67,37.90,41.54,59.21,,0.00,129.89,1.46,3.60,190,94,25,,,77,,,,,,0,2025-07-25T08:51:56.000+0200,1738,1690,18.075,48.1355517,-1.9596067,19.44,34.40,38.10,54.39,28.2,120,3,,
2025-07-25T08:51:57.029+0200,1819,1730,20.069,4789.456,26.67,37.90,41.54,59.21,,0.00,129.89,1.46,3.60,190,94,25,,,77,,,,,,0,2025-07-25T08:51:56.000+0200,1738,1690,18.075,48.1355517,-1.9596067,19.44,34.40,38.10,54.39,28.2,120,3,,
2025-07-25T08:51:57.654+0200,1820,1730,20.074,4789.460,25.56,37.90,41.53,59.21,,-1.57,130.00,-0.45,-2.30,-59,94,26,,,78,,,,,,0,2025-07-25T08:51:57.000+0200,1739,1691,18.079,48.1355350,-1.9595517,17.27,34.39,38.09,54.39,27.8,121,3,,
2025-07-25T08:51:57.677+0200,1820,1730,20.074,4789.460,25.56,37.90,41.53,59.21,,-1.57,130.00,-0.45,-2.30,-59,94,26,,,78,,,,,,0,2025-07-25T08:51:57.000+0200,1739,1691,18.079,48.1355350,-1.9595517,17.27,34.39,38.09,54.39,27.8,121,3,,
2025-07-25T08:51:58.268+0200,1820,1731,20.079,4789.465,25.01,37.90,41.53,59.21,,0.56,130.00,-0.05,-0.29,-7,94,25,,,79,,,,,,0,2025-07-25T08:51:57.000+0200,1740,1692,18.079,48.1355350,-1.9595517,17.27,34.39,38.09,54.39,27.8,121,3,,
2025-07-25T08:51:58.292+0200,1820,1731,20.079,4789.465,25.01,37.90,41.53,59.21,,0.56,130.00,-0.05,-0.29,-7,94,25,,,79,,,,,,0,2025-07-25T08:51:57.000+0200,1740,1692,18.079,48.1355350,-1.9595517,17.27,34.39,38.09,54.39,27.8,121,3,,
2025-07-25T08:51:58.889+0200,1821,1732,20.083,4789.469,23.43,37.89,41.52,59.21,,-3.60,130.00,3.66,9.80,476,94,25,,,80,,,,,,0,2025-07-25T08:51:58.000+0200,1740,1692,18.085,48.1355033,-1.9595000,17.17,34.38,38.07,54.39,27.9,142,3,,
2025-07-25T08:51:58.915+0200,1821,1732,20.083,4789.469,23.43,37.89,41.52,59.21,,-3.60,130.00,3.66,9.80,476,94,25,,,80,,,,,,0,2025-07-25T08:51:58.000+0200,1740,1692,18.085,48.1355033,-1.9595000,17.17,34.38,38.07,54.39,27.9,142,3,,
2025-07-25T08:51:59.510+0200,1822,1732,20.087,4789.473,23.22,37.89,41.51,59.21,,-2.05,129.89,7.10,19.10,922,94,25,,,80,,,,,,0,2025-07-25T08:51:58.000+0200,1741,1693,18.085,48.1355033,-1.9595000,17.17,34.38,38.07,54.39,27.9,142,3,,
2025-07-25T08:51:59.532+0200,1822,1732,20.087,4789.473,23.22,37.89,41.51,59.21,,-2.05,129.89,7.10,19.10,922,94,25,,,80,,,,,,0,2025-07-25T08:51:58.000+0200,1741,1693,18.085,48.1355033,-1.9595000,17.17,34.38,38.07,54.39,27.9,142,3,,
2025-07-25T08:52:00.129+0200,1822,1733,20.091,4789.477,24.62,37.88,41.51,59.21,,2.81,129.70,15.75,40.80,2043,94,25,,,79,,,,,,0,2025-07-25T08:51:59.000+0200,1741,1693,18.090,48.1354667,-1.9594567,17.07,34.37,38.06,54.39,27.8,141,3,,
2025-07-25T08:52:00.151+0200,1822,1733,20.091,4789.477,24.62,37.88,41.51,59.21,,2.81,129.70,15.75,40.80,2043,94,25,,,79,,,,,,0,2025-07-25T08:51:59.000+0200,1741,1693,18.090,48.1354667,-1.9594567,17.07,34.37,38.06,54.39,27.8,141,3,,
2025-07-25T08:52:00.750+0200,1823,1733,20.096,4789.482,24.83,37.88,41.50,59.21,,0.67,129.39,15.18,39.09,1964,94,25,,,79,,,,,,0,2025-07-25T08:52:00.000+0200,1742,1694,18.095,48.1354333,-1.9594017,19.25,34.36,38.05,54.39,27.6,138,3,,
2025-07-25T08:52:00.771+0200,1823,1733,20.096,4789.482,24.83,37.88,41.50,59.21,,0.67,129.39,15.18,39.09,1964,94,25,,,79,,,,,,0,2025-07-25T08:52:00.000+0200,1742,1694,18.095,48.1354333,-1.9594017,19.25,34.36,38.05,54.39,27.6,138,3,,
2025-07-25T08:52:01.388+0200,1824,1734,20.100,4789.486,28.54,37.87,41.50,59.21,,6.36,129.00,22.42,52.69,2892,94,26,,,76,,,,,,0,2025-07-25T08:52:00.000+0200,1743,1695,18.095,48.1354333,-1.9594017,19.25,34.36,38.05,54.39,27.6,138,3,,
2025-07-25T08:52:01.410+0200,1824,1734,20.100,4789.486,28.54,37.87,41.50,59.21,,6.36,129.00,22.42,52.69,2892,94,26,,,76,,,,,,0,2025-07-25T08:52:00.000+0200,1743,1695,18.095,48.1354333,-1.9594017,19.25,34.36,38.05,54.39,27.6,138,3,,
2025-07-25T08:52:01.986+0200,1824,1735,20.105,4789.491,30.34,37.87,41.49,59.21,,1.06,128.89,12.37,27.90,1594,94,26,,,74,,,,,,0,2025-07-25T08:52:01.000+0200,1743,1695,18.104,48.1353850,-1.9593117,25.93,34.36,38.04,54.39,26.6,130,2,,
2025-07-25T08:52:02.007+0200,1824,1735,20.105,4789.491,30.34,37.87,41.49,59.21,,1.06,128.89,12.37,27.90,1594,94,26,,,74,,,,,,0,2025-07-25T08:52:01.000+0200,1743,1695,18.104,48.1353850,-1.9593117,25.93,34.36,38.04,54.39,26.6,130,2,,
2025-07-25T08:52:02.628+0200,1825,1735,20.110,4789.496,31.82,37.87,41.49,59.21,,3.47,129.00,9.80,21.40,1264,94,26,,,73,,,,,,0,2025-07-25T08:52:01.000+0200,1744,1696,18.104,48.1353850,-1.9593117,25.93,34.36,38.04,54.39,26.6,130,2,,
2025-07-25T08:52:02.649+0200,1825,1735,20.110,4789.496,31.82,37.87,41.49,59.21,,3.47,129.00,9.80,21.40,1264,94,26,,,73,,,,,,0,2025-07-25T08:52:01.000+0200,1744,1696,18.104,48.1353850,-1.9593117,25.93,34.36,38.04,54.39,26.6,130,2,,
2025-07-25T08:52:03.247+0200,1825,1736,20.115,4789.502,32.68,37.87,41.48,59.21,,2.25,129.09,10.41,22.30,1344,94,26,,,72,,,,,,0,2025-07-25T08:52:02.000+0200,1745,1697,18.112,48.1353417,-1.9592167,25.83,34.35,38.04,54.39,25.4,123,2,,
2025-07-25T08:52:03.265+0200,1825,1736,20.115,4789.502,32.68,37.87,41.48,59.21,,2.25,129.09,10.41,22.30,1344,94,26,,,72,,,,,,0,2025-07-25T08:52:02.000+0200,1745,1697,18.112,48.1353417,-1.9592167,25.83,34.35,38.04,54.39,25.4,123,2,,
2025-07-25T08:52:03.889+0200,1826,1737,20.121,4789.507,34.16,37.87,41.48,59.21,,0.96,129.09,10.54,21.90,1361,94,26,,,71,,,,,,0,2025-07-25T08:52:03.000+0200,1745,1697,18.122,48.1353117,-1.9591017,29.09,34.35,38.03,54.39,25.2,111,2,,
2025-07-25T08:52:03.914+0200,1826,1737,20.121,4789.507,34.16,37.87,41.48,59.21,,0.96,129.09,10.54,21.90,1361,94,26,,,71,,,,,,0,2025-07-25T08:52:03.000+0200,1745,1697,18.122,48.1353117,-1.9591017,29.09,34.35,38.03,54.39,25.2,111,2,,
2025-07-25T08:52:04.507+0200,1827,1737,20.126,4789.514,35.38,37.87,41.48,59.21,,1.79,129.20,3.40,6.89,439,94,26,,,70,,,,,,0,2025-07-25T08:52:03.000+0200,1746,1698,18.122,48.1353117,-1.9591017,29.09,34.35,38.03,54.39,25.2,111,2,,
2025-07-25T08:52:04.526+0200,1827,1737,20.126,4789.514,35.38,37.87,41.48,59.21,,1.79,129.20,3.40,6.89,439,94,26,,,70,,,,,,0,2025-07-25T08:52:03.000+0200,1746,1698,18.122,48.1353117,-1.9591017,29.09,34.35,38.03,54.39,25.2,111,2,,
2025-07-25T08:52:05.126+0200,1827,1738,20.133,4789.520,35.71,37.86,41.48,59.21,,1.46,129.30,11.68,23.50,1510,94,26,,,70,,,,,,0,2025-07-25T08:52:04.000+0200,1746,1698,18.132,48.1352933,-1.9589667,31.17,34.35,38.03,54.39,25.2,100,2,,
2025-07-25T08:52:05.149+0200,1827,1738,20.133,4789.520,35.71,37.86,41.48,59.21,,1.46,129.30,11.68,23.50,1510,94,26,,,70,,,,,,0,2025-07-25T08:52:04.000+0200,1746,1698,18.132,48.1352933,-1.9589667,31.17,34.35,38.03,54.39,25.2,100,2,,
2025-07-25T08:52:05.749+0200,1828,1738,20.139,4789.526,38.77,37.86,41.48,59.21,,3.39,129.09,15.93,30.20,2056,94,26,,,67,,,,,,0,2025-07-25T08:52:05.000+0200,1747,1699,18.141,48.1352800,-1.9588433,33.87,34.35,38.02,54.39,25.1,102,2,,
2025-07-25T08:52:05.770+0200,1828,1738,20.139,4789.526,38.77,37.86,41.48,59.21,,3.39,129.09,15.93,30.20,2056,94,26,,,67,,,,,,0,2025-07-25T08:52:05.000+0200,1747,1699,18.141,48.1352800,-1.9588433,33.87,34.35,38.02,54.39,25.1,102,2,,
2025-07-25T08:52:06.370+0200,1829,1739,20.145,4789.533,39.67,37.87,41.48,59.21,,-0.79,128.89,9.66,18.00,1245,94,26,,,66,,,,,,0,2025-07-25T08:52:05.000+0200,1748,1700,18.141,48.1352800,-1.9588433,33.87,34.35,38.02,54.39,25.1,102,2,,
2025-07-25T08:52:06.393+0200,1829,1739,20.145,4789.533,39.67,37.87,41.48,59.21,,-0.79,128.89,9.66,18.00,1245,94,26,,,66,,,,,,0,2025-07-25T08:52:05.000+0200,1748,1700,18.141,48.1352800,-1.9588433,33.87,34.35,38.02,54.39,25.1,102,2,,
2025-07-25T08:52:07.006+0200,1829,1740,20.152,4789.540,41.58,37.87,41.48,59.21,,2.76,128.89,13.56,24.40,1748,94,26,,,64,,,,,,0,2025-07-25T08:52:06.000+0200,1748,1700,18.152,48.1352567,-1.9587050,36.87,34.35,38.02,54.39,25.2,108,2,,
2025-07-25T08:52:07.026+0200,1829,1740,20.152,4789.540,41.58,37.87,41.48,59.21,,2.76,128.89,13.56,24.40,1748,94,26,,,64,,,,,,0,2025-07-25T08:52:06.000+0200,1748,1700,18.152,48.1352567,-1.9587050,36.87,34.35,38.02,54.39,25.2,108,2,,
2025-07-25T08:52:07.612+0200,1830,1740,20.159,4789.547,42.44,37.87,41.48,59.21,,1.34,128.80,12.41,22.00,1598,94,26,,,64,,,,,,0,2025-07-25T08:52:06.000+0200,1749,1701,18.152,48.1352567,-1.9587050,36.87,34.35,38.02,54.39,25.2,108,2,,
2025-07-25T08:52:07.633+0200,1830,1740,20.159,4789.547,42.44,37.87,41.48,59.21,,1.34,128.80,12.41,22.00,1598,94,26,,,64,,,,,,0,2025-07-25T08:52:06.000+0200,1749,1701,18.152,48.1352567,-1.9587050,36.87,34.35,38.02,54.39,25.2,108,2,,
2025-07-25T08:52:08.250+0200,1830,1741,20.167,4789.554,43.09,37.87,41.48,59.21,,0.48,128.80,14.27,25.00,1838,93,26,,,63,,,,,,0,2025-07-25T08:52:07.000+0200,1750,1702,18.163,48.1352217,-1.9585583,41.46,34.35,38.03,54.39,25.0,109,2,,
2025-07-25T08:52:08.272+0200,1830,1741,20.167,4789.554,43.09,37.87,41.48,59.21,,0.48,128.80,14.27,25.00,1838,93,26,,,63,,,,,,0,2025-07-25T08:52:07.000+0200,1750,1702,18.163,48.1352217,-1.9585583,41.46,34.35,38.03,54.39,25.0,109,2,,
2025-07-25T08:52:08.867+0200,1831,1742,20.174,4789.562,43.27,37.87,41.48,59.21,,0.48,128.80,10.70,18.69,1378,93,26,,,63,,,,,,0,2025-07-25T08:52:08.000+0200,1750,1702,18.178,48.1351783,-1.9583800,39.35,34.36,38.03,54.39,26.2,109,2,,
2025-07-25T08:52:08.888+0200,1831,1742,20.174,4789.562,43.27,37.87,41.48,59.21,,0.48,128.80,10.70,18.69,1378,93,26,,,63,,,,,,0,2025-07-25T08:52:08.000+0200,1750,1702,18.178,48.1351783,-1.9583800,39.35,34.36,38.03,54.39,26.2,109,2,,
2025-07-25T08:52:09.486+0200,1832,1742,20.182,4789.569,44.53,37.87,41.48,59.21,,3.48,128.80,11.76,20.10,1515,93,26,,,62,,,,,,0,2025-07-25T08:52:08.000+0200,1751,1703,18.178,48.1351783,-1.9583800,39.35,34.36,38.03,54.39,26.2,109,2,,
2025-07-25T08:52:09.508+0200,1832,1742,20.182,4789.569,44.53,37.87,41.48,59.21,,3.48,128.80,11.76,20.10,1515,93,26,,,62,,,,,,0,2025-07-25T08:52:08.000+0200,1751,1703,18.178,48.1351783,-1.9583800,39.35,34.36,38.03,54.39,26.2,109,2,,
2025-07-25T08:52:10.109+0200,1832,1743,20.189,4789.577,43.77,37.88,41.48,59.21,,-1.44,128.80,9.87,17.10,1271,93,26,,,63,,,,,,0,2025-07-25T08:52:09.000+0200,1751,1703,18.191,48.1351450,-1.9582083,40.58,34.36,38.03,54.39,27.6,106,2,,
2025-07-25T08:52:10.131+0200,1832,1743,20.189,4789.577,43.77,37.88,41.48,59.21,,-1.44,128.80,9.87,17.10,1271,93,26,,,63,,,,,,0,2025-07-25T08:52:09.000+0200,1751,1703,18.191,48.1351450,-1.9582083,40.58,34.36,38.03,54.39,27.6,106,2,,
2025-07-25T08:52:10.819+0200,1833,1744,20.201,4789.589,43.09,37.88,41.48,59.21,,-4.19,129.00,5.65,9.89,729,93,26,,,63,,,,,,0,2025-07-25T08:52:10.000+0200,1752,1704,18.203,48.1351250,-1.9580467,40.63,34.36,38.03,54.39,28.5,98,2,,
2025-07-25T08:52:10.838+0200,1833,1744,20.201,4789.589,43.09,37.88,41.48,59.21,,-4.19,129.00,5.65,9.89,729,93,26,,,63,,,,,,0,2025-07-25T08:52:10.000+0200,1752,1704,18.203,48.1351250,-1.9580467,40.63,34.36,38.03,54.39,28.5,98,2,,
2025-07-25T08:52:11.342+0200,1833,1744,20.205,4789.592,42.98,37.88,41.48,59.21,,-0.34,129.09,6.66,11.70,860,93,26,,,63,,,,,,0,2025-07-25T08:52:10.000+0200,1753,1705,18.203,48.1351250,-1.9580467,40.63,34.36,38.03,54.39,28.5,98,2,,
2025-07-25T08:52:11.367+0200,1833,1744,20.205,4789.592,42.98,37.88,41.48,59.21,,-0.34,129.09,6.66,11.70,860,93,26,,,63,,,,,,0,2025-07-25T08:52:10.000+0200,1753,1705,18.203,48.1351250,-1.9580467,40.63,34.36,38.03,54.39,28.5,98,2,,
2025-07-25T08:52:11.990+0200,1834,1745,20.212,4789.600,42.48,37.88,41.48,59.21,,-0.84,129.20,5.53,9.80,714,93,26,,,64,,,,,,0,2025-07-25T08:52:11.000+0200,1753,1705,18.216,48.1351017,-1.9578750,39.75,34.37,38.03,54.39,29.1,98,2,,
2025-07-25T08:52:12.014+0200,1834,1745,20.212,4789.600,42.48,37.88,41.48,59.21,,-0.84,129.20,5.53,9.80,714,93,26,,,64,,,,,,0,2025-07-25T08:52:11.000+0200,1753,1705,18.216,48.1351017,-1.9578750,39.75,34.37,38.03,54.39,29.1,98,2,,
2025-07-25T08:52:12.626+0200,1835,1745,20.219,4789.607,41.21,37.88,41.48,59.21,,-0.24,129.30,6.84,12.40,884,93,26,,,65,,,,,,0,2025-07-25T08:52:11.000+0200,1754,1706,18.216,48.1351017,-1.9578750,39.75,34.37,38.03,54.39,29.1,98,2,,
2025-07-25T08:52:12.642+0200,1835,1745,20.219,4789.607,41.21,37.88,41.48,59.21,,-0.24,129.30,6.84,12.40,884,93,26,,,65,,,,,,0,2025-07-25T08:52:11.000+0200,1754,1706,18.216,48.1351017,-1.9578750,39.75,34.37,38.03,54.39,29.1,98,2,,
2025-07-25T08:52:13.233+0200,1835,1746,20.227,4789.614,42.19,37.88,41.48,59.21,,3.61,129.20,8.82,15.70,1140,93,26,,,64,,,,,,0,2025-07-25T08:52:12.000+0200,1755,1707,18.227,48.1350933,-1.9577233,36.31,34.37,38.03,54.39,28.8,94,2,,
2025-07-25T08:52:13.256+0200,1835,1746,20.227,4789.614,42.19,37.88,41.48,59.21,,3.61,129.20,8.82,15.70,1140,93,26,,,64,,,,,,0,2025-07-25T08:52:12.000+0200,1755,1707,18.227,48.1350933,-1.9577233,36.31,34.37,38.03,54.39,28.8,94,2,,
2025-07-25T08:52:13.854+0200,1836,1747,20.234,4789.621,41.72,37.88,41.48,59.21,,2.14,129.20,11.81,21.20,1526,93,26,,,64,,,,,,0,2025-07-25T08:52:13.000+0200,1755,1707,18.238,48.1350600,-1.9575850,36.31,34.37,38.03,54.39,29.2,105,2,,
2025-07-25T08:52:13.877+0200,1836,1747,20.234,4789.621,41.72,37.88,41.48,59.21,,2.14,129.20,11.81,21.20,1526,93,26,,,64,,,,,,0,2025-07-25T08:52:13.000+0200,1755,1707,18.238,48.1350600,-1.9575850,36.31,34.37,38.03,54.39,29.2,105,2,,
2025-07-25T08:52:14.470+0200,1837,1747,20.241,4789.629,41.65,37.89,41.48,59.21,,0.90,129.20,6.12,11.00,791,93,26,,,64,,,,,,0,2025-07-25T08:52:13.000+0200,1756,1708,18.238,48.1350600,-1.9575850,36.31,34.37,38.03,54.39,29.2,105,2,,
2025-07-25T08:52:14.493+0200,1837,1747,20.241,4789.629,41.65,37.89,41.48,59.21,,0.90,129.20,6.12,11.00,791,93,26,,,64,,,,,,0,2025-07-25T08:52:13.000+0200,1756,1708,18.238,48.1350600,-1.9575850,36.31,34.37,38.03,54.39,29.2,105,2,,
2025-07-25T08:52:15.089+0200,1837,1748,20.248,4789.636,41.03,37.89,41.48,59.21,,-1.12,129.20,6.54,11.90,845,93,26,,,65,,,,,,0,2025-07-25T08:52:14.000+0200,1756,1708,18.249,48.1350133,-1.9574567,36.90,34.37,38.03,54.39,29.3,115,2,,
2025-07-25T08:52:15.111+0200,1837,1748,20.248,4789.636,41.03,37.89,41.48,59.21,,-1.12,129.20,6.54,11.90,845,93,26,,,65,,,,,,0,2025-07-25T08:52:14.000+0200,1756,1708,18.249,48.1350133,-1.9574567,36.90,34.37,38.03,54.39,29.3,115,2,,
2025-07-25T08:52:15.711+0200,1838,1748,20.255,4789.643,40.89,37.89,41.48,59.21,,-0.32,129.20,8.67,15.79,1120,93,26,,,65,,,,,,0,2025-07-25T08:52:15.000+0200,1757,1709,18.261,48.1349617,-1.9573167,37.85,34.37,38.03,54.39,30.3,115,2,,
2025-07-25T08:52:15.733+0200,1838,1748,20.255,4789.643,40.89,37.89,41.48,59.21,,-0.32,129.20,8.67,15.79,1120,93,26,,,65,,,,,,0,2025-07-25T08:52:15.000+0200,1757,1709,18.261,48.1349617,-1.9573167,37.85,34.37,38.03,54.39,30.3,115,2,,
2025-07-25T08:52:16.350+0200,1838,1749,20.263,4789.650,40.14,37.89,41.48,59.21,,-2.48,129.30,6.17,11.40,798,93,26,,,66,,,,,,0,2025-07-25T08:52:15.000+0200,1758,1710,18.261,48.1349617,-1.9573167,37.85,34.37,38.03,54.39,30.3,115,2,,
2025-07-25T08:52:16.371+0200,1838,1749,20.263,4789.650,40.14,37.89,41.48,59.21,,-2.48,129.30,6.17,11.40,798,93,26,,,66,,,,,,0,2025-07-25T08:52:15.000+0200,1758,1710,18.261,48.1349617,-1.9573167,37.85,34.37,38.03,54.39,30.3,115,2,,
2025-07-25T08:52:16.969+0200,1839,1750,20.270,4789.657,39.99,37.89,41.48,59.21,,-2.58,129.39,3.29,6.10,426,93,26,,,66,,,,,,0,2025-07-25T08:52:16.000+0200,1758,1710,18.273,48.1349150,-1.9571783,36.23,34.37,38.03,54.39,31.6,114,2,,
2025-07-25T08:52:16.994+0200,1839,1750,20.270,4789.657,39.99,37.89,41.48,59.21,,-2.58,129.39,3.29,6.10,426,93,26,,,66,,,,,,0,2025-07-25T08:52:16.000+0200,1758,1710,18.273,48.1349150,-1.9571783,36.23,34.37,38.03,54.39,31.6,114,2,,
2025-07-25T08:52:17.591+0200,1840,1750,20.277,4789.664,38.80,37.89,41.48,59.21,,-1.01,129.59,0.26,0.50,34,93,26,,,67,,,,,,0,2025-07-25T08:52:16.000+0200,1759,1711,18.273,48.1349150,-1.9571783,36.23,34.37,38.03,54.39,31.6,114,2,,
2025-07-25T08:52:17.612+0200,1840,1750,20.277,4789.664,38.80,37.89,41.48,59.21,,-1.01,129.59,0.26,0.50,34,93,26,,,67,,,,,,0,2025-07-25T08:52:16.000+0200,1759,1711,18.273,48.1349150,-1.9571783,36.23,34.37,38.03,54.39,31.6,114,2,,
2025-07-25T08:52:18.212+0200,1840,1751,20.284,4789.671,36.93,37.89,41.48,59.21,,-4.28,129.80,-5.55,-21.80,-720,93,26,,,69,,,,,,0,2025-07-25T08:52:17.000+0200,1760,1712,18.284,48.1348650,-1.9570533,34.57,34.37,38.02,54.39,32.6,119,2,,
2025-07-25T08:52:18.235+0200,1840,1751,20.284,4789.671,36.93,37.89,41.48,59.21,,-4.28,129.80,-5.55,-21.80,-720,93,26,,,69,,,,,,0,2025-07-25T08:52:17.000+0200,1760,1712,18.284,48.1348650,-1.9570533,34.57,34.37,38.02,54.39,32.6,119,2,,
2025-07-25T08:52:18.831+0200,1841,1752,20.290,4789.677,32.68,37.89,41.47,59.21,,-5.14,130.20,-4.48,-19.19,-583,93,26,,,72,,,,,,0,2025-07-25T08:52:18.000+0200,1760,1712,18.294,48.1348117,-1.9569433,33.64,34.37,38.02,54.39,33.4,125,2,,
2025-07-25T08:52:18.849+0200,1841,1752,20.290,4789.677,32.68,37.89,41.47,59.21,,-5.14,130.20,-4.48,-19.19,-583,93,26,,,72,,,,,,0,2025-07-25T08:52:18.000+0200,1760,1712,18.294,48.1348117,-1.9569433,33.64,34.37,38.02,54.39,33.4,125,2,,
2025-07-25T08:52:19.473+0200,1842,1752,20.296,4789.683,30.78,37.89,41.47,59.21,,-1.80,130.20,1.83,4.10,238,93,26,,,74,,,,,,0,2025-07-25T08:52:18.000+0200,1761,1713,18.294,48.1348117,-1.9569433,33.64,34.37,38.02,54.39,33.4,125,2,,
2025-07-25T08:52:19.498+0200,1842,1752,20.296,4789.683,30.78,37.89,41.47,59.21,,-1.80,130.20,1.83,4.10,238,93,26,,,74,,,,,,0,2025-07-25T08:52:18.000+0200,1761,1713,18.294,48.1348117,-1.9569433,33.64,34.37,38.02,54.39,33.4,125,2,,
2025-07-25T08:52:20.070+0200,1842,1753,20.302,4789.688,29.59,37.88,41.47,59.21,,-2.02,130.20,0.04,0.09,5,93,26,,,75,,,,,,0,2025-07-25T08:52:19.000+0200,1761,1713,18.303,48.1347600,-1.9568383,33.05,34.37,38.02,54.39,34.2,127,2,,
2025-07-25T08:52:20.092+0200,1842,1753,20.302,4789.688,29.59,37.88,41.47,59.21,,-2.02,130.20,0.04,0.09,5,93,26,,,75,,,,,,0,2025-07-25T08:52:19.000+0200,1761,1713,18.303,48.1347600,-1.9568383,33.05,34.37,38.02,54.39,34.2,127,2,,
2025-07-25T08:52:20.711+0200,1843,1753,20.307,4789.693,28.69,37.88,41.46,59.21,,-0.11,130.20,2.68,6.30,349,94,26,,,76,,,,,,0,2025-07-25T08:52:20.000+0200,1762,1714,18.312,48.1347100,-1.9567417,30.34,34.37,38.01,54.39,34.4,130,2,,
2025-07-25T08:52:20.735+0200,1843,1753,20.307,4789.693,28.69,37.88,41.46,59.21,,-0.11,130.20,2.68,6.30,349,94,26,,,76,,,,,,0,2025-07-25T08:52:20.000+0200,1762,1714,18.312,48.1347100,-1.9567417,30.34,34.37,38.01,54.39,34.4,130,2,,
2025-07-25T08:52:21.332+0200,1843,1754,20.312,4789.698,27.93,37.88,41.46,59.21,,-2.36,130.20,2.64,6.30,344,94,25,,,76,,,,,,0,2025-07-25T08:52:20.000+0200,1763,1715,18.312,48.1347100,-1.9567417,30.34,34.37,38.01,54.39,34.4,130,2,,
2025-07-25T08:52:21.355+0200,1843,1754,20.312,4789.698,27.93,37.88,41.46,59.21,,-2.36,130.20,2.64,6.30,344,94,25,,,76,,,,,,0,2025-07-25T08:52:20.000+0200,1763,1715,18.312,48.1347100,-1.9567417,30.34,34.37,38.01,54.39,34.4,130,2,,
2025-07-25T08:52:21.954+0200,1844,1755,20.317,4789.703,26.74,37.87,41.45,59.21,,-3.63,130.09,3.30,8.09,429,94,26,,,77,,,,,,0,2025-07-25T08:52:21.000+0200,1763,1715,18.320,48.1346583,-1.9566650,25.83,34.36,38.01,54.39,34.3,137,2,,
2025-07-25T08:52:21.977+0200,1844,1755,20.317,4789.703,26.74,37.87,41.45,59.21,,-3.63,130.09,3.30,8.09,429,94,26,,,77,,,,,,0,2025-07-25T08:52:21.000+0200,1763,1715,18.320,48.1346583,-1.9566650,25.83,34.36,38.01,54.39,34.3,137,2,,
2025-07-25T08:52:22.569+0200,1845,1755,20.321,4789.708,26.74,37.87,41.45,59.21,,0.23,129.89,8.02,19.69,1042,94,25,,,77,,,,,,0,2025-07-25T08:52:21.000+0200,1764,1716,18.320,48.1346583,-1.9566650,25.83,34.36,38.01,54.39,34.3,137,2,,
2025-07-25T08:52:22.595+0200,1845,1755,20.321,4789.708,26.74,37.87,41.45,59.21,,0.23,129.89,8.02,19.69,1042,94,25,,,77,,,,,,0,2025-07-25T08:52:21.000+0200,1764,1716,18.320,48.1346583,-1.9566650,25.83,34.36,38.01,54.39,34.3,137,2,,
2025-07-25T08:52:23.190+0200,1845,1756,20.326,4789.712,27.64,37.87,41.44,59.21,,2.92,129.70,11.99,28.80,1555,94,25,,,77,,,,,,0,2025-07-25T08:52:22.000+0200,1765,1717,18.327,48.1346200,-1.9566017,22.18,34.36,38.00,54.39,35.2,139,2,,
2025-07-25T08:52:23.215+0200,1845,1756,20.326,4789.712,27.64,37.87,41.44,59.21,,2.92,129.70,11.99,28.80,1555,94,25,,,77,,,,,,0,2025-07-25T08:52:22.000+0200,1765,1717,18.327,48.1346200,-1.9566017,22.18,34.36,38.00,54.39,35.2,139,2,,
2025-07-25T08:52:23.811+0200,1846,1757,20.331,4789.717,28.29,37.86,41.44,59.21,,1.13,129.30,18.82,44.50,2433,94,26,,,76,,,,,,0,2025-07-25T08:52:23.000+0200,1765,1717,18.333,48.1345700,-1.9565550,21.78,34.35,37.99,54.39,35.4,145,2,,
2025-07-25T08:52:23.834+0200,1846,1757,20.331,4789.717,28.29,37.86,41.44,59.21,,1.13,129.30,18.82,44.50,2433,94,26,,,76,,,,,,0,2025-07-25T08:52:23.000+0200,1765,1717,18.333,48.1345700,-1.9565550,21.78,34.35,37.99,54.39,35.4,145,2,,
2025-07-25T08:52:24.430+0200,1847,1757,20.336,4789.722,30.34,37.86,41.43,59.21,,2.93,129.00,14.94,33.70,1927,94,26,,,74,,,,,,0,2025-07-25T08:52:23.000+0200,1766,1718,18.333,48.1345700,-1.9565550,21.78,34.35,37.99,54.39,35.4,145,2,,
2025-07-25T08:52:24.455+0200,1847,1757,20.336,4789.722,30.34,37.86,41.43,59.21,,2.93,129.00,14.94,33.70,1927,94,26,,,74,,,,,,0,2025-07-25T08:52:23.000+0200,1766,1718,18.333,48.1345700,-1.9565550,21.78,34.35,37.99,54.39,35.4,145,2,,
2025-07-25T08:52:25.071+0200,1847,1758,20.341,4789.727,30.78,37.86,41.43,59.21,,-5.38,128.89,9.94,22.20,1281,94,26,,,74,,,,,,0,2025-07-25T08:52:24.000+0200,1766,1718,18.340,48.1345117,-1.9565217,22.88,34.35,37.98,54.39,35.9,157,2,,
2025-07-25T08:52:25.095+0200,1847,1758,20.341,4789.727,30.78,37.86,41.43,59.21,,-5.38,128.89,9.94,22.20,1281,94,26,,,74,,,,,,0,2025-07-25T08:52:24.000+0200,1766,1718,18.340,48.1345117,-1.9565217,22.88,34.35,37.98,54.39,35.9,157,2,,
2025-07-25T08:52:25.691+0200,1848,1758,20.346,4789.733,31.71,37.86,41.43,59.21,,0.60,128.59,27.93,61.10,3592,94,26,,,73,,,,,,0,2025-07-25T08:52:25.000+0200,1767,1719,18.347,48.1344500,-1.9564967,26.87,34.34,37.97,54.39,35.8,162,2,,
2025-07-25T08:52:25.716+0200,1848,1758,20.346,4789.733,31.71,37.86,41.43,59.21,,0.60,128.59,27.93,61.10,3592,94,26,,,73,,,,,,0,2025-07-25T08:52:25.000+0200,1767,1719,18.347,48.1344500,-1.9564967,26.87,34.34,37.97,54.39,35.8,162,2,,
2025-07-25T08:52:26.311+0200,1848,1759,20.352,4789.739,35.64,37.86,41.42,59.21,,2.63,128.30,17.37,35.00,2229,93,26,,,69,,,,,,0,2025-07-25T08:52:25.000+0200,1768,1720,18.347,48.1344500,-1.9564967,26.87,34.34,37.97,54.39,35.8,162,2,,
2025-07-25T08:52:26.334+0200,1848,1759,20.352,4789.739,35.64,37.86,41.42,59.21,,2.63,128.30,17.37,35.00,2229,93,26,,,69,,,,,,0,2025-07-25T08:52:25.000+0200,1768,1720,18.347,48.1344500,-1.9564967,26.87,34.34,37.97,54.39,35.8,162,2,,
2025-07-25T08:52:26.931+0200,1849,1760,20.358,4789.745,37.07,37.86,41.42,59.21,,0.24,128.09,19.41,38.00,2486,93,26,,,68,,,,,,0,2025-07-25T08:52:26.000+0200,1768,1720,18.356,48.1343783,-1.9564717,29.50,34.34,37.97,54.39,35.9,166,2,,
2025-07-25T08:52:26.955+0200,1849,1760,20.358,4789.745,37.07,37.86,41.42,59.21,,0.24,128.09,19.41,38.00,2486,93,26,,,68,,,,,,0,2025-07-25T08:52:26.000+0200,1768,1720,18.356,48.1343783,-1.9564717,29.50,34.34,37.97,54.39,35.9,166,2,,
2025-07-25T08:52:27.551+0200,1850,1760,20.364,4789.751,38.98,37.86,41.42,59.21,,2.14,127.89,17.80,33.59,2276,93,26,,,66,,,,,,0,2025-07-25T08:52:26.000+0200,1769,1721,18.356,48.1343783,-1.9564717,29.50,34.34,37.97,54.39,35.9,166,2,,
2025-07-25T08:52:27.575+0200,1850,1760,20.364,4789.751,38.98,37.86,41.42,59.21,,2.14,127.89,17.80,33.59,2276,93,26,,,66,,,,,,0,2025-07-25T08:52:26.000+0200,1769,1721,18.356,48.1343783,-1.9564717,29.50,34.34,37.97,54.39,35.9,166,2,,
2025-07-25T08:52:28.172+0200,1850,1761,20.371,4789.758,39.63,37.86,41.42,59.21,,0.00,127.89,14.69,27.40,1879,93,26,,,66,,,,,,0,2025-07-25T08:52:27.000+0200,1770,1722,18.365,48.1342983,-1.9564483,32.44,34.34,37.97,54.39,36.0,167,2,,
2025-07-25T08:52:28.197+0200,1850,1761,20.371,4789.758,39.63,37.86,41.42,59.21,,0.00,127.89,14.69,27.40,1879,93,26,,,66,,,,,,0,2025-07-25T08:52:27.000+0200,1770,1722,18.365,48.1342983,-1.9564483,32.44,34.34,37.97,54.39,36.0,167,2,,
2025-07-25T08:52:28.861+0200,1851,1762,20.378,4789.765,40.60,37.86,41.42,59.21,,0.24,127.89,17.91,32.80,2291,93,26,,,65,,,,,,0,2025-07-25T08:52:28.000+0200,1770,1722,18.374,48.1342150,-1.9564183,32.99,34.34,37.96,54.39,36.1,167,2,,
2025-07-25T08:52:28.885+0200,1851,1762,20.378,4789.765,40.60,37.86,41.42,59.21,,0.24,127.89,17.91,32.80,2291,93,26,,,65,,,,,,0,2025-07-25T08:52:28.000+0200,1770,1722,18.374,48.1342150,-1.9564183,32.99,34.34,37.96,54.39,36.1,167,2,,
2025-07-25T08:52:29.431+0200,1852,1762,20.385,4789.772,42.12,37.86,41.42,59.21,,3.95,127.80,20.48,36.50,2617,93,26,,,64,,,,,,0,2025-07-25T08:52:28.000+0200,1771,1723,18.374,48.1342150,-1.9564183,32.99,34.34,37.96,54.39,36.1,167,2,,
2025-07-25T08:52:29.453+0200,1852,1762,20.385,4789.772,42.12,37.86,41.42,59.21,,3.95,127.80,20.48,36.50,2617,93,26,,,64,,,,,,0,2025-07-25T08:52:28.000+0200,1771,1723,18.374,48.1342150,-1.9564183,32.99,34.34,37.96,54.39,36.1,167,2,,
2025-07-25T08:52:30.053+0200,1852,1763,20.392,4789.779,42.62,37.86,41.42,59.21,,1.20,127.60,15.23,26.90,1943,93,26,,,63,,,,,,0,2025-07-25T08:52:29.000+0200,1771,1723,18.384,48.1341267,-1.9563900,36.39,34.34,37.96,54.39,36.1,166,2,,
2025-07-25T08:52:30.074+0200,1852,1763,20.392,4789.779,42.62,37.86,41.42,59.21,,1.20,127.60,15.23,26.90,1943,93,26,,,63,,,,,,0,2025-07-25T08:52:29.000+0200,1771,1723,18.384,48.1341267,-1.9563900,36.39,34.34,37.96,54.39,36.1,166,2,,
2025-07-25T08:52:30.663+0200,1853,1763,20.399,4789.787,43.48,37.86,41.42,59.21,,1.44,127.60,18.28,31.80,2333,93,26,,,62,,,,,,0,2025-07-25T08:52:30.000+0200,1772,1724,18.394,48.1340383,-1.9563600,35.37,34.34,37.96,54.39,36.2,166,2,,
2025-07-25T08:52:30.685+0200,1853,1763,20.399,4789.787,43.48,37.86,41.42,59.21,,1.44,127.60,18.28,31.80,2333,93,26,,,62,,,,,,0,2025-07-25T08:52:30.000+0200,1772,1724,18.394,48.1340383,-1.9563600,35.37,34.34,37.96,54.39,36.2,166,2,,
2025-07-25T08:52:31.294+0200,1853,1764,20.406,4789.794,41.65,37.86,41.42,59.21,,-4.78,127.70,13.24,23.80,1691,93,27,,,64,,,,,,0,2025-07-25T08:52:30.000+0200,1773,1725,18.394,48.1340383,-1.9563600,35.37,34.34,37.96,54.39,36.2,166,2,,
2025-07-25T08:52:31.318+0200,1853,1764,20.406,4789.794,41.65,37.86,41.42,59.21,,-4.78,127.70,13.24,23.80,1691,93,27,,,64,,,,,,0,2025-07-25T08:52:30.000+0200,1773,1725,18.394,48.1340383,-1.9563600,35.37,34.34,37.96,54.39,36.2,166,2,,
2025-07-25T08:52:31.902+0200,1854,1765,20.414,4789.802,42.58,37.86,41.42,59.21,,-0.84,127.70,26.14,46.20,3338,93,27,,,63,,,,,,0,2025-07-25T08:52:31.000+0200,1773,1725,18.405,48.1339467,-1.9563250,37.40,34.34,37.96,54.39,36.4,165,2,,
2025-07-25T08:52:31.926+0200,1854,1765,20.414,4789.802,42.58,37.86,41.42,59.21,,-0.84,127.70,26.14,46.20,3338,93,27,,,63,,,,,,0,2025-07-25T08:52:31.000+0200,1773,1725,18.405,48.1339467,-1.9563250,37.40,34.34,37.96,54.39,36.4,165,2,,
2025-07-25T08:52:32.525+0200,1855,1765,20.421,4789.809,43.09,37.87,41.42,59.21,,0.23,127.60,24.03,42.10,3066,93,27,,,63,,,,,,0,2025-07-25T08:52:31.000+0200,1774,1726,18.405,48.1339467,-1.9563250,37.40,34.34,37.96,54.39,36.4,165,2,,
2025-07-25T08:52:32.549+0200,1855,1765,20.421,4789.809,43.09,37.87,41.42,59.21,,0.23,127.60,24.03,42.10,3066,93,27,,,63,,,,,,0,2025-07-25T08:52:31.000+0200,1774,1726,18.405,48.1339467,-1.9563250,37.40,34.34,37.96,54.39,36.4,165,2,,
2025-07-25T08:52:33.153+0200,1855,1766,20.429,4789.817,43.59,37.87,41.42,59.21,,-1.46,127.50,22.40,38.89,2856,93,27,,,62,,,,,,0,2025-07-25T08:52:32.000+0200,1774,1726,18.416,48.1338533,-1.9562717,37.89,34.34,37.96,54.39,36.7,163,2,,
2025-07-25T08:52:33.175+0200,1855,1766,20.429,4789.817,43.59,37.87,41.42,59.21,,-1.46,127.50,22.40,38.89,2856,93,27,,,62,,,,,,0,2025-07-25T08:52:32.000+0200,1775,1727,18.416,48.1338533,-1.9562717,37.89,34.34,37.96,54.39,36.7,163,2,,
2025-07-25T08:52:33.771+0200,1856,1766,20.436,4789.824,45.03,37.87,41.42,59.21,,2.14,127.39,13.99,23.70,1782,92,27,,,61,,,,,,0,2025-07-25T08:52:33.000+0200,1775,1727,18.427,48.1337550,-1.9562400,38.83,34.34,37.96,54.39,37.0,168,2,,
2025-07-25T08:52:33.794+0200,1856,1767,20.436,4789.824,45.03,37.87,41.42,59.21,,2.14,127.39,13.99,23.70,1782,92,27,,,61,,,,,,0,2025-07-25T08:52:33.000+0200,1775,1727,18.427,48.1337550,-1.9562400,38.83,34.34,37.96,54.39,37.0,168,2,,
2025-07-25T08:52:34.393+0200,1857,1767,20.444,4789.832,43.59,37.87,41.43,59.21,,-0.79,127.60,19.81,34.39,2528,92,27,,,62,,,,,,0,2025-07-25T08:52:33.000+0200,1776,1728,18.427,48.1337550,-1.9562400,38.83,34.34,37.96,54.39,37.0,168,2,,
2025-07-25T08:52:34.412+0200,1857,1767,20.444,4789.832,43.59,37.87,41.43,59.21,,-0.79,127.60,19.81,34.39,2528,92,27,,,62,,,,,,0,2025-07-25T08:52:33.000+0200,1776,1728,18.427,48.1337550,-1.9562400,38.83,34.34,37.96,54.39,37.0,168,2,,
2025-07-25T08:52:35.013+0200,1857,1768,20.452,4789.840,43.77,37.87,41.43,59.21,,-0.56,127.39,23.97,41.50,3054,92,27,,,62,,,,,,0,2025-07-25T08:52:34.000+0200,1776,1728,18.438,48.1336600,-1.9562083,40.37,34.35,37.96,54.39,37.0,169,2,,
2025-07-25T08:52:35.038+0200,1857,1768,20.452,4789.840,43.77,37.87,41.43,59.21,,-0.56,127.39,23.97,41.50,3054,92,27,,,62,,,,,,0,2025-07-25T08:52:34.000+0200,1776,1728,18.438,48.1336600,-1.9562083,40.37,34.35,37.96,54.39,37.0,169,2,,
2025-07-25T08:52:35.652+0200,1858,1768,20.459,4789.847,46.58,37.88,41.43,59.21,,4.07,127.10,19.50,32.20,2478,92,27,,,60,,,,,,0,2025-07-25T08:52:35.000+0200,1777,1729,18.449,48.1335667,-1.9561667,39.73,34.35,37.96,54.39,37.0,165,2,,
2025-07-25T08:52:35.669+0200,1858,1768,20.459,4789.847,46.58,37.88,41.43,59.21,,4.07,127.10,19.50,32.20,2478,92,27,,,60,,,,,,0,2025-07-25T08:52:35.000+0200,1777,1729,18.449,48.1335667,-1.9561667,39.73,34.35,37.96,54.39,37.0,165,2,,
2025-07-25T08:52:36.272+0200,1858,1769,20.467,4789.855,45.64,37.88,41.43,59.21,,-1.91,127.30,12.28,20.60,1563,92,27,,,60,,,,,,0,2025-07-25T08:52:35.000+0200,1778,1730,18.449,48.1335667,-1.9561667,39.73,34.35,37.96,54.39,37.0,165,2,,
2025-07-25T08:52:36.294+0200,1858,1769,20.467,4789.855,45.64,37.88,41.43,59.21,,-1.91,127.30,12.28,20.60,1563,92,27,,,60,,,,,,0,2025-07-25T08:52:35.000+0200,1778,1730,18.449,48.1335667,-1.9561667,39.73,34.35,37.96,54.39,37.0,165,2,,
2025-07-25T08:52:36.890+0200,1859,1770,20.475,4789.863,43.12,37.88,41.43,59.21,,-4.33,127.70,10.79,18.90,1378,92,27,,,63,,,,,,0,2025-07-25T08:52:36.000+0200,1778,1730,18.460,48.1334683,-1.9561217,40.92,34.35,37.96,54.39,37.1,164,2,,
2025-07-25T08:52:36.912+0200,1859,1770,20.475,4789.863,43.12,37.88,41.43,59.21,,-4.33,127.70,10.79,18.90,1378,92,27,,,63,,,,,,0,2025-07-25T08:52:36.000+0200,1778,1730,18.460,48.1334683,-1.9561217,40.92,34.35,37.96,54.39,37.1,164,2,,
2025-07-25T08:52:37.515+0200,1860,1770,20.483,4789.871,43.09,37.88,41.43,59.21,,0.00,127.80,17.07,29.90,2182,92,27,,,63,,,,,,0,2025-07-25T08:52:36.000+0200,1779,1731,18.460,48.1334683,-1.9561217,40.92,34.35,37.96,54.39,37.1,164,2,,
2025-07-25T08:52:37.539+0200,1860,1770,20.483,4789.871,43.09,37.88,41.43,59.21,,0.00,127.80,17.07,29.90,2182,92,27,,,63,,,,,,0,2025-07-25T08:52:36.000+0200,1779,1731,18.460,48.1334683,-1.9561217,40.92,34.35,37.96,54.39,37.1,164,2,,
2025-07-25T08:52:38.129+0200,1860,1771,20.490,4789.878,45.03,37.89,41.43,59.21,,2.69,127.60,26.97,45.70,3441,92,27,,,61,,,,,,0,2025-07-25T08:52:37.000+0200,1779,1731,18.471,48.1333767,-1.9560733,39.79,34.36,37.97,54.39,37.1,160,2,,
2025-07-25T08:52:38.154+0200,1860,1771,20.490,4789.878,45.03,37.89,41.43,59.21,,2.69,127.60,26.97,45.70,3441,92,27,,,61,,,,,,0,2025-07-25T08:52:37.000+0200,1779,1731,18.471,48.1333767,-1.9560733,39.79,34.36,37.97,54.39,37.1,160,2,,
2025-07-25T08:52:38.747+0200,1861,1771,20.498,4789.886,45.10,37.89,41.43,59.21,,0.00,127.50,19.97,33.80,2546,92,27,,,61,,,,,,0,2025-07-25T08:52:38.000+0200,1780,1732,18.482,48.1332883,-1.9560183,39.66,34.36,37.97,54.39,37.1,159,2,,
2025-07-25T08:52:38.770+0200,1861,1771,20.498,4789.886,45.10,37.89,41.43,59.21,,0.00,127.50,19.97,33.80,2546,92,27,,,61,,,,,,0,2025-07-25T08:52:38.000+0200,1780,1732,18.482,48.1332883,-1.9560183,39.66,34.36,37.97,54.39,37.1,159,2,,
2025-07-25T08:52:39.367+0200,1862,1772,20.506,4789.894,45.17,37.89,41.43,59.21,,0.11,127.60,13.19,22.30,1683,92,27,,,61,,,,,,0,2025-07-25T08:52:38.000+0200,1781,1733,18.482,48.1332883,-1.9560183,39.66,34.36,37.97,54.39,37.1,159,2,,
2025-07-25T08:52:39.397+0200,1862,1772,20.506,4789.894,45.17,37.89,41.43,59.21,,0.11,127.60,13.19,22.30,1683,92,27,,,61,,,,,,0,2025-07-25T08:52:38.000+0200,1781,1733,18.482,48.1332883,-1.9560183,39.66,34.36,37.97,54.39,37.1,159,2,,
2025-07-25T08:52:39.988+0200,1862,1773,20.514,4789.902,45.21,37.89,41.44,59.21,,-2.54,127.60,16.52,27.90,2108,92,27,,,61,,,,,,0,2025-07-25T08:52:39.000+0200,1781,1733,18.493,48.1331967,-1.9559583,40.64,34.36,37.97,54.39,37.3,156,2,,
2025-07-25T08:52:40.011+0200,1862,1773,20.514,4789.902,45.21,37.89,41.44,59.21,,-2.54,127.60,16.52,27.90,2108,92,27,,,61,,,,,,0,2025-07-25T08:52:39.000+0200,1781,1733,18.493,48.1331967,-1.9559583,40.64,34.36,37.97,54.39,37.3,156,2,,
2025-07-25T08:52:40.636+0200,1863,1773,20.522,4789.910,45.14,37.89,41.44,59.21,,-0.45,127.70,16.26,27.50,2076,92,27,,,61,,,,,,0,2025-07-25T08:52:39.000+0200,1782,1734,18.493,48.1331967,-1.9559583,40.64,34.36,37.97,54.39,37.3,156,2,,
2025-07-25T08:52:40.677+0200,1863,1773,20.522,4789.910,45.14,37.89,41.44,59.21,,-0.45,127.70,16.26,27.50,2076,92,27,,,61,,,,,,0,2025-07-25T08:52:40.000+0200,1782,1734,18.505,48.1331000,-1.9558850,41.70,34.37,37.97,54.39,38.1,152,2,,
2025-07-25T08:52:41.251+0200,1863,1774,20.530,4789.918,45.14,37.90,41.44,59.21,,0.00,127.89,7.09,12.00,907,92,27,,,61,,,,,,0,2025-07-25T08:52:40.000+0200,1783,1735,18.505,48.1331000,-1.9558850,41.70,34.37,37.97,54.39,38.1,152,2,,
2025-07-25T08:52:41.275+0200,1863,1774,20.530,4789.918,45.14,37.90,41.44,59.21,,0.00,127.89,7.09,12.00,907,92,27,,,61,,,,,,0,2025-07-25T08:52:40.000+0200,1783,1735,18.505,48.1331000,-1.9558850,41.70,34.37,37.97,54.39,38.1,152,2,,
2025-07-25T08:52:41.878+0200,1864,1775,20.538,4789.926,44.99,37.90,41.44,59.21,,-0.45,128.09,5.01,8.50,642,91,27,,,61,,,,,,0,2025-07-25T08:52:41.000+0200,1783,1735,18.516,48.1330100,-1.9558117,40.50,34.37,37.97,54.39,38.3,145,2,,
2025-07-25T08:52:41.901+0200,1864,1775,20.538,4789.926,44.99,37.90,41.44,59.21,,-0.45,128.09,5.01,8.50,642,91,27,,,61,,,,,,0,2025-07-25T08:52:41.000+0200,1783,1735,18.516,48.1330100,-1.9558117,40.50,34.37,37.97,54.39,38.3,145,2,,
2025-07-25T08:52:42.492+0200,1865,1775,20.546,4789.933,43.09,37.90,41.44,59.21,,-1.56,128.39,4.79,8.39,615,91,27,,,63,,,,,,0,2025-07-25T08:52:41.000+0200,1784,1736,18.516,48.1330100,-1.9558117,40.50,34.37,37.97,54.39,38.3,145,2,,
2025-07-25T08:52:42.515+0200,1865,1775,20.546,4789.933,43.09,37.90,41.44,59.21,,-1.56,128.39,4.79,8.39,615,91,27,,,63,,,,,,0,2025-07-25T08:52:41.000+0200,1784,1736,18.516,48.1330100,-1.9558117,40.50,34.37,37.97,54.39,38.3,145,2,,
2025-07-25T08:52:43.110+0200,1865,1776,20.553,4789.941,43.30,37.90,41.44,59.21,,0.11,128.50,2.57,4.50,330,91,27,,,63,,,,,,0,2025-07-25T08:52:42.000+0200,1784,1736,18.527,48.1329283,-1.9557317,37.78,34.37,37.97,54.39,38.6,148,2,,
2025-07-25T08:52:43.133+0200,1865,1776,20.553,4789.941,43.30,37.90,41.44,59.21,,0.11,128.50,2.57,4.50,330,91,27,,,63,,,,,,0,2025-07-25T08:52:42.000+0200,1784,1736,18.527,48.1329283,-1.9557317,37.78,34.37,37.97,54.39,38.6,148,2,,
2025-07-25T08:52:43.755+0200,1866,1776,20.561,4789.948,43.09,37.90,41.44,59.21,,-0.60,128.80,5.76,10.09,742,91,27,,,63,,,,,,0,2025-07-25T08:52:43.000+0200,1785,1737,18.538,48.1328483,-1.9556400,38.98,34.37,37.97,54.39,39.6,141,2,,
2025-07-25T08:52:43.775+0200,1866,1776,20.561,4789.948,43.09,37.90,41.44,59.21,,-0.60,128.80,5.76,10.09,742,91,27,,,63,,,,,,0,2025-07-25T08:52:43.000+0200,1785,1737,18.538,48.1328483,-1.9556400,38.98,34.37,37.97,54.39,39.6,141,2,,
2025-07-25T08:52:44.375+0200,1867,1777,20.568,4789.956,43.09,37.91,41.44,59.21,,0.00,128.89,10.56,18.50,1361,91,27,,,63,,,,,,0,2025-07-25T08:52:43.000+0200,1786,1738,18.538,48.1328483,-1.9556400,38.98,34.37,37.97,54.39,39.6,141,2,,
2025-07-25T08:52:44.398+0200,1867,1777,20.568,4789.956,43.09,37.91,41.44,59.21,,0.00,128.89,10.56,18.50,1361,91,27,,,63,,,,,,0,2025-07-25T08:52:43.000+0200,1786,1738,18.538,48.1328483,-1.9556400,38.98,34.37,37.97,54.39,39.6,141,2,,
2025-07-25T08:52:44.989+0200,1867,1778,20.576,4789.963,43.09,37.91,41.44,59.21,,0.00,129.00,3.14,5.50,405,91,27,,,63,,,,,,0,2025-07-25T08:52:44.000+0200,1786,1738,18.550,48.1327650,-1.9555417,39.03,34.38,37.97,54.39,40.0,141,2,,
2025-07-25T08:52:45.011+0200,1867,1778,20.576,4789.963,43.09,37.91,41.44,59.21,,0.00,129.00,3.14,5.50,405,91,27,,,63,,,,,,0,2025-07-25T08:52:44.000+0200,1786,1738,18.550,48.1327650,-1.9555417,39.03,34.38,37.97,54.39,40.0,141,2,,
2025-07-25T08:52:45.611+0200,1868,1778,20.583,4789.971,43.37,37.91,41.44,59.21,,0.45,129.09,3.67,6.39,474,91,27,,,63,,,,,,0,2025-07-25T08:52:44.000+0200,1787,1739,18.550,48.1327650,-1.9555417,39.03,34.38,37.97,54.39,40.0,141,2,,
2025-07-25T08:52:45.633+0200,1868,1778,20.583,4789.971,43.37,37.91,41.44,59.21,,0.45,129.09,3.67,6.39,474,91,27,,,63,,,,,,0,2025-07-25T08:52:44.000+0200,1787,1739,18.550,48.1327650,-1.9555417,39.03,34.38,37.97,54.39,40.0,141,2,,
2025-07-25T08:52:46.231+0200,1868,1779,20.591,4789.979,43.37,37.91,41.44,59.21,,-2.72,129.20,4.59,8.00,593,91,27,,,63,,,,,,0,2025-07-25T08:52:45.000+0200,1788,1740,18.561,48.1326933,-1.9554350,39.95,34.38,37.97,54.39,40.7,134,2,,
2025-07-25T08:52:46.257+0200,1868,1779,20.591,4789.979,43.37,37.91,41.44,59.21,,-2.72,129.20,4.59,8.00,593,91,27,,,63,,,,,,0,2025-07-25T08:52:45.000+0200,1788,1740,18.561,48.1326933,-1.9554350,39.95,34.38,37.97,54.39,40.7,134,2,,
2025-07-25T08:52:46.871+0200,1869,1780,20.598,4789.986,42.73,37.91,41.45,59.21,,-1.56,129.39,-1.70,-6.00,-220,91,27,,,64,,,,,,0,2025-07-25T08:52:46.000+0200,1788,1740,18.572,48.1326283,-1.9553283,39.13,34.38,37.97,54.39,40.6,131,2,,
2025-07-25T08:52:46.895+0200,1869,1780,20.598,4789.986,42.73,37.91,41.45,59.21,,-1.56,129.39,-1.70,-6.00,-220,91,27,,,64,,,,,,0,2025-07-25T08:52:46.000+0200,1788,1740,18.572,48.1326283,-1.9553283,39.13,34.38,37.97,54.39,40.6,131,2,,
2025-07-25T08:52:47.469+0200,1870,1780,20.606,4789.993,42.04,37.91,41.45,59.21,,-2.47,129.59,-3.11,-11.10,-403,91,27,,,64,,,,,,0,2025-07-25T08:52:46.000+0200,1789,1741,18.572,48.1326283,-1.9553283,39.13,34.38,37.97,54.39,40.6,131,2,,
2025-07-25T08:52:47.493+0200,1870,1780,20.606,4789.993,42.04,37.91,41.45,59.21,,-2.47,129.59,-3.11,-11.10,-403,91,27,,,64,,,,,,0,2025-07-25T08:52:46.000+0200,1789,1741,18.572,48.1326283,-1.9553283,39.13,34.38,37.97,54.39,40.6,131,2,,
2025-07-25T08:52:48.089+0200,1870,1781,20.613,4790.001,42.12,37.92,41.45,59.21,,0.11,129.70,2.86,5.10,371,92,27,,,64,,,,,,0,2025-07-25T08:52:47.000+0200,1789,1741,18.583,48.1325617,-1.9552133,37.02,34.38,37.97,54.39,40.8,133,2,,
2025-07-25T08:52:48.114+0200,1870,1781,20.613,4790.001,42.12,37.92,41.45,59.21,,0.11,129.70,2.86,5.10,371,92,27,,,64,,,,,,0,2025-07-25T08:52:47.000+0200,1789,1741,18.583,48.1325617,-1.9552133,37.02,34.38,37.97,54.39,40.8,133,2,,
2025-07-25T08:52:48.709+0200,1871,1781,20.620,4790.008,42.22,37.92,41.45,59.21,,1.57,129.70,-2.53,-9.00,-328,92,27,,,64,,,,,,0,2025-07-25T08:52:48.000+0200,1790,1742,18.594,48.1324917,-1.9551150,38.93,34.39,37.97,54.39,41.0,137,2,,
2025-07-25T08:52:48.733+0200,1871,1781,20.620,4790.008,42.22,37.92,41.45,59.21,,1.57,129.70,-2.53,-9.00,-328,92,27,,,64,,,,,,0,2025-07-25T08:52:48.000+0200,1790,1742,18.594,48.1324917,-1.9551150,38.93,34.39,37.97,54.39,41.0,137,2,,
2025-07-25T08:52:49.353+0200,1871,1782,20.628,4790.015,38.98,37.92,41.45,59.21,,-6.60,130.00,-8.98,-33.89,-1167,92,26,,,67,,,,,,0,2025-07-25T08:52:48.000+0200,1791,1743,18.594,48.1324917,-1.9551150,38.93,34.39,37.97,54.39,41.0,137,2,,
2025-07-25T08:52:49.378+0200,1871,1782,20.628,4790.015,38.98,37.92,41.45,59.21,,-6.60,130.00,-8.98,-33.89,-1167,92,26,,,67,,,,,,0,2025-07-25T08:52:48.000+0200,1791,1743,18.594,48.1324917,-1.9551150,38.93,34.39,37.97,54.39,41.0,137,2,,
2025-07-25T08:52:49.973+0200,1872,1783,20.635,4790.022,37.87,37.92,41.44,59.21,,2.36,130.20,-3.06,-11.80,-398,92,26,,,68,,,,,,0,2025-07-25T08:52:49.000+0200,1791,1743,18.604,48.1324350,-1.9550100,34.59,34.39,37.97,54.39,41.3,129,2,,
2025-07-25T08:52:49.992+0200,1872,1783,20.635,4790.022,37.87,37.92,41.44,59.21,,2.36,130.20,-3.06,-11.80,-398,92,26,,,68,,,,,,0,2025-07-25T08:52:49.000+0200,1791,1743,18.604,48.1324350,-1.9550100,34.59,34.39,37.97,54.39,41.3,129,2,,
2025-07-25T08:52:50.595+0200,1873,1783,20.641,4790.028,35.31,37.92,41.44,59.21,,-5.08,130.30,-2.14,-8.70,-279,92,26,,,70,,,,,,0,2025-07-25T08:52:49.000+0200,1792,1744,18.604,48.1324350,-1.9550100,34.59,34.39,37.97,54.39,41.3,129,2,,
2025-07-25T08:52:50.618+0200,1873,1783,20.641,4790.028,35.31,37.92,41.44,59.21,,-5.08,130.30,-2.14,-8.70,-279,92,26,,,70,,,,,,0,2025-07-25T08:52:49.000+0200,1792,1744,18.604,48.1324350,-1.9550100,34.59,34.39,37.97,54.39,41.3,129,2,,
2025-07-25T08:52:51.227+0200,1873,1784,20.648,4790.035,33.15,37.92,41.44,59.21,,-8.07,130.50,-4.14,-17.60,-540,92,26,,,72,,,,,,0,2025-07-25T08:52:50.000+0200,1793,1745,18.614,48.1323767,-1.9549167,31.40,34.38,37.97,54.39,41.4,134,2,,
2025-07-25T08:52:51.250+0200,1873,1784,20.648,4790.035,33.15,37.92,41.44,59.21,,-8.07,130.50,-4.14,-17.60,-540,92,26,,,72,,,,,,0,2025-07-25T08:52:50.000+0200,1793,1745,18.614,48.1323767,-1.9549167,31.40,34.38,37.97,54.39,41.4,134,2,,
2025-07-25T08:52:51.854+0200,1874,1785,20.654,4790.041,34.05,37.91,41.44,59.21,,4.08,130.39,3.17,6.60,413,92,26,,,71,,,,,,0,2025-07-25T08:52:51.000+0200,1793,1745,18.623,48.1323150,-1.9548367,30.65,34.38,37.96,54.39,41.5,139,2,,
2025-07-25T08:52:51.874+0200,1874,1785,20.654,4790.041,34.05,37.91,41.44,59.21,,4.08,130.39,3.17,6.60,413,92,26,,,71,,,,,,0,2025-07-25T08:52:51.000+0200,1793,1745,18.623,48.1323150,-1.9548367,30.65,34.38,37.96,54.39,41.5,139,2,,
2025-07-25T08:52:52.472+0200,1875,1785,20.659,4790.046,34.12,37.91,41.43,59.21,,-2.29,130.30,-3.03,-12.60,-395,92,26,,,71,,,,,,0,2025-07-25T08:52:51.000+0200,1794,1746,18.623,48.1323150,-1.9548367,30.65,34.38,37.96,54.39,41.5,139,2,,
2025-07-25T08:52:52.494+0200,1875,1785,20.659,4790.046,34.12,37.91,41.43,59.21,,-2.29,130.30,-3.03,-12.60,-395,92,26,,,71,,,,,,0,2025-07-25T08:52:51.000+0200,1794,1746,18.623,48.1323150,-1.9548367,30.65,34.38,37.96,54.39,41.5,139,2,,
2025-07-25T08:52:53.090+0200,1875,1786,20.665,4790.052,33.48,37.91,41.43,59.21,,-0.88,130.30,0.90,1.90,117,92,26,,,72,,,,,,0,2025-07-25T08:52:52.000+0200,1794,1746,18.632,48.1322467,-1.9547633,31.06,34.38,37.96,54.39,41.8,146,2,,
2025-07-25T08:52:53.114+0200,1875,1786,20.665,4790.052,33.48,37.91,41.43,59.21,,-0.88,130.30,0.90,1.90,117,92,26,,,72,,,,,,0,2025-07-25T08:52:52.000+0200,1794,1746,18.632,48.1322467,-1.9547633,31.06,34.38,37.96,54.39,41.8,146,2,,
2025-07-25T08:52:53.718+0200,1876,1786,20.671,4790.058,34.12,37.91,41.43,59.21,,-1.24,130.00,8.47,17.60,1101,92,26,,,71,,,,,,0,2025-07-25T08:52:53.000+0200,1795,1747,18.641,48.1321783,-1.9547017,30.46,34.38,37.96,54.39,41.7,147,2,,
2025-07-25T08:52:53.743+0200,1876,1786,20.671,4790.058,34.12,37.91,41.43,59.21,,-1.24,130.00,8.47,17.60,1101,92,26,,,71,,,,,,0,2025-07-25T08:52:53.000+0200,1795,1747,18.641,48.1321783,-1.9547017,30.46,34.38,37.96,54.39,41.7,147,2,,
2025-07-25T08:52:54.326+0200,1876,1787,20.677,4790.064,36.79,37.91,41.43,59.21,,6.08,129.70,15.44,30.40,2003,92,26,,,69,,,,,,0,2025-07-25T08:52:53.000+0200,1796,1748,18.641,48.1321783,-1.9547017,30.46,34.38,37.96,54.39,41.7,147,2,,
2025-07-25T08:52:54.350+0200,1876,1787,20.677,4790.064,36.79,37.91,41.43,59.21,,6.08,129.70,15.44,30.40,2003,92,26,,,69,,,,,,0,2025-07-25T08:52:53.000+0200,1796,1748,18.641,48.1321783,-1.9547017,30.46,34.38,37.96,54.39,41.7,147,2,,
2025-07-25T08:52:54.954+0200,1877,1788,20.683,4790.071,38.98,37.91,41.43,59.21,,3.26,129.30,11.07,20.90,1431,92,26,,,67,,,,,,0,2025-07-25T08:52:54.000+0200,1796,1748,18.651,48.1321167,-1.9546133,32.67,34.38,37.95,54.39,41.6,139,2,,
2025-07-25T08:52:54.978+0200,1877,1788,20.683,4790.071,38.98,37.91,41.43,59.21,,3.26,129.30,11.07,20.90,1431,92,26,,,67,,,,,,0,2025-07-25T08:52:54.000+0200,1796,1748,18.651,48.1321167,-1.9546133,32.67,34.38,37.95,54.39,41.6,139,2,,
2025-07-25T08:52:55.599+0200,1878,1788,20.690,4790.077,39.74,37.91,41.43,59.21,,-0.48,129.30,5.80,10.80,750,92,26,,,66,,,,,,0,2025-07-25T08:52:54.000+0200,1797,1749,18.651,48.1321167,-1.9546133,32.67,34.38,37.95,54.39,41.6,139,2,,
2025-07-25T08:52:55.618+0200,1878,1788,20.690,4790.077,39.74,37.91,41.43,59.21,,-0.48,129.30,5.80,10.80,750,92,26,,,66,,,,,,0,2025-07-25T08:52:54.000+0200,1797,1749,18.651,48.1321167,-1.9546133,32.67,34.38,37.95,54.39,41.6,139,2,,
2025-07-25T08:52:56.210+0200,1878,1789,20.697,4790.084,40.10,37.91,41.43,59.21,,2.52,129.39,3.57,6.60,462,92,26,,,66,,,,,,0,2025-07-25T08:52:55.000+0200,1798,1750,18.661,48.1320567,-1.9544983,34.72,34.38,37.95,54.39,41.3,128,2,,
2025-07-25T08:52:56.231+0200,1878,1789,20.697,4790.084,40.10,37.91,41.43,59.21,,2.52,129.39,3.57,6.60,462,92,26,,,66,,,,,,0,2025-07-25T08:52:55.000+0200,1798,1750,18.661,48.1320567,-1.9544983,34.72,34.38,37.95,54.39,41.3,128,2,,
2025-07-25T08:52:56.827+0200,1879,1790,20.704,4790.091,40.03,37.91,41.42,59.21,,0.23,129.50,3.72,6.89,482,92,26,,,66,,,,,,0,2025-07-25T08:52:56.000+0200,1798,1750,18.672,48.1320017,-1.9543800,38.09,34.38,37.95,54.39,41.2,127,2,,
2025-07-25T08:52:56.848+0200,1879,1790,20.704,4790.091,40.03,37.91,41.42,59.21,,0.23,129.50,3.72,6.89,482,92,26,,,66,,,,,,0,2025-07-25T08:52:56.000+0200,1798,1750,18.672,48.1320017,-1.9543800,38.09,34.38,37.95,54.39,41.2,127,2,,
2025-07-25T08:52:57.451+0200,1880,1790,20.711,4790.098,39.67,37.91,41.42,59.21,,-0.79,129.59,0.00,0.00,0,92,26,,,66,,,,,,0,2025-07-25T08:52:56.000+0200,1799,1751,18.672,48.1320017,-1.9543800,38.09,34.38,37.95,54.39,41.2,127,2,,
2025-07-25T08:52:57.471+0200,1880,1790,20.711,4790.098,39.67,37.91,41.42,59.21,,-0.79,129.59,0.00,0.00,0,92,26,,,66,,,,,,0,2025-07-25T08:52:56.000+0200,1799,1751,18.672,48.1320017,-1.9543800,38.09,34.38,37.95,54.39,41.2,127,2,,
2025-07-25T08:52:58.066+0200,1880,1791,20.718,4790.105,40.03,37.91,41.42,59.21,,-1.34,129.70,2.75,5.10,357,92,26,,,66,,,,,,0,2025-07-25T08:52:57.000+0200,1799,1751,18.683,48.1319467,-1.9542583,34.96,34.38,37.95,54.39,40.8,136,3,,
2025-07-25T08:52:58.086+0200,1880,1791,20.718,4790.105,40.03,37.91,41.42,59.21,,-1.34,129.70,2.75,5.10,357,92,26,,,66,,,,,,0,2025-07-25T08:52:57.000+0200,1799,1751,18.683,48.1319467,-1.9542583,34.96,34.38,37.95,54.39,40.8,136,3,,
2025-07-25T08:52:58.688+0200,1881,1791,20.725,4790.112,41.00,37.91,41.42,59.21,,0.00,129.59,9.40,17.10,1218,92,26,,,65,,,,,,0,2025-07-25T08:52:58.000+0200,1800,1752,18.694,48.1318800,-1.9541533,35.83,34.38,37.95,54.39,40.8,135,2,,
2025-07-25T08:52:58.709+0200,1881,1791,20.725,4790.112,41.00,37.91,41.42,59.21,,0.00,129.59,9.40,17.10,1218,92,26,,,65,,,,,,0,2025-07-25T08:52:58.000+0200,1800,1752,18.694,48.1318800,-1.9541533,35.83,34.38,37.95,54.39,40.8,135,2,,
2025-07-25T08:52:59.309+0200,1881,1792,20.732,4790.119,40.17,37.92,41.42,59.21,,-2.13,129.70,13.86,25.59,1798,92,26,,,66,,,,,,0,2025-07-25T08:52:58.000+0200,1801,1753,18.694,48.1318800,-1.9541533,35.83,34.38,37.95,54.39,40.8,135,2,,
2025-07-25T08:52:59.330+0200,1881,1792,20.732,4790.119,40.17,37.92,41.42,59.21,,-2.13,129.70,13.86,25.59,1798,92,26,,,66,,,,,,0,2025-07-25T08:52:58.000+0200,1801,1753,18.694,48.1318800,-1.9541533,35.83,34.38,37.95,54.39,40.8,135,2,,
2025-07-25T08:52:59.928+0200,1882,1793,20.739,4790.126,40.89,37.92,41.42,59.21,,3.05,129.70,21.18,38.59,2747,92,26,,,65,,,,,,0,2025-07-25T08:52:59.000+0200,1801,1753,18.705,48.1318117,-1.9540517,37.01,34.38,37.95,54.39,40.8,136,2,,
2025-07-25T08:52:59.950+0200,1882,1793,20.739,4790.126,40.89,37.92,41.42,59.21,,3.05,129.70,21.18,38.59,2747,92,26,,,65,,,,,,0,2025-07-25T08:52:59.000+0200,1801,1753,18.705,48.1318117,-1.9540517,37.01,34.38,37.95,54.39,40.8,136,2,,
2025-07-25T08:53:00.552+0200,1883,1793,20.746,4790.133,40.89,37.92,41.42,59.21,,-1.68,129.70,1.48,2.70,192,92,26,,,65,,,,,,0,2025-07-25T08:52:59.000+0200,1802,1754,18.705,48.1318117,-1.9540517,37.01,34.38,37.95,54.39,40.8,136,2,,
2025-07-25T08:53:00.574+0200,1883,1793,20.746,4790.133,40.89,37.92,41.42,59.21,,-1.68,129.70,1.48,2.70,192,92,26,,,65,,,,,,0,2025-07-25T08:52:59.000+0200,1802,1754,18.705,48.1318117,-1.9540517,37.01,34.38,37.95,54.39,40.8,136,2,,
2025-07-25T08:53:01.172+0200,1883,1794,20.753,4790.140,41.72,37.92,41.42,59.21,,2.26,129.50,10.92,19.60,1414,92,26,,,65,,,,,,0,2025-07-25T08:53:00.000+0200,1802,1754,18.715,48.1317500,-1.9539433,37.71,34.38,37.95,54.39,41.4,134,2,,
2025-07-25T08:53:01.197+0200,1883,1794,20.753,4790.140,41.72,37.92,41.42,59.21,,2.26,129.50,10.92,19.60,1414,92,26,,,65,,,,,,0,2025-07-25T08:53:00.000+0200,1803,1755,18.715,48.1317500,-1.9539433,37.71,34.38,37.95,54.39,41.4,134,2,,
2025-07-25T08:53:01.809+0200,1884,1795,20.760,4790.148,42.04,37.92,41.42,59.21,,-2.58,129.39,7.90,14.10,1022,92,26,,,64,,,,,,0,2025-07-25T08:53:01.000+0200,1803,1755,18.726,48.1316883,-1.9538367,36.92,34.38,37.95,54.39,41.6,135,2,,
2025-07-25T08:53:01.829+0200,1884,1795,20.760,4790.148,42.04,37.92,41.42,59.21,,-2.58,129.39,7.90,14.10,1022,92,26,,,64,,,,,,0,2025-07-25T08:53:01.000+0200,1803,1755,18.726,48.1316883,-1.9538367,36.92,34.38,37.95,54.39,41.6,135,2,,
2025-07-25T08:53:02.431+0200,1885,1795,20.767,4790.155,41.97,37.92,41.42,59.21,,-1.57,129.39,7.55,13.50,977,92,26,,,64,,,,,,0,2025-07-25T08:53:01.000+0200,1804,1756,18.726,48.1316883,-1.9538367,36.92,34.38,37.95,54.39,41.6,135,2,,
2025-07-25T08:53:02.455+0200,1885,1795,20.767,4790.155,41.97,37.92,41.42,59.21,,-1.57,129.39,7.55,13.50,977,92,26,,,64,,,,,,0,2025-07-25T08:53:01.000+0200,1804,1756,18.726,48.1316883,-1.9538367,36.92,34.38,37.95,54.39,41.6,135,2,,
2025-07-25T08:53:03.043+0200,1885,1796,20.775,4790.162,42.91,37.92,41.42,59.21,,3.59,129.30,5.91,10.40,764,92,26,,,63,,,,,,0,2025-07-25T08:53:02.000+0200,1804,1756,18.736,48.1316200,-1.9537367,38.85,34.39,37.95,54.39,41.4,133,2,,
2025-07-25T08:53:03.061+0200,1885,1796,20.775,4790.162,42.91,37.92,41.42,59.21,,3.59,129.30,5.91,10.40,764,92,26,,,63,,,,,,0,2025-07-25T08:53:02.000+0200,1804,1756,18.736,48.1316200,-1.9537367,38.85,34.39,37.95,54.39,41.4,133,2,,
2025-07-25T08:53:03.684+0200,1886,1796,20.782,4790.170,41.90,37.92,41.42,59.21,,-1.67,129.50,8.55,15.29,1107,92,26,,,64,,,,,,0,2025-07-25T08:53:03.000+0200,1805,1757,18.747,48.1315550,-1.9536267,38.36,34.39,37.95,54.39,41.1,135,2,,
2025-07-25T08:53:03.706+0200,1886,1796,20.782,4790.170,41.90,37.92,41.42,59.21,,-1.67,129.50,8.55,15.29,1107,92,26,,,64,,,,,,0,2025-07-25T08:53:03.000+0200,1805,1757,18.747,48.1315550,-1.9536267,38.36,34.39,37.95,54.39,41.1,135,2,,
2025-07-25T08:53:04.310+0200,1886,1797,20.789,4790.177,41.14,37.92,41.42,59.21,,-3.36,129.50,4.57,8.30,592,92,26,,,65,,,,,,0,2025-07-25T08:53:03.000+0200,1806,1758,18.747,48.1315550,-1.9536267,38.36,34.39,37.95,54.39,41.1,135,2,,
2025-07-25T08:53:04.335+0200,1886,1797,20.789,4790.177,41.14,37.92,41.42,59.21,,-3.36,129.50,4.57,8.30,592,92,26,,,65,,,,,,0,2025-07-25T08:53:03.000+0200,1806,1758,18.747,48.1315550,-1.9536267,38.36,34.39,37.95,54.39,41.1,135,2,,
2025-07-25T08:53:04.931+0200,1887,1798,20.797,4790.184,40.85,37.93,41.42,59.21,,-0.56,129.59,4.05,7.39,525,93,26,,,65,,,,,,0,2025-07-25T08:53:04.000+0200,1806,1758,18.758,48.1314850,-1.9535233,36.12,34.39,37.95,54.39,40.9,133,2,,
2025-07-25T08:53:04.952+0200,1887,1798,20.797,4790.184,40.85,37.93,41.42,59.21,,-0.56,129.59,4.05,7.39,525,93,26,,,65,,,,,,0,2025-07-25T08:53:04.000+0200,1806,1758,18.758,48.1314850,-1.9535233,36.12,34.39,37.95,54.39,40.9,133,2,,
2025-07-25T08:53:05.550+0200,1888,1798,20.804,4790.191,41.32,37.93,41.42,59.21,,1.02,129.50,7.57,13.70,980,93,26,,,65,,,,,,0,2025-07-25T08:53:04.000+0200,1807,1759,18.758,48.1314850,-1.9535233,36.12,34.39,37.95,54.39,40.9,133,2,,
2025-07-25T08:53:05.566+0200,1888,1798,20.804,4790.191,41.32,37.93,41.42,59.21,,1.02,129.50,7.57,13.70,980,93,26,,,65,,,,,,0,2025-07-25T08:53:04.000+0200,1807,1759,18.758,48.1314850,-1.9535233,36.12,34.39,37.95,54.39,40.9,133,2,,
2025-07-25T08:53:06.166+0200,1888,1799,20.811,4790.198,41.43,37.93,41.42,59.21,,-1.13,129.30,12.58,22.70,1627,93,26,,,65,,,,,,0,2025-07-25T08:53:05.000+0200,1807,1759,18.768,48.1314217,-1.9534233,37.98,34.39,37.95,54.39,39.7,129,2,,
2025-07-25T08:53:06.189+0200,1888,1799,20.811,4790.198,41.43,37.93,41.42,59.21,,-1.13,129.30,12.58,22.70,1627,93,26,,,65,,,,,,0,2025-07-25T08:53:05.000+0200,1808,1760,18.768,48.1314217,-1.9534233,37.98,34.39,37.95,54.39,39.7,129,2,,
2025-07-25T08:53:06.789+0200,1889,1799,20.818,4790.206,41.65,37.93,41.42,59.21,,-3.39,129.30,5.28,9.50,683,93,26,,,65,,,,,,0,2025-07-25T08:53:06.000+0200,1808,1760,18.780,48.1313517,-1.9533083,40.23,34.39,37.95,54.39,38.3,127,2,,
2025-07-25T08:53:06.810+0200,1889,1800,20.818,4790.206,41.65,37.93,41.42,59.21,,-3.39,129.30,5.28,9.50,683,93,26,,,65,,,,,,0,2025-07-25T08:53:06.000+0200,1808,1760,18.780,48.1313517,-1.9533083,40.23,34.39,37.95,54.39,38.3,127,2,,
2025-07-25T08:53:07.414+0200,1890,1800,20.825,4790.213,42.91,37.93,41.42,59.21,,2.36,129.30,4.32,7.60,559,93,26,,,63,,,,,,0,2025-07-25T08:53:06.000+0200,1809,1761,18.780,48.1313517,-1.9533083,40.23,34.39,37.95,54.39,38.3,127,2,,
2025-07-25T08:53:07.435+0200,1890,1800,20.825,4790.213,42.91,37.93,41.42,59.21,,2.36,129.30,4.32,7.60,559,93,26,,,63,,,,,,0,2025-07-25T08:53:06.000+0200,1809,1761,18.780,48.1313517,-1.9533083,40.23,34.39,37.95,54.39,38.3,127,2,,
2025-07-25T08:53:08.032+0200,1890,1801,20.833,4790.220,42.51,37.93,41.43,59.21,,-0.68,129.30,5.14,9.09,665,93,26,,,64,,,,,,0,2025-07-25T08:53:07.000+0200,1809,1761,18.790,48.1312867,-1.9532083,36.09,34.40,37.95,54.39,37.9,132,2,,
2025-07-25T08:53:08.057+0200,1890,1801,20.833,4790.220,42.51,37.93,41.43,59.21,,-0.68,129.30,5.14,9.09,665,93,26,,,64,,,,,,0,2025-07-25T08:53:07.000+0200,1809,1761,18.790,48.1312867,-1.9532083,36.09,34.40,37.95,54.39,37.9,132,2,,
2025-07-25T08:53:08.654+0200,1891,1801,20.840,4790.228,42.87,37.93,41.43,59.21,,2.59,129.30,7.10,12.50,918,93,26,,,63,,,,,,0,2025-07-25T08:53:08.000+0200,1810,1762,18.801,48.1312217,-1.9531067,36.12,34.40,37.95,54.39,37.5,136,2,,
2025-07-25T08:53:08.674+0200,1891,1801,20.840,4790.228,42.87,37.93,41.43,59.21,,2.59,129.30,7.10,12.50,918,93,26,,,63,,,,,,0,2025-07-25T08:53:08.000+0200,1810,1762,18.801,48.1312217,-1.9531067,36.12,34.40,37.95,54.39,37.5,136,2,,
2025-07-25T08:53:09.271+0200,1891,1802,20.847,4790.235,41.58,37.94,41.43,59.21,,-1.69,129.30,6.44,11.60,833,93,26,,,65,,,,,,0,2025-07-25T08:53:08.000+0200,1811,1763,18.801,48.1312217,-1.9531067,36.12,34.40,37.95,54.39,37.5,136,2,,
2025-07-25T08:53:09.294+0200,1891,1802,20.847,4790.235,41.58,37.94,41.43,59.21,,-1.69,129.30,6.44,11.60,833,93,26,,,65,,,,,,0,2025-07-25T08:53:08.000+0200,1811,1763,18.801,48.1312217,-1.9531067,36.12,34.40,37.95,54.39,37.5,136,2,,
2025-07-25T08:53:09.912+0200,1892,1803,20.855,4790.242,42.83,37.94,41.43,59.21,,2.88,129.20,11.48,20.19,1483,93,26,,,63,,,,,,0,2025-07-25T08:53:09.000+0200,1811,1763,18.812,48.1311517,-1.9530017,40.37,34.40,37.95,54.39,37.8,128,2,,
2025-07-25T08:53:09.935+0200,1892,1803,20.855,4790.242,42.83,37.94,41.43,59.21,,2.88,129.20,11.48,20.19,1483,93,26,,,63,,,,,,0,2025-07-25T08:53:09.000+0200,1811,1763,18.812,48.1311517,-1.9530017,40.37,34.40,37.95,54.39,37.8,128,2,,
2025-07-25T08:53:10.531+0200,1893,1803,20.862,4790.250,42.87,37.94,41.43,59.21,,-0.48,129.20,4.26,7.50,550,93,26,,,63,,,,,,0,2025-07-25T08:53:09.000+0200,1812,1764,18.812,48.1311517,-1.9530017,40.37,34.40,37.95,54.39,37.8,128,2,,
2025-07-25T08:53:10.554+0200,1893,1803,20.862,4790.250,42.87,37.94,41.43,59.21,,-0.48,129.20,4.26,7.50,550,93,26,,,63,,,,,,0,2025-07-25T08:53:09.000+0200,1812,1764,18.812,48.1311517,-1.9530017,40.37,34.40,37.95,54.39,37.8,128,2,,
2025-07-25T08:53:11.148+0200,1893,1804,20.869,4790.257,41.97,37.94,41.43,59.21,,-3.47,129.20,5.37,9.59,694,93,26,,,64,,,,,,0,2025-07-25T08:53:10.000+0200,1812,1764,18.823,48.1310850,-1.9528900,40.50,34.40,37.95,54.39,37.6,130,2,,
2025-07-25T08:53:11.172+0200,1893,1804,20.869,4790.257,41.97,37.94,41.43,59.21,,-3.47,129.20,5.37,9.59,694,93,26,,,64,,,,,,0,2025-07-25T08:53:10.000+0200,1812,1764,18.823,48.1310850,-1.9528900,40.50,34.40,37.95,54.39,37.6,130,2,,
2025-07-25T08:53:11.775+0200,1894,1804,20.877,4790.265,42.40,37.94,41.43,59.21,,-0.11,129.20,8.17,14.50,1056,93,26,,,64,,,,,,0,2025-07-25T08:53:11.000+0200,1813,1765,18.834,48.1310200,-1.9527783,38.35,34.40,37.95,54.39,37.4,136,2,,
2025-07-25T08:53:11.798+0200,1894,1804,20.877,4790.265,42.40,37.94,41.43,59.21,,-0.11,129.20,8.17,14.50,1056,93,26,,,64,,,,,,0,2025-07-25T08:53:11.000+0200,1813,1765,18.834,48.1310200,-1.9527783,38.35,34.40,37.95,54.39,37.4,136,2,,
2025-07-25T08:53:12.411+0200,1895,1805,20.884,4790.272,42.40,37.94,41.43,59.21,,-0.72,129.20,8.74,15.50,1129,93,26,,,64,,,,,,0,2025-07-25T08:53:11.000+0200,1814,1766,18.834,48.1310200,-1.9527783,38.35,34.40,37.95,54.39,37.4,136,2,,
2025-07-25T08:53:12.435+0200,1895,1805,20.884,4790.272,42.40,37.94,41.43,59.21,,-0.72,129.20,8.74,15.50,1129,93,26,,,64,,,,,,0,2025-07-25T08:53:11.000+0200,1814,1766,18.834,48.1310200,-1.9527783,38.35,34.40,37.95,54.39,37.4,136,2,,
2025-07-25T08:53:13.008+0200,1895,1806,20.892,4790.279,42.80,37.94,41.43,59.21,,0.00,129.20,9.65,17.00,1247,93,26,,,64,,,,,,0,2025-07-25T08:53:12.000+0200,1814,1766,18.844,48.1309550,-1.9526750,38.46,34.41,37.95,54.39,37.1,134,2,,
2025-07-25T08:53:13.031+0200,1895,1806,20.892,4790.279,42.80,37.94,41.43,59.21,,0.00,129.20,9.65,17.00,1247,93,26,,,64,,,,,,0,2025-07-25T08:53:12.000+0200,1814,1766,18.844,48.1309550,-1.9526750,38.46,34.41,37.95,54.39,37.1,134,2,,
2025-07-25T08:53:13.656+0200,1896,1806,20.899,4790.287,44.02,37.95,41.43,59.21,,3.84,129.00,16.01,27.59,2065,93,26,,,62,,,,,,0,2025-07-25T08:53:13.000+0200,1815,1767,18.855,48.1308867,-1.9525750,39.40,34.41,37.95,54.39,36.7,133,2,,
2025-07-25T08:53:13.679+0200,1896,1806,20.899,4790.287,44.02,37.95,41.43,59.21,,3.84,129.00,16.01,27.59,2065,93,26,,,62,,,,,,0,2025-07-25T08:53:13.000+0200,1815,1767,18.855,48.1308867,-1.9525750,39.40,34.41,37.95,54.39,36.7,133,2,,
2025-07-25T08:53:14.270+0200,1896,1807,20.906,4790.294,45.07,37.95,41.43,59.21,,4.92,128.80,14.29,24.20,1841,93,26,,,61,,,,,,0,2025-07-25T08:53:13.000+0200,1816,1768,18.855,48.1308867,-1.9525750,39.40,34.41,37.95,54.39,36.7,133,2,,
2025-07-25T08:53:14.293+0200,1896,1807,20.906,4790.294,45.07,37.95,41.43,59.21,,4.92,128.80,14.29,24.20,1841,93,26,,,61,,,,,,0,2025-07-25T08:53:13.000+0200,1816,1768,18.855,48.1308867,-1.9525750,39.40,34.41,37.95,54.39,36.7,133,2,,
2025-07-25T08:53:14.892+0200,1897,1808,20.914,4790.302,45.14,37.95,41.43,59.21,,-0.12,128.80,9.34,15.79,1203,93,26,,,61,,,,,,0,2025-07-25T08:53:14.000+0200,1816,1768,18.866,48.1308183,-1.9524667,40.87,34.41,37.95,54.39,36.5,133,2,,
2025-07-25T08:53:14.915+0200,1897,1808,20.914,4790.302,45.14,37.95,41.43,59.21,,-0.12,128.80,9.34,15.79,1203,93,26,,,61,,,,,,0,2025-07-25T08:53:14.000+0200,1816,1768,18.866,48.1308183,-1.9524667,40.87,34.41,37.95,54.39,36.5,133,2,,
2025-07-25T08:53:15.530+0200,1898,1808,20.922,4790.310,45.14,37.95,41.43,59.21,,-0.72,128.89,11.59,19.60,1494,93,26,,,61,,,,,,0,2025-07-25T08:53:14.000+0200,1817,1769,18.866,48.1308183,-1.9524667,40.87,34.41,37.95,54.39,36.5,133,2,,
2025-07-25T08:53:15.550+0200,1898,1808,20.922,4790.310,45.14,37.95,41.43,59.21,,-0.72,128.89,11.59,19.60,1494,93,26,,,61,,,,,,0,2025-07-25T08:53:14.000+0200,1817,1769,18.866,48.1308183,-1.9524667,40.87,34.41,37.95,54.39,36.5,133,2,,
2025-07-25T08:53:16.131+0200,1898,1809,20.930,4790.318,45.14,37.95,41.43,59.21,,0.00,128.89,6.80,11.50,876,93,26,,,61,,,,,,0,2025-07-25T08:53:15.000+0200,1817,1769,18.877,48.1307500,-1.9523600,39.52,34.42,37.95,54.39,36.6,138,2,,
2025-07-25T08:53:16.152+0200,1898,1809,20.930,4790.318,45.14,37.95,41.43,59.21,,0.00,128.89,6.80,11.50,876,93,26,,,61,,,,,,0,2025-07-25T08:53:15.000+0200,1817,1769,18.877,48.1307500,-1.9523600,39.52,34.42,37.95,54.39,36.6,138,2,,
2025-07-25T08:53:16.751+0200,1899,1809,20.938,4790.326,45.46,37.96,41.43,59.21,,1.01,128.80,13.32,22.40,1716,92,26,,,61,,,,,,0,2025-07-25T08:53:16.000+0200,1818,1770,18.888,48.1306750,-1.9522667,38.74,34.42,37.95,54.39,36.3,141,2,,
2025-07-25T08:53:16.775+0200,1899,1809,20.938,4790.326,45.46,37.96,41.43,59.21,,1.01,128.80,13.32,22.40,1716,92,26,,,61,,,,,,0,2025-07-25T08:53:16.000+0200,1818,1770,18.888,48.1306750,-1.9522667,38.74,34.42,37.95,54.39,36.3,141,2,,
2025-07-25T08:53:17.392+0200,1900,1810,20.946,4790.334,47.12,37.96,41.44,59.21,,2.04,128.70,12.22,20.00,1573,92,26,,,60,,,,,,0,2025-07-25T08:53:16.000+0200,1819,1771,18.888,48.1306750,-1.9522667,38.74,34.42,37.95,54.39,36.3,141,2,,
2025-07-25T08:53:17.413+0200,1900,1810,20.946,4790.334,47.12,37.96,41.44,59.21,,2.04,128.70,12.22,20.00,1573,92,26,,,60,,,,,,0,2025-07-25T08:53:16.000+0200,1819,1771,18.888,48.1306750,-1.9522667,38.74,34.42,37.95,54.39,36.3,141,2,,
2025-07-25T08:53:18.012+0200,1900,1811,20.954,4790.342,47.33,37.96,41.44,59.21,,0.60,128.59,13.43,21.90,1727,92,26,,,59,,,,,,0,2025-07-25T08:53:17.000+0200,1819,1771,18.899,48.1306000,-1.9521633,42.49,34.42,37.96,54.39,36.4,136,2,,
2025-07-25T08:53:18.033+0200,1900,1811,20.954,4790.342,47.33,37.96,41.44,59.21,,0.60,128.59,13.43,21.90,1727,92,26,,,59,,,,,,0,2025-07-25T08:53:17.000+0200,1819,1771,18.899,48.1306000,-1.9521633,42.49,34.42,37.96,54.39,36.4,136,2,,
2025-07-25T08:53:18.364+0200,1900,1811,20.958,4790.346,48.24,37.96,41.44,59.21,,2.82,128.59,10.95,17.60,1408,92,26,,,59,,,,,,0,2025-07-25T08:53:17.000+0200,1820,1772,18.899,48.1306000,-1.9521633,42.49,34.42,37.96,54.39,36.4,136,2,,
2025-07-25T08:53:18.951+0200,1901,1812,20.966,4790.354,48.02,37.97,41.44,59.21,,-1.19,128.59,10.29,16.60,1323,92,26,,,59,,,,,,0,2025-07-25T08:53:18.000+0200,1820,1772,18.912,48.1305233,-1.9520467,44.41,34.43,37.96,54.39,36.6,133,2,,
2025-07-25T08:53:18.974+0200,1901,1812,20.966,4790.354,48.02,37.97,41.44,59.21,,-1.19,128.59,10.29,16.60,1323,92,26,,,59,,,,,,0,2025-07-25T08:53:18.000+0200,1820,1772,18.912,48.1305233,-1.9520467,44.41,34.43,37.96,54.39,36.6,133,2,,
2025-07-25T08:53:19.546+0200,1902,1812,20.974,4790.362,48.38,37.97,41.44,59.21,,-1.91,128.70,8.10,13.00,1042,92,26,,,59,,,,,,0,2025-07-25T08:53:18.000+0200,1821,1773,18.912,48.1305233,-1.9520467,44.41,34.43,37.96,54.39,36.6,133,2,,
2025-07-25T08:53:19.570+0200,1902,1812,20.974,4790.362,48.38,37.97,41.44,59.21,,-1.91,128.70,8.10,13.00,1042,92,26,,,59,,,,,,0,2025-07-25T08:53:18.000+0200,1821,1773,18.912,48.1305233,-1.9520467,44.41,34.43,37.96,54.39,36.6,133,2,,
2025-07-25T08:53:20.193+0200,1902,1813,20.983,4790.371,47.44,37.97,41.45,59.21,,-4.05,128.80,9.21,15.00,1186,92,26,,,59,,,,,,0,2025-07-25T08:53:19.000+0200,1822,1774,18.924,48.1304433,-1.9519283,43.97,34.43,37.96,54.39,37.0,134,2,,
2025-07-25T08:53:20.218+0200,1902,1813,20.983,4790.371,47.44,37.97,41.45,59.21,,-4.05,128.80,9.21,15.00,1186,92,26,,,59,,,,,,0,2025-07-25T08:53:19.000+0200,1822,1774,18.924,48.1304433,-1.9519283,43.97,34.43,37.96,54.39,37.0,134,2,,
2025-07-25T08:53:20.812+0200,1903,1814,20.991,4790.379,47.95,37.98,41.45,59.21,,0.48,128.89,9.29,15.00,1197,92,26,,,59,,,,,,0,2025-07-25T08:53:20.000+0200,1822,1774,18.937,48.1303683,-1.9518017,43.47,34.44,37.97,54.39,37.3,134,2,,
2025-07-25T08:53:20.834+0200,1903,1814,20.991,4790.379,47.95,37.98,41.45,59.21,,0.48,128.89,9.29,15.00,1197,92,26,,,59,,,,,,0,2025-07-25T08:53:20.000+0200,1822,1774,18.937,48.1303683,-1.9518017,43.47,34.44,37.97,54.39,37.3,134,2,,
2025-07-25T08:53:21.432+0200,1904,1814,20.999,4790.388,47.41,37.98,41.45,59.21,,-0.84,128.89,11.05,18.00,1424,92,26,,,59,,,,,,0,2025-07-25T08:53:20.000+0200,1823,1775,18.937,48.1303683,-1.9518017,43.47,34.44,37.97,54.39,37.3,134,2,,
2025-07-25T08:53:21.450+0200,1904,1814,20.999,4790.388,47.41,37.98,41.45,59.21,,-0.84,128.89,11.05,18.00,1424,92,26,,,59,,,,,,0,2025-07-25T08:53:20.000+0200,1823,1775,18.937,48.1303683,-1.9518017,43.47,34.44,37.97,54.39,37.3,134,2,,
2025-07-25T08:53:22.050+0200,1904,1815,21.008,4790.396,48.31,37.98,41.45,59.21,,1.91,128.80,11.09,17.79,1428,92,26,,,59,,,,,,0,2025-07-25T08:53:21.000+0200,1823,1775,18.949,48.1302950,-1.9516750,45.17,34.44,37.97,54.39,38.7,131,2,,
2025-07-25T08:53:22.074+0200,1904,1815,21.008,4790.396,48.31,37.98,41.45,59.21,,1.91,128.80,11.09,17.79,1428,92,26,,,59,,,,,,0,2025-07-25T08:53:21.000+0200,1823,1775,18.949,48.1302950,-1.9516750,45.17,34.44,37.97,54.39,38.7,131,2,,
2025-07-25T08:53:22.672+0200,1905,1815,21.016,4790.404,48.16,37.99,41.46,59.21,,1.46,128.70,12.74,20.50,1640,92,26,,,59,,,,,,0,2025-07-25T08:53:22.000+0200,1824,1776,18.962,48.1302267,-1.9515417,44.27,34.45,37.97,54.39,38.7,130,2,,
2025-07-25T08:53:22.693+0200,1905,1815,21.016,4790.404,48.16,37.99,41.46,59.21,,1.46,128.70,12.74,20.50,1640,92,26,,,59,,,,,,0,2025-07-25T08:53:22.000+0200,1824,1776,18.962,48.1302267,-1.9515417,44.27,34.45,37.97,54.39,38.7,130,2,,
2025-07-25T08:53:23.292+0200,1905,1816,21.024,4790.413,49.21,37.99,41.46,59.21,,4.16,128.59,13.21,20.90,1699,92,26,,,58,,,,,,0,2025-07-25T08:53:22.000+0200,1825,1777,18.962,48.1302267,-1.9515417,44.27,34.45,37.97,54.39,38.7,130,2,,
2025-07-25T08:53:23.316+0200,1905,1816,21.024,4790.413,49.21,37.99,41.46,59.21,,4.16,128.59,13.21,20.90,1699,92,26,,,58,,,,,,0,2025-07-25T08:53:22.000+0200,1825,1777,18.962,48.1302267,-1.9515417,44.27,34.45,37.97,54.39,38.7,130,2,,
2025-07-25T08:53:23.936+0200,1906,1817,21.033,4790.421,49.24,37.99,41.46,59.21,,-1.32,128.59,13.40,21.20,1723,92,26,,,58,,,,,,0,2025-07-25T08:53:23.000+0200,1825,1777,18.974,48.1301600,-1.9514133,43.35,34.45,37.98,54.39,38.6,130,2,,
2025-07-25T08:53:23.957+0200,1906,1817,21.033,4790.421,49.24,37.99,41.46,59.21,,-1.32,128.59,13.40,21.20,1723,92,26,,,58,,,,,,0,2025-07-25T08:53:23.000+0200,1825,1777,18.974,48.1301600,-1.9514133,43.35,34.45,37.98,54.39,38.6,130,2,,
2025-07-25T08:53:24.528+0200,1907,1817,21.042,4790.430,50.03,38.00,41.46,59.21,,2.01,128.50,17.22,26.90,2213,92,26,,,57,,,,,,0,2025-07-25T08:53:23.000+0200,1826,1778,18.974,48.1301600,-1.9514133,43.35,34.45,37.98,54.39,38.6,130,2,,
2025-07-25T08:53:24.551+0200,1907,1817,21.042,4790.430,50.03,38.00,41.46,59.21,,2.01,128.50,17.22,26.90,2213,92,26,,,57,,,,,,0,2025-07-25T08:53:23.000+0200,1826,1778,18.974,48.1301600,-1.9514133,43.35,34.45,37.98,54.39,38.6,130,2,,
2025-07-25T08:53:25.191+0200,1907,1818,21.050,4790.438,51.01,38.00,41.47,59.21,,1.02,128.39,13.78,21.20,1769,92,26,,,56,,,,,,0,2025-07-25T08:53:24.000+0200,1826,1778,18.987,48.1300817,-1.9512867,45.39,34.46,37.98,54.39,38.6,133,2,,
2025-07-25T08:53:25.215+0200,1907,1818,21.050,4790.438,51.01,38.00,41.47,59.21,,1.02,128.39,13.78,21.20,1769,92,26,,,56,,,,,,0,2025-07-25T08:53:24.000+0200,1827,1779,18.987,48.1300817,-1.9512867,45.39,34.46,37.98,54.39,38.6,133,2,,
2025-07-25T08:53:25.792+0200,1908,1818,21.059,4790.447,50.97,38.00,41.47,59.21,,0.67,128.39,11.24,17.29,1443,92,26,,,56,,,,,,0,2025-07-25T08:53:25.000+0200,1827,1779,18.999,48.1300050,-1.9511617,45.26,34.46,37.98,54.39,39.5,134,2,,
2025-07-25T08:53:25.814+0200,1908,1819,21.059,4790.447,50.97,38.00,41.47,59.21,,0.67,128.39,11.24,17.29,1443,92,26,,,56,,,,,,0,2025-07-25T08:53:25.000+0200,1827,1779,18.999,48.1300050,-1.9511617,45.26,34.46,37.98,54.39,39.5,134,2,,
2025-07-25T08:53:26.432+0200,1909,1819,21.068,4790.456,50.97,38.01,41.47,59.21,,-0.72,128.50,9.61,14.79,1235,92,26,,,56,,,,,,0,2025-07-25T08:53:25.000+0200,1828,1780,18.999,48.1300050,-1.9511617,45.26,34.46,37.98,54.39,39.5,134,2,,
2025-07-25T08:53:26.454+0200,1909,1819,21.068,4790.456,50.97,38.01,41.47,59.21,,-0.72,128.50,9.61,14.79,1235,92,26,,,56,,,,,,0,2025-07-25T08:53:25.000+0200,1828,1780,18.999,48.1300050,-1.9511617,45.26,34.46,37.98,54.39,39.5,134,2,,
2025-07-25T08:53:27.033+0200,1909,1820,21.077,4790.465,51.19,38.01,41.48,59.21,,1.02,128.59,10.36,15.90,1332,92,26,,,56,,,,,,0,2025-07-25T08:53:26.000+0200,1828,1780,19.012,48.1299250,-1.9510350,46.57,34.47,37.99,54.39,39.3,133,2,,
2025-07-25T08:53:27.058+0200,1909,1820,21.077,4790.465,51.19,38.01,41.48,59.21,,1.02,128.59,10.36,15.90,1332,92,26,,,56,,,,,,0,2025-07-25T08:53:26.000+0200,1828,1780,19.012,48.1299250,-1.9510350,46.57,34.47,37.99,54.39,39.3,133,2,,
2025-07-25T08:53:27.670+0200,1910,1820,21.085,4790.474,51.04,38.02,41.48,59.21,,1.68,128.70,7.02,10.80,903,92,26,,,56,,,,,,0,2025-07-25T08:53:27.000+0200,1829,1781,19.025,48.1298500,-1.9508983,47.11,34.48,37.99,54.39,39.2,131,2,,
2025-07-25T08:53:27.691+0200,1910,1820,21.085,4790.474,51.04,38.02,41.48,59.21,,1.68,128.70,7.02,10.80,903,92,26,,,56,,,,,,0,2025-07-25T08:53:27.000+0200,1829,1781,19.025,48.1298500,-1.9508983,47.11,34.48,37.99,54.39,39.2,131,2,,
2025-07-25T08:53:28.286+0200,1910,1821,21.094,4790.483,49.82,38.02,41.48,59.21,,-1.56,128.80,9.89,15.50,1274,92,26,,,57,,,,,,0,2025-07-25T08:53:27.000+0200,1830,1782,19.025,48.1298500,-1.9508983,47.11,34.48,37.99,54.39,39.2,131,2,,
2025-07-25T08:53:28.311+0200,1910,1821,21.094,4790.483,49.82,38.02,41.48,59.21,,-1.56,128.80,9.89,15.50,1274,92,26,,,57,,,,,,0,2025-07-25T08:53:27.000+0200,1830,1782,19.025,48.1298500,-1.9508983,47.11,34.48,37.99,54.39,39.2,131,2,,
2025-07-25T08:53:28.936+0200,1911,1822,21.103,4790.491,49.78,38.02,41.49,59.21,,-1.45,128.80,8.93,14.00,1150,92,26,,,57,,,,,,0,2025-07-25T08:53:28.000+0200,1830,1782,19.038,48.1297783,-1.9507667,45.97,34.48,38.00,54.39,38.9,131,2,,
2025-07-25T08:53:28.961+0200,1911,1822,21.103,4790.491,49.78,38.02,41.49,59.21,,-1.45,128.80,8.93,14.00,1150,92,26,,,57,,,,,,0,2025-07-25T08:53:28.000+0200,1830,1782,19.038,48.1297783,-1.9507667,45.97,34.48,38.00,54.39,38.9,131,2,,
2025-07-25T08:53:29.531+0200,1912,1822,21.112,4790.500,49.24,38.03,41.49,59.21,,0.00,128.89,10.05,15.90,1295,92,26,,,58,,,,,,0,2025-07-25T08:53:28.000+0200,1831,1783,19.038,48.1297783,-1.9507667,45.97,34.48,38.00,54.39,38.9,131,2,,
2025-07-25T08:53:29.552+0200,1912,1822,21.112,4790.500,49.24,38.03,41.49,59.21,,0.00,128.89,10.05,15.90,1295,92,26,,,58,,,,,,0,2025-07-25T08:53:28.000+0200,1831,1783,19.038,48.1297783,-1.9507667,45.97,34.48,38.00,54.39,38.9,131,2,,
2025-07-25T08:53:30.152+0200,1912,1823,21.120,4790.508,49.21,38.03,41.49,59.21,,2.81,128.89,11.69,18.50,1507,92,26,,,58,,,,,,0,2025-07-25T08:53:29.000+0200,1831,1783,19.051,48.1297083,-1.9506333,45.33,34.49,38.00,54.39,38.7,130,2,,
2025-07-25T08:53:30.176+0200,1912,1823,21.120,4790.508,49.21,38.03,41.49,59.21,,2.81,128.89,11.69,18.50,1507,92,26,,,58,,,,,,0,2025-07-25T08:53:29.000+0200,1831,1783,19.051,48.1297083,-1.9506333,45.33,34.49,38.00,54.39,38.7,130,2,,
2025-07-25T08:53:30.771+0200,1913,1823,21.129,4790.517,50.29,38.04,41.49,59.21,,3.36,128.80,9.19,14.29,1184,92,26,,,57,,,,,,0,2025-07-25T08:53:30.000+0200,1832,1784,19.063,48.1296333,-1.9505083,46.14,34.49,38.01,54.39,38.5,130,2,,
2025-07-25T08:53:30.795+0200,1913,1823,21.129,4790.517,50.29,38.04,41.49,59.21,,3.36,128.80,9.19,14.29,1184,92,26,,,57,,,,,,0,2025-07-25T08:53:30.000+0200,1832,1784,19.063,48.1296333,-1.9505083,46.14,34.49,38.01,54.39,38.5,130,2,,
2025-07-25T08:53:31.389+0200,1914,1824,21.137,4790.526,49.21,38.04,41.50,59.21,,-1.12,128.80,8.47,13.40,1091,92,26,,,58,,,,,,0,2025-07-25T08:53:30.000+0200,1833,1785,19.063,48.1296333,-1.9505083,46.14,34.49,38.01,54.39,38.5,130,2,,
2025-07-25T08:53:31.411+0200,1914,1824,21.137,4790.526,49.21,38.04,41.50,59.21,,-1.12,128.80,8.47,13.40,1091,92,26,,,58,,,,,,0,2025-07-25T08:53:30.000+0200,1833,1785,19.063,48.1296333,-1.9505083,46.14,34.49,38.01,54.39,38.5,130,2,,
2025-07-25T08:53:32.011+0200,1914,1825,21.146,4790.534,48.45,38.04,41.50,59.21,,-1.13,128.80,13.11,21.00,1689,92,26,,,59,,,,,,0,2025-07-25T08:53:31.000+0200,1833,1785,19.075,48.1295617,-1.9503850,43.60,34.50,38.01,54.39,38.8,131,2,,
2025-07-25T08:53:32.035+0200,1914,1825,21.146,4790.534,48.45,38.04,41.50,59.21,,-1.13,128.80,13.11,21.00,1689,92,26,,,59,,,,,,0,2025-07-25T08:53:31.000+0200,1833,1785,19.075,48.1295617,-1.9503850,43.60,34.50,38.01,54.39,38.8,131,2,,
2025-07-25T08:53:32.633+0200,1915,1825,21.154,4790.543,48.96,38.05,41.50,59.21,,-0.90,128.80,11.83,18.79,1524,92,26,,,58,,,,,,0,2025-07-25T08:53:31.000+0200,1834,1786,19.075,48.1295617,-1.9503850,43.60,34.50,38.01,54.39,38.8,131,2,,
2025-07-25T08:53:32.658+0200,1915,1825,21.154,4790.543,48.96,38.05,41.50,59.21,,-0.90,128.80,11.83,18.79,1524,92,26,,,58,,,,,,0,2025-07-25T08:53:31.000+0200,1834,1786,19.075,48.1295617,-1.9503850,43.60,34.50,38.01,54.39,38.8,131,2,,
2025-07-25T08:53:33.254+0200,1915,1826,21.163,4790.551,49.32,38.05,41.50,59.21,,-0.90,128.80,9.05,14.29,1166,92,26,,,58,,,,,,0,2025-07-25T08:53:32.000+0200,1835,1787,19.087,48.1294900,-1.9502650,43.72,34.50,38.01,54.39,38.5,132,2,,
2025-07-25T08:53:33.277+0200,1915,1826,21.163,4790.551,49.32,38.05,41.50,59.21,,-0.90,128.80,9.05,14.29,1166,92,26,,,58,,,,,,0,2025-07-25T08:53:32.000+0200,1835,1787,19.087,48.1294900,-1.9502650,43.72,34.50,38.01,54.39,38.5,132,2,,
2025-07-25T08:53:33.893+0200,1916,1827,21.171,4790.560,50.11,38.05,41.51,59.21,,2.89,128.80,5.77,9.00,743,92,26,,,57,,,,,,0,2025-07-25T08:53:33.000+0200,1835,1787,19.100,48.1294200,-1.9501350,45.01,34.51,38.02,54.39,38.3,131,2,,
2025-07-25T08:53:33.915+0200,1916,1827,21.171,4790.560,50.11,38.05,41.51,59.21,,2.89,128.80,5.77,9.00,743,92,26,,,57,,,,,,0,2025-07-25T08:53:33.000+0200,1835,1787,19.100,48.1294200,-1.9501350,45.01,34.51,38.02,54.39,38.3,131,2,,
2025-07-25T08:53:34.489+0200,1917,1827,21.180,4790.568,49.24,38.06,41.51,59.21,,0.00,128.80,9.80,15.50,1262,92,26,,,58,,,,,,0,2025-07-25T08:53:33.000+0200,1836,1788,19.100,48.1294200,-1.9501350,45.01,34.51,38.02,54.39,38.3,131,2,,
2025-07-25T08:53:34.514+0200,1917,1827,21.180,4790.568,49.24,38.06,41.51,59.21,,0.00,128.80,9.80,15.50,1262,92,26,,,58,,,,,,0,2025-07-25T08:53:33.000+0200,1836,1788,19.100,48.1294200,-1.9501350,45.01,34.51,38.02,54.39,38.3,131,2,,
2025-07-25T08:53:35.133+0200,1917,1828,21.189,4790.577,49.10,38.06,41.51,59.21,,-0.48,128.80,15.14,24.00,1950,92,26,,,58,,,,,,0,2025-07-25T08:53:34.000+0200,1836,1788,19.112,48.1293433,-1.9500083,45.57,34.51,38.02,54.39,38.3,132,2,,
2025-07-25T08:53:35.157+0200,1917,1828,21.189,4790.577,49.10,38.06,41.51,59.21,,-0.48,128.80,15.14,24.00,1950,92,26,,,58,,,,,,0,2025-07-25T08:53:34.000+0200,1836,1788,19.112,48.1293433,-1.9500083,45.57,34.51,38.02,54.39,38.3,132,2,,
2025-07-25T08:53:35.753+0200,1918,1828,21.197,4790.585,49.21,38.06,41.51,59.21,,0.00,128.80,9.35,14.79,1204,92,26,,,58,,,,,,0,2025-07-25T08:53:35.000+0200,1837,1789,19.124,48.1292717,-1.9498883,43.33,34.52,38.03,54.39,38.2,132,2,,
2025-07-25T08:53:35.775+0200,1918,1828,21.197,4790.585,49.21,38.06,41.51,59.21,,0.00,128.80,9.35,14.79,1204,92,26,,,58,,,,,,0,2025-07-25T08:53:35.000+0200,1837,1789,19.124,48.1292717,-1.9498883,43.33,34.52,38.03,54.39,38.2,132,2,,
2025-07-25T08:53:36.374+0200,1918,1829,21.206,4790.594,47.95,38.07,41.52,59.21,,-2.26,128.89,9.35,15.10,1205,92,26,,,59,,,,,,0,2025-07-25T08:53:35.000+0200,1838,1790,19.124,48.1292717,-1.9498883,43.33,34.52,38.03,54.39,38.2,132,2,,
2025-07-25T08:53:36.398+0200,1918,1829,21.206,4790.594,47.95,38.07,41.52,59.21,,-2.26,128.89,9.35,15.10,1205,92,26,,,59,,,,,,0,2025-07-25T08:53:35.000+0200,1838,1790,19.124,48.1292717,-1.9498883,43.33,34.52,38.03,54.39,38.2,132,2,,
2025-07-25T08:53:36.989+0200,1919,1830,21.214,4790.602,48.16,38.07,41.52,59.21,,-1.24,128.89,-0.43,-1.40,-55,92,26,,,59,,,,,,0,2025-07-25T08:53:36.000+0200,1838,1790,19.135,48.1292133,-1.9497700,42.57,34.52,38.03,54.39,38.3,131,2,,
2025-07-25T08:53:37.007+0200,1919,1830,21.214,4790.602,48.16,38.07,41.52,59.21,,-1.24,128.89,-0.43,-1.40,-55,92,26,,,59,,,,,,0,2025-07-25T08:53:36.000+0200,1838,1790,19.135,48.1292133,-1.9497700,42.57,34.52,38.03,54.39,38.3,131,2,,
2025-07-25T08:53:37.612+0200,1920,1830,21.222,4790.611,48.27,38.07,41.52,59.21,,3.27,128.89,10.58,17.00,1364,92,26,,,59,,,,,,0,2025-07-25T08:53:36.000+0200,1839,1791,19.135,48.1292133,-1.9497700,42.57,34.52,38.03,54.39,38.3,131,2,,
2025-07-25T08:53:37.658+0200,1920,1830,21.222,4790.611,48.27,38.07,41.52,59.21,,3.27,128.89,10.58,17.00,1364,92,26,,,59,,,,,,0,2025-07-25T08:53:36.000+0200,1839,1791,19.135,48.1292133,-1.9497700,42.57,34.52,38.03,54.39,38.3,131,2,,
2025-07-25T08:53:38.231+0200,1920,1831,21.231,4790.619,47.69,38.08,41.52,59.21,,1.01,128.89,7.03,11.40,906,92,26,,,59,,,,,,0,2025-07-25T08:53:37.000+0200,1840,1792,19.147,48.1291533,-1.9496467,42.65,34.53,38.03,54.39,38.4,132,2,,
2025-07-25T08:53:38.256+0200,1920,1831,21.231,4790.619,47.69,38.08,41.52,59.21,,1.01,128.89,7.03,11.40,906,92,26,,,59,,,,,,0,2025-07-25T08:53:37.000+0200,1840,1792,19.147,48.1291533,-1.9496467,42.65,34.53,38.03,54.39,38.4,132,2,,
2025-07-25T08:53:38.851+0200,1921,1832,21.239,4790.627,47.19,38.08,41.53,59.21,,-0.11,128.80,11.07,18.10,1426,92,26,,,60,,,,,,0,2025-07-25T08:53:38.000+0200,1840,1792,19.160,48.1290733,-1.9495200,42.97,34.53,38.03,54.39,38.3,134,2,,
2025-07-25T08:53:38.876+0200,1921,1832,21.239,4790.627,47.19,38.08,41.53,59.21,,-0.11,128.80,11.07,18.10,1426,92,26,,,60,,,,,,0,2025-07-25T08:53:38.000+0200,1840,1792,19.160,48.1290733,-1.9495200,42.97,34.53,38.03,54.39,38.3,134,2,,
2025-07-25T08:53:39.470+0200,1922,1832,21.247,4790.635,47.19,38.08,41.53,59.21,,0.00,128.80,11.68,19.10,1504,92,26,,,60,,,,,,0,2025-07-25T08:53:38.000+0200,1841,1793,19.160,48.1290733,-1.9495200,42.97,34.53,38.03,54.39,38.3,134,2,,
2025-07-25T08:53:39.494+0200,1922,1832,21.247,4790.635,47.19,38.08,41.53,59.21,,0.00,128.80,11.68,19.10,1504,92,26,,,60,,,,,,0,2025-07-25T08:53:38.000+0200,1841,1793,19.160,48.1290733,-1.9495200,42.97,34.53,38.03,54.39,38.3,134,2,,
2025-07-25T08:53:40.089+0200,1922,1833,21.256,4790.644,47.16,38.08,41.53,59.21,,-0.11,128.80,7.21,11.80,929,92,26,,,60,,,,,,0,2025-07-25T08:53:39.000+0200,1841,1793,19.172,48.1290033,-1.9493850,42.98,34.53,38.04,54.39,38.1,132,2,,
2025-07-25T08:53:40.110+0200,1922,1833,21.256,4790.644,47.16,38.08,41.53,59.21,,-0.11,128.80,7.21,11.80,929,92,26,,,60,,,,,,0,2025-07-25T08:53:39.000+0200,1841,1793,19.172,48.1290033,-1.9493850,42.98,34.53,38.04,54.39,38.1,132,2,,
2025-07-25T08:53:40.735+0200,1923,1833,21.264,4790.652,46.47,38.09,41.53,59.21,,0.00,128.80,13.90,23.00,1790,92,26,,,60,,,,,,0,2025-07-25T08:53:40.000+0200,1842,1794,19.184,48.1289333,-1.9492717,41.89,34.54,38.04,54.39,38.0,131,2,,
2025-07-25T08:53:40.760+0200,1923,1833,21.264,4790.652,46.47,38.09,41.53,59.21,,0.00,128.80,13.90,23.00,1790,92,26,,,60,,,,,,0,2025-07-25T08:53:40.000+0200,1842,1794,19.184,48.1289333,-1.9492717,41.89,34.54,38.04,54.39,38.0,131,2,,
2025-07-25T08:53:41.358+0200,1923,1834,21.272,4790.660,46.44,38.09,41.53,59.21,,-0.11,128.80,12.32,20.40,1587,92,26,,,60,,,,,,0,2025-07-25T08:53:40.000+0200,1843,1795,19.184,48.1289333,-1.9492717,41.89,34.54,38.04,54.39,38.0,131,2,,
2025-07-25T08:53:41.382+0200,1923,1834,21.272,4790.660,46.44,38.09,41.53,59.21,,-0.11,128.80,12.32,20.40,1587,92,26,,,60,,,,,,0,2025-07-25T08:53:40.000+0200,1843,1795,19.184,48.1289333,-1.9492717,41.89,34.54,38.04,54.39,38.0,131,2,,
2025-07-25T08:53:41.974+0200,1924,1835,21.280,4790.668,45.93,38.09,41.53,59.21,,-2.14,128.70,13.30,22.20,1712,92,26,,,61,,,,,,0,2025-07-25T08:53:41.000+0200,1843,1795,19.195,48.1288833,-1.9491417,42.59,34.54,38.04,54.39,37.6,125,2,,
2025-07-25T08:53:41.998+0200,1924,1835,21.280,4790.668,45.93,38.09,41.53,59.21,,-2.14,128.70,13.30,22.20,1712,92,26,,,61,,,,,,0,2025-07-25T08:53:41.000+0200,1843,1795,19.195,48.1288833,-1.9491417,42.59,34.54,38.04,54.39,37.6,125,2,,
2025-07-25T08:53:42.591+0200,1925,1835,21.288,4790.676,47.16,38.09,41.54,59.21,,1.46,128.50,19.02,31.09,2444,92,26,,,60,,,,,,0,2025-07-25T08:53:41.000+0200,1844,1796,19.195,48.1288833,-1.9491417,42.59,34.54,38.04,54.39,37.6,125,2,,
2025-07-25T08:53:42.617+0200,1925,1835,21.288,4790.676,47.16,38.09,41.54,59.21,,1.46,128.50,19.02,31.09,2444,92,26,,,60,,,,,,0,2025-07-25T08:53:41.000+0200,1844,1796,19.195,48.1288833,-1.9491417,42.59,34.54,38.04,54.39,37.6,125,2,,
2025-07-25T08:53:43.215+0200,1925,1836,21.296,4790.684,48.06,38.10,41.54,59.21,,2.68,128.20,19.17,30.90,2458,92,26,,,59,,,,,,0,2025-07-25T08:53:42.000+0200,1845,1797,19.207,48.1288133,-1.9490200,43.75,34.55,38.04,54.39,37.9,126,2,,
2025-07-25T08:53:43.238+0200,1925,1836,21.296,4790.684,48.06,38.10,41.54,59.21,,2.68,128.20,19.17,30.90,2458,92,26,,,59,,,,,,0,2025-07-25T08:53:42.000+0200,1845,1797,19.207,48.1288133,-1.9490200,43.75,34.55,38.04,54.39,37.9,126,2,,
2025-07-25T08:53:43.847+0200,1926,1837,21.304,4790.692,48.99,38.10,41.54,59.21,,4.32,128.00,21.98,34.89,2813,92,26,,,58,,,,,,0,2025-07-25T08:53:43.000+0200,1845,1797,19.219,48.1287500,-1.9488883,42.85,34.55,38.05,54.39,38.0,126,2,,
2025-07-25T08:53:43.872+0200,1926,1837,21.304,4790.692,48.99,38.10,41.54,59.21,,4.32,128.00,21.98,34.89,2813,92,26,,,58,,,,,,0,2025-07-25T08:53:43.000+0200,1845,1797,19.219,48.1287500,-1.9488883,42.85,34.55,38.05,54.39,38.0,126,2,,
2025-07-25T08:53:44.452+0200,1927,1837,21.313,4790.701,49.32,38.10,41.54,59.21,,0.32,127.89,19.18,30.30,2453,92,26,,,58,,,,,,0,2025-07-25T08:53:43.000+0200,1846,1798,19.219,48.1287500,-1.9488883,42.85,34.55,38.05,54.39,38.0,126,2,,
2025-07-25T08:53:44.475+0200,1927,1837,21.313,4790.701,49.32,38.10,41.54,59.21,,0.32,127.89,19.18,30.30,2453,92,26,,,58,,,,,,0,2025-07-25T08:53:43.000+0200,1846,1798,19.219,48.1287500,-1.9488883,42.85,34.55,38.05,54.39,38.0,126,2,,
2025-07-25T08:53:45.089+0200,1927,1838,21.321,4790.710,49.89,38.11,41.55,59.21,,-1.80,127.80,13.03,20.40,1665,92,26,,,57,,,,,,0,2025-07-25T08:53:44.000+0200,1846,1798,19.231,48.1286917,-1.9487550,44.91,34.56,38.05,54.39,38.2,121,2,,
2025-07-25T08:53:45.113+0200,1927,1838,21.321,4790.710,49.89,38.11,41.55,59.21,,-1.80,127.80,13.03,20.40,1665,92,26,,,57,,,,,,0,2025-07-25T08:53:44.000+0200,1846,1798,19.231,48.1286917,-1.9487550,44.91,34.56,38.05,54.39,38.2,121,2,,
2025-07-25T08:53:45.718+0200,1928,1838,21.330,4790.718,49.28,38.11,41.55,59.21,,-1.44,127.89,10.69,16.90,1367,91,26,,,58,,,,,,0,2025-07-25T08:53:45.000+0200,1847,1799,19.243,48.1286333,-1.9486083,45.64,34.56,38.05,54.39,39.2,116,2,,
2025-07-25T08:53:45.749+0200,1928,1838,21.330,4790.718,49.28,38.11,41.55,59.21,,-1.44,127.89,10.69,16.90,1367,91,26,,,58,,,,,,0,2025-07-25T08:53:45.000+0200,1847,1799,19.243,48.1286333,-1.9486083,45.64,34.56,38.05,54.39,39.2,116,2,,
2025-07-25T08:53:46.331+0200,1928,1839,21.339,4790.727,48.92,38.11,41.55,59.21,,-1.46,128.20,4.46,7.10,572,91,26,,,58,,,,,,0,2025-07-25T08:53:45.000+0200,1848,1800,19.243,48.1286333,-1.9486083,45.64,34.56,38.05,54.39,39.2,116,2,,
2025-07-25T08:53:46.356+0200,1928,1839,21.339,4790.727,48.92,38.11,41.55,59.21,,-1.46,128.20,4.46,7.10,572,91,26,,,58,,,,,,0,2025-07-25T08:53:45.000+0200,1848,1800,19.243,48.1286333,-1.9486083,45.64,34.56,38.05,54.39,39.2,116,2,,
2025-07-25T08:53:46.947+0200,1929,1840,21.347,4790.735,47.23,38.12,41.55,59.21,,-1.69,128.50,-1.07,-3.50,-137,91,26,,,60,,,,,,0,2025-07-25T08:53:46.000+0200,1848,1800,19.256,48.1285817,-1.9484550,46.50,34.57,38.06,54.39,39.4,115,3,,
2025-07-25T08:53:46.971+0200,1929,1840,21.347,4790.735,47.23,38.12,41.55,59.21,,-1.69,128.50,-1.07,-3.50,-137,91,26,,,60,,,,,,0,2025-07-25T08:53:46.000+0200,1848,1800,19.256,48.1285817,-1.9484550,46.50,34.57,38.06,54.39,39.4,115,3,,
2025-07-25T08:53:47.588+0200,1930,1840,21.355,4790.744,45.03,38.12,41.55,59.21,,-1.91,128.89,-2.56,-8.70,-330,91,26,,,62,,,,,,0,2025-07-25T08:53:46.000+0200,1849,1801,19.256,48.1285817,-1.9484550,46.50,34.57,38.06,54.39,39.4,115,3,,
2025-07-25T08:53:47.610+0200,1930,1840,21.355,4790.744,45.03,38.12,41.55,59.21,,-1.91,128.89,-2.56,-8.70,-330,91,26,,,62,,,,,,0,2025-07-25T08:53:46.000+0200,1849,1801,19.256,48.1285817,-1.9484550,46.50,34.57,38.06,54.39,39.4,115,3,,
2025-07-25T08:53:48.210+0200,1930,1841,21.363,4790.751,43.09,38.12,41.56,59.21,,-1.19,129.09,1.76,3.10,227,91,26,,,63,,,,,,0,2025-07-25T08:53:47.000+0200,1850,1802,19.268,48.1285650,-1.9483050,42.23,34.57,38.06,54.39,40.2,99,3,,
2025-07-25T08:53:48.233+0200,1930,1841,21.363,4790.751,43.09,38.12,41.56,59.21,,-1.19,129.09,1.76,3.10,227,91,26,,,63,,,,,,0,2025-07-25T08:53:47.000+0200,1850,1802,19.268,48.1285650,-1.9483050,42.23,34.57,38.06,54.39,40.2,99,3,,
2025-07-25T08:53:48.831+0200,1931,1842,21.371,4790.759,41.90,38.12,41.56,59.21,,-1.90,129.20,3.63,6.50,469,91,26,,,64,,,,,,0,2025-07-25T08:53:48.000+0200,1850,1802,19.278,48.1285333,-1.9481667,39.72,34.57,38.06,54.39,40.6,105,3,,
2025-07-25T08:53:48.855+0200,1931,1842,21.371,4790.759,41.90,38.12,41.56,59.21,,-1.90,129.20,3.63,6.50,469,91,26,,,64,,,,,,0,2025-07-25T08:53:48.000+0200,1850,1802,19.278,48.1285333,-1.9481667,39.72,34.57,38.06,54.39,40.6,105,3,,
2025-07-25T08:53:49.450+0200,1932,1842,21.378,4790.766,41.68,38.12,41.56,59.21,,0.72,129.20,5.29,9.50,683,91,26,,,64,,,,,,0,2025-07-25T08:53:48.000+0200,1851,1803,19.278,48.1285333,-1.9481667,39.72,34.57,38.06,54.39,40.6,105,3,,
2025-07-25T08:53:49.474+0200,1932,1842,21.378,4790.766,41.68,38.12,41.56,59.21,,0.72,129.20,5.29,9.50,683,91,26,,,64,,,,,,0,2025-07-25T08:53:48.000+0200,1851,1803,19.278,48.1285333,-1.9481667,39.72,34.57,38.06,54.39,40.6,105,3,,
2025-07-25T08:53:50.091+0200,1932,1843,21.386,4790.773,41.25,38.13,41.56,59.21,,-3.46,129.20,4.14,7.50,535,91,26,,,65,,,,,,0,2025-07-25T08:53:49.000+0200,1851,1803,19.287,48.1285083,-1.9480533,39.70,34.58,38.06,54.39,41.2,107,3,,
2025-07-25T08:53:50.115+0200,1932,1843,21.386,4790.773,41.25,38.13,41.56,59.21,,-3.46,129.20,4.14,7.50,535,91,26,,,65,,,,,,0,2025-07-25T08:53:49.000+0200,1851,1803,19.287,48.1285083,-1.9480533,39.70,34.58,38.06,54.39,41.2,107,3,,
2025-07-25T08:53:50.691+0200,1933,1843,21.393,4790.780,41.03,38.13,41.56,59.21,,-1.44,129.30,2.14,3.90,277,91,26,,,65,,,,,,0,2025-07-25T08:53:50.000+0200,1852,1804,19.297,48.1284817,-1.9479300,37.30,34.58,38.06,54.39,41.9,104,3,,
2025-07-25T08:53:50.715+0200,1933,1843,21.393,4790.780,41.03,38.13,41.56,59.21,,-1.44,129.30,2.14,3.90,277,91,26,,,65,,,,,,0,2025-07-25T08:53:50.000+0200,1852,1804,19.297,48.1284817,-1.9479300,37.30,34.58,38.06,54.39,41.9,104,3,,
2025-07-25T08:53:51.334+0200,1933,1844,21.400,4790.788,40.89,38.13,41.56,59.21,,-0.36,129.39,5.27,9.59,682,92,26,,,65,,,,,,0,2025-07-25T08:53:50.000+0200,1853,1805,19.297,48.1284817,-1.9479300,37.30,34.58,38.06,54.39,41.9,104,3,,
2025-07-25T08:53:51.357+0200,1933,1844,21.400,4790.788,40.89,38.13,41.56,59.21,,-0.36,129.39,5.27,9.59,682,92,26,,,65,,,,,,0,2025-07-25T08:53:50.000+0200,1853,1805,19.297,48.1284817,-1.9479300,37.30,34.58,38.06,54.39,41.9,104,3,,
2025-07-25T08:53:51.952+0200,1934,1845,21.407,4790.795,42.12,38.13,41.56,59.21,,3.81,129.30,8.24,14.70,1065,92,26,,,64,,,,,,0,2025-07-25T08:53:51.000+0200,1853,1805,19.307,48.1284683,-1.9477983,38.85,34.58,38.06,54.39,42.2,100,3,,
2025-07-25T08:53:51.974+0200,1934,1845,21.407,4790.795,42.12,38.13,41.56,59.21,,3.81,129.30,8.24,14.70,1065,92,26,,,64,,,,,,0,2025-07-25T08:53:51.000+0200,1853,1805,19.307,48.1284683,-1.9477983,38.85,34.58,38.06,54.39,42.2,100,3,,
2025-07-25T08:53:52.571+0200,1935,1845,21.414,4790.802,41.83,38.13,41.56,59.21,,0.68,129.30,4.63,8.30,599,92,26,,,64,,,,,,0,2025-07-25T08:53:51.000+0200,1854,1806,19.307,48.1284683,-1.9477983,38.85,34.58,38.06,54.39,42.2,100,3,,
2025-07-25T08:53:52.587+0200,1935,1845,21.414,4790.802,41.83,38.13,41.56,59.21,,0.68,129.30,4.63,8.30,599,92,26,,,64,,,,,,0,2025-07-25T08:53:51.000+0200,1854,1806,19.307,48.1284683,-1.9477983,38.85,34.58,38.06,54.39,42.2,100,3,,
2025-07-25T08:53:53.190+0200,1935,1846,21.422,4790.809,41.79,38.13,41.56,59.21,,-2.02,129.20,8.31,14.90,1074,92,26,,,64,,,,,,0,2025-07-25T08:53:52.000+0200,1854,1806,19.317,48.1284517,-1.9476583,38.74,34.58,38.06,54.39,42.4,99,3,,
2025-07-25T08:53:53.215+0200,1935,1846,21.422,4790.809,41.79,38.13,41.56,59.21,,-2.02,129.20,8.31,14.90,1074,92,26,,,64,,,,,,0,2025-07-25T08:53:52.000+0200,1855,1807,19.317,48.1284517,-1.9476583,38.74,34.58,38.06,54.39,42.4,99,3,,
2025-07-25T08:53:53.814+0200,1936,1846,21.429,4790.817,42.83,38.13,41.56,59.21,,0.11,129.30,6.76,11.90,874,92,26,,,64,,,,,,0,2025-07-25T08:53:53.000+0200,1855,1807,19.328,48.1284300,-1.9475183,38.30,34.58,38.06,54.39,42.2,101,3,,
2025-07-25T08:53:53.839+0200,1936,1847,21.429,4790.817,42.83,38.13,41.56,59.21,,0.11,129.30,6.76,11.90,874,92,26,,,64,,,,,,0,2025-07-25T08:53:53.000+0200,1855,1807,19.328,48.1284300,-1.9475183,38.30,34.58,38.06,54.39,42.2,101,3,,
2025-07-25T08:53:54.432+0200,1937,1847,21.436,4790.824,43.05,38.13,41.56,59.21,,0.11,129.30,5.36,9.39,693,92,26,,,63,,,,,,0,2025-07-25T08:53:53.000+0200,1856,1808,19.328,48.1284300,-1.9475183,38.30,34.58,38.06,54.39,42.2,101,3,,
2025-07-25T08:53:54.456+0200,1937,1847,21.436,4790.824,43.05,38.13,41.56,59.21,,0.11,129.30,5.36,9.39,693,92,26,,,63,,,,,,0,2025-07-25T08:53:53.000+0200,1856,1808,19.328,48.1284300,-1.9475183,38.30,34.58,38.06,54.39,42.2,101,3,,
2025-07-25T08:53:55.070+0200,1937,1848,21.444,4790.832,43.09,38.13,41.56,59.21,,-2.28,129.30,3.25,5.70,420,92,26,,,63,,,,,,0,2025-07-25T08:53:54.000+0200,1856,1808,19.339,48.1284117,-1.9473767,39.57,34.59,38.06,54.39,41.8,103,3,,
2025-07-25T08:53:55.093+0200,1937,1848,21.444,4790.832,43.09,38.13,41.56,59.21,,-2.28,129.30,3.25,5.70,420,92,26,,,63,,,,,,0,2025-07-25T08:53:54.000+0200,1856,1808,19.339,48.1284117,-1.9473767,39.57,34.59,38.06,54.39,41.8,103,3,,
2025-07-25T08:53:55.695+0200,1938,1848,21.451,4790.839,44.31,38.14,41.56,59.21,,1.56,129.30,4.08,7.00,528,92,26,,,62,,,,,,0,2025-07-25T08:53:55.000+0200,1857,1809,19.350,48.1283867,-1.9472367,39.44,34.59,38.07,54.39,41.9,104,3,,
2025-07-25T08:53:55.717+0200,1938,1848,21.451,4790.839,44.31,38.14,41.56,59.21,,1.56,129.30,4.08,7.00,528,92,26,,,62,,,,,,0,2025-07-25T08:53:55.000+0200,1857,1809,19.350,48.1283867,-1.9472367,39.44,34.59,38.07,54.39,41.9,104,3,,
2025-07-25T08:53:56.290+0200,1938,1849,21.459,4790.847,43.09,38.14,41.56,59.21,,-2.59,129.39,1.48,2.60,191,92,26,,,63,,,,,,0,2025-07-25T08:53:55.000+0200,1858,1810,19.350,48.1283867,-1.9472367,39.44,34.59,38.07,54.39,41.9,104,3,,
2025-07-25T08:53:56.313+0200,1938,1849,21.459,4790.847,43.09,38.14,41.56,59.21,,-2.59,129.39,1.48,2.60,191,92,26,,,63,,,,,,0,2025-07-25T08:53:55.000+0200,1858,1810,19.350,48.1283867,-1.9472367,39.44,34.59,38.07,54.39,41.9,104,3,,
2025-07-25T08:53:56.931+0200,1939,1850,21.466,4790.854,43.09,38.14,41.56,59.21,,0.00,129.39,-0.17,-0.59,-22,92,26,,,63,,,,,,0,2025-07-25T08:53:56.000+0200,1858,1810,19.360,48.1283583,-1.9470983,38.96,34.59,38.07,54.39,41.4,104,3,,
2025-07-25T08:53:56.950+0200,1939,1850,21.466,4790.854,43.09,38.14,41.56,59.21,,0.00,129.39,-0.17,-0.59,-22,92,26,,,63,,,,,,0,2025-07-25T08:53:56.000+0200,1858,1810,19.360,48.1283583,-1.9470983,38.96,34.59,38.07,54.39,41.4,104,3,,
2025-07-25T08:53:57.554+0200,1940,1850,21.474,4790.862,43.09,38.14,41.56,59.21,,0.00,129.50,1.31,2.30,170,92,26,,,63,,,,,,0,2025-07-25T08:53:56.000+0200,1859,1811,19.360,48.1283583,-1.9470983,38.96,34.59,38.07,54.39,41.4,104,3,,
2025-07-25T08:53:57.571+0200,1940,1850,21.474,4790.862,43.09,38.14,41.56,59.21,,0.00,129.50,1.31,2.30,170,92,26,,,63,,,,,,0,2025-07-25T08:53:56.000+0200,1859,1811,19.360,48.1283583,-1.9470983,38.96,34.59,38.07,54.39,41.4,104,3,,
2025-07-25T08:53:58.171+0200,1940,1851,21.481,4790.869,42.98,38.14,41.56,59.21,,-0.24,129.50,2.39,4.19,310,92,25,,,63,,,,,,0,2025-07-25T08:53:57.000+0200,1859,1811,19.371,48.1283283,-1.9469683,37.51,34.59,38.07,54.39,41.0,100,2,,
2025-07-25T08:53:58.189+0200,1940,1851,21.481,4790.869,42.98,38.14,41.56,59.21,,-0.24,129.50,2.39,4.19,310,92,25,,,63,,,,,,0,2025-07-25T08:53:57.000+0200,1859,1811,19.371,48.1283283,-1.9469683,37.51,34.59,38.07,54.39,41.0,100,2,,
2025-07-25T08:53:58.790+0200,1941,1851,21.489,4790.876,43.05,38.14,41.56,59.21,,0.00,129.50,4.10,7.20,531,92,25,,,63,,,,,,0,2025-07-25T08:53:58.000+0200,1860,1812,19.380,48.1283033,-1.9468450,38.78,34.59,38.07,54.39,40.6,101,3,,
2025-07-25T08:53:58.813+0200,1941,1851,21.489,4790.876,43.05,38.14,41.56,59.21,,0.00,129.50,4.10,7.20,531,92,25,,,63,,,,,,0,2025-07-25T08:53:58.000+0200,1860,1812,19.380,48.1283033,-1.9468450,38.78,34.59,38.07,54.39,40.6,101,3,,
2025-07-25T08:53:59.410+0200,1942,1852,21.496,4790.884,43.09,38.15,41.56,59.21,,0.00,129.50,4.73,8.30,613,92,25,,,63,,,,,,0,2025-07-25T08:53:58.000+0200,1861,1813,19.380,48.1283033,-1.9468450,38.78,34.59,38.07,54.39,40.6,101,3,,
2025-07-25T08:53:59.431+0200,1942,1852,21.496,4790.884,43.09,38.15,41.56,59.21,,0.00,129.50,4.73,8.30,613,92,25,,,63,,,,,,0,2025-07-25T08:53:58.000+0200,1861,1813,19.380,48.1283033,-1.9468450,38.78,34.59,38.07,54.39,40.6,101,3,,
2025-07-25T08:54:00.032+0200,1942,1853,21.504,4790.891,43.09,38.15,41.56,59.21,,0.00,129.50,3.31,5.80,429,92,25,,,63,,,,,,0,2025-07-25T08:53:59.000+0200,1861,1813,19.392,48.1282750,-1.9466883,38.24,34.60,38.07,54.39,39.7,103,3,,
2025-07-25T08:54:00.055+0200,1942,1853,21.504,4790.891,43.09,38.15,41.56,59.21,,0.00,129.50,3.31,5.80,429,92,25,,,63,,,,,,0,2025-07-25T08:53:59.000+0200,1861,1813,19.392,48.1282750,-1.9466883,38.24,34.60,38.07,54.39,39.7,103,3,,
2025-07-25T08:54:00.657+0200,1943,1853,21.511,4790.899,42.94,38.15,41.56,59.21,,-0.34,129.50,7.91,13.90,1024,92,25,,,63,,,,,,0,2025-07-25T08:54:00.000+0200,1862,1814,19.405,48.1282333,-1.9465367,39.43,34.60,38.07,54.39,39.8,109,3,,
2025-07-25T08:54:00.681+0200,1943,1853,21.511,4790.899,42.94,38.15,41.56,59.21,,-0.34,129.50,7.91,13.90,1024,92,25,,,63,,,,,,0,2025-07-25T08:54:00.000+0200,1862,1814,19.405,48.1282333,-1.9465367,39.43,34.60,38.07,54.39,39.8,109,3,,
2025-07-25T08:54:01.271+0200,1943,1854,21.519,4790.906,43.09,38.15,41.56,59.21,,0.00,129.39,8.04,14.10,1040,92,25,,,63,,,,,,0,2025-07-25T08:54:00.000+0200,1863,1815,19.405,48.1282333,-1.9465367,39.43,34.60,38.07,54.39,39.8,109,3,,
2025-07-25T08:54:01.294+0200,1943,1854,21.519,4790.906,43.09,38.15,41.56,59.21,,0.00,129.39,8.04,14.10,1040,92,25,,,63,,,,,,0,2025-07-25T08:54:00.000+0200,1863,1815,19.405,48.1282333,-1.9465367,39.43,34.60,38.07,54.39,39.8,109,3,,
2025-07-25T08:54:01.890+0200,1944,1855,21.526,4790.914,44.78,38.15,41.56,59.21,,1.46,129.30,12.87,21.90,1664,92,25,,,62,,,,,,0,2025-07-25T08:54:01.000+0200,1863,1815,19.416,48.1282017,-1.9463883,39.45,34.60,38.07,54.39,39.6,102,3,,
2025-07-25T08:54:01.911+0200,1944,1855,21.526,4790.914,44.78,38.15,41.56,59.21,,1.46,129.30,12.87,21.90,1664,92,25,,,62,,,,,,0,2025-07-25T08:54:01.000+0200,1863,1815,19.416,48.1282017,-1.9463883,39.45,34.60,38.07,54.39,39.6,102,3,,
2025-07-25T08:54:02.510+0200,1945,1855,21.534,4790.922,45.43,38.15,41.56,59.21,,1.01,129.09,5.52,9.30,713,92,25,,,61,,,,,,0,2025-07-25T08:54:01.000+0200,1864,1816,19.416,48.1282017,-1.9463883,39.45,34.60,38.07,54.39,39.6,102,3,,
2025-07-25T08:54:02.531+0200,1945,1855,21.534,4790.922,45.43,38.15,41.56,59.21,,1.01,129.09,5.52,9.30,713,92,25,,,61,,,,,,0,2025-07-25T08:54:01.000+0200,1864,1816,19.416,48.1282017,-1.9463883,39.45,34.60,38.07,54.39,39.6,102,3,,
2025-07-25T08:54:03.155+0200,1945,1856,21.542,4790.930,46.11,38.16,41.57,59.21,,-0.79,129.20,6.79,11.30,877,92,25,,,61,,,,,,0,2025-07-25T08:54:02.000+0200,1864,1816,19.428,48.1281733,-1.9462317,43.05,34.61,38.07,54.39,40.9,106,3,,
2025-07-25T08:54:03.178+0200,1945,1856,21.542,4790.930,46.11,38.16,41.57,59.21,,-0.79,129.20,6.79,11.30,877,92,25,,,61,,,,,,0,2025-07-25T08:54:02.000+0200,1864,1816,19.428,48.1281733,-1.9462317,43.05,34.61,38.07,54.39,40.9,106,3,,
2025-07-25T08:54:03.752+0200,1946,1856,21.550,4790.938,46.22,38.16,41.57,59.21,,1.80,129.20,8.43,14.00,1089,92,25,,,61,,,,,,0,2025-07-25T08:54:03.000+0200,1865,1817,19.440,48.1281383,-1.9460783,44.27,34.61,38.07,54.39,40.9,110,3,,
2025-07-25T08:54:03.771+0200,1946,1856,21.550,4790.938,46.22,38.16,41.57,59.21,,1.80,129.20,8.43,14.00,1089,92,25,,,61,,,,,,0,2025-07-25T08:54:03.000+0200,1865,1817,19.440,48.1281383,-1.9460783,44.27,34.61,38.07,54.39,40.9,110,3,,
2025-07-25T08:54:04.391+0200,1947,1857,21.557,4790.946,46.90,38.16,41.57,59.21,,3.50,129.09,2.74,4.50,354,92,25,,,60,,,,,,0,2025-07-25T08:54:03.000+0200,1866,1818,19.440,48.1281383,-1.9460783,44.27,34.61,38.07,54.39,40.9,110,3,,
2025-07-25T08:54:04.412+0200,1947,1857,21.557,4790.946,46.90,38.16,41.57,59.21,,3.50,129.09,2.74,4.50,354,92,25,,,60,,,,,,0,2025-07-25T08:54:03.000+0200,1866,1818,19.440,48.1281383,-1.9460783,44.27,34.61,38.07,54.39,40.9,110,3,,
2025-07-25T08:54:05.007+0200,1947,1858,21.566,4790.954,47.08,38.16,41.57,59.21,,0.79,129.09,6.10,10.00,787,92,25,,,60,,,,,,0,2025-07-25T08:54:04.000+0200,1866,1818,19.453,48.1281217,-1.9459050,47.64,34.62,38.08,54.39,42.3,104,3,,
2025-07-25T08:54:05.027+0200,1947,1858,21.566,4790.954,47.08,38.16,41.57,59.21,,0.79,129.09,6.10,10.00,787,92,25,,,60,,,,,,0,2025-07-25T08:54:04.000+0200,1866,1818,19.453,48.1281217,-1.9459050,47.64,34.62,38.08,54.39,42.3,104,3,,
2025-07-25T08:54:05.651+0200,1948,1858,21.574,4790.962,47.12,38.17,41.57,59.21,,-0.12,129.09,7.15,11.70,923,92,25,,,60,,,,,,0,2025-07-25T08:54:05.000+0200,1867,1819,19.466,48.1281050,-1.9457383,44.97,34.62,38.08,54.39,42.1,102,3,,
2025-07-25T08:54:05.675+0200,1948,1858,21.574,4790.962,47.12,38.17,41.57,59.21,,-0.12,129.09,7.15,11.70,923,92,25,,,60,,,,,,0,2025-07-25T08:54:05.000+0200,1867,1819,19.466,48.1281050,-1.9457383,44.97,34.62,38.08,54.39,42.1,102,3,,
2025-07-25T08:54:06.272+0200,1948,1859,21.582,4790.970,47.08,38.17,41.57,59.21,,-0.24,129.20,3.78,6.20,488,92,25,,,60,,,,,,0,2025-07-25T08:54:05.000+0200,1868,1820,19.466,48.1281050,-1.9457383,44.97,34.62,38.08,54.39,42.1,102,3,,
2025-07-25T08:54:06.295+0200,1948,1859,21.582,4790.970,47.08,38.17,41.57,59.21,,-0.24,129.20,3.78,6.20,488,92,25,,,60,,,,,,0,2025-07-25T08:54:05.000+0200,1868,1820,19.466,48.1281050,-1.9457383,44.97,34.62,38.08,54.39,42.1,102,3,,
2025-07-25T08:54:06.893+0200,1949,1860,21.590,4790.978,47.12,38.17,41.58,59.21,,-0.12,129.30,4.70,7.70,608,92,25,,,60,,,,,,0,2025-07-25T08:54:06.000+0200,1868,1820,19.478,48.1280867,-1.9455783,43.13,34.63,38.09,54.39,42.8,100,3,,
2025-07-25T08:54:06.915+0200,1949,1860,21.590,4790.978,47.12,38.17,41.58,59.21,,-0.12,129.30,4.70,7.70,608,92,25,,,60,,,,,,0,2025-07-25T08:54:06.000+0200,1868,1820,19.478,48.1280867,-1.9455783,43.13,34.63,38.09,54.39,42.8,100,3,,
2025-07-25T08:54:07.514+0200,1950,1860,21.598,4790.986,47.16,38.18,41.58,59.21,,0.12,129.30,4.03,6.60,521,92,25,,,60,,,,,,0,2025-07-25T08:54:06.000+0200,1869,1821,19.478,48.1280867,-1.9455783,43.13,34.63,38.09,54.39,42.8,100,3,,
2025-07-25T08:54:07.540+0200,1950,1860,21.598,4790.986,47.16,38.18,41.58,59.21,,0.12,129.30,4.03,6.60,521,92,25,,,60,,,,,,0,2025-07-25T08:54:06.000+0200,1869,1821,19.478,48.1280867,-1.9455783,43.13,34.63,38.09,54.39,42.8,100,3,,
2025-07-25T08:54:08.138+0200,1950,1861,21.606,4790.994,47.01,38.18,41.58,59.21,,3.75,129.30,1.64,2.70,212,92,25,,,60,,,,,,0,2025-07-25T08:54:07.000+0200,1869,1821,19.489,48.1280617,-1.9454283,43.20,34.63,38.09,54.39,42.6,98,3,,
2025-07-25T08:54:08.158+0200,1950,1861,21.606,4790.994,47.01,38.18,41.58,59.21,,3.75,129.30,1.64,2.70,212,92,25,,,60,,,,,,0,2025-07-25T08:54:07.000+0200,1869,1821,19.489,48.1280617,-1.9454283,43.20,34.63,38.09,54.39,42.6,98,3,,
2025-07-25T08:54:08.755+0200,1951,1861,21.615,4791.003,45.32,38.18,41.58,59.21,,-3.59,129.50,-4.74,-16.00,-614,92,25,,,61,,,,,,0,2025-07-25T08:54:08.000+0200,1870,1822,19.501,48.1280317,-1.9452733,43.29,34.63,38.09,54.39,42.4,100,3,,
2025-07-25T08:54:08.776+0200,1951,1861,21.615,4791.003,45.32,38.18,41.58,59.21,,-3.59,129.50,-4.74,-16.00,-614,92,25,,,61,,,,,,0,2025-07-25T08:54:08.000+0200,1870,1822,19.501,48.1280317,-1.9452733,43.29,34.63,38.09,54.39,42.4,100,3,,
2025-07-25T08:54:09.379+0200,1952,1862,21.623,4791.011,44.89,38.18,41.58,59.21,,-0.79,129.70,-2.00,-6.80,-259,92,25,,,62,,,,,,0,2025-07-25T08:54:08.000+0200,1871,1823,19.501,48.1280317,-1.9452733,43.29,34.63,38.09,54.39,42.4,100,3,,
2025-07-25T08:54:09.404+0200,1952,1862,21.623,4791.011,44.89,38.18,41.58,59.21,,-0.79,129.70,-2.00,-6.80,-259,92,25,,,62,,,,,,0,2025-07-25T08:54:08.000+0200,1871,1823,19.501,48.1280317,-1.9452733,43.29,34.63,38.09,54.39,42.4,100,3,,
2025-07-25T08:54:09.991+0200,1952,1863,21.630,4791.018,43.27,38.18,41.58,59.21,,-3.59,129.89,-1.40,-4.90,-182,92,25,,,63,,,,,,0,2025-07-25T08:54:09.000+0200,1871,1823,19.513,48.1280000,-1.9451217,41.89,34.64,38.09,54.39,42.4,100,2,,
2025-07-25T08:54:10.013+0200,1952,1863,21.630,4791.018,43.27,38.18,41.58,59.21,,-3.59,129.89,-1.40,-4.90,-182,92,25,,,63,,,,,,0,2025-07-25T08:54:09.000+0200,1871,1823,19.513,48.1280000,-1.9451217,41.89,34.64,38.09,54.39,42.4,100,2,,
2025-07-25T08:54:10.630+0200,1953,1863,21.638,4791.026,41.83,38.19,41.58,59.21,,-3.95,130.00,-0.27,-1.00,-35,92,25,,,65,,,,,,0,2025-07-25T08:54:09.000+0200,1872,1824,19.513,48.1280000,-1.9451217,41.89,34.64,38.09,54.39,42.4,100,2,,
2025-07-25T08:54:10.655+0200,1953,1863,21.638,4791.026,41.83,38.19,41.58,59.21,,-3.95,130.00,-0.27,-1.00,-35,92,25,,,65,,,,,,0,2025-07-25T08:54:09.000+0200,1872,1824,19.513,48.1280000,-1.9451217,41.89,34.64,38.09,54.39,42.4,100,2,,
2025-07-25T08:54:11.251+0200,1953,1864,21.646,4791.033,41.03,38.19,41.58,59.21,,-3.96,130.09,-2.11,-7.70,-274,92,25,,,65,,,,,,0,2025-07-25T08:54:10.000+0200,1873,1825,19.525,48.1279817,-1.9449733,38.46,34.64,38.09,54.39,42.8,104,2,,
2025-07-25T08:54:11.275+0200,1953,1864,21.646,4791.033,41.03,38.19,41.58,59.21,,-3.96,130.09,-2.11,-7.70,-274,92,25,,,65,,,,,,0,2025-07-25T08:54:10.000+0200,1873,1825,19.525,48.1279817,-1.9449733,38.46,34.64,38.09,54.39,42.8,104,2,,
2025-07-25T08:54:11.851+0200,1954,1865,21.653,4791.040,40.42,38.19,41.58,59.21,,-1.68,130.20,-0.40,-1.50,-52,92,25,,,66,,,,,,0,2025-07-25T08:54:11.000+0200,1873,1825,19.535,48.1279583,-1.9448383,36.51,34.64,38.09,54.39,42.9,105,2,,
2025-07-25T08:54:11.876+0200,1954,1865,21.653,4791.040,40.42,38.19,41.58,59.21,,-1.68,130.20,-0.40,-1.50,-52,92,25,,,66,,,,,,0,2025-07-25T08:54:11.000+0200,1873,1825,19.535,48.1279583,-1.9448383,36.51,34.64,38.09,54.39,42.9,105,2,,
2025-07-25T08:54:12.493+0200,1955,1865,21.660,4791.047,39.20,38.19,41.58,59.21,,-3.84,130.20,-1.62,-6.10,-211,92,25,,,67,,,,,,0,2025-07-25T08:54:11.000+0200,1874,1826,19.535,48.1279583,-1.9448383,36.51,34.64,38.09,54.39,42.9,105,2,,
2025-07-25T08:54:12.517+0200,1955,1865,21.660,4791.047,39.20,38.19,41.58,59.21,,-3.84,130.20,-1.62,-6.10,-211,92,25,,,67,,,,,,0,2025-07-25T08:54:11.000+0200,1874,1826,19.535,48.1279583,-1.9448383,36.51,34.64,38.09,54.39,42.9,105,2,,
2025-07-25T08:54:13.114+0200,1955,1866,21.667,4791.054,38.98,38.19,41.58,59.21,,0.00,130.30,-4.98,-18.79,-649,92,25,,,67,,,,,,0,2025-07-25T08:54:12.000+0200,1874,1826,19.545,48.1279317,-1.9447150,37.35,34.64,38.09,54.39,42.5,102,2,,
2025-07-25T08:54:13.138+0200,1955,1866,21.667,4791.054,38.98,38.19,41.58,59.21,,0.00,130.30,-4.98,-18.79,-649,92,25,,,67,,,,,,0,2025-07-25T08:54:12.000+0200,1874,1826,19.545,48.1279317,-1.9447150,37.35,34.64,38.09,54.39,42.5,102,2,,
2025-07-25T08:54:13.733+0200,1956,1866,21.674,4791.061,35.67,38.19,41.58,59.21,,-4.40,130.50,-6.28,-25.30,-820,92,25,,,70,,,,,,0,2025-07-25T08:54:13.000+0200,1875,1827,19.555,48.1279133,-1.9445800,32.02,34.64,38.09,54.39,42.5,99,2,,
2025-07-25T08:54:13.755+0200,1956,1866,21.674,4791.061,35.67,38.19,41.58,59.21,,-4.40,130.50,-6.28,-25.30,-820,92,25,,,70,,,,,,0,2025-07-25T08:54:13.000+0200,1875,1827,19.555,48.1279133,-1.9445800,32.02,34.64,38.09,54.39,42.5,99,2,,
2025-07-25T08:54:14.350+0200,1956,1867,21.680,4791.067,33.94,38.19,41.58,59.21,,-2.93,130.59,-4.81,-20.10,-628,93,25,,,71,,,,,,0,2025-07-25T08:54:13.000+0200,1876,1828,19.555,48.1279133,-1.9445800,32.02,34.64,38.09,54.39,42.5,99,2,,
2025-07-25T08:54:14.375+0200,1956,1867,21.680,4791.067,33.94,38.19,41.58,59.21,,-2.93,130.59,-4.81,-20.10,-628,93,25,,,71,,,,,,0,2025-07-25T08:54:13.000+0200,1876,1828,19.555,48.1279133,-1.9445800,32.02,34.64,38.09,54.39,42.5,99,2,,
2025-07-25T08:54:14.972+0200,1957,1868,21.686,4791.073,32.03,38.18,41.57,59.21,,-2.64,130.70,-4.74,-20.60,-620,93,25,,,73,,,,,,0,2025-07-25T08:54:14.000+0200,1876,1828,19.563,48.1278983,-1.9444717,31.91,34.64,38.09,54.39,42.2,103,2,,
2025-07-25T08:54:14.994+0200,1957,1868,21.686,4791.073,32.03,38.18,41.57,59.21,,-2.64,130.70,-4.74,-20.60,-620,93,25,,,73,,,,,,0,2025-07-25T08:54:14.000+0200,1876,1828,19.563,48.1278983,-1.9444717,31.91,34.64,38.09,54.39,42.2,103,2,,
2025-07-25T08:54:15.613+0200,1958,1868,21.692,4791.078,30.41,38.18,41.57,59.21,,-1.20,130.70,-6.50,-29.30,-850,93,25,,,74,,,,,,0,2025-07-25T08:54:14.000+0200,1877,1829,19.563,48.1278983,-1.9444717,31.91,34.64,38.09,54.39,42.2,103,2,,
2025-07-25T08:54:15.633+0200,1958,1868,21.692,4791.078,30.41,38.18,41.57,59.21,,-1.20,130.70,-6.50,-29.30,-850,93,25,,,74,,,,,,0,2025-07-25T08:54:14.000+0200,1877,1829,19.563,48.1278983,-1.9444717,31.91,34.64,38.09,54.39,42.2,103,2,,
2025-07-25T08:54:16.236+0200,1958,1869,21.697,4791.084,26.96,38.18,41.57,59.21,,-5.88,130.80,-4.87,-23.80,-637,93,25,,,77,,,,,,0,2025-07-25T08:54:15.000+0200,1878,1830,19.571,48.1278833,-1.9443650,28.86,34.64,38.08,54.39,42.7,101,2,,
2025-07-25T08:54:16.260+0200,1958,1869,21.697,4791.084,26.96,38.18,41.57,59.21,,-5.88,130.80,-4.87,-23.80,-637,93,25,,,77,,,,,,0,2025-07-25T08:54:15.000+0200,1878,1830,19.571,48.1278833,-1.9443650,28.86,34.64,38.08,54.39,42.7,101,2,,
2025-07-25T08:54:16.852+0200,1959,1870,21.702,4791.088,24.62,38.18,41.56,59.21,,-5.11,130.89,-4.78,-24.80,-626,93,25,,,79,,,,,,0,2025-07-25T08:54:16.000+0200,1878,1830,19.578,48.1278733,-1.9442733,23.87,34.63,38.07,54.39,42.8,99,2,,
2025-07-25T08:54:16.876+0200,1959,1870,21.702,4791.088,24.62,38.18,41.56,59.21,,-5.11,130.89,-4.78,-24.80,-626,93,25,,,79,,,,,,0,2025-07-25T08:54:16.000+0200,1878,1830,19.578,48.1278733,-1.9442733,23.87,34.63,38.07,54.39,42.8,99,2,,
2025-07-25T08:54:17.473+0200,1960,1870,21.707,4791.093,23.61,38.17,41.56,59.21,,-0.12,130.80,0.30,0.79,39,93,25,,,80,,,,,,0,2025-07-25T08:54:16.000+0200,1879,1831,19.578,48.1278733,-1.9442733,23.87,34.63,38.07,54.39,42.8,99,2,,
2025-07-25T08:54:17.498+0200,1960,1870,21.707,4791.093,23.61,38.17,41.56,59.21,,-0.12,130.80,0.30,0.79,39,93,25,,,80,,,,,,0,2025-07-25T08:54:16.000+0200,1879,1831,19.578,48.1278733,-1.9442733,23.87,34.63,38.07,54.39,42.8,99,2,,
2025-07-25T08:54:18.094+0200,1960,1871,21.711,4791.097,23.68,38.17,41.55,59.21,,0.79,130.70,-5.03,-26.70,-657,93,25,,,80,,,,,,0,2025-07-25T08:54:17.000+0200,1879,1831,19.584,48.1278717,-1.9441967,21.87,34.63,38.06,54.39,42.9,90,2,,
2025-07-25T08:54:18.119+0200,1960,1871,21.711,4791.097,23.68,38.17,41.55,59.21,,0.79,130.70,-5.03,-26.70,-657,93,25,,,80,,,,,,0,2025-07-25T08:54:17.000+0200,1879,1831,19.584,48.1278717,-1.9441967,21.87,34.63,38.06,54.39,42.9,90,2,,
2025-07-25T08:54:18.721+0200,1961,1871,21.715,4791.101,21.31,38.16,41.54,59.21,,-1.56,130.70,-1.12,-6.39,-146,93,25,,,82,,,,,,0,2025-07-25T08:54:18.000+0200,1880,1832,19.589,48.1278733,-1.9441200,19.78,34.62,38.05,54.39,43.3,91,2,,
2025-07-25T08:54:18.745+0200,1961,1871,21.715,4791.101,21.31,38.16,41.54,59.21,,-1.56,130.70,-1.12,-6.39,-146,93,25,,,82,,,,,,0,2025-07-25T08:54:18.000+0200,1880,1832,19.589,48.1278733,-1.9441200,19.78,34.62,38.05,54.39,43.3,91,2,,
2025-07-25T08:54:19.333+0200,1961,1872,21.719,4791.105,20.77,38.16,41.54,59.21,,-2.25,130.59,0.69,2.00,90,93,25,,,82,,,,,,0,2025-07-25T08:54:18.000+0200,1881,1833,19.589,48.1278733,-1.9441200,19.78,34.62,38.05,54.39,43.3,91,2,,
2025-07-25T08:54:19.355+0200,1961,1872,21.719,4791.105,20.77,38.16,41.54,59.21,,-2.25,130.59,0.69,2.00,90,93,25,,,82,,,,,,0,2025-07-25T08:54:18.000+0200,1881,1833,19.589,48.1278733,-1.9441200,19.78,34.62,38.05,54.39,43.3,91,2,,
2025-07-25T08:54:19.976+0200,1962,1873,21.722,4791.108,21.81,38.15,41.53,59.21,,1.93,130.39,3.47,9.70,452,93,25,,,82,,,,,,0,2025-07-25T08:54:19.000+0200,1881,1833,19.594,48.1278700,-1.9440617,19.03,34.61,38.04,54.39,43.6,94,2,,
2025-07-25T08:54:20.000+0200,1962,1873,21.722,4791.108,21.81,38.15,41.53,59.21,,1.93,130.39,3.47,9.70,452,93,25,,,82,,,,,,0,2025-07-25T08:54:19.000+0200,1881,1833,19.594,48.1278700,-1.9440617,19.03,34.61,38.04,54.39,43.6,94,2,,
2025-07-25T08:54:20.591+0200,1963,1873,21.726,4791.112,22.28,38.15,41.52,59.21,,-0.84,130.30,3.22,8.89,420,93,25,,,81,,,,,,0,2025-07-25T08:54:19.000+0200,1882,1834,19.594,48.1278700,-1.9440617,19.03,34.61,38.04,54.39,43.6,94,2,,
2025-07-25T08:54:20.616+0200,1963,1873,21.726,4791.112,22.28,38.15,41.52,59.21,,-0.84,130.30,3.22,8.89,420,93,25,,,81,,,,,,0,2025-07-25T08:54:19.000+0200,1882,1834,19.594,48.1278700,-1.9440617,19.03,34.61,38.04,54.39,43.6,94,2,,
2025-07-25T08:54:21.192+0200,1963,1874,21.730,4791.116,24.33,38.14,41.52,59.21,,4.04,130.09,6.51,17.00,847,93,25,,,79,,,,,,0,2025-07-25T08:54:20.000+0200,1882,1834,19.599,48.1278600,-1.9439933,21.81,34.60,38.03,54.39,43.1,106,2,,
2025-07-25T08:54:21.215+0200,1963,1874,21.730,4791.116,24.33,38.14,41.52,59.21,,4.04,130.09,6.51,17.00,847,93,25,,,79,,,,,,0,2025-07-25T08:54:20.000+0200,1882,1834,19.599,48.1278600,-1.9439933,21.81,34.60,38.03,54.39,43.1,106,2,,
2025-07-25T08:54:21.845+0200,1964,1875,21.734,4791.120,22.78,38.14,41.51,59.21,,-3.01,130.09,1.83,5.00,238,93,25,,,81,,,,,,0,2025-07-25T08:54:21.000+0200,1883,1835,19.605,48.1278417,-1.9439200,17.98,34.60,38.02,54.39,42.8,102,2,,
2025-07-25T08:54:21.866+0200,1964,1875,21.734,4791.120,22.78,38.14,41.51,59.21,,-3.01,130.09,1.83,5.00,238,93,25,,,81,,,,,,0,2025-07-25T08:54:21.000+0200,1883,1835,19.605,48.1278417,-1.9439200,17.98,34.60,38.02,54.39,42.8,102,2,,
2025-07-25T08:54:22.454+0200,1965,1875,21.738,4791.124,23.25,38.13,41.50,59.21,,0.84,130.09,0.40,1.10,52,93,25,,,80,,,,,,0,2025-07-25T08:54:21.000+0200,1884,1836,19.605,48.1278417,-1.9439200,17.98,34.60,38.02,54.39,42.8,102,2,,
2025-07-25T08:54:22.479+0200,1965,1875,21.738,4791.124,23.25,38.13,41.50,59.21,,0.84,130.09,0.40,1.10,52,93,25,,,80,,,,,,0,2025-07-25T08:54:21.000+0200,1884,1836,19.605,48.1278417,-1.9439200,17.98,34.60,38.02,54.39,42.8,102,2,,
2025-07-25T08:54:23.074+0200,1965,1876,21.742,4791.128,23.47,38.13,41.50,59.21,,2.39,130.00,9.70,25.90,1261,93,25,,,80,,,,,,0,2025-07-25T08:54:22.000+0200,1884,1836,19.610,48.1278217,-1.9438583,18.02,34.59,38.01,54.39,42.3,110,2,,
2025-07-25T08:54:23.098+0200,1965,1876,21.742,4791.128,23.47,38.13,41.50,59.21,,2.39,130.00,9.70,25.90,1261,93,25,,,80,,,,,,0,2025-07-25T08:54:22.000+0200,1884,1836,19.610,48.1278217,-1.9438583,18.02,34.59,38.01,54.39,42.3,110,2,,
2025-07-25T08:54:23.691+0200,1966,1876,21.746,4791.132,24.83,38.12,41.49,59.21,,4.80,129.70,12.97,33.39,1682,93,25,,,79,,,,,,0,2025-07-25T08:54:23.000+0200,1885,1837,19.615,48.1278133,-1.9437883,19.94,34.58,38.00,54.39,41.5,97,2,,
2025-07-25T08:54:23.709+0200,1966,1876,21.746,4791.132,24.83,38.12,41.49,59.21,,4.80,129.70,12.97,33.39,1682,93,25,,,79,,,,,,0,2025-07-25T08:54:23.000+0200,1885,1837,19.615,48.1278133,-1.9437883,19.94,34.58,38.00,54.39,41.5,97,2,,
2025-07-25T08:54:24.310+0200,1966,1877,21.750,4791.137,27.64,38.12,41.49,59.21,,3.14,129.50,11.91,28.59,1542,93,25,,,76,,,,,,0,2025-07-25T08:54:23.000+0200,1886,1838,19.615,48.1278133,-1.9437883,19.94,34.58,38.00,54.39,41.5,97,2,,
2025-07-25T08:54:24.333+0200,1966,1877,21.750,4791.137,27.64,38.12,41.49,59.21,,3.14,129.50,11.91,28.59,1542,93,25,,,76,,,,,,0,2025-07-25T08:54:23.000+0200,1886,1838,19.615,48.1278133,-1.9437883,19.94,34.58,38.00,54.39,41.5,97,2,,
2025-07-25T08:54:24.930+0200,1967,1878,21.755,4791.142,29.41,38.12,41.48,59.21,,6.08,129.39,10.28,23.70,1330,93,25,,,75,,,,,,0,2025-07-25T08:54:24.000+0200,1886,1838,19.622,48.1278083,-1.9437017,24.31,34.58,38.00,54.39,40.8,92,3,,
2025-07-25T08:54:24.949+0200,1967,1878,21.755,4791.142,29.41,38.12,41.48,59.21,,6.08,129.39,10.28,23.70,1330,93,25,,,75,,,,,,0,2025-07-25T08:54:24.000+0200,1886,1838,19.622,48.1278083,-1.9437017,24.31,34.58,38.00,54.39,40.8,92,3,,
2025-07-25T08:54:25.550+0200,1968,1878,21.760,4791.147,30.74,38.12,41.48,59.21,,1.58,129.30,13.91,31.09,1799,93,25,,,74,,,,,,0,2025-07-25T08:54:24.000+0200,1887,1839,19.622,48.1278083,-1.9437017,24.31,34.58,38.00,54.39,40.8,92,3,,
2025-07-25T08:54:25.573+0200,1968,1878,21.760,4791.147,30.74,38.12,41.48,59.21,,1.58,129.30,13.91,31.09,1799,93,25,,,74,,,,,,0,2025-07-25T08:54:24.000+0200,1887,1839,19.622,48.1278083,-1.9437017,24.31,34.58,38.00,54.39,40.8,92,3,,
2025-07-25T08:54:26.187+0200,1968,1879,21.765,4791.152,33.30,38.11,41.48,59.21,,4.41,129.09,14.47,30.59,1868,93,25,,,72,,,,,,0,2025-07-25T08:54:25.000+0200,1887,1839,19.629,48.1277983,-1.9436033,26.08,34.57,37.99,54.39,40.3,96,3,,
2025-07-25T08:54:26.209+0200,1968,1879,21.765,4791.152,33.30,38.11,41.48,59.21,,4.41,129.09,14.47,30.59,1868,93,25,,,72,,,,,,0,2025-07-25T08:54:25.000+0200,1887,1839,19.629,48.1277983,-1.9436033,26.08,34.57,37.99,54.39,40.3,96,3,,
2025-07-25T08:54:26.811+0200,1969,1879,21.771,4791.158,34.84,38.11,41.47,59.21,,3.83,128.89,13.62,27.90,1755,93,25,,,70,,,,,,0,2025-07-25T08:54:26.000+0200,1888,1840,19.637,48.1277750,-1.9434983,30.03,34.57,37.98,54.39,39.4,99,3,,
2025-07-25T08:54:26.831+0200,1969,1879,21.771,4791.158,34.84,38.11,41.47,59.21,,3.83,128.89,13.62,27.90,1755,93,25,,,70,,,,,,0,2025-07-25T08:54:26.000+0200,1888,1840,19.637,48.1277750,-1.9434983,30.03,34.57,37.98,54.39,39.4,99,3,,
2025-07-25T08:54:27.430+0200,1970,1880,21.777,4791.164,36.03,38.11,41.47,59.21,,-1.57,128.70,15.31,30.59,1970,93,25,,,69,,,,,,0,2025-07-25T08:54:26.000+0200,1889,1841,19.637,48.1277750,-1.9434983,30.03,34.57,37.98,54.39,39.4,99,3,,
2025-07-25T08:54:27.453+0200,1970,1880,21.777,4791.164,36.03,38.11,41.47,59.21,,-1.57,128.70,15.31,30.59,1970,93,25,,,69,,,,,,0,2025-07-25T08:54:26.000+0200,1889,1841,19.637,48.1277750,-1.9434983,30.03,34.57,37.98,54.39,39.4,99,3,,
2025-07-25T08:54:28.052+0200,1970,1881,21.783,4791.170,38.80,38.11,41.47,59.21,,5.29,128.59,16.58,31.40,2132,93,26,,,67,,,,,,0,2025-07-25T08:54:27.000+0200,1889,1841,19.646,48.1277600,-1.9433783,32.38,34.57,37.98,54.39,38.2,104,3,,
2025-07-25T08:54:28.075+0200,1970,1881,21.783,4791.170,38.80,38.11,41.47,59.21,,5.29,128.59,16.58,31.40,2132,93,26,,,67,,,,,,0,2025-07-25T08:54:27.000+0200,1889,1841,19.646,48.1277600,-1.9433783,32.38,34.57,37.98,54.39,38.2,104,3,,
2025-07-25T08:54:28.669+0200,1971,1881,21.790,4791.177,39.99,38.11,41.47,59.21,,3.26,128.39,18.79,34.80,2412,93,26,,,66,,,,,,0,2025-07-25T08:54:28.000+0200,1890,1842,19.657,48.1277283,-1.9432517,36.59,34.57,37.98,54.39,36.7,105,3,,
2025-07-25T08:54:28.691+0200,1971,1881,21.790,4791.177,39.99,38.11,41.47,59.21,,3.26,128.39,18.79,34.80,2412,93,26,,,66,,,,,,0,2025-07-25T08:54:28.000+0200,1890,1842,19.657,48.1277283,-1.9432517,36.59,34.57,37.98,54.39,36.7,105,3,,
2025-07-25T08:54:29.309+0200,1971,1882,21.796,4791.184,42.19,38.11,41.47,59.21,,2.03,128.30,18.88,33.59,2422,93,26,,,64,,,,,,0,2025-07-25T08:54:28.000+0200,1891,1843,19.657,48.1277283,-1.9432517,36.59,34.57,37.98,54.39,36.7,105,3,,
2025-07-25T08:54:29.330+0200,1971,1882,21.796,4791.184,42.19,38.11,41.47,59.21,,2.03,128.30,18.88,33.59,2422,93,26,,,64,,,,,,0,2025-07-25T08:54:28.000+0200,1891,1843,19.657,48.1277283,-1.9432517,36.59,34.57,37.98,54.39,36.7,105,3,,
2025-07-25T08:54:29.933+0200,1972,1883,21.804,4791.191,43.88,38.12,41.47,59.21,,-0.79,128.20,14.47,25.00,1855,93,26,,,62,,,,,,0,2025-07-25T08:54:29.000+0200,1891,1843,19.668,48.1276933,-1.9431100,38.66,34.57,37.98,54.39,35.9,103,3,,
2025-07-25T08:54:29.956+0200,1972,1883,21.804,4791.191,43.88,38.12,41.47,59.21,,-0.79,128.20,14.47,25.00,1855,93,26,,,62,,,,,,0,2025-07-25T08:54:29.000+0200,1891,1843,19.668,48.1276933,-1.9431100,38.66,34.57,37.98,54.39,35.9,103,3,,
2025-07-25T08:54:30.550+0200,1973,1883,21.811,4791.199,44.78,38.12,41.47,59.21,,3.60,128.30,12.81,21.80,1644,93,26,,,62,,,,,,0,2025-07-25T08:54:29.000+0200,1892,1844,19.668,48.1276933,-1.9431100,38.66,34.57,37.98,54.39,35.9,103,3,,
2025-07-25T08:54:30.572+0200,1973,1883,21.811,4791.199,44.78,38.12,41.47,59.21,,3.60,128.30,12.81,21.80,1644,93,26,,,62,,,,,,0,2025-07-25T08:54:29.000+0200,1892,1844,19.668,48.1276933,-1.9431100,38.66,34.57,37.98,54.39,35.9,103,3,,
2025-07-25T08:54:31.169+0200,1973,1884,21.819,4791.207,44.24,38.12,41.47,59.21,,-0.90,128.39,9.84,16.90,1263,93,26,,,62,,,,,,0,2025-07-25T08:54:30.000+0200,1892,1844,19.679,48.1276650,-1.9429667,39.53,34.57,37.98,54.39,35.7,106,3,,
2025-07-25T08:54:31.191+0200,1973,1884,21.819,4791.207,44.24,38.12,41.47,59.21,,-0.90,128.39,9.84,16.90,1263,93,26,,,62,,,,,,0,2025-07-25T08:54:30.000+0200,1892,1844,19.679,48.1276650,-1.9429667,39.53,34.57,37.98,54.39,35.7,106,3,,
2025-07-25T08:54:31.791+0200,1974,1884,21.827,4791.214,44.78,38.12,41.48,59.21,,-1.02,128.50,5.11,8.70,657,93,26,,,62,,,,,,0,2025-07-25T08:54:31.000+0200,1893,1845,19.690,48.1276450,-1.9428267,38.83,34.58,37.98,54.39,35.2,97,3,,
2025-07-25T08:54:31.815+0200,1974,1884,21.827,4791.214,44.78,38.12,41.48,59.21,,-1.02,128.50,5.11,8.70,657,93,26,,,62,,,,,,0,2025-07-25T08:54:31.000+0200,1893,1845,19.690,48.1276450,-1.9428267,38.83,34.58,37.98,54.39,35.2,97,3,,
2025-07-25T08:54:32.413+0200,1975,1885,21.834,4791.222,44.74,38.12,41.48,59.21,,2.47,128.70,7.63,13.00,982,93,26,,,62,,,,,,0,2025-07-25T08:54:31.000+0200,1894,1846,19.690,48.1276450,-1.9428267,38.83,34.58,37.98,54.39,35.2,97,3,,
2025-07-25T08:54:32.435+0200,1975,1885,21.834,4791.222,44.74,38.12,41.48,59.21,,2.47,128.70,7.63,13.00,982,93,26,,,62,,,,,,0,2025-07-25T08:54:31.000+0200,1894,1846,19.690,48.1276450,-1.9428267,38.83,34.58,37.98,54.39,35.2,97,3,,
2025-07-25T08:54:33.050+0200,1975,1886,21.842,4791.230,44.67,38.12,41.48,59.21,,1.20,128.80,11.14,19.00,1435,93,26,,,62,,,,,,0,2025-07-25T08:54:32.000+0200,1894,1846,19.701,48.1276350,-1.9426800,40.92,34.58,37.98,54.39,35.4,105,3,,
2025-07-25T08:54:33.071+0200,1975,1886,21.842,4791.230,44.67,38.12,41.48,59.21,,1.20,128.80,11.14,19.00,1435,93,26,,,62,,,,,,0,2025-07-25T08:54:32.000+0200,1894,1846,19.701,48.1276350,-1.9426800,40.92,34.58,37.98,54.39,35.4,105,3,,
2025-07-25T08:54:33.666+0200,1976,1886,21.850,4791.238,43.92,38.13,41.48,59.21,,-3.11,128.89,5.50,9.50,709,93,26,,,62,,,,,,0,2025-07-25T08:54:33.000+0200,1895,1847,19.711,48.1276150,-1.9425367,39.54,34.58,37.99,54.39,35.1,106,3,,
2025-07-25T08:54:33.687+0200,1976,1886,21.850,4791.238,43.92,38.13,41.48,59.21,,-3.11,128.89,5.50,9.50,709,93,26,,,62,,,,,,0,2025-07-25T08:54:33.000+0200,1895,1847,19.711,48.1276150,-1.9425367,39.54,34.58,37.99,54.39,35.1,106,3,,
2025-07-25T08:54:34.294+0200,1976,1887,21.857,4791.245,44.20,38.13,41.48,59.21,,0.79,128.89,4.83,8.30,623,93,26,,,62,,,,,,0,2025-07-25T08:54:33.000+0200,1896,1848,19.711,48.1276150,-1.9425367,39.54,34.58,37.99,54.39,35.1,106,3,,
2025-07-25T08:54:34.318+0200,1976,1887,21.857,4791.245,44.20,38.13,41.48,59.21,,0.79,128.89,4.83,8.30,623,93,26,,,62,,,,,,0,2025-07-25T08:54:33.000+0200,1896,1848,19.711,48.1276150,-1.9425367,39.54,34.58,37.99,54.39,35.1,106,3,,
2025-07-25T08:54:34.909+0200,1977,1888,21.865,4791.253,43.48,38.13,41.48,59.21,,-0.90,129.00,9.77,17.00,1260,93,26,,,63,,,,,,0,2025-07-25T08:54:34.000+0200,1896,1848,19.723,48.1275933,-1.9423833,38.76,34.58,37.99,54.39,35.5,104,3,,
2025-07-25T08:54:34.933+0200,1977,1888,21.865,4791.253,43.48,38.13,41.48,59.21,,-0.90,129.00,9.77,17.00,1260,93,26,,,63,,,,,,0,2025-07-25T08:54:34.000+0200,1896,1848,19.723,48.1275933,-1.9423833,38.76,34.58,37.99,54.39,35.5,104,3,,
2025-07-25T08:54:35.529+0200,1978,1888,21.873,4791.260,43.48,38.13,41.48,59.21,,0.45,129.00,8.16,14.20,1053,93,26,,,63,,,,,,0,2025-07-25T08:54:34.000+0200,1897,1849,19.723,48.1275933,-1.9423833,38.76,34.58,37.99,54.39,35.5,104,3,,
2025-07-25T08:54:35.552+0200,1978,1888,21.873,4791.260,43.48,38.13,41.48,59.21,,0.45,129.00,8.16,14.20,1053,93,26,,,63,,,,,,0,2025-07-25T08:54:34.000+0200,1897,1849,19.723,48.1275933,-1.9423833,38.76,34.58,37.99,54.39,35.5,104,3,,
2025-07-25T08:54:36.151+0200,1978,1889,21.880,4791.268,43.12,38.13,41.48,59.21,,-2.69,129.00,9.82,17.19,1267,93,26,,,63,,,,,,0,2025-07-25T08:54:35.000+0200,1897,1849,19.734,48.1275717,-1.9422400,42.81,34.59,37.99,54.39,35.4,108,3,,
2025-07-25T08:54:36.174+0200,1978,1889,21.880,4791.268,43.12,38.13,41.48,59.21,,-2.69,129.00,9.82,17.19,1267,93,26,,,63,,,,,,0,2025-07-25T08:54:35.000+0200,1897,1849,19.734,48.1275717,-1.9422400,42.81,34.59,37.99,54.39,35.4,108,3,,
2025-07-25T08:54:36.773+0200,1979,1889,21.888,4791.276,43.45,38.14,41.48,59.21,,-1.35,129.00,10.11,17.60,1304,93,26,,,63,,,,,,0,2025-07-25T08:54:36.000+0200,1898,1850,19.746,48.1275350,-1.9420917,41.86,34.59,37.99,54.39,35.8,110,3,,
2025-07-25T08:54:36.796+0200,1979,1889,21.888,4791.276,43.45,38.14,41.48,59.21,,-1.35,129.00,10.11,17.60,1304,93,26,,,63,,,,,,0,2025-07-25T08:54:36.000+0200,1898,1850,19.746,48.1275350,-1.9420917,41.86,34.59,37.99,54.39,35.8,110,3,,
2025-07-25T08:54:37.398+0200,1980,1890,21.895,4791.283,44.92,38.14,41.48,59.21,,2.70,128.89,10.31,17.50,1329,93,26,,,62,,,,,,0,2025-07-25T08:54:36.000+0200,1899,1851,19.746,48.1275350,-1.9420917,41.86,34.59,37.99,54.39,35.8,110,3,,
2025-07-25T08:54:37.422+0200,1980,1890,21.895,4791.283,44.92,38.14,41.48,59.21,,2.70,128.89,10.31,17.50,1329,93,26,,,62,,,,,,0,2025-07-25T08:54:36.000+0200,1899,1851,19.746,48.1275350,-1.9420917,41.86,34.59,37.99,54.39,35.8,110,3,,
2025-07-25T08:54:38.035+0200,1980,1891,21.903,4791.291,43.74,38.14,41.48,59.21,,-3.60,128.89,9.75,16.90,1257,93,26,,,63,,,,,,0,2025-07-25T08:54:37.000+0200,1899,1851,19.757,48.1275133,-1.9419383,43.34,34.59,37.99,54.39,36.2,99,3,,
2025-07-25T08:54:38.060+0200,1980,1891,21.903,4791.291,43.74,38.14,41.48,59.21,,-3.60,128.89,9.75,16.90,1257,93,26,,,63,,,,,,0,2025-07-25T08:54:37.000+0200,1899,1851,19.757,48.1275133,-1.9419383,43.34,34.59,37.99,54.39,36.2,99,3,,
2025-07-25T08:54:38.657+0200,1981,1891,21.911,4791.299,44.89,38.14,41.48,59.21,,-0.36,128.89,10.48,17.79,1351,93,26,,,62,,,,,,0,2025-07-25T08:54:38.000+0200,1900,1852,19.770,48.1274883,-1.9417750,45.35,34.60,38.00,54.39,37.2,97,3,,
2025-07-25T08:54:38.678+0200,1981,1891,21.911,4791.299,44.89,38.14,41.48,59.21,,-0.36,128.89,10.48,17.79,1351,93,26,,,62,,,,,,0,2025-07-25T08:54:38.000+0200,1900,1852,19.770,48.1274883,-1.9417750,45.35,34.60,38.00,54.39,37.2,97,3,,
2025-07-25T08:54:39.294+0200,1981,1892,21.919,4791.307,45.10,38.14,41.49,59.21,,0.00,128.80,9.51,16.10,1225,93,26,,,61,,,,,,0,2025-07-25T08:54:38.000+0200,1901,1853,19.770,48.1274883,-1.9417750,45.35,34.60,38.00,54.39,37.2,97,3,,
2025-07-25T08:54:39.310+0200,1981,1892,21.919,4791.307,45.10,38.14,41.49,59.21,,0.00,128.80,9.51,16.10,1225,93,26,,,61,,,,,,0,2025-07-25T08:54:38.000+0200,1901,1853,19.770,48.1274883,-1.9417750,45.35,34.60,38.00,54.39,37.2,97,3,,
2025-07-25T08:54:39.911+0200,1982,1893,21.927,4791.315,45.14,38.15,41.49,59.21,,0.00,128.70,12.06,20.40,1552,93,26,,,61,,,,,,0,2025-07-25T08:54:39.000+0200,1901,1853,19.781,48.1274667,-1.9416250,39.54,34.60,38.00,54.39,37.4,103,3,,
2025-07-25T08:54:39.934+0200,1982,1893,21.927,4791.315,45.14,38.15,41.49,59.21,,0.00,128.70,12.06,20.40,1552,93,26,,,61,,,,,,0,2025-07-25T08:54:39.000+0200,1901,1853,19.781,48.1274667,-1.9416250,39.54,34.60,38.00,54.39,37.4,103,3,,
2025-07-25T08:54:40.561+0200,1983,1893,21.934,4791.322,45.75,38.15,41.49,59.21,,-0.48,128.59,11.89,19.90,1529,93,26,,,61,,,,,,0,2025-07-25T08:54:39.000+0200,1902,1854,19.781,48.1274667,-1.9416250,39.54,34.60,38.00,54.39,37.4,103,3,,
2025-07-25T08:54:40.581+0200,1983,1893,21.934,4791.322,45.75,38.15,41.49,59.21,,-0.48,128.59,11.89,19.90,1529,93,26,,,61,,,,,,0,2025-07-25T08:54:39.000+0200,1902,1854,19.781,48.1274667,-1.9416250,39.54,34.60,38.00,54.39,37.4,103,3,,
2025-07-25T08:54:41.153+0200,1983,1894,21.942,4791.330,46.58,38.15,41.49,59.21,,2.05,128.59,13.26,21.90,1705,93,26,,,60,,,,,,0,2025-07-25T08:54:40.000+0200,1902,1854,19.793,48.1274350,-1.9414783,40.94,34.61,38.00,54.39,37.9,107,3,,
2025-07-25T08:54:41.178+0200,1983,1894,21.942,4791.330,46.58,38.15,41.49,59.21,,2.05,128.59,13.26,21.90,1705,93,26,,,60,,,,,,0,2025-07-25T08:54:40.000+0200,1902,1854,19.793,48.1274350,-1.9414783,40.94,34.61,38.00,54.39,37.9,107,3,,
2025-07-25T08:54:41.774+0200,1984,1894,21.950,4791.339,46.94,38.15,41.49,59.21,,2.25,128.50,13.71,22.50,1762,93,26,,,60,,,,,,0,2025-07-25T08:54:41.000+0200,1903,1855,19.804,48.1273933,-1.9413350,43.47,34.61,38.00,54.39,38.5,113,3,,
2025-07-25T08:54:41.798+0200,1984,1894,21.950,4791.339,46.94,38.15,41.49,59.21,,2.25,128.50,13.71,22.50,1762,93,26,,,60,,,,,,0,2025-07-25T08:54:41.000+0200,1903,1855,19.804,48.1273933,-1.9413350,43.47,34.61,38.00,54.39,38.5,113,3,,
2025-07-25T08:54:42.413+0200,1985,1895,21.959,4791.347,45.82,38.16,41.49,59.21,,-3.48,128.50,15.67,26.20,2014,93,26,,,61,,,,,,0,2025-07-25T08:54:41.000+0200,1904,1856,19.804,48.1273933,-1.9413350,43.47,34.61,38.00,54.39,38.5,113,3,,
2025-07-25T08:54:42.437+0200,1985,1895,21.959,4791.347,45.82,38.16,41.49,59.21,,-3.48,128.50,15.67,26.20,2014,93,26,,,61,,,,,,0,2025-07-25T08:54:41.000+0200,1904,1856,19.804,48.1273933,-1.9413350,43.47,34.61,38.00,54.39,38.5,113,3,,
2025-07-25T08:54:43.039+0200,1985,1896,21.967,4791.355,47.12,38.16,41.50,59.21,,3.04,128.30,15.52,25.40,1991,93,26,,,60,,,,,,0,2025-07-25T08:54:42.000+0200,1904,1856,19.817,48.1273450,-1.9411900,43.42,34.61,38.01,54.39,39.2,121,3,,
2025-07-25T08:54:43.063+0200,1985,1896,21.967,4791.355,47.12,38.16,41.50,59.21,,3.04,128.30,15.52,25.40,1991,93,26,,,60,,,,,,0,2025-07-25T08:54:42.000+0200,1904,1856,19.817,48.1273450,-1.9411900,43.42,34.61,38.01,54.39,39.2,121,3,,
2025-07-25T08:54:43.658+0200,1986,1896,21.975,4791.363,47.16,38.16,41.50,59.21,,0.12,128.20,15.59,25.50,1999,93,26,,,59,,,,,,0,2025-07-25T08:54:43.000+0200,1905,1857,19.829,48.1272800,-1.9410533,45.62,34.62,38.01,54.39,39.5,124,3,,
2025-07-25T08:54:43.678+0200,1986,1896,21.975,4791.363,47.16,38.16,41.50,59.21,,0.12,128.20,15.59,25.50,1999,93,26,,,59,,,,,,0,2025-07-25T08:54:43.000+0200,1905,1857,19.829,48.1272800,-1.9410533,45.62,34.62,38.01,54.39,39.5,124,3,,
2025-07-25T08:54:44.271+0200,1986,1897,21.983,4791.371,47.33,38.16,41.50,59.21,,0.48,128.09,19.01,31.00,2435,92,26,,,59,,,,,,0,2025-07-25T08:54:43.000+0200,1906,1858,19.829,48.1272800,-1.9410533,45.62,34.62,38.01,54.39,39.5,124,3,,
2025-07-25T08:54:44.294+0200,1986,1897,21.983,4791.371,47.33,38.16,41.50,59.21,,0.48,128.09,19.01,31.00,2435,92,26,,,59,,,,,,0,2025-07-25T08:54:43.000+0200,1906,1858,19.829,48.1272800,-1.9410533,45.62,34.62,38.01,54.39,39.5,124,3,,
2025-07-25T08:54:44.893+0200,1987,1898,21.991,4791.379,47.37,38.17,41.50,59.21,,-1.69,128.00,15.22,24.80,1948,92,26,,,59,,,,,,0,2025-07-25T08:54:44.000+0200,1906,1858,19.841,48.1272217,-1.9409167,43.96,34.62,38.01,54.39,40.0,122,3,,
2025-07-25T08:54:44.916+0200,1987,1898,21.991,4791.379,47.37,38.17,41.50,59.21,,-1.69,128.00,15.22,24.80,1948,92,26,,,59,,,,,,0,2025-07-25T08:54:44.000+0200,1906,1858,19.841,48.1272217,-1.9409167,43.96,34.62,38.01,54.39,40.0,122,3,,
2025-07-25T08:54:45.511+0200,1988,1898,21.999,4791.388,47.69,38.17,41.50,59.21,,-1.20,127.89,17.27,28.00,2209,92,26,,,59,,,,,,0,2025-07-25T08:54:44.000+0200,1907,1859,19.841,48.1272217,-1.9409167,43.96,34.62,38.01,54.39,40.0,122,3,,
2025-07-25T08:54:45.536+0200,1988,1898,21.999,4791.388,47.69,38.17,41.50,59.21,,-1.20,127.89,17.27,28.00,2209,92,26,,,59,,,,,,0,2025-07-25T08:54:44.000+0200,1907,1859,19.841,48.1272217,-1.9409167,43.96,34.62,38.01,54.39,40.0,122,3,,
2025-07-25T08:54:46.135+0200,1988,1899,22.008,4791.396,48.99,38.17,41.51,59.21,,1.91,127.80,18.07,28.70,2309,92,26,,,58,,,,,,0,2025-07-25T08:54:45.000+0200,1907,1859,19.853,48.1271683,-1.9407783,43.10,34.63,38.02,54.39,40.9,123,3,,
2025-07-25T08:54:46.159+0200,1988,1899,22.008,4791.396,48.99,38.17,41.51,59.21,,1.91,127.80,18.07,28.70,2309,92,26,,,58,,,,,,0,2025-07-25T08:54:45.000+0200,1907,1859,19.853,48.1271683,-1.9407783,43.10,34.63,38.02,54.39,40.9,123,3,,
2025-07-25T08:54:46.751+0200,1989,1899,22.016,4791.404,47.84,38.18,41.51,59.21,,-0.74,127.80,18.67,30.20,2386,92,26,,,59,,,,,,0,2025-07-25T08:54:46.000+0200,1908,1860,19.864,48.1271183,-1.9406483,41.89,34.63,38.02,54.39,42.0,120,3,,
2025-07-25T08:54:46.775+0200,1989,1899,22.016,4791.404,47.84,38.18,41.51,59.21,,-0.74,127.80,18.67,30.20,2386,92,26,,,59,,,,,,0,2025-07-25T08:54:46.000+0200,1908,1860,19.864,48.1271183,-1.9406483,41.89,34.63,38.02,54.39,42.0,120,3,,
2025-07-25T08:54:47.393+0200,1990,1900,22.025,4791.413,48.67,38.18,41.51,59.21,,-0.84,127.80,20.93,33.39,2675,92,26,,,58,,,,,,0,2025-07-25T08:54:46.000+0200,1909,1861,19.864,48.1271183,-1.9406483,41.89,34.63,38.02,54.39,42.0,120,3,,
2025-07-25T08:54:47.415+0200,1990,1900,22.025,4791.413,48.67,38.18,41.51,59.21,,-0.84,127.80,20.93,33.39,2675,92,26,,,58,,,,,,0,2025-07-25T08:54:46.000+0200,1909,1861,19.864,48.1271183,-1.9406483,41.89,34.63,38.02,54.39,42.0,120,3,,
2025-07-25T08:54:48.013+0200,1990,1901,22.033,4791.421,47.59,38.18,41.51,59.21,,-2.02,127.89,17.67,28.70,2260,92,26,,,59,,,,,,0,2025-07-25T08:54:47.000+0200,1909,1861,19.876,48.1270683,-1.9405117,41.93,34.64,38.02,54.39,42.9,117,3,,
2025-07-25T08:54:48.037+0200,1990,1901,22.033,4791.421,47.59,38.18,41.51,59.21,,-2.02,127.89,17.67,28.70,2260,92,26,,,59,,,,,,0,2025-07-25T08:54:47.000+0200,1909,1861,19.876,48.1270683,-1.9405117,41.93,34.64,38.02,54.39,42.9,117,3,,
2025-07-25T08:54:48.628+0200,1991,1901,22.041,4791.429,47.33,38.18,41.51,59.21,,0.45,127.80,19.19,31.30,2452,92,26,,,59,,,,,,0,2025-07-25T08:54:47.000+0200,1910,1862,19.876,48.1270683,-1.9405117,41.93,34.64,38.02,54.39,42.9,117,3,,
2025-07-25T08:54:48.650+0200,1991,1901,22.041,4791.429,47.33,38.18,41.51,59.21,,0.45,127.80,19.19,31.30,2452,92,26,,,59,,,,,,0,2025-07-25T08:54:47.000+0200,1910,1862,19.876,48.1270683,-1.9405117,41.93,34.64,38.02,54.39,42.9,117,3,,
2025-07-25T08:54:49.252+0200,1991,1902,22.050,4791.438,47.19,38.19,41.52,59.21,,-1.91,127.80,15.42,25.20,1971,92,26,,,59,,,,,,0,2025-07-25T08:54:48.000+0200,1911,1863,19.887,48.1270150,-1.9403783,41.84,34.64,38.02,54.39,43.7,117,3,,
2025-07-25T08:54:49.275+0200,1991,1902,22.050,4791.438,47.19,38.19,41.52,59.21,,-1.91,127.80,15.42,25.20,1971,92,26,,,59,,,,,,0,2025-07-25T08:54:48.000+0200,1911,1863,19.887,48.1270150,-1.9403783,41.84,34.64,38.02,54.39,43.7,117,3,,
2025-07-25T08:54:49.868+0200,1992,1903,22.058,4791.446,47.44,38.19,41.52,59.21,,0.11,127.80,18.49,30.09,2363,92,26,,,59,,,,,,0,2025-07-25T08:54:49.000+0200,1911,1863,19.899,48.1269533,-1.9402467,43.68,34.64,38.02,54.39,44.5,122,3,,
2025-07-25T08:54:49.891+0200,1992,1903,22.058,4791.446,47.44,38.19,41.52,59.21,,0.11,127.80,18.49,30.09,2363,92,26,,,59,,,,,,0,2025-07-25T08:54:49.000+0200,1911,1863,19.899,48.1269533,-1.9402467,43.68,34.64,38.02,54.39,44.5,122,3,,
2025-07-25T08:54:50.514+0200,1993,1903,22.066,4791.454,47.44,38.19,41.52,59.21,,0.45,127.80,17.38,28.30,2221,92,26,,,59,,,,,,0,2025-07-25T08:54:49.000+0200,1912,1864,19.899,48.1269533,-1.9402467,43.68,34.64,38.02,54.39,44.5,122,3,,
2025-07-25T08:54:50.539+0200,1993,1903,22.066,4791.454,47.44,38.19,41.52,59.21,,0.45,127.80,17.38,28.30,2221,92,26,,,59,,,,,,0,2025-07-25T08:54:49.000+0200,1912,1864,19.899,48.1269533,-1.9402467,43.68,34.64,38.02,54.39,44.5,122,3,,
2025-07-25T08:54:51.134+0200,1993,1904,22.075,4791.463,47.44,38.20,41.52,59.21,,0.24,127.80,12.47,20.29,1594,92,26,,,59,,,,,,0,2025-07-25T08:54:50.000+0200,1912,1864,19.911,48.1269017,-1.9401033,43.70,34.65,38.03,54.39,45.4,118,3,,
2025-07-25T08:54:51.157+0200,1993,1904,22.075,4791.463,47.44,38.20,41.52,59.21,,0.24,127.80,12.47,20.29,1594,92,26,,,59,,,,,,0,2025-07-25T08:54:50.000+0200,1912,1864,19.911,48.1269017,-1.9401033,43.70,34.65,38.03,54.39,45.4,118,3,,
2025-07-25T08:54:51.761+0200,1994,1904,22.083,4791.471,47.19,38.20,41.52,59.21,,-3.25,127.89,12.78,20.90,1634,92,26,,,59,,,,,,0,2025-07-25T08:54:51.000+0200,1913,1865,19.923,48.1268483,-1.9399633,43.36,34.65,38.03,54.39,47.2,126,3,,
2025-07-25T08:54:51.780+0200,1994,1904,22.083,4791.471,47.19,38.20,41.52,59.21,,-3.25,127.89,12.78,20.90,1634,92,26,,,59,,,,,,0,2025-07-25T08:54:51.000+0200,1913,1865,19.923,48.1268483,-1.9399633,43.36,34.65,38.03,54.39,47.2,126,3,,
2025-07-25T08:54:52.375+0200,1995,1905,22.091,4791.479,46.08,38.20,41.53,59.21,,-3.39,128.00,12.19,20.29,1560,92,26,,,60,,,,,,0,2025-07-25T08:54:51.000+0200,1914,1866,19.923,48.1268483,-1.9399633,43.36,34.65,38.03,54.39,47.2,126,3,,
2025-07-25T08:54:52.400+0200,1995,1905,22.091,4791.479,46.08,38.20,41.53,59.21,,-3.39,128.00,12.19,20.29,1560,92,26,,,60,,,,,,0,2025-07-25T08:54:51.000+0200,1914,1866,19.923,48.1268483,-1.9399633,43.36,34.65,38.03,54.39,47.2,126,3,,
2025-07-25T08:54:52.995+0200,1995,1906,22.099,4791.487,46.04,38.20,41.53,59.21,,-3.05,128.09,12.00,20.00,1537,92,26,,,60,,,,,,0,2025-07-25T08:54:52.000+0200,1914,1866,19.936,48.1267867,-1.9398250,42.69,34.66,38.03,54.39,50.4,122,3,,
2025-07-25T08:54:53.018+0200,1995,1906,22.099,4791.487,46.04,38.20,41.53,59.21,,-3.05,128.09,12.00,20.00,1537,92,26,,,60,,,,,,0,2025-07-25T08:54:52.000+0200,1914,1866,19.936,48.1267867,-1.9398250,42.69,34.66,38.03,54.39,50.4,122,3,,
2025-07-25T08:54:53.617+0200,1996,1906,22.107,4791.495,45.79,38.21,41.53,59.21,,0.00,128.20,9.20,15.40,1179,92,26,,,61,,,,,,0,2025-07-25T08:54:52.000+0200,1915,1867,19.936,48.1267867,-1.9398250,42.69,34.66,38.03,54.39,50.4,122,3,,
2025-07-25T08:54:53.641+0200,1996,1906,22.107,4791.495,45.79,38.21,41.53,59.21,,0.00,128.20,9.20,15.40,1179,92,26,,,61,,,,,,0,2025-07-25T08:54:52.000+0200,1915,1867,19.936,48.1267867,-1.9398250,42.69,34.66,38.03,54.39,50.4,122,3,,
2025-07-25T08:54:54.230+0200,1996,1907,22.115,4791.503,45.32,38.21,41.53,59.21,,-0.90,128.20,12.16,20.50,1559,92,26,,,61,,,,,,0,2025-07-25T08:54:53.000+0200,1915,1867,19.947,48.1267267,-1.9396950,42.00,34.66,38.04,54.39,51.3,124,3,,
2025-07-25T08:54:54.250+0200,1996,1907,22.115,4791.503,45.32,38.21,41.53,59.21,,-0.90,128.20,12.16,20.50,1559,92,26,,,61,,,,,,0,2025-07-25T08:54:53.000+0200,1916,1868,19.947,48.1267267,-1.9396950,42.00,34.66,38.04,54.39,51.3,124,3,,
2025-07-25T08:54:54.854+0200,1997,1908,22.123,4791.511,46.36,38.21,41.53,59.21,,2.47,128.30,10.44,17.29,1339,91,26,,,60,,,,,,0,2025-07-25T08:54:54.000+0200,1916,1868,19.959,48.1266683,-1.9395683,41.16,34.66,38.04,54.39,52.5,127,3,,
2025-07-25T08:54:54.871+0200,1997,1908,22.123,4791.511,46.36,38.21,41.53,59.21,,2.47,128.30,10.44,17.29,1339,91,26,,,60,,,,,,0,2025-07-25T08:54:54.000+0200,1916,1868,19.959,48.1266683,-1.9395683,41.16,34.66,38.04,54.39,52.5,127,3,,
2025-07-25T08:54:55.509+0200,1998,1908,22.131,4791.519,45.35,38.21,41.53,59.21,,-2.80,128.30,10.56,17.79,1355,91,26,,,61,,,,,,0,2025-07-25T08:54:54.000+0200,1917,1869,19.959,48.1266683,-1.9395683,41.16,34.66,38.04,54.39,52.5,127,3,,
2025-07-25T08:54:55.528+0200,1998,1908,22.131,4791.519,45.35,38.21,41.53,59.21,,-2.80,128.30,10.56,17.79,1355,91,26,,,61,,,,,,0,2025-07-25T08:54:54.000+0200,1917,1869,19.959,48.1266683,-1.9395683,41.16,34.66,38.04,54.39,52.5,127,3,,
2025-07-25T08:54:56.108+0200,1998,1909,22.139,4791.527,45.28,38.21,41.53,59.21,,-0.79,128.39,9.13,15.40,1172,91,26,,,61,,,,,,0,2025-07-25T08:54:55.000+0200,1917,1869,19.970,48.1266067,-1.9394433,44.01,34.67,38.04,54.39,53.3,124,3,,
2025-07-25T08:54:56.130+0200,1998,1909,22.139,4791.527,45.28,38.21,41.53,59.21,,-0.79,128.39,9.13,15.40,1172,91,26,,,61,,,,,,0,2025-07-25T08:54:55.000+0200,1917,1869,19.970,48.1266067,-1.9394433,44.01,34.67,38.04,54.39,53.3,124,3,,
2025-07-25T08:54:56.730+0200,1999,1909,22.147,4791.535,45.17,38.22,41.53,59.21,,-0.11,128.50,9.64,16.29,1239,91,26,,,61,,,,,,0,2025-07-25T08:54:56.000+0200,1918,1870,19.982,48.1265633,-1.9393033,41.41,34.67,38.04,54.39,53.4,114,3,,
2025-07-25T08:54:56.752+0200,1999,1909,22.147,4791.535,45.17,38.22,41.53,59.21,,-0.11,128.50,9.64,16.29,1239,91,26,,,61,,,,,,0,2025-07-25T08:54:56.000+0200,1918,1870,19.982,48.1265633,-1.9393033,41.41,34.67,38.04,54.39,53.4,114,3,,
2025-07-25T08:54:57.370+0200,1999,1910,22.155,4791.543,45.32,38.22,41.54,59.21,,-0.60,128.50,10.97,18.50,1410,91,26,,,61,,,,,,0,2025-07-25T08:54:56.000+0200,1919,1871,19.982,48.1265633,-1.9393033,41.41,34.67,38.04,54.39,53.4,114,3,,
2025-07-25T08:54:57.393+0200,1999,1910,22.155,4791.543,45.32,38.22,41.54,59.21,,-0.60,128.50,10.97,18.50,1410,91,26,,,61,,,,,,0,2025-07-25T08:54:56.000+0200,1919,1871,19.982,48.1265633,-1.9393033,41.41,34.67,38.04,54.39,53.4,114,3,,
2025-07-25T08:54:57.972+0200,2000,1911,22.163,4791.551,45.17,38.22,41.54,59.21,,-1.01,128.50,9.82,16.60,1262,91,26,,,61,,,,,,0,2025-07-25T08:54:57.000+0200,1919,1871,19.992,48.1265167,-1.9391883,41.01,34.67,38.04,54.39,54.5,113,3,,
2025-07-25T08:54:57.995+0200,2000,1911,22.163,4791.551,45.17,38.22,41.54,59.21,,-1.01,128.50,9.82,16.60,1262,91,26,,,61,,,,,,0,2025-07-25T08:54:57.000+0200,1919,1871,19.992,48.1265167,-1.9391883,41.01,34.67,38.04,54.39,54.5,113,3,,
2025-07-25T08:54:58.592+0200,2001,1911,22.171,4791.559,45.14,38.22,41.54,59.21,,-0.34,128.70,5.97,10.09,768,91,26,,,61,,,,,,0,2025-07-25T08:54:57.000+0200,1920,1872,19.992,48.1265167,-1.9391883,41.01,34.67,38.04,54.39,54.5,113,3,,
2025-07-25T08:54:58.613+0200,2001,1911,22.171,4791.559,45.14,38.22,41.54,59.21,,-0.34,128.70,5.97,10.09,768,91,26,,,61,,,,,,0,2025-07-25T08:54:57.000+0200,1920,1872,19.992,48.1265167,-1.9391883,41.01,34.67,38.04,54.39,54.5,113,3,,
2025-07-25T08:54:59.233+0200,2001,1912,22.179,4791.567,45.03,38.22,41.54,59.21,,3.12,128.80,5.54,9.39,714,91,26,,,61,,,,,,0,2025-07-25T08:54:58.000+0200,1921,1873,20.004,48.1264733,-1.9390450,38.78,34.68,38.04,54.39,54.9,121,3,,
2025-07-25T08:54:59.256+0200,2001,1912,22.179,4791.567,45.03,38.22,41.54,59.21,,3.12,128.80,5.54,9.39,714,91,26,,,61,,,,,,0,2025-07-25T08:54:58.000+0200,1921,1873,20.004,48.1264733,-1.9390450,38.78,34.68,38.04,54.39,54.9,121,3,,
2025-07-25T08:54:59.874+0200,2002,1913,22.187,4791.575,45.10,38.23,41.54,59.21,,3.47,128.80,9.93,16.79,1279,91,26,,,61,,,,,,0,2025-07-25T08:54:59.000+0200,1921,1873,20.014,48.1264300,-1.9389167,42.00,34.68,38.05,54.39,55.7,115,3,,
2025-07-25T08:54:59.898+0200,2002,1913,22.187,4791.575,45.10,38.23,41.54,59.21,,3.47,128.80,9.93,16.79,1279,91,26,,,61,,,,,,0,2025-07-25T08:54:59.000+0200,1921,1873,20.014,48.1264300,-1.9389167,42.00,34.68,38.05,54.39,55.7,115,3,,
2025-07-25T08:55:00.491+0200,2003,1913,22.195,4791.582,45.35,38.23,41.54,59.21,,0.12,128.89,4.39,7.39,566,91,26,,,61,,,,,,0,2025-07-25T08:54:59.000+0200,1922,1874,20.014,48.1264300,-1.9389167,42.00,34.68,38.05,54.39,55.7,115,3,,
2025-07-25T08:55:00.515+0200,2003,1913,22.195,4791.582,45.35,38.23,41.54,59.21,,0.12,128.89,4.39,7.39,566,91,26,,,61,,,,,,0,2025-07-25T08:54:59.000+0200,1922,1874,20.014,48.1264300,-1.9389167,42.00,34.68,38.05,54.39,55.7,115,3,,
2025-07-25T08:55:01.114+0200,2003,1914,22.202,4791.590,45.14,38.23,41.54,59.21,,0.00,129.00,0.59,1.00,76,91,26,,,61,,,,,,0,2025-07-25T08:55:00.000+0200,1922,1874,20.026,48.1263650,-1.9388017,41.25,34.68,38.05,54.39,55.2,123,3,,
2025-07-25T08:55:01.134+0200,2003,1914,22.202,4791.590,45.14,38.23,41.54,59.21,,0.00,129.00,0.59,1.00,76,91,26,,,61,,,,,,0,2025-07-25T08:55:00.000+0200,1922,1874,20.026,48.1263650,-1.9388017,41.25,34.68,38.05,54.39,55.2,123,3,,
2025-07-25T08:55:01.733+0200,2004,1914,22.210,4791.598,43.34,38.23,41.54,59.21,,-4.89,129.30,-3.35,-11.70,-433,91,26,,,63,,,,,,0,2025-07-25T08:55:01.000+0200,1923,1875,20.037,48.1263083,-1.9386717,41.61,34.69,38.05,54.39,55.1,122,3,,
2025-07-25T08:55:01.754+0200,2004,1914,22.210,4791.598,43.34,38.23,41.54,59.21,,-4.89,129.30,-3.35,-11.70,-433,91,26,,,63,,,,,,0,2025-07-25T08:55:01.000+0200,1923,1875,20.037,48.1263083,-1.9386717,41.61,34.69,38.05,54.39,55.1,122,3,,
2025-07-25T08:55:02.348+0200,2004,1915,22.218,4791.606,41.76,38.23,41.54,59.21,,-4.16,129.59,-2.92,-10.50,-378,91,26,,,65,,,,,,0,2025-07-25T08:55:01.000+0200,1924,1876,20.037,48.1263083,-1.9386717,41.61,34.69,38.05,54.39,55.1,122,3,,
2025-07-25T08:55:02.370+0200,2004,1915,22.218,4791.606,41.76,38.23,41.54,59.21,,-4.16,129.59,-2.92,-10.50,-378,91,26,,,65,,,,,,0,2025-07-25T08:55:01.000+0200,1924,1876,20.037,48.1263083,-1.9386717,41.61,34.69,38.05,54.39,55.1,122,3,,
2025-07-25T08:55:02.993+0200,2005,1916,22.225,4791.613,40.78,38.23,41.54,59.21,,-0.84,129.80,-3.01,-11.00,-391,91,26,,,65,,,,,,0,2025-07-25T08:55:02.000+0200,1924,1876,20.048,48.1262483,-1.9385517,35.26,34.69,38.05,54.39,56.0,121,4,,
2025-07-25T08:55:03.018+0200,2005,1916,22.225,4791.613,40.78,38.23,41.54,59.21,,-0.84,129.80,-3.01,-11.00,-391,91,26,,,65,,,,,,0,2025-07-25T08:55:02.000+0200,1924,1876,20.048,48.1262483,-1.9385517,35.26,34.69,38.05,54.39,56.0,121,4,,
2025-07-25T08:55:03.594+0200,2006,1916,22.233,4791.620,38.98,38.23,41.54,59.21,,-3.14,129.89,-2.06,-7.80,-268,91,26,,,67,,,,,,0,2025-07-25T08:55:02.000+0200,1925,1877,20.048,48.1262483,-1.9385517,35.26,34.69,38.05,54.39,56.0,121,4,,
2025-07-25T08:55:03.615+0200,2006,1916,22.233,4791.620,38.98,38.23,41.54,59.21,,-3.14,129.89,-2.06,-7.80,-268,91,26,,,67,,,,,,0,2025-07-25T08:55:02.000+0200,1925,1877,20.048,48.1262483,-1.9385517,35.26,34.69,38.05,54.39,56.0,121,4,,
2025-07-25T08:55:04.233+0200,2006,1917,22.239,4791.627,38.19,38.23,41.54,59.21,,0.48,130.00,0.26,0.50,34,92,26,,,68,,,,,,0,2025-07-25T08:55:03.000+0200,1925,1877,20.057,48.1262000,-1.9384600,33.22,34.69,38.05,54.39,55.2,123,3,,
2025-07-25T08:55:04.258+0200,2006,1917,22.239,4791.627,38.19,38.23,41.54,59.21,,0.48,130.00,0.26,0.50,34,92,26,,,68,,,,,,0,2025-07-25T08:55:03.000+0200,1926,1878,20.057,48.1262000,-1.9384600,33.22,34.69,38.05,54.39,55.2,123,3,,
2025-07-25T08:55:04.850+0200,2007,1917,22.246,4791.633,37.62,38.23,41.54,59.21,,-0.90,130.00,-0.95,-3.69,-124,92,26,,,68,,,,,,0,2025-07-25T08:55:04.000+0200,1926,1878,20.066,48.1261500,-1.9383650,31.37,34.68,38.04,54.39,55.4,128,3,,
2025-07-25T08:55:04.871+0200,2007,1918,22.246,4791.633,37.62,38.23,41.54,59.21,,-0.90,130.00,-0.95,-3.69,-124,92,26,,,68,,,,,,0,2025-07-25T08:55:04.000+0200,1926,1878,20.066,48.1261500,-1.9383650,31.37,34.68,38.04,54.39,55.4,128,3,,
2025-07-25T08:55:05.469+0200,2008,1918,22.253,4791.640,36.10,38.23,41.54,59.21,,-2.76,130.09,-5.21,-20.80,-678,92,26,,,69,,,,,,0,2025-07-25T08:55:04.000+0200,1927,1879,20.066,48.1261500,-1.9383650,31.37,34.68,38.04,54.39,55.4,128,3,,
2025-07-25T08:55:05.491+0200,2008,1918,22.253,4791.640,36.10,38.23,41.54,59.21,,-2.76,130.09,-5.21,-20.80,-678,92,26,,,69,,,,,,0,2025-07-25T08:55:04.000+0200,1927,1879,20.066,48.1261500,-1.9383650,31.37,34.68,38.04,54.39,55.4,128,3,,
2025-07-25T08:55:06.090+0200,2008,1919,22.259,4791.646,33.69,38.23,41.54,59.21,,-3.47,130.20,-4.65,-19.50,-605,92,26,,,71,,,,,,0,2025-07-25T08:55:05.000+0200,1927,1879,20.071,48.1261033,-1.9383433,33.28,34.68,38.04,54.39,55.5,132,3,,
2025-07-25T08:55:06.115+0200,2008,1919,22.259,4791.646,33.69,38.23,41.54,59.21,,-3.47,130.20,-4.65,-19.50,-605,92,26,,,71,,,,,,0,2025-07-25T08:55:05.000+0200,1927,1879,20.071,48.1261033,-1.9383433,33.28,34.68,38.04,54.39,55.5,132,3,,
2025-07-25T08:55:06.715+0200,2009,1919,22.265,4791.652,32.50,38.23,41.53,59.21,,0.22,130.30,-4.13,-17.79,-538,92,26,,,73,,,,,,0,2025-07-25T08:55:06.000+0200,1928,1880,20.078,48.1260600,-1.9382833,27.95,34.68,38.03,54.39,55.1,129,3,,
2025-07-25T08:55:06.738+0200,2009,1919,22.265,4791.652,32.50,38.23,41.53,59.21,,0.22,130.30,-4.13,-17.79,-538,92,26,,,73,,,,,,0,2025-07-25T08:55:06.000+0200,1928,1880,20.078,48.1260600,-1.9382833,27.95,34.68,38.03,54.39,55.1,129,3,,
2025-07-25T08:55:07.334+0200,2009,1920,22.271,4791.657,29.51,38.23,41.53,59.21,,-3.95,130.39,-4.15,-19.10,-541,92,26,,,75,,,,,,0,2025-07-25T08:55:06.000+0200,1929,1881,20.078,48.1260600,-1.9382833,27.95,34.68,38.03,54.39,55.1,129,3,,
2025-07-25T08:55:07.357+0200,2009,1920,22.271,4791.657,29.51,38.23,41.53,59.21,,-3.95,130.39,-4.15,-19.10,-541,92,26,,,75,,,,,,0,2025-07-25T08:55:06.000+0200,1929,1881,20.078,48.1260600,-1.9382833,27.95,34.68,38.03,54.39,55.1,129,3,,
2025-07-25T08:55:07.973+0200,2010,1921,22.276,4791.662,27.39,38.23,41.53,59.21,,-1.46,130.39,-3.47,-16.79,-452,92,26,,,77,,,,,,0,2025-07-25T08:55:07.000+0200,1929,1881,20.085,48.1260267,-1.9382100,23.76,34.67,38.03,54.39,55.6,127,3,,
2025-07-25T08:55:07.993+0200,2010,1921,22.276,4791.662,27.39,38.23,41.53,59.21,,-1.46,130.39,-3.47,-16.79,-452,92,26,,,77,,,,,,0,2025-07-25T08:55:07.000+0200,1929,1881,20.085,48.1260267,-1.9382100,23.76,34.67,38.03,54.39,55.6,127,3,,
2025-07-25T08:55:08.575+0200,2011,1921,22.281,4791.667,25.66,38.22,41.52,59.21,,-4.99,130.50,-2.87,-14.50,-375,92,26,,,78,,,,,,0,2025-07-25T08:55:07.000+0200,1930,1882,20.085,48.1260267,-1.9382100,23.76,34.67,38.03,54.39,55.6,127,3,,
2025-07-25T08:55:08.602+0200,2011,1921,22.281,4791.667,25.66,38.22,41.52,59.21,,-4.99,130.50,-2.87,-14.50,-375,92,26,,,78,,,,,,0,2025-07-25T08:55:07.000+0200,1930,1882,20.085,48.1260267,-1.9382100,23.76,34.67,38.03,54.39,55.6,127,3,,
2025-07-25T08:55:09.214+0200,2011,1922,22.286,4791.672,24.48,38.22,41.52,59.21,,-0.79,130.50,-2.86,-14.90,-373,92,26,,,79,,,,,,0,2025-07-25T08:55:08.000+0200,1930,1882,20.089,48.1259950,-1.9381833,18.87,34.67,38.02,54.39,54.6,124,3,,
2025-07-25T08:55:09.237+0200,2011,1922,22.286,4791.672,24.48,38.22,41.52,59.21,,-0.79,130.50,-2.86,-14.90,-373,92,26,,,79,,,,,,0,2025-07-25T08:55:08.000+0200,1931,1883,20.089,48.1259950,-1.9381833,18.87,34.67,38.02,54.39,54.6,124,3,,
2025-07-25T08:55:09.830+0200,2012,1922,22.290,4791.676,23.32,38.21,41.51,59.21,,1.13,130.50,-1.71,-9.20,-223,92,26,,,80,,,,,,0,2025-07-25T08:55:09.000+0200,1931,1883,20.092,48.1259667,-1.9381667,15.52,34.66,38.00,54.39,53.7,130,3,,
2025-07-25T08:55:09.852+0200,2012,1922,22.290,4791.676,23.32,38.21,41.51,59.21,,1.13,130.50,-1.71,-9.20,-223,92,26,,,80,,,,,,0,2025-07-25T08:55:09.000+0200,1931,1883,20.092,48.1259667,-1.9381667,15.52,34.66,38.00,54.39,53.7,130,3,,
2025-07-25T08:55:10.454+0200,2013,1923,22.294,4791.680,21.85,38.21,41.50,59.21,,-1.57,130.39,-1.27,-7.10,-166,92,26,,,82,,,,,,0,2025-07-25T08:55:09.000+0200,1932,1884,20.092,48.1259667,-1.9381667,15.52,34.66,38.00,54.39,53.7,130,3,,
2025-07-25T08:55:10.473+0200,2013,1923,22.294,4791.680,21.85,38.21,41.50,59.21,,-1.57,130.39,-1.27,-7.10,-166,92,26,,,82,,,,,,0,2025-07-25T08:55:09.000+0200,1932,1884,20.092,48.1259667,-1.9381667,15.52,34.66,38.00,54.39,53.7,130,3,,
2025-07-25T08:55:11.090+0200,2013,1924,22.298,4791.684,21.20,38.20,41.50,59.21,,-1.69,130.39,-1.46,-8.30,-190,92,26,,,82,,,,,,0,2025-07-25T08:55:10.000+0200,1932,1884,20.095,48.1259433,-1.9381350,13.88,34.65,37.99,54.39,53.4,136,3,,
2025-07-25T08:55:11.107+0200,2013,1924,22.298,4791.684,21.20,38.20,41.50,59.21,,-1.69,130.39,-1.46,-8.30,-190,92,26,,,82,,,,,,0,2025-07-25T08:55:10.000+0200,1932,1884,20.095,48.1259433,-1.9381350,13.88,34.65,37.99,54.39,53.4,136,3,,
2025-07-25T08:55:11.713+0200,2014,1924,22.302,4791.687,19.65,38.20,41.49,59.21,,-2.68,130.39,-2.05,-12.20,-267,92,26,,,83,,,,,,0,2025-07-25T08:55:11.000+0200,1933,1885,20.098,48.1259317,-1.9381067,8.93,34.64,37.98,54.39,53.0,125,3,,
2025-07-25T08:55:11.729+0200,2014,1924,22.302,4791.687,19.65,38.20,41.49,59.21,,-2.68,130.39,-2.05,-12.20,-267,92,26,,,83,,,,,,0,2025-07-25T08:55:11.000+0200,1933,1885,20.098,48.1259317,-1.9381067,8.93,34.64,37.98,54.39,53.0,125,3,,
2025-07-25T08:55:12.331+0200,2014,1925,22.305,4791.691,18.53,38.19,41.48,59.21,,-1.68,130.39,-1.54,-9.50,-201,92,26,,,84,,,,,,0,2025-07-25T08:55:11.000+0200,1934,1886,20.098,48.1259317,-1.9381067,8.93,34.64,37.98,54.39,53.0,125,3,,
2025-07-25T08:55:12.355+0200,2014,1925,22.305,4791.691,18.53,38.19,41.48,59.21,,-1.68,130.39,-1.54,-9.50,-201,92,26,,,84,,,,,,0,2025-07-25T08:55:11.000+0200,1934,1886,20.098,48.1259317,-1.9381067,8.93,34.64,37.98,54.39,53.0,125,3,,
2025-07-25T08:55:12.955+0200,2015,1926,22.309,4791.694,17.42,38.19,41.47,59.21,,0.45,130.39,-1.20,-7.70,-156,93,26,,,85,,,,,,0,2025-07-25T08:55:12.000+0200,1934,1886,20.100,48.1259133,-1.9381117,5.78,34.62,37.96,54.39,51.7,161,3,,
2025-07-25T08:55:12.974+0200,2015,1926,22.309,4791.694,17.42,38.19,41.47,59.21,,0.45,130.39,-1.20,-7.70,-156,93,26,,,85,,,,,,0,2025-07-25T08:55:12.000+0200,1934,1886,20.100,48.1259133,-1.9381117,5.78,34.62,37.96,54.39,51.7,161,3,,
2025-07-25T08:55:13.573+0200,2016,1926,22.312,4791.697,16.41,38.18,41.47,59.21,,-4.18,130.30,-1.58,-10.40,-206,93,26,,,86,,,,,,0,2025-07-25T08:55:12.000+0200,1935,1887,20.100,48.1259133,-1.9381117,5.78,34.62,37.96,54.39,51.7,161,3,,
2025-07-25T08:55:13.595+0200,2016,1926,22.312,4791.697,16.41,38.18,41.47,59.21,,-4.18,130.30,-1.58,-10.40,-206,93,26,,,86,,,,,,0,2025-07-25T08:55:12.000+0200,1935,1887,20.100,48.1259133,-1.9381117,5.78,34.62,37.96,54.39,51.7,161,3,,
2025-07-25T08:55:14.191+0200,2016,1927,22.315,4791.700,15.15,38.17,41.46,59.21,,-3.15,130.30,1.98,6.80,258,93,26,,,87,,,,,,0,2025-07-25T08:55:13.000+0200,1935,1887,20.103,48.1258883,-1.9380933,6.28,34.61,37.94,54.39,50.6,174,3,,
2025-07-25T08:55:14.214+0200,2016,1927,22.315,4791.700,15.15,38.17,41.46,59.21,,-3.15,130.30,1.98,6.80,258,93,26,,,87,,,,,,0,2025-07-25T08:55:13.000+0200,1935,1887,20.103,48.1258883,-1.9380933,6.28,34.61,37.94,54.39,50.6,174,3,,
2025-07-25T08:55:14.811+0200,2017,1927,22.317,4791.703,12.38,38.17,41.45,59.21,,-6.17,130.30,-0.77,-5.90,-100,93,26,,,90,,,,,,0,2025-07-25T08:55:14.000+0200,1936,1888,20.106,48.1258650,-1.9380817,7.86,34.59,37.93,54.39,49.6,146,3,,
2025-07-25T08:55:14.835+0200,2017,1927,22.317,4791.703,12.38,38.17,41.45,59.21,,-6.17,130.30,-0.77,-5.90,-100,93,26,,,90,,,,,,0,2025-07-25T08:55:14.000+0200,1936,1888,20.106,48.1258650,-1.9380817,7.86,34.59,37.93,54.39,49.6,146,3,,
2025-07-25T08:55:15.453+0200,2018,1928,22.320,4791.705,13.17,38.16,41.44,59.21,,2.28,130.20,-0.96,-7.10,-125,93,26,,,89,,,,,,0,2025-07-25T08:55:14.000+0200,1937,1889,20.106,48.1258650,-1.9380817,7.86,34.59,37.93,54.39,49.6,146,3,,
2025-07-25T08:55:15.478+0200,2018,1928,22.320,4791.705,13.17,38.16,41.44,59.21,,2.28,130.20,-0.96,-7.10,-125,93,26,,,89,,,,,,0,2025-07-25T08:55:14.000+0200,1937,1889,20.106,48.1258650,-1.9380817,7.86,34.59,37.93,54.39,49.6,146,3,,
2025-07-25T08:55:16.074+0200,2018,1929,22.322,4791.707,11.70,38.15,41.43,59.21,,-4.20,130.30,-0.25,-2.00,-33,93,26,,,90,,,,,,0,2025-07-25T08:55:15.000+0200,1937,1889,20.110,48.1258317,-1.9380583,7.03,34.58,37.91,54.39,48.5,144,4,,
2025-07-25T08:55:16.098+0200,2018,1929,22.322,4791.707,11.70,38.15,41.43,59.21,,-4.20,130.30,-0.25,-2.00,-33,93,26,,,90,,,,,,0,2025-07-25T08:55:15.000+0200,1937,1889,20.110,48.1258317,-1.9380583,7.03,34.58,37.91,54.39,48.5,144,4,,
2025-07-25T08:55:16.687+0200,2019,1929,22.324,4791.709,12.16,38.14,41.42,59.21,,4.31,130.09,10.99,42.00,1430,93,26,,,90,,,,,,0,2025-07-25T08:55:16.000+0200,1938,1890,20.114,48.1258033,-1.9380183,5.42,34.57,37.89,54.39,46.4,126,4,,
2025-07-25T08:55:16.711+0200,2019,1929,22.324,4791.709,12.16,38.14,41.42,59.21,,4.31,130.09,10.99,42.00,1430,93,26,,,90,,,,,,0,2025-07-25T08:55:16.000+0200,1938,1890,20.114,48.1258033,-1.9380183,5.42,34.57,37.89,54.39,46.4,126,4,,
2025-07-25T08:55:17.315+0200,2019,1930,22.326,4791.711,16.37,38.14,41.41,59.21,,6.84,129.80,11.42,37.59,1482,93,26,,,86,,,,,,0,2025-07-25T08:55:16.000+0200,1939,1891,20.114,48.1258033,-1.9380183,5.42,34.57,37.89,54.39,46.4,126,4,,
2025-07-25T08:55:17.338+0200,2019,1930,22.326,4791.711,16.37,38.14,41.41,59.21,,6.84,129.80,11.42,37.59,1482,93,26,,,86,,,,,,0,2025-07-25T08:55:16.000+0200,1939,1891,20.114,48.1258033,-1.9380183,5.42,34.57,37.89,54.39,46.4,126,4,,
2025-07-25T08:55:17.934+0200,2020,1931,22.329,4791.714,18.43,38.13,41.40,59.21,,3.60,129.70,6.22,19.19,807,93,26,,,84,,,,,,0,2025-07-25T08:55:17.000+0200,1939,1891,20.119,48.1257733,-1.9379800,7.34,34.55,37.88,54.39,45.5,140,3,,
2025-07-25T08:55:17.959+0200,2020,1931,22.329,4791.714,18.43,38.13,41.40,59.21,,3.60,129.70,6.22,19.19,807,93,26,,,84,,,,,,0,2025-07-25T08:55:17.000+0200,1939,1891,20.119,48.1257733,-1.9379800,7.34,34.55,37.88,54.39,45.5,140,3,,
2025-07-25T08:55:18.554+0200,2021,1931,22.332,4791.718,20.37,38.12,41.40,59.21,,5.16,129.59,9.55,27.80,1238,93,26,,,83,,,,,,0,2025-07-25T08:55:17.000+0200,1940,1892,20.119,48.1257733,-1.9379800,7.34,34.55,37.88,54.39,45.5,140,3,,
2025-07-25T08:55:18.576+0200,2021,1931,22.332,4791.718,20.37,38.12,41.40,59.21,,5.16,129.59,9.55,27.80,1238,93,26,,,83,,,,,,0,2025-07-25T08:55:17.000+0200,1940,1892,20.119,48.1257733,-1.9379800,7.34,34.55,37.88,54.39,45.5,140,3,,
2025-07-25T08:55:19.174+0200,2021,1932,22.335,4791.721,21.70,38.12,41.39,59.21,,3.82,129.50,8.89,24.90,1151,93,26,,,82,,,,,,0,2025-07-25T08:55:18.000+0200,1940,1892,20.121,48.1257550,-1.9379717,6.14,34.54,37.86,54.39,45.2,133,3,,
2025-07-25T08:55:19.200+0200,2021,1932,22.335,4791.721,21.70,38.12,41.39,59.21,,3.82,129.50,8.89,24.90,1151,93,26,,,82,,,,,,0,2025-07-25T08:55:18.000+0200,1940,1892,20.121,48.1257550,-1.9379717,6.14,34.54,37.86,54.39,45.2,133,3,,
2025-07-25T08:55:19.813+0200,2022,1932,22.339,4791.725,22.53,38.11,41.39,59.21,,0.84,129.50,9.53,26.09,1234,93,26,,,81,,,,,,0,2025-07-25T08:55:19.000+0200,1941,1893,20.123,48.1257417,-1.9379567,5.26,34.53,37.84,54.39,45.1,133,3,,
2025-07-25T08:55:19.835+0200,2022,1932,22.339,4791.725,22.53,38.11,41.39,59.21,,0.84,129.50,9.53,26.09,1234,93,26,,,81,,,,,,0,2025-07-25T08:55:19.000+0200,1941,1893,20.123,48.1257417,-1.9379567,5.26,34.53,37.84,54.39,45.1,133,3,,
2025-07-25T08:55:20.432+0200,2023,1933,22.343,4791.729,24.19,38.11,41.38,59.21,,-0.48,129.39,5.42,14.20,701,93,26,,,79,,,,,,0,2025-07-25T08:55:19.000+0200,1942,1894,20.123,48.1257417,-1.9379567,5.26,34.53,37.84,54.39,45.1,133,3,,
2025-07-25T08:55:20.455+0200,2023,1933,22.343,4791.729,24.19,38.11,41.38,59.21,,-0.48,129.39,5.42,14.20,701,93,26,,,79,,,,,,0,2025-07-25T08:55:19.000+0200,1942,1894,20.123,48.1257417,-1.9379567,5.26,34.53,37.84,54.39,45.1,133,3,,
2025-07-25T08:55:21.049+0200,2023,1934,22.347,4791.733,24.58,38.11,41.37,59.21,,0.24,129.50,8.14,21.10,1054,93,26,,,79,,,,,,0,2025-07-25T08:55:20.000+0200,1942,1894,20.125,48.1257250,-1.9379300,8.70,34.51,37.83,54.39,45.1,117,3,,
2025-07-25T08:55:21.072+0200,2023,1934,22.347,4791.733,24.58,38.11,41.37,59.21,,0.24,129.50,8.14,21.10,1054,93,26,,,79,,,,,,0,2025-07-25T08:55:20.000+0200,1942,1894,20.125,48.1257250,-1.9379300,8.70,34.51,37.83,54.39,45.1,117,3,,
2025-07-25T08:55:21.668+0200,2024,1934,22.351,4791.737,26.42,38.10,41.37,59.21,,2.47,129.39,8.24,20.40,1066,93,26,,,78,,,,,,0,2025-07-25T08:55:21.000+0200,1943,1895,20.128,48.1257167,-1.9379033,8.26,34.50,37.81,54.39,44.8,92,3,,
2025-07-25T08:55:21.691+0200,2024,1934,22.351,4791.737,26.42,38.10,41.37,59.21,,2.47,129.39,8.24,20.40,1066,93,26,,,78,,,,,,0,2025-07-25T08:55:21.000+0200,1943,1895,20.128,48.1257167,-1.9379033,8.26,34.50,37.81,54.39,44.8,92,3,,
2025-07-25T08:55:22.312+0200,2024,1935,22.356,4791.742,26.89,38.10,41.36,59.21,,0.84,129.39,7.89,19.29,1021,93,26,,,77,,,,,,0,2025-07-25T08:55:21.000+0200,1944,1896,20.128,48.1257167,-1.9379033,8.26,34.50,37.81,54.39,44.8,92,3,,
2025-07-25T08:55:22.336+0200,2024,1935,22.356,4791.742,26.89,38.10,41.36,59.21,,0.84,129.39,7.89,19.29,1021,93,26,,,77,,,,,,0,2025-07-25T08:55:21.000+0200,1944,1896,20.128,48.1257167,-1.9379033,8.26,34.50,37.81,54.39,44.8,92,3,,
2025-07-25T08:55:22.915+0200,2025,1936,22.360,4791.747,27.93,38.10,41.36,59.21,,-0.56,129.39,6.79,16.19,879,93,26,,,76,,,,,,0,2025-07-25T08:55:22.000+0200,1944,1896,20.139,48.1256100,-1.9379150,10.22,34.49,37.80,54.39,45.3,129,3,,
2025-07-25T08:55:22.938+0200,2025,1936,22.360,4791.747,27.93,38.10,41.36,59.21,,-0.56,129.39,6.79,16.19,879,93,26,,,76,,,,,,0,2025-07-25T08:55:22.000+0200,1944,1896,20.139,48.1256100,-1.9379150,10.22,34.49,37.80,54.39,45.3,129,3,,
2025-07-25T08:55:23.532+0200,2026,1936,22.365,4791.751,29.37,38.09,41.36,59.21,,2.14,129.30,7.67,17.69,992,93,26,,,75,,,,,,0,2025-07-25T08:55:22.000+0200,1945,1897,20.139,48.1256100,-1.9379150,10.22,34.49,37.80,54.39,45.3,129,3,,
2025-07-25T08:55:23.554+0200,2026,1936,22.365,4791.751,29.37,38.09,41.36,59.21,,2.14,129.30,7.67,17.69,992,93,26,,,75,,,,,,0,2025-07-25T08:55:22.000+0200,1945,1897,20.139,48.1256100,-1.9379150,10.22,34.49,37.80,54.39,45.3,129,3,,
2025-07-25T08:55:24.171+0200,2026,1937,22.370,4791.757,30.52,38.09,41.35,59.21,,3.23,129.30,9.08,20.40,1174,93,26,,,74,,,,,,0,2025-07-25T08:55:23.000+0200,1945,1897,20.144,48.1255750,-1.9378933,11.51,34.48,37.78,54.39,46.0,136,3,,
2025-07-25T08:55:24.193+0200,2026,1937,22.370,4791.757,30.52,38.09,41.35,59.21,,3.23,129.30,9.08,20.40,1174,93,26,,,74,,,,,,0,2025-07-25T08:55:23.000+0200,1945,1897,20.144,48.1255750,-1.9378933,11.51,34.48,37.78,54.39,46.0,136,3,,
2025-07-25T08:55:24.795+0200,2027,1937,22.375,4791.762,30.78,38.09,41.35,59.21,,0.11,129.30,5.01,11.20,648,93,26,,,74,,,,,,0,2025-07-25T08:55:24.000+0200,1946,1898,20.149,48.1255250,-1.9378917,11.45,34.47,37.77,54.39,45.1,151,3,,
2025-07-25T08:55:24.818+0200,2027,1937,22.375,4791.762,30.78,38.09,41.35,59.21,,0.11,129.30,5.01,11.20,648,93,26,,,74,,,,,,0,2025-07-25T08:55:24.000+0200,1946,1898,20.149,48.1255250,-1.9378917,11.45,34.47,37.77,54.39,45.1,151,3,,
2025-07-25T08:55:25.413+0200,2028,1938,22.381,4791.767,32.50,38.09,41.35,59.21,,2.15,129.30,8.92,19.19,1153,93,26,,,72,,,,,,0,2025-07-25T08:55:24.000+0200,1947,1899,20.149,48.1255250,-1.9378917,11.45,34.47,37.77,54.39,45.1,151,3,,
2025-07-25T08:55:25.431+0200,2028,1938,22.381,4791.767,32.50,38.09,41.35,59.21,,2.15,129.30,8.92,19.19,1153,93,26,,,72,,,,,,0,2025-07-25T08:55:24.000+0200,1947,1899,20.149,48.1255250,-1.9378917,11.45,34.47,37.77,54.39,45.1,151,3,,
2025-07-25T08:55:26.054+0200,2028,1939,22.386,4791.773,33.58,38.09,41.34,59.21,,2.50,129.30,9.66,20.29,1249,93,26,,,71,,,,,,0,2025-07-25T08:55:25.000+0200,1947,1899,20.155,48.1254700,-1.9378767,16.21,34.46,37.76,54.39,44.5,166,3,,
2025-07-25T08:55:26.069+0200,2028,1939,22.386,4791.773,33.58,38.09,41.34,59.21,,2.50,129.30,9.66,20.29,1249,93,26,,,71,,,,,,0,2025-07-25T08:55:25.000+0200,1947,1899,20.155,48.1254700,-1.9378767,16.21,34.46,37.76,54.39,44.5,166,3,,
2025-07-25T08:55:26.651+0200,2029,1939,22.392,4791.779,33.94,38.09,41.34,59.21,,2.69,129.20,9.15,19.10,1182,93,26,,,71,,,,,,0,2025-07-25T08:55:26.000+0200,1948,1900,20.161,48.1254200,-1.9378683,17.60,34.45,37.75,54.39,43.8,172,3,,
2025-07-25T08:55:26.666+0200,2029,1939,22.392,4791.779,33.94,38.09,41.34,59.21,,2.69,129.20,9.15,19.10,1182,93,26,,,71,,,,,,0,2025-07-25T08:55:26.000+0200,1948,1900,20.161,48.1254200,-1.9378683,17.60,34.45,37.75,54.39,43.8,172,3,,
2025-07-25T08:55:27.290+0200,2029,1940,22.397,4791.784,33.69,38.08,41.34,59.21,,-2.03,129.30,4.48,9.39,579,93,26,,,71,,,,,,0,2025-07-25T08:55:26.000+0200,1949,1901,20.161,48.1254200,-1.9378683,17.60,34.45,37.75,54.39,43.8,172,3,,
2025-07-25T08:55:27.318+0200,2029,1940,22.397,4791.784,33.69,38.08,41.34,59.21,,-2.03,129.30,4.48,9.39,579,93,26,,,71,,,,,,0,2025-07-25T08:55:26.000+0200,1949,1901,20.161,48.1254200,-1.9378683,17.60,34.45,37.75,54.39,43.8,172,3,,
2025-07-25T08:55:27.912+0200,2030,1941,22.403,4791.790,33.76,38.08,41.34,59.21,,1.55,129.30,9.31,19.50,1204,93,26,,,71,,,,,,0,2025-07-25T08:55:27.000+0200,1949,1901,20.167,48.1253700,-1.9378617,20.79,34.44,37.74,54.39,43.7,175,3,,
2025-07-25T08:55:27.937+0200,2030,1941,22.403,4791.790,33.76,38.08,41.34,59.21,,1.55,129.30,9.31,19.50,1204,93,26,,,71,,,,,,0,2025-07-25T08:55:27.000+0200,1949,1901,20.167,48.1253700,-1.9378617,20.79,34.44,37.74,54.39,43.7,175,3,,
2025-07-25T08:55:28.533+0200,2031,1941,22.409,4791.796,34.91,38.08,41.33,59.21,,-0.24,129.30,4.54,9.30,587,93,26,,,70,,,,,,0,2025-07-25T08:55:27.000+0200,1950,1902,20.167,48.1253700,-1.9378617,20.79,34.44,37.74,54.39,43.7,175,3,,
2025-07-25T08:55:28.556+0200,2031,1941,22.409,4791.796,34.91,38.08,41.33,59.21,,-0.24,129.30,4.54,9.30,587,93,26,,,70,,,,,,0,2025-07-25T08:55:27.000+0200,1950,1902,20.167,48.1253700,-1.9378617,20.79,34.44,37.74,54.39,43.7,175,3,,
2025-07-25T08:55:29.151+0200,2031,1942,22.415,4791.802,34.91,38.08,41.33,59.21,,0.11,129.39,2.69,5.50,348,93,26,,,70,,,,,,0,2025-07-25T08:55:28.000+0200,1950,1902,20.173,48.1253167,-1.9378733,17.81,34.44,37.73,54.39,42.8,173,3,,
2025-07-25T08:55:29.173+0200,2031,1942,22.415,4791.802,34.91,38.08,41.33,59.21,,0.11,129.39,2.69,5.50,348,93,26,,,70,,,,,,0,2025-07-25T08:55:28.000+0200,1950,1902,20.173,48.1253167,-1.9378733,17.81,34.44,37.73,54.39,42.8,173,3,,
2025-07-25T08:55:29.771+0200,2032,1942,22.422,4791.809,34.88,38.08,41.33,59.21,,-3.48,129.59,-1.53,-6.30,-198,93,26,,,70,,,,,,0,2025-07-25T08:55:29.000+0200,1951,1903,20.180,48.1252517,-1.9378950,20.77,34.43,37.72,54.39,41.8,185,3,,
2025-07-25T08:55:29.795+0200,2032,1942,22.422,4791.809,34.88,38.08,41.33,59.21,,-3.48,129.59,-1.53,-6.30,-198,93,26,,,70,,,,,,0,2025-07-25T08:55:29.000+0200,1951,1903,20.180,48.1252517,-1.9378950,20.77,34.43,37.72,54.39,41.8,185,3,,
2025-07-25T08:55:30.391+0200,2033,1943,22.428,4791.815,31.64,38.08,41.33,59.21,,-6.32,129.89,-3.14,-13.79,-408,93,26,,,73,,,,,,0,2025-07-25T08:55:29.000+0200,1952,1904,20.180,48.1252517,-1.9378950,20.77,34.43,37.72,54.39,41.8,185,3,,
2025-07-25T08:55:30.414+0200,2033,1943,22.428,4791.815,31.64,38.08,41.33,59.21,,-6.32,129.89,-3.14,-13.79,-408,93,26,,,73,,,,,,0,2025-07-25T08:55:29.000+0200,1952,1904,20.180,48.1252517,-1.9378950,20.77,34.43,37.72,54.39,41.8,185,3,,
2025-07-25T08:55:31.038+0200,2033,1944,22.433,4791.820,30.78,38.08,41.32,59.21,,-3.06,130.00,-0.89,-4.00,-116,93,26,,,74,,,,,,0,2025-07-25T08:55:30.000+0200,1952,1904,20.187,48.1251883,-1.9379017,21.29,34.42,37.71,54.39,39.8,189,3,,
2025-07-25T08:55:31.058+0200,2033,1944,22.433,4791.820,30.78,38.08,41.32,59.21,,-3.06,130.00,-0.89,-4.00,-116,93,26,,,74,,,,,,0,2025-07-25T08:55:30.000+0200,1952,1904,20.187,48.1251883,-1.9379017,21.29,34.42,37.71,54.39,39.8,189,3,,
2025-07-25T08:55:31.659+0200,2034,1944,22.439,4791.826,29.51,38.07,41.32,59.21,,-3.95,130.00,2.69,6.20,350,93,26,,,75,,,,,,0,2025-07-25T08:55:31.000+0200,1953,1905,20.194,48.1251233,-1.9379167,24.40,34.42,37.70,54.39,39.4,186,3,,
2025-07-25T08:55:31.674+0200,2034,1944,22.439,4791.826,29.51,38.07,41.32,59.21,,-3.95,130.00,2.69,6.20,350,93,26,,,75,,,,,,0,2025-07-25T08:55:31.000+0200,1953,1905,20.194,48.1251233,-1.9379167,24.40,34.42,37.70,54.39,39.4,186,3,,
2025-07-25T08:55:32.256+0200,2034,1945,22.444,4791.831,30.74,38.07,41.32,59.21,,1.59,129.89,7.42,16.60,964,93,26,,,74,,,,,,0,2025-07-25T08:55:31.000+0200,1954,1906,20.194,48.1251233,-1.9379167,24.40,34.42,37.70,54.39,39.4,186,3,,
2025-07-25T08:55:32.279+0200,2034,1945,22.444,4791.831,30.74,38.07,41.32,59.21,,1.59,129.89,7.42,16.60,964,93,26,,,74,,,,,,0,2025-07-25T08:55:31.000+0200,1954,1906,20.194,48.1251233,-1.9379167,24.40,34.42,37.70,54.39,39.4,186,3,,
2025-07-25T08:55:32.874+0200,2035,1946,22.449,4791.836,32.00,38.07,41.31,59.21,,2.44,129.80,5.38,11.70,698,93,26,,,73,,,,,,0,2025-07-25T08:55:32.000+0200,1954,1906,20.201,48.1250667,-1.9379200,21.75,34.41,37.70,54.39,38.9,182,3,,
2025-07-25T08:55:32.898+0200,2035,1946,22.449,4791.836,32.00,38.07,41.31,59.21,,2.44,129.80,5.38,11.70,698,93,26,,,73,,,,,,0,2025-07-25T08:55:32.000+0200,1954,1906,20.201,48.1250667,-1.9379200,21.75,34.41,37.70,54.39,38.9,182,3,,
2025-07-25T08:55:33.513+0200,2036,1946,22.455,4791.842,31.39,38.07,41.31,59.21,,-0.84,129.70,10.30,22.70,1336,93,26,,,73,,,,,,0,2025-07-25T08:55:32.000+0200,1955,1907,20.201,48.1250667,-1.9379200,21.75,34.41,37.70,54.39,38.9,182,3,,
2025-07-25T08:55:33.536+0200,2036,1946,22.455,4791.842,31.39,38.07,41.31,59.21,,-0.84,129.70,10.30,22.70,1336,93,26,,,73,,,,,,0,2025-07-25T08:55:32.000+0200,1955,1907,20.201,48.1250667,-1.9379200,21.75,34.41,37.70,54.39,38.9,182,3,,
2025-07-25T08:55:34.126+0200,2036,1947,22.460,4791.847,32.79,38.07,41.31,59.21,,2.58,129.39,5.84,12.50,756,93,26,,,72,,,,,,0,2025-07-25T08:55:33.000+0200,1955,1907,20.208,48.1250033,-1.9379183,20.39,34.41,37.69,54.39,38.9,190,3,,
2025-07-25T08:55:34.149+0200,2036,1947,22.460,4791.847,32.79,38.07,41.31,59.21,,2.58,129.39,5.84,12.50,756,93,26,,,72,,,,,,0,2025-07-25T08:55:33.000+0200,1955,1907,20.208,48.1250033,-1.9379183,20.39,34.41,37.69,54.39,38.9,190,3,,
2025-07-25T08:55:34.772+0200,2037,1947,22.466,4791.853,32.83,38.06,41.31,59.21,,-0.84,129.30,8.75,18.69,1131,93,26,,,72,,,,,,0,2025-07-25T08:55:34.000+0200,1956,1908,20.214,48.1249550,-1.9379483,19.64,34.40,37.68,54.39,38.4,199,3,,
2025-07-25T08:55:34.795+0200,2037,1947,22.466,4791.853,32.83,38.06,41.31,59.21,,-0.84,129.30,8.75,18.69,1131,93,26,,,72,,,,,,0,2025-07-25T08:55:34.000+0200,1956,1908,20.214,48.1249550,-1.9379483,19.64,34.40,37.68,54.39,38.4,199,3,,
2025-07-25T08:55:35.375+0200,2038,1948,22.472,4791.859,33.22,38.06,41.30,59.21,,-1.68,129.20,13.36,28.30,1726,93,26,,,72,,,,,,0,2025-07-25T08:55:34.000+0200,1957,1909,20.214,48.1249550,-1.9379483,19.64,34.40,37.68,54.39,38.4,199,3,,
2025-07-25T08:55:35.397+0200,2038,1948,22.472,4791.859,33.22,38.06,41.30,59.21,,-1.68,129.20,13.36,28.30,1726,93,26,,,72,,,,,,0,2025-07-25T08:55:34.000+0200,1957,1909,20.214,48.1249550,-1.9379483,19.64,34.40,37.68,54.39,38.4,199,3,,
2025-07-25T08:55:35.994+0200,2038,1949,22.478,4791.864,34.81,38.06,41.30,59.21,,3.49,129.09,12.93,26.50,1669,93,26,,,70,,,,,,0,2025-07-25T08:55:35.000+0200,1957,1909,20.220,48.1249033,-1.9379817,20.38,34.39,37.67,54.39,38.0,202,3,,
2025-07-25T08:55:36.014+0200,2038,1949,22.478,4791.864,34.81,38.06,41.30,59.21,,3.49,129.09,12.93,26.50,1669,93,26,,,70,,,,,,0,2025-07-25T08:55:35.000+0200,1957,1909,20.220,48.1249033,-1.9379817,20.38,34.39,37.67,54.39,38.0,202,3,,
2025-07-25T08:55:36.616+0200,2039,1949,22.483,4791.870,34.91,38.06,41.30,59.21,,-0.11,129.00,7.77,15.90,1002,93,26,,,70,,,,,,0,2025-07-25T08:55:35.000+0200,1958,1910,20.220,48.1249033,-1.9379817,20.38,34.39,37.67,54.39,38.0,202,3,,
2025-07-25T08:55:36.637+0200,2039,1949,22.483,4791.870,34.91,38.06,41.30,59.21,,-0.11,129.00,7.77,15.90,1002,93,26,,,70,,,,,,0,2025-07-25T08:55:35.000+0200,1958,1910,20.220,48.1249033,-1.9379817,20.38,34.39,37.67,54.39,38.0,202,3,,
2025-07-25T08:55:37.255+0200,2039,1950,22.490,4791.877,36.21,38.06,41.30,59.21,,0.84,129.09,5.92,11.80,764,93,26,,,69,,,,,,0,2025-07-25T08:55:36.000+0200,1959,1911,20.229,48.1248250,-1.9379767,21.85,34.39,37.66,54.39,37.6,203,3,,
2025-07-25T08:55:37.278+0200,2039,1950,22.490,4791.877,36.21,38.06,41.30,59.21,,0.84,129.09,5.92,11.80,764,93,26,,,69,,,,,,0,2025-07-25T08:55:36.000+0200,1959,1911,20.229,48.1248250,-1.9379767,21.85,34.39,37.66,54.39,37.6,203,3,,
2025-07-25T08:55:37.876+0200,2040,1951,22.496,4791.883,36.21,38.06,41.30,59.21,,3.12,129.00,17.92,35.70,2312,93,26,,,69,,,,,,0,2025-07-25T08:55:37.000+0200,1959,1911,20.237,48.1247533,-1.9379700,23.29,34.38,37.65,54.39,37.8,203,3,,
2025-07-25T08:55:37.898+0200,2040,1951,22.496,4791.883,36.21,38.06,41.30,59.21,,3.12,129.00,17.92,35.70,2312,93,26,,,69,,,,,,0,2025-07-25T08:55:37.000+0200,1959,1911,20.237,48.1247533,-1.9379700,23.29,34.38,37.65,54.39,37.8,203,3,,
2025-07-25T08:55:38.503+0200,2041,1951,22.502,4791.889,38.91,38.06,41.29,59.21,,6.30,128.59,28.20,53.30,3626,93,26,,,67,,,,,,0,2025-07-25T08:55:37.000+0200,1960,1912,20.237,48.1247533,-1.9379700,23.29,34.38,37.65,54.39,37.8,203,3,,
2025-07-25T08:55:38.532+0200,2041,1951,22.502,4791.889,38.91,38.06,41.29,59.21,,6.30,128.59,28.20,53.30,3626,93,26,,,67,,,,,,0,2025-07-25T08:55:37.000+0200,1960,1912,20.237,48.1247533,-1.9379700,23.29,34.38,37.65,54.39,37.8,203,3,,
2025-07-25T08:55:39.113+0200,2041,1952,22.508,4791.896,42.80,38.06,41.29,59.21,,4.51,128.00,27.94,49.20,3576,93,26,,,63,,,,,,0,2025-07-25T08:55:38.000+0200,1960,1912,20.250,48.1246383,-1.9380100,24.98,34.38,37.65,54.39,37.2,201,3,,
2025-07-25T08:55:39.138+0200,2041,1952,22.508,4791.896,42.80,38.06,41.29,59.21,,4.51,128.00,27.94,49.20,3576,93,26,,,63,,,,,,0,2025-07-25T08:55:38.000+0200,1960,1912,20.250,48.1246383,-1.9380100,24.98,34.38,37.65,54.39,37.2,201,3,,
2025-07-25T08:55:39.734+0200,2042,1952,22.515,4791.903,44.89,38.06,41.30,59.21,,3.60,127.80,9.30,15.79,1189,93,26,,,61,,,,,,0,2025-07-25T08:55:39.000+0200,1961,1913,20.258,48.1245667,-1.9380267,27.13,34.37,37.64,54.39,35.6,203,3,,
2025-07-25T08:55:39.757+0200,2042,1952,22.515,4791.903,44.89,38.06,41.30,59.21,,3.60,127.80,9.30,15.79,1189,93,26,,,61,,,,,,0,2025-07-25T08:55:39.000+0200,1961,1913,20.258,48.1245667,-1.9380267,27.13,34.37,37.64,54.39,35.6,203,3,,
2025-07-25T08:55:40.349+0200,2042,1953,22.523,4791.911,43.70,38.06,41.30,59.21,,0.56,128.20,5.48,9.50,703,93,26,,,62,,,,,,0,2025-07-25T08:55:39.000+0200,1962,1914,20.258,48.1245667,-1.9380267,27.13,34.37,37.64,54.39,35.6,203,3,,
2025-07-25T08:55:40.371+0200,2042,1953,22.523,4791.911,43.70,38.06,41.30,59.21,,0.56,128.20,5.48,9.50,703,93,26,,,62,,,,,,0,2025-07-25T08:55:39.000+0200,1962,1914,20.258,48.1245667,-1.9380267,27.13,34.37,37.64,54.39,35.6,203,3,,
2025-07-25T08:55:40.973+0200,2043,1954,22.531,4791.918,43.84,38.07,41.30,59.21,,2.36,128.30,10.47,18.10,1343,93,26,,,62,,,,,,0,2025-07-25T08:55:40.000+0200,1962,1914,20.266,48.1244967,-1.9380517,25.61,34.37,37.63,54.39,35.1,194,4,,
2025-07-25T08:55:40.994+0200,2043,1954,22.531,4791.918,43.84,38.07,41.30,59.21,,2.36,128.30,10.47,18.10,1343,93,26,,,62,,,,,,0,2025-07-25T08:55:40.000+0200,1962,1914,20.266,48.1244967,-1.9380517,25.61,34.37,37.63,54.39,35.1,194,4,,
2025-07-25T08:55:41.599+0200,2044,1954,22.538,4791.926,43.09,38.07,41.30,59.21,,-0.45,128.50,6.67,11.70,857,93,26,,,63,,,,,,0,2025-07-25T08:55:40.000+0200,1963,1915,20.266,48.1244967,-1.9380517,25.61,34.37,37.63,54.39,35.1,194,4,,
2025-07-25T08:55:41.620+0200,2044,1954,22.538,4791.926,43.09,38.07,41.30,59.21,,-0.45,128.50,6.67,11.70,857,93,26,,,63,,,,,,0,2025-07-25T08:55:40.000+0200,1963,1915,20.266,48.1244967,-1.9380517,25.61,34.37,37.63,54.39,35.1,194,4,,
2025-07-25T08:55:42.221+0200,2044,1955,22.546,4791.933,43.34,38.07,41.30,59.21,,0.91,128.59,10.55,18.40,1357,93,26,,,63,,,,,,0,2025-07-25T08:55:41.000+0200,1963,1915,20.273,48.1244350,-1.9380750,26.71,34.36,37.63,54.39,35.3,196,3,,
2025-07-25T08:55:42.245+0200,2044,1955,22.546,4791.933,43.34,38.07,41.30,59.21,,0.91,128.59,10.55,18.40,1357,93,26,,,63,,,,,,0,2025-07-25T08:55:41.000+0200,1963,1915,20.273,48.1244350,-1.9380750,26.71,34.36,37.63,54.39,35.3,196,3,,
2025-07-25T08:55:42.834+0200,2045,1955,22.553,4791.941,42.22,38.07,41.30,59.21,,-0.78,128.80,7.02,12.50,904,93,26,,,64,,,,,,0,2025-07-25T08:55:42.000+0200,1964,1916,20.286,48.1243200,-1.9380983,28.57,34.36,37.62,54.39,33.2,201,4,,
2025-07-25T08:55:42.859+0200,2045,1955,22.553,4791.941,42.22,38.07,41.30,59.21,,-0.78,128.80,7.02,12.50,904,93,26,,,64,,,,,,0,2025-07-25T08:55:42.000+0200,1964,1916,20.286,48.1243200,-1.9380983,28.57,34.36,37.62,54.39,33.2,201,4,,
2025-07-25T08:55:43.454+0200,2046,1956,22.561,4791.948,42.01,38.07,41.30,59.21,,1.01,128.89,5.76,10.30,742,93,26,,,64,,,,,,0,2025-07-25T08:55:42.000+0200,1965,1917,20.286,48.1243200,-1.9380983,28.57,34.36,37.62,54.39,33.2,201,4,,
2025-07-25T08:55:43.480+0200,2046,1956,22.561,4791.948,42.01,38.07,41.30,59.21,,1.01,128.89,5.76,10.30,742,93,26,,,64,,,,,,0,2025-07-25T08:55:42.000+0200,1965,1917,20.286,48.1243200,-1.9380983,28.57,34.36,37.62,54.39,33.2,201,4,,
2025-07-25T08:55:44.073+0200,2046,1957,22.568,4791.955,42.44,38.07,41.30,59.21,,4.28,128.80,9.87,17.50,1271,93,26,,,64,,,,,,0,2025-07-25T08:55:43.000+0200,1965,1917,20.297,48.1242200,-1.9381417,30.67,34.36,37.62,54.39,32.6,201,3,,
2025-07-25T08:55:44.097+0200,2046,1957,22.568,4791.955,42.44,38.07,41.30,59.21,,4.28,128.80,9.87,17.50,1271,93,26,,,64,,,,,,0,2025-07-25T08:55:43.000+0200,1965,1917,20.297,48.1242200,-1.9381417,30.67,34.36,37.62,54.39,32.6,201,3,,
2025-07-25T08:55:44.716+0200,2047,1957,22.575,4791.963,41.03,38.07,41.30,59.21,,-2.39,128.89,9.24,16.79,1191,93,26,,,65,,,,,,0,2025-07-25T08:55:44.000+0200,1966,1918,20.314,48.1240833,-1.9382383,33.09,34.36,37.62,54.39,30.6,209,3,,
2025-07-25T08:55:44.738+0200,2047,1957,22.575,4791.963,41.03,38.07,41.30,59.21,,-2.39,128.89,9.24,16.79,1191,93,26,,,65,,,,,,0,2025-07-25T08:55:44.000+0200,1966,1918,20.314,48.1240833,-1.9382383,33.09,34.36,37.62,54.39,30.6,209,3,,
2025-07-25T08:55:45.352+0200,2047,1958,22.582,4791.970,41.40,38.07,41.30,59.21,,-1.16,128.89,9.36,16.90,1206,93,26,,,65,,,,,,0,2025-07-25T08:55:44.000+0200,1967,1919,20.314,48.1240833,-1.9382383,33.09,34.36,37.62,54.39,30.6,209,3,,
2025-07-25T08:55:45.376+0200,2047,1958,22.582,4791.970,41.40,38.07,41.30,59.21,,-1.16,128.89,9.36,16.90,1206,93,26,,,65,,,,,,0,2025-07-25T08:55:44.000+0200,1967,1919,20.314,48.1240833,-1.9382383,33.09,34.36,37.62,54.39,30.6,209,3,,
2025-07-25T08:55:45.953+0200,2048,1959,22.589,4791.977,41.00,38.08,41.30,59.21,,-0.11,128.89,9.07,16.50,1169,93,26,,,65,,,,,,0,2025-07-25T08:55:45.000+0200,1967,1919,20.329,48.1239667,-1.9383350,34.98,34.36,37.62,54.39,29.9,212,3,,
2025-07-25T08:55:45.978+0200,2048,1959,22.589,4791.977,41.00,38.08,41.30,59.21,,-0.11,128.89,9.07,16.50,1169,93,26,,,65,,,,,,0,2025-07-25T08:55:45.000+0200,1967,1919,20.329,48.1239667,-1.9383350,34.98,34.36,37.62,54.39,29.9,212,3,,
2025-07-25T08:55:46.574+0200,2049,1959,22.597,4791.984,41.00,38.08,41.30,59.21,,-0.34,128.80,13.42,24.40,1728,93,26,,,65,,,,,,0,2025-07-25T08:55:45.000+0200,1968,1920,20.329,48.1239667,-1.9383350,34.98,34.36,37.62,54.39,29.9,212,3,,
2025-07-25T08:55:46.599+0200,2049,1959,22.597,4791.984,41.00,38.08,41.30,59.21,,-0.34,128.80,13.42,24.40,1728,93,26,,,65,,,,,,0,2025-07-25T08:55:45.000+0200,1968,1920,20.329,48.1239667,-1.9383350,34.98,34.36,37.62,54.39,29.9,212,3,,
2025-07-25T08:55:47.189+0200,2049,1960,22.604,4791.991,40.71,38.08,41.30,59.21,,1.35,128.89,5.47,10.00,705,93,26,,,65,,,,,,0,2025-07-25T08:55:46.000+0200,1968,1920,20.341,48.1238867,-1.9384367,35.00,34.36,37.61,54.39,29.8,212,3,,
2025-07-25T08:55:47.212+0200,2049,1960,22.604,4791.991,40.71,38.08,41.30,59.21,,1.35,128.89,5.47,10.00,705,93,26,,,65,,,,,,0,2025-07-25T08:55:46.000+0200,1968,1920,20.341,48.1238867,-1.9384367,35.00,34.36,37.61,54.39,29.8,212,3,,
2025-07-25T08:55:47.836+0200,2050,1960,22.611,4791.998,38.98,38.08,41.30,59.21,,-3.00,129.09,2.64,5.00,341,93,26,,,67,,,,,,0,2025-07-25T08:55:47.000+0200,1969,1921,20.353,48.1237850,-1.9385167,31.90,34.36,37.61,54.39,29.8,211,3,,
2025-07-25T08:55:47.859+0200,2050,1960,22.611,4791.998,38.98,38.08,41.30,59.21,,-3.00,129.09,2.64,5.00,341,93,26,,,67,,,,,,0,2025-07-25T08:55:47.000+0200,1969,1921,20.353,48.1237850,-1.9385167,31.90,34.36,37.61,54.39,29.8,211,3,,
2025-07-25T08:55:48.451+0200,2051,1961,22.618,4792.005,38.16,38.08,41.30,59.21,,-2.64,129.09,10.17,19.50,1313,93,26,,,67,,,,,,0,2025-07-25T08:55:47.000+0200,1970,1922,20.353,48.1237850,-1.9385167,31.90,34.36,37.61,54.39,29.8,211,3,,
2025-07-25T08:55:48.474+0200,2051,1961,22.618,4792.005,38.16,38.08,41.30,59.21,,-2.64,129.09,10.17,19.50,1313,93,26,,,67,,,,,,0,2025-07-25T08:55:47.000+0200,1970,1922,20.353,48.1237850,-1.9385167,31.90,34.36,37.61,54.39,29.8,211,3,,
2025-07-25T08:55:49.074+0200,2051,1962,22.625,4792.012,37.90,38.08,41.30,59.21,,-2.89,129.09,10.17,19.60,1313,93,26,,,68,,,,,,0,2025-07-25T08:55:48.000+0200,1970,1922,20.370,48.1236617,-1.9386300,37.41,34.36,37.61,54.39,31.8,213,3,,
2025-07-25T08:55:49.099+0200,2051,1962,22.625,4792.012,37.90,38.08,41.30,59.21,,-2.89,129.09,10.17,19.60,1313,93,26,,,68,,,,,,0,2025-07-25T08:55:48.000+0200,1970,1922,20.370,48.1236617,-1.9386300,37.41,34.36,37.61,54.39,31.8,213,3,,
2025-07-25T08:55:49.693+0200,2052,1962,22.631,4792.019,37.25,38.08,41.30,59.21,,-4.05,129.20,11.89,23.20,1536,93,26,,,68,,,,,,0,2025-07-25T08:55:49.000+0200,1971,1923,20.383,48.1235567,-1.9387167,37.77,34.36,37.61,54.39,30.1,211,3,,
2025-07-25T08:55:49.717+0200,2052,1962,22.631,4792.019,37.25,38.08,41.30,59.21,,-4.05,129.20,11.89,23.20,1536,93,26,,,68,,,,,,0,2025-07-25T08:55:49.000+0200,1971,1923,20.383,48.1235567,-1.9387167,37.77,34.36,37.61,54.39,30.1,211,3,,
2025-07-25T08:55:50.312+0200,2052,1963,22.638,4792.025,37.18,38.08,41.29,59.21,,0.23,129.09,8.08,15.79,1043,93,26,,,68,,,,,,0,2025-07-25T08:55:49.000+0200,1972,1924,20.383,48.1235567,-1.9387167,37.77,34.36,37.61,54.39,30.1,211,3,,
2025-07-25T08:55:50.336+0200,2052,1963,22.638,4792.025,37.18,38.08,41.29,59.21,,0.23,129.09,8.08,15.79,1043,93,26,,,68,,,,,,0,2025-07-25T08:55:49.000+0200,1972,1924,20.383,48.1235567,-1.9387167,37.77,34.36,37.61,54.39,30.1,211,3,,
2025-07-25T08:55:50.932+0200,2053,1964,22.644,4792.032,38.62,38.08,41.29,59.21,,0.00,128.80,21.47,40.80,2765,93,26,,,67,,,,,,0,2025-07-25T08:55:50.000+0200,1972,1924,20.393,48.1234783,-1.9387900,32.65,34.36,37.61,54.39,29.6,207,3,,
2025-07-25T08:55:50.956+0200,2053,1964,22.644,4792.032,38.62,38.08,41.29,59.21,,0.00,128.80,21.47,40.80,2765,93,26,,,67,,,,,,0,2025-07-25T08:55:50.000+0200,1972,1924,20.393,48.1234783,-1.9387900,32.65,34.36,37.61,54.39,29.6,207,3,,
2025-07-25T08:55:51.574+0200,2054,1964,22.651,4792.038,38.84,38.08,41.29,59.21,,-0.36,128.80,2.32,4.40,299,93,26,,,67,,,,,,0,2025-07-25T08:55:50.000+0200,1973,1925,20.393,48.1234783,-1.9387900,32.65,34.36,37.61,54.39,29.6,207,3,,
2025-07-25T08:55:51.597+0200,2054,1964,22.651,4792.038,38.84,38.08,41.29,59.21,,-0.36,128.80,2.32,4.40,299,93,26,,,67,,,,,,0,2025-07-25T08:55:50.000+0200,1973,1925,20.393,48.1234783,-1.9387900,32.65,34.36,37.61,54.39,29.6,207,3,,
2025-07-25T08:55:52.168+0200,2054,1965,22.658,4792.045,37.72,38.08,41.29,59.21,,2.13,128.89,8.79,17.00,1133,93,26,,,68,,,,,,0,2025-07-25T08:55:51.000+0200,1973,1925,20.402,48.1234100,-1.9388617,32.02,34.36,37.61,54.39,28.9,207,3,,
2025-07-25T08:55:52.194+0200,2054,1965,22.658,4792.045,37.72,38.08,41.29,59.21,,2.13,128.89,8.79,17.00,1133,93,26,,,68,,,,,,0,2025-07-25T08:55:51.000+0200,1973,1925,20.402,48.1234100,-1.9388617,32.02,34.36,37.61,54.39,28.9,207,3,,
2025-07-25T08:55:52.793+0200,2055,1965,22.664,4792.052,38.55,38.08,41.29,59.21,,1.01,128.89,3.41,6.50,440,93,26,,,67,,,,,,0,2025-07-25T08:55:52.000+0200,1974,1926,20.412,48.1233300,-1.9389167,32.78,34.36,37.60,54.39,28.9,203,3,,
2025-07-25T08:55:52.815+0200,2055,1965,22.664,4792.052,38.55,38.08,41.29,59.21,,1.01,128.89,3.41,6.50,440,93,26,,,67,,,,,,0,2025-07-25T08:55:52.000+0200,1974,1926,20.412,48.1233300,-1.9389167,32.78,34.36,37.60,54.39,28.9,203,3,,
2025-07-25T08:55:53.433+0200,2056,1966,22.671,4792.058,37.04,38.08,41.29,59.21,,0.36,128.89,13.57,26.59,1749,92,26,,,68,,,,,,0,2025-07-25T08:55:52.000+0200,1975,1927,20.412,48.1233300,-1.9389167,32.78,34.36,37.60,54.39,28.9,203,3,,
2025-07-25T08:55:53.451+0200,2056,1966,22.671,4792.058,37.04,38.08,41.29,59.21,,0.36,128.89,13.57,26.59,1749,92,26,,,68,,,,,,0,2025-07-25T08:55:52.000+0200,1975,1927,20.412,48.1233300,-1.9389167,32.78,34.36,37.60,54.39,28.9,203,3,,
2025-07-25T08:55:54.052+0200,2056,1967,22.677,4792.065,37.72,38.08,41.29,59.21,,-1.32,128.80,13.03,25.20,1678,92,26,,,68,,,,,,0,2025-07-25T08:55:53.000+0200,1975,1927,20.422,48.1232583,-1.9389833,32.22,34.36,37.60,54.39,28.7,203,3,,
2025-07-25T08:55:54.077+0200,2056,1967,22.677,4792.065,37.72,38.08,41.29,59.21,,-1.32,128.80,13.03,25.20,1678,92,26,,,68,,,,,,0,2025-07-25T08:55:53.000+0200,1975,1927,20.422,48.1232583,-1.9389833,32.22,34.36,37.60,54.39,28.7,203,3,,
2025-07-25T08:55:54.674+0200,2057,1967,22.684,4792.071,37.25,38.08,41.29,59.21,,-1.67,128.70,8.81,17.19,1134,92,26,,,68,,,,,,0,2025-07-25T08:55:54.000+0200,1976,1928,20.430,48.1231883,-1.9390317,30.89,34.36,37.60,54.39,28.7,197,3,,
2025-07-25T08:55:54.699+0200,2057,1967,22.684,4792.071,37.25,38.08,41.29,59.21,,-1.67,128.70,8.81,17.19,1134,92,26,,,68,,,,,,0,2025-07-25T08:55:54.000+0200,1976,1928,20.430,48.1231883,-1.9390317,30.89,34.36,37.60,54.39,28.7,197,3,,
2025-07-25T08:55:55.303+0200,2057,1968,22.690,4792.078,37.33,38.08,41.29,59.21,,0.60,128.59,14.83,28.90,1907,92,26,,,68,,,,,,0,2025-07-25T08:55:54.000+0200,1977,1929,20.430,48.1231883,-1.9390317,30.89,34.36,37.60,54.39,28.7,197,3,,
2025-07-25T08:55:55.325+0200,2057,1968,22.690,4792.078,37.33,38.08,41.29,59.21,,0.60,128.59,14.83,28.90,1907,92,26,,,68,,,,,,0,2025-07-25T08:55:54.000+0200,1977,1929,20.430,48.1231883,-1.9390317,30.89,34.36,37.60,54.39,28.7,197,3,,
2025-07-25T08:55:55.907+0200,2058,1969,22.697,4792.084,38.95,38.08,41.28,59.21,,0.90,128.30,23.88,45.10,3064,92,26,,,67,,,,,,0,2025-07-25T08:55:55.000+0200,1977,1929,20.439,48.1231150,-1.9390617,30.89,34.36,37.59,54.39,28.3,193,3,,
2025-07-25T08:55:55.927+0200,2058,1969,22.697,4792.084,38.95,38.08,41.28,59.21,,0.90,128.30,23.88,45.10,3064,92,26,,,67,,,,,,0,2025-07-25T08:55:55.000+0200,1977,1929,20.439,48.1231150,-1.9390617,30.89,34.36,37.59,54.39,28.3,193,3,,
2025-07-25T08:55:56.529+0200,2059,1969,22.704,4792.091,39.88,38.08,41.28,59.21,,1.08,128.00,19.29,35.80,2469,92,26,,,66,,,,,,0,2025-07-25T08:55:55.000+0200,1978,1930,20.439,48.1231150,-1.9390617,30.89,34.36,37.59,54.39,28.3,193,3,,
2025-07-25T08:55:56.551+0200,2059,1969,22.704,4792.091,39.88,38.08,41.28,59.21,,1.08,128.00,19.29,35.80,2469,92,26,,,66,,,,,,0,2025-07-25T08:55:55.000+0200,1978,1930,20.439,48.1231150,-1.9390617,30.89,34.36,37.59,54.39,28.3,193,3,,
2025-07-25T08:55:57.151+0200,2059,1970,22.711,4792.098,40.78,38.08,41.28,59.21,,0.00,128.00,10.35,18.90,1325,92,26,,,65,,,,,,0,2025-07-25T08:55:56.000+0200,1978,1930,20.448,48.1230350,-1.9391033,33.86,34.36,37.59,54.39,28.1,196,3,,
2025-07-25T08:55:57.167+0200,2059,1970,22.711,4792.098,40.78,38.08,41.28,59.21,,0.00,128.00,10.35,18.90,1325,92,26,,,65,,,,,,0,2025-07-25T08:55:56.000+0200,1978,1930,20.448,48.1230350,-1.9391033,33.86,34.36,37.59,54.39,28.1,196,3,,
2025-07-25T08:55:57.771+0200,2060,1970,22.718,4792.105,41.00,38.08,41.28,59.21,,1.35,128.00,11.27,20.50,1443,92,26,,,65,,,,,,0,2025-07-25T08:55:57.000+0200,1979,1931,20.460,48.1229317,-1.9391367,37.71,34.36,37.59,54.39,27.1,194,3,,
2025-07-25T08:55:57.791+0200,2060,1970,22.718,4792.105,41.00,38.08,41.28,59.21,,1.35,128.00,11.27,20.50,1443,92,26,,,65,,,,,,0,2025-07-25T08:55:57.000+0200,1979,1931,20.460,48.1229317,-1.9391367,37.71,34.36,37.59,54.39,27.1,194,3,,
2025-07-25T08:55:58.397+0200,2061,1971,22.725,4792.112,40.46,38.08,41.28,59.21,,1.35,128.09,9.42,17.29,1207,92,26,,,65,,,,,,0,2025-07-25T08:55:57.000+0200,1980,1932,20.460,48.1229317,-1.9391367,37.71,34.36,37.59,54.39,27.1,194,3,,
2025-07-25T08:55:58.419+0200,2061,1971,22.725,4792.112,40.46,38.08,41.28,59.21,,1.35,128.09,9.42,17.29,1207,92,26,,,65,,,,,,0,2025-07-25T08:55:57.000+0200,1980,1932,20.460,48.1229317,-1.9391367,37.71,34.36,37.59,54.39,27.1,194,3,,
2025-07-25T08:55:59.037+0200,2061,1972,22.732,4792.119,38.98,38.08,41.28,59.21,,-1.93,128.39,4.87,9.20,625,92,26,,,67,,,,,,0,2025-07-25T08:55:58.000+0200,1980,1932,20.472,48.1228250,-1.9391800,36.10,34.36,37.59,54.39,27.0,191,3,,
2025-07-25T08:55:59.060+0200,2061,1972,22.732,4792.119,38.98,38.08,41.28,59.21,,-1.93,128.39,4.87,9.20,625,92,26,,,67,,,,,,0,2025-07-25T08:55:58.000+0200,1980,1932,20.472,48.1228250,-1.9391800,36.10,34.36,37.59,54.39,27.0,191,3,,
2025-07-25T08:55:59.655+0200,2062,1972,22.739,4792.126,37.00,38.08,41.28,59.21,,-4.37,128.70,6.98,13.70,898,92,26,,,68,,,,,,0,2025-07-25T08:55:59.000+0200,1981,1933,20.483,48.1227250,-1.9391767,33.50,34.36,37.59,54.39,27.2,181,3,,
2025-07-25T08:55:59.675+0200,2062,1972,22.739,4792.126,37.00,38.08,41.28,59.21,,-4.37,128.70,6.98,13.70,898,92,26,,,68,,,,,,0,2025-07-25T08:55:59.000+0200,1981,1933,20.483,48.1227250,-1.9391767,33.50,34.36,37.59,54.39,27.2,181,3,,
2025-07-25T08:56:00.272+0200,2062,1973,22.745,4792.132,36.61,38.08,41.28,59.21,,0.00,128.89,4.09,8.09,527,92,26,,,69,,,,,,0,2025-07-25T08:55:59.000+0200,1982,1934,20.483,48.1227250,-1.9391767,33.50,34.36,37.59,54.39,27.2,181,3,,
2025-07-25T08:56:00.295+0200,2062,1973,22.745,4792.132,36.61,38.08,41.28,59.21,,0.00,128.89,4.09,8.09,527,92,26,,,69,,,,,,0,2025-07-25T08:55:59.000+0200,1982,1934,20.483,48.1227250,-1.9391767,33.50,34.36,37.59,54.39,27.2,181,3,,
2025-07-25T08:56:00.894+0200,2063,1974,22.752,4792.139,36.89,38.08,41.28,59.21,,3.91,128.89,11.91,23.40,1535,92,26,,,68,,,,,,0,2025-07-25T08:56:00.000+0200,1982,1934,20.493,48.1226417,-1.9391250,33.19,34.36,37.59,54.39,27.6,176,3,,
2025-07-25T08:56:00.923+0200,2063,1974,22.752,4792.139,36.89,38.08,41.28,59.21,,3.91,128.89,11.91,23.40,1535,92,26,,,68,,,,,,0,2025-07-25T08:56:00.000+0200,1982,1934,20.493,48.1226417,-1.9391250,33.19,34.36,37.59,54.39,27.6,176,3,,
2025-07-25T08:56:01.515+0200,2064,1974,22.758,4792.145,37.11,38.08,41.28,59.21,,2.13,128.89,3.62,7.10,467,92,26,,,68,,,,,,0,2025-07-25T08:56:00.000+0200,1983,1935,20.493,48.1226417,-1.9391250,33.19,34.36,37.59,54.39,27.6,176,3,,
2025-07-25T08:56:01.536+0200,2064,1974,22.758,4792.145,37.11,38.08,41.28,59.21,,2.13,128.89,3.62,7.10,467,92,26,,,68,,,,,,0,2025-07-25T08:56:00.000+0200,1983,1935,20.493,48.1226417,-1.9391250,33.19,34.36,37.59,54.39,27.6,176,3,,
2025-07-25T08:56:02.153+0200,2064,1975,22.764,4792.152,36.07,38.08,41.28,59.21,,-2.88,129.20,-3.00,-12.00,-388,92,26,,,69,,,,,,0,2025-07-25T08:56:01.000+0200,1983,1935,20.502,48.1225650,-1.9391067,30.27,34.35,37.58,54.39,27.5,171,3,,
2025-07-25T08:56:02.174+0200,2064,1975,22.764,4792.152,36.07,38.08,41.28,59.21,,-2.88,129.20,-3.00,-12.00,-388,92,26,,,69,,,,,,0,2025-07-25T08:56:01.000+0200,1983,1935,20.502,48.1225650,-1.9391067,30.27,34.35,37.58,54.39,27.5,171,3,,
2025-07-25T08:56:02.775+0200,2065,1975,22.771,4792.158,34.88,38.08,41.27,59.21,,0.00,129.30,4.98,10.20,644,92,26,,,70,,,,,,0,2025-07-25T08:56:02.000+0200,1984,1936,20.511,48.1224833,-1.9390867,33.56,34.35,37.58,54.39,26.9,172,3,,
2025-07-25T08:56:02.796+0200,2065,1975,22.771,4792.158,34.88,38.08,41.27,59.21,,0.00,129.30,4.98,10.20,644,92,26,,,70,,,,,,0,2025-07-25T08:56:02.000+0200,1984,1936,20.511,48.1224833,-1.9390867,33.56,34.35,37.58,54.39,26.9,172,3,,
2025-07-25T08:56:03.396+0200,2066,1976,22.777,4792.164,35.67,38.08,41.27,59.21,,-3.48,129.30,6.06,12.20,784,92,26,,,70,,,,,,0,2025-07-25T08:56:02.000+0200,1985,1937,20.511,48.1224833,-1.9390867,33.56,34.35,37.58,54.39,26.9,172,3,,
2025-07-25T08:56:03.419+0200,2066,1976,22.777,4792.164,35.67,38.08,41.27,59.21,,-3.48,129.30,6.06,12.20,784,92,26,,,70,,,,,,0,2025-07-25T08:56:02.000+0200,1985,1937,20.511,48.1224833,-1.9390867,33.56,34.35,37.58,54.39,26.9,172,3,,
2025-07-25T08:56:04.012+0200,2066,1977,22.783,4792.170,35.78,38.08,41.27,59.21,,0.72,129.30,3.73,7.50,482,92,26,,,70,,,,,,0,2025-07-25T08:56:03.000+0200,1985,1937,20.521,48.1223950,-1.9390633,34.14,34.35,37.58,54.39,27.1,167,3,,
2025-07-25T08:56:04.035+0200,2066,1977,22.783,4792.170,35.78,38.08,41.27,59.21,,0.72,129.30,3.73,7.50,482,92,26,,,70,,,,,,0,2025-07-25T08:56:03.000+0200,1985,1937,20.521,48.1223950,-1.9390633,34.14,34.35,37.58,54.39,27.1,167,3,,
2025-07-25T08:56:04.631+0200,2067,1977,22.789,4792.176,34.88,38.08,41.27,59.21,,-0.60,129.39,3.56,7.30,461,92,26,,,70,,,,,,0,2025-07-25T08:56:03.000+0200,1986,1938,20.521,48.1223950,-1.9390633,34.14,34.35,37.58,54.39,27.1,167,3,,
2025-07-25T08:56:04.653+0200,2067,1977,22.789,4792.176,34.88,38.08,41.27,59.21,,-0.60,129.39,3.56,7.30,461,92,26,,,70,,,,,,0,2025-07-25T08:56:03.000+0200,1986,1938,20.521,48.1223950,-1.9390633,34.14,34.35,37.58,54.39,27.1,167,3,,
2025-07-25T08:56:05.252+0200,2067,1978,22.795,4792.182,36.50,38.07,41.27,59.21,,0.90,129.39,-0.37,-1.50,-48,92,26,,,69,,,,,,0,2025-07-25T08:56:04.000+0200,1986,1938,20.530,48.1223133,-1.9390317,33.19,34.35,37.58,54.39,27.4,165,3,,
2025-07-25T08:56:05.274+0200,2067,1978,22.795,4792.182,36.50,38.07,41.27,59.21,,0.90,129.39,-0.37,-1.50,-48,92,26,,,69,,,,,,0,2025-07-25T08:56:04.000+0200,1987,1939,20.530,48.1223133,-1.9390317,33.19,34.35,37.58,54.39,27.4,165,3,,
2025-07-25T08:56:05.873+0200,2068,1978,22.802,4792.189,33.80,38.07,41.26,59.21,,-3.72,129.59,-1.93,-8.09,-250,92,26,,,71,,,,,,0,2025-07-25T08:56:05.000+0200,1987,1939,20.541,48.1222200,-1.9389950,35.73,34.35,37.58,54.39,27.9,161,3,,
2025-07-25T08:56:05.895+0200,2068,1979,22.802,4792.189,33.80,38.07,41.26,59.21,,-3.72,129.59,-1.93,-8.09,-250,92,26,,,71,,,,,,0,2025-07-25T08:56:05.000+0200,1987,1939,20.541,48.1222200,-1.9389950,35.73,34.35,37.58,54.39,27.9,161,3,,
2025-07-25T08:56:06.495+0200,2069,1979,22.808,4792.195,32.25,38.07,41.26,59.21,,-1.81,129.89,-4.39,-19.00,-570,92,26,,,73,,,,,,0,2025-07-25T08:56:05.000+0200,1988,1940,20.541,48.1222200,-1.9389950,35.73,34.35,37.58,54.39,27.9,161,3,,
2025-07-25T08:56:06.518+0200,2069,1979,22.808,4792.195,32.25,38.07,41.26,59.21,,-1.81,129.89,-4.39,-19.00,-570,92,26,,,73,,,,,,0,2025-07-25T08:56:05.000+0200,1988,1940,20.541,48.1222200,-1.9389950,35.73,34.35,37.58,54.39,27.9,161,3,,
2025-07-25T08:56:07.133+0200,2069,1980,22.813,4792.200,30.16,38.07,41.26,59.21,,-5.64,130.09,-4.12,-18.69,-536,92,26,,,74,,,,,,0,2025-07-25T08:56:06.000+0200,1988,1940,20.550,48.1221383,-1.9389717,32.39,34.35,37.57,54.39,28.0,163,3,,
2025-07-25T08:56:07.154+0200,2069,1980,22.813,4792.200,30.16,38.07,41.26,59.21,,-5.64,130.09,-4.12,-18.69,-536,92,26,,,74,,,,,,0,2025-07-25T08:56:06.000+0200,1988,1940,20.550,48.1221383,-1.9389717,32.39,34.35,37.57,54.39,28.0,163,3,,
2025-07-25T08:56:07.753+0200,2070,1980,22.819,4792.205,29.08,38.07,41.25,59.21,,1.08,130.20,-3.03,-14.10,-395,92,26,,,75,,,,,,0,2025-07-25T08:56:07.000+0200,1989,1941,20.558,48.1220733,-1.9389500,28.27,34.35,37.57,54.39,27.0,154,3,,
2025-07-25T08:56:07.776+0200,2070,1980,22.819,4792.205,29.08,38.07,41.25,59.21,,1.08,130.20,-3.03,-14.10,-395,92,26,,,75,,,,,,0,2025-07-25T08:56:07.000+0200,1989,1941,20.558,48.1220733,-1.9389500,28.27,34.35,37.57,54.39,27.0,154,3,,
2025-07-25T08:56:08.376+0200,2070,1981,22.824,4792.210,27.72,38.06,41.25,59.21,,0.36,130.20,3.54,8.50,461,92,26,,,77,,,,,,0,2025-07-25T08:56:07.000+0200,1990,1942,20.558,48.1220733,-1.9389500,28.27,34.35,37.57,54.39,27.0,154,3,,
2025-07-25T08:56:08.399+0200,2070,1981,22.824,4792.210,27.72,38.06,41.25,59.21,,0.36,130.20,3.54,8.50,461,92,26,,,77,,,,,,0,2025-07-25T08:56:07.000+0200,1990,1942,20.558,48.1220733,-1.9389500,28.27,34.35,37.57,54.39,27.0,154,3,,
2025-07-25T08:56:08.999+0200,2071,1982,22.829,4792.215,29.51,38.06,41.25,59.21,,2.76,130.00,5.52,12.70,718,92,26,,,75,,,,,,0,2025-07-25T08:56:08.000+0200,1990,1942,20.565,48.1220183,-1.9389133,27.79,34.35,37.56,54.39,26.0,148,3,,
2025-07-25T08:56:09.019+0200,2071,1982,22.829,4792.215,29.51,38.06,41.25,59.21,,2.76,130.00,5.52,12.70,718,92,26,,,75,,,,,,0,2025-07-25T08:56:08.000+0200,1990,1942,20.565,48.1220183,-1.9389133,27.79,34.35,37.56,54.39,26.0,148,3,,
2025-07-25T08:56:09.615+0200,2072,1982,22.834,4792.220,29.80,38.06,41.24,59.21,,-0.67,130.00,3.94,9.00,512,92,26,,,75,,,,,,0,2025-07-25T08:56:08.000+0200,1991,1943,20.565,48.1220183,-1.9389133,27.79,34.35,37.56,54.39,26.0,148,3,,
2025-07-25T08:56:09.635+0200,2072,1982,22.834,4792.220,29.80,38.06,41.24,59.21,,-0.67,130.00,3.94,9.00,512,92,26,,,75,,,,,,0,2025-07-25T08:56:08.000+0200,1991,1943,20.565,48.1220183,-1.9389133,27.79,34.35,37.56,54.39,26.0,148,3,,
2025-07-25T08:56:10.228+0200,2072,1983,22.839,4792.226,31.82,38.06,41.24,59.21,,6.75,129.89,3.71,8.09,482,92,26,,,73,,,,,,0,2025-07-25T08:56:09.000+0200,1991,1943,20.578,48.1218967,-1.9389400,25.66,34.34,37.56,54.39,29.3,134,3,,
2025-07-25T08:56:10.251+0200,2072,1983,22.839,4792.226,31.82,38.06,41.24,59.21,,6.75,129.89,3.71,8.09,482,92,26,,,73,,,,,,0,2025-07-25T08:56:09.000+0200,1991,1943,20.578,48.1218967,-1.9389400,25.66,34.34,37.56,54.39,29.3,134,3,,
2025-07-25T08:56:10.875+0200,2073,1983,22.844,4792.231,31.82,38.06,41.24,59.21,,2.78,129.80,8.88,19.40,1153,93,26,,,73,,,,,,0,2025-07-25T08:56:10.000+0200,1992,1944,20.587,48.1218467,-1.9388533,27.89,34.34,37.55,54.39,29.1,126,3,,
2025-07-25T08:56:10.896+0200,2073,1984,22.844,4792.231,31.82,38.06,41.24,59.21,,2.78,129.80,8.88,19.40,1153,93,26,,,73,,,,,,0,2025-07-25T08:56:10.000+0200,1992,1944,20.587,48.1218467,-1.9388533,27.89,34.34,37.55,54.39,29.1,126,3,,
2025-07-25T08:56:11.496+0200,2074,1984,22.850,4792.237,34.01,38.05,41.23,59.21,,4.20,129.50,14.64,30.50,1896,93,26,,,71,,,,,,0,2025-07-25T08:56:10.000+0200,1993,1945,20.587,48.1218467,-1.9388533,27.89,34.34,37.55,54.39,29.1,126,3,,
2025-07-25T08:56:11.519+0200,2074,1984,22.850,4792.237,34.01,38.05,41.23,59.21,,4.20,129.50,14.64,30.50,1896,93,26,,,71,,,,,,0,2025-07-25T08:56:10.000+0200,1993,1945,20.587,48.1218467,-1.9388533,27.89,34.34,37.55,54.39,29.1,126,3,,
2025-07-25T08:56:12.115+0200,2074,1985,22.855,4792.243,35.60,38.05,41.23,59.21,,1.20,129.30,10.31,20.80,1333,93,26,,,70,,,,,,0,2025-07-25T08:56:11.000+0200,1993,1945,20.594,48.1217983,-1.9387833,25.88,34.34,37.55,54.39,29.3,125,3,,
2025-07-25T08:56:12.138+0200,2074,1985,22.855,4792.243,35.60,38.05,41.23,59.21,,1.20,129.30,10.31,20.80,1333,93,26,,,70,,,,,,0,2025-07-25T08:56:11.000+0200,1993,1945,20.594,48.1217983,-1.9387833,25.88,34.34,37.55,54.39,29.3,125,3,,
2025-07-25T08:56:12.736+0200,2075,1985,22.862,4792.249,36.35,38.05,41.23,59.21,,-1.18,129.20,5.79,11.50,748,93,26,,,69,,,,,,0,2025-07-25T08:56:12.000+0200,1994,1946,20.601,48.1217550,-1.9387133,30.73,34.33,37.54,54.39,30.4,112,3,,
2025-07-25T08:56:12.753+0200,2075,1985,22.862,4792.249,36.35,38.05,41.23,59.21,,-1.18,129.20,5.79,11.50,748,93,26,,,69,,,,,,0,2025-07-25T08:56:12.000+0200,1994,1946,20.601,48.1217550,-1.9387133,30.73,34.33,37.54,54.39,30.4,112,3,,
2025-07-25T08:56:13.357+0200,2075,1986,22.868,4792.255,37.72,38.05,41.23,59.21,,1.20,129.20,5.32,10.30,687,93,26,,,68,,,,,,0,2025-07-25T08:56:12.000+0200,1995,1947,20.601,48.1217550,-1.9387133,30.73,34.33,37.54,54.39,30.4,112,3,,
2025-07-25T08:56:13.382+0200,2075,1986,22.868,4792.255,37.72,38.05,41.23,59.21,,1.20,129.20,5.32,10.30,687,93,26,,,68,,,,,,0,2025-07-25T08:56:12.000+0200,1995,1947,20.601,48.1217550,-1.9387133,30.73,34.33,37.54,54.39,30.4,112,3,,
2025-07-25T08:56:13.994+0200,2076,1987,22.874,4792.262,38.05,38.05,41.23,59.21,,-0.84,129.20,10.87,20.90,1404,93,26,,,68,,,,,,0,2025-07-25T08:56:13.000+0200,1995,1947,20.610,48.1217267,-1.9386000,34.75,34.33,37.54,54.39,31.2,112,3,,
2025-07-25T08:56:14.017+0200,2076,1987,22.874,4792.262,38.05,38.05,41.23,59.21,,-0.84,129.20,10.87,20.90,1404,93,26,,,68,,,,,,0,2025-07-25T08:56:13.000+0200,1995,1947,20.610,48.1217267,-1.9386000,34.75,34.33,37.54,54.39,31.2,112,3,,
2025-07-25T08:56:14.597+0200,2077,1987,22.881,4792.268,39.63,38.05,41.23,59.21,,2.24,129.09,9.81,18.29,1266,93,26,,,66,,,,,,0,2025-07-25T08:56:13.000+0200,1996,1948,20.610,48.1217267,-1.9386000,34.75,34.33,37.54,54.39,31.2,112,3,,
2025-07-25T08:56:14.620+0200,2077,1987,22.881,4792.268,39.63,38.05,41.23,59.21,,2.24,129.09,9.81,18.29,1266,93,26,,,66,,,,,,0,2025-07-25T08:56:13.000+0200,1996,1948,20.610,48.1217267,-1.9386000,34.75,34.33,37.54,54.39,31.2,112,3,,
2025-07-25T08:56:15.221+0200,2077,1988,22.888,4792.275,38.98,38.05,41.23,59.21,,-4.06,129.20,5.35,10.09,691,93,26,,,67,,,,,,0,2025-07-25T08:56:14.000+0200,1996,1948,20.619,48.1217017,-1.9384900,34.68,34.33,37.54,54.39,32.9,112,3,,
2025-07-25T08:56:15.243+0200,2077,1988,22.888,4792.275,38.98,38.05,41.23,59.21,,-4.06,129.20,5.35,10.09,691,93,26,,,67,,,,,,0,2025-07-25T08:56:14.000+0200,1996,1948,20.619,48.1217017,-1.9384900,34.68,34.33,37.54,54.39,32.9,112,3,,
2025-07-25T08:56:15.837+0200,2078,1988,22.894,4792.282,39.27,38.05,41.23,59.21,,0.90,129.30,5.48,10.30,709,93,26,,,67,,,,,,0,2025-07-25T08:56:15.000+0200,1997,1949,20.629,48.1216550,-1.9383683,34.11,34.33,37.54,54.39,33.9,115,3,,
2025-07-25T08:56:15.860+0200,2078,1988,22.894,4792.282,39.27,38.05,41.23,59.21,,0.90,129.30,5.48,10.30,709,93,26,,,67,,,,,,0,2025-07-25T08:56:15.000+0200,1997,1949,20.629,48.1216550,-1.9383683,34.11,34.33,37.54,54.39,33.9,115,3,,
2025-07-25T08:56:16.457+0200,2079,1989,22.901,4792.289,39.05,38.05,41.23,59.21,,-4.04,129.39,-0.87,-3.30,-113,93,26,,,67,,,,,,0,2025-07-25T08:56:15.000+0200,1998,1950,20.629,48.1216550,-1.9383683,34.11,34.33,37.54,54.39,33.9,115,3,,
2025-07-25T08:56:16.481+0200,2079,1989,22.901,4792.289,39.05,38.05,41.23,59.21,,-4.04,129.39,-0.87,-3.30,-113,93,26,,,67,,,,,,0,2025-07-25T08:56:15.000+0200,1998,1950,20.629,48.1216550,-1.9383683,34.11,34.33,37.54,54.39,33.9,115,3,,
2025-07-25T08:56:17.095+0200,2079,1990,22.908,4792.296,38.95,38.05,41.23,59.21,,-0.12,129.50,0.47,0.90,61,93,26,,,67,,,,,,0,2025-07-25T08:56:16.000+0200,1998,1950,20.638,48.1216217,-1.9382633,34.02,34.33,37.54,54.39,32.3,113,3,,
2025-07-25T08:56:17.119+0200,2079,1990,22.908,4792.296,38.95,38.05,41.23,59.21,,-0.12,129.50,0.47,0.90,61,93,26,,,67,,,,,,0,2025-07-25T08:56:16.000+0200,1998,1950,20.638,48.1216217,-1.9382633,34.02,34.33,37.54,54.39,32.3,113,3,,
2025-07-25T08:56:17.710+0200,2080,1990,22.915,4792.302,37.72,38.05,41.22,59.21,,-3.80,129.59,0.87,1.70,113,93,26,,,68,,,,,,0,2025-07-25T08:56:17.000+0200,1999,1951,20.647,48.1215917,-1.9381483,34.83,34.33,37.54,54.39,32.2,112,3,,
2025-07-25T08:56:17.734+0200,2080,1990,22.915,4792.302,37.72,38.05,41.22,59.21,,-3.80,129.59,0.87,1.70,113,93,26,,,68,,,,,,0,2025-07-25T08:56:17.000+0200,1999,1951,20.647,48.1215917,-1.9381483,34.83,34.33,37.54,54.39,32.2,112,3,,
2025-07-25T08:56:18.335+0200,2080,1991,22.922,4792.309,37.04,38.05,41.22,59.21,,-3.49,129.70,-1.30,-5.10,-169,93,26,,,69,,,,,,0,2025-07-25T08:56:17.000+0200,2000,1952,20.647,48.1215917,-1.9381483,34.83,34.33,37.54,54.39,32.2,112,3,,
2025-07-25T08:56:18.358+0200,2080,1991,22.922,4792.309,37.04,38.05,41.22,59.21,,-3.49,129.70,-1.30,-5.10,-169,93,26,,,69,,,,,,0,2025-07-25T08:56:17.000+0200,2000,1952,20.647,48.1215917,-1.9381483,34.83,34.33,37.54,54.39,32.2,112,3,,
2025-07-25T08:56:18.956+0200,2081,1992,22.928,4792.315,36.75,38.05,41.22,59.21,,-2.36,129.80,-0.65,-2.60,-84,93,26,,,69,,,,,,0,2025-07-25T08:56:18.000+0200,2000,1952,20.656,48.1215683,-1.9380333,33.42,34.33,37.53,54.39,32.6,112,3,,
2025-07-25T08:56:18.978+0200,2081,1992,22.928,4792.315,36.75,38.05,41.22,59.21,,-2.36,129.80,-0.65,-2.60,-84,93,26,,,69,,,,,,0,2025-07-25T08:56:18.000+0200,2000,1952,20.656,48.1215683,-1.9380333,33.42,34.33,37.53,54.39,32.6,112,3,,
2025-07-25T08:56:19.575+0200,2082,1992,22.935,4792.322,35.67,38.05,41.22,59.21,,-2.16,129.89,4.07,8.20,529,93,26,,,70,,,,,,0,2025-07-25T08:56:18.000+0200,2001,1953,20.656,48.1215683,-1.9380333,33.42,34.33,37.53,54.39,32.6,112,3,,
2025-07-25T08:56:19.599+0200,2082,1992,22.935,4792.322,35.67,38.05,41.22,59.21,,-2.16,129.89,4.07,8.20,529,93,26,,,70,,,,,,0,2025-07-25T08:56:18.000+0200,2001,1953,20.656,48.1215683,-1.9380333,33.42,34.33,37.53,54.39,32.6,112,3,,
2025-07-25T08:56:20.193+0200,2082,1993,22.941,4792.328,35.20,38.05,41.22,59.21,,-2.92,129.89,-0.86,-3.50,-112,93,25,,,70,,,,,,0,2025-07-25T08:56:19.000+0200,2001,1953,20.665,48.1215367,-1.9379233,30.30,34.33,37.53,54.39,33.3,116,3,,
2025-07-25T08:56:20.215+0200,2082,1993,22.941,4792.328,35.20,38.05,41.22,59.21,,-2.92,129.89,-0.86,-3.50,-112,93,25,,,70,,,,,,0,2025-07-25T08:56:19.000+0200,2001,1953,20.665,48.1215367,-1.9379233,30.30,34.33,37.53,54.39,33.3,116,3,,
2025-07-25T08:56:20.815+0200,2083,1993,22.947,4792.334,34.63,38.05,41.22,59.21,,-0.74,130.00,-0.36,-1.50,-47,93,25,,,71,,,,,,0,2025-07-25T08:56:20.000+0200,2002,1954,20.673,48.1215083,-1.9378250,30.23,34.33,37.53,54.39,33.3,108,3,,
2025-07-25T08:56:20.835+0200,2083,1993,22.947,4792.334,34.63,38.05,41.22,59.21,,-0.74,130.00,-0.36,-1.50,-47,93,25,,,71,,,,,,0,2025-07-25T08:56:20.000+0200,2002,1954,20.673,48.1215083,-1.9378250,30.23,34.33,37.53,54.39,33.3,108,3,,
2025-07-25T08:56:21.454+0200,2084,1994,22.953,4792.340,33.26,38.05,41.21,59.21,,-0.96,130.09,-0.37,-1.59,-48,93,25,,,72,,,,,,0,2025-07-25T08:56:20.000+0200,2003,1955,20.673,48.1215083,-1.9378250,30.23,34.33,37.53,54.39,33.3,108,3,,
2025-07-25T08:56:21.474+0200,2084,1994,22.953,4792.340,33.26,38.05,41.21,59.21,,-0.96,130.09,-0.37,-1.59,-48,93,25,,,72,,,,,,0,2025-07-25T08:56:20.000+0200,2003,1955,20.673,48.1215083,-1.9378250,30.23,34.33,37.53,54.39,33.3,108,3,,
2025-07-25T08:56:22.056+0200,2084,1995,22.959,4792.346,32.83,38.05,41.21,59.21,,-0.64,130.09,-2.57,-11.00,-334,93,25,,,72,,,,,,0,2025-07-25T08:56:21.000+0200,2003,1955,20.681,48.1214800,-1.9377250,31.83,34.33,37.52,54.39,33.7,109,3,,
2025-07-25T08:56:22.080+0200,2084,1995,22.959,4792.346,32.83,38.05,41.21,59.21,,-0.64,130.09,-2.57,-11.00,-334,93,25,,,72,,,,,,0,2025-07-25T08:56:21.000+0200,2003,1955,20.681,48.1214800,-1.9377250,31.83,34.33,37.52,54.39,33.7,109,3,,
2025-07-25T08:56:22.694+0200,2085,1995,22.965,4792.352,30.78,38.05,41.21,59.21,,-2.92,130.30,-3.47,-15.50,-452,93,25,,,74,,,,,,0,2025-07-25T08:56:22.000+0200,2004,1956,20.690,48.1214517,-1.9376133,29.90,34.33,37.52,54.39,35.1,104,3,,
2025-07-25T08:56:22.717+0200,2085,1995,22.965,4792.352,30.78,38.05,41.21,59.21,,-2.92,130.30,-3.47,-15.50,-452,93,25,,,74,,,,,,0,2025-07-25T08:56:22.000+0200,2004,1956,20.690,48.1214517,-1.9376133,29.90,34.33,37.52,54.39,35.1,104,3,,
2025-07-25T08:56:23.313+0200,2085,1996,22.970,4792.357,28.72,38.04,41.21,59.21,,-5.48,130.39,-7.41,-34.70,-966,93,25,,,76,,,,,,0,2025-07-25T08:56:22.000+0200,2005,1957,20.690,48.1214517,-1.9376133,29.90,34.33,37.52,54.39,35.1,104,3,,
2025-07-25T08:56:23.337+0200,2085,1996,22.970,4792.357,28.72,38.04,41.21,59.21,,-5.48,130.39,-7.41,-34.70,-966,93,25,,,76,,,,,,0,2025-07-25T08:56:22.000+0200,2005,1957,20.690,48.1214517,-1.9376133,29.90,34.33,37.52,54.39,35.1,104,3,,
2025-07-25T08:56:23.937+0200,2086,1997,22.976,4792.362,25.56,38.04,41.20,59.21,,-3.49,130.59,-8.12,-41.10,-1060,93,25,,,78,,,,,,0,2025-07-25T08:56:23.000+0200,2005,1957,20.697,48.1214383,-1.9375167,24.94,34.32,37.51,54.39,36.7,98,2,,
2025-07-25T08:56:23.959+0200,2086,1997,22.976,4792.362,25.56,38.04,41.20,59.21,,-3.49,130.59,-8.12,-41.10,-1060,93,25,,,78,,,,,,0,2025-07-25T08:56:23.000+0200,2005,1957,20.697,48.1214383,-1.9375167,24.94,34.32,37.51,54.39,36.7,98,2,,
2025-07-25T08:56:24.553+0200,2087,1997,22.980,4792.366,21.81,38.04,41.19,59.21,,-3.93,130.70,-4.88,-27.30,-638,93,25,,,82,,,,,,0,2025-07-25T08:56:23.000+0200,2006,1958,20.697,48.1214383,-1.9375167,24.94,34.32,37.51,54.39,36.7,98,2,,
2025-07-25T08:56:24.575+0200,2087,1997,22.980,4792.366,21.81,38.04,41.19,59.21,,-3.93,130.70,-4.88,-27.30,-638,93,25,,,82,,,,,,0,2025-07-25T08:56:23.000+0200,2006,1958,20.697,48.1214383,-1.9375167,24.94,34.32,37.51,54.39,36.7,98,2,,
2025-07-25T08:56:25.176+0200,2087,1998,22.984,4792.370,18.82,38.03,41.19,59.21,,-5.74,130.70,-1.69,-10.30,-221,93,25,,,84,,,,,,0,2025-07-25T08:56:24.000+0200,2006,1958,20.703,48.1214250,-1.9374417,22.68,34.32,37.50,54.39,35.5,98,2,,
2025-07-25T08:56:25.202+0200,2087,1998,22.984,4792.370,18.82,38.03,41.19,59.21,,-5.74,130.70,-1.69,-10.30,-221,93,25,,,84,,,,,,0,2025-07-25T08:56:24.000+0200,2006,1958,20.703,48.1214250,-1.9374417,22.68,34.32,37.50,54.39,35.5,98,2,,
2025-07-25T08:56:25.797+0200,2088,1998,22.988,4792.373,17.74,38.03,41.18,59.21,,-5.85,130.59,-0.69,-4.40,-90,93,25,,,85,,,,,,0,2025-07-25T08:56:25.000+0200,2007,1959,20.709,48.1214200,-1.9373633,18.54,34.31,37.50,54.39,35.9,93,2,,
2025-07-25T08:56:25.821+0200,2088,1998,22.988,4792.373,17.74,38.03,41.18,59.21,,-5.85,130.59,-0.69,-4.40,-90,93,25,,,85,,,,,,0,2025-07-25T08:56:25.000+0200,2007,1959,20.709,48.1214200,-1.9373633,18.54,34.31,37.50,54.39,35.9,93,2,,
2025-07-25T08:56:26.437+0200,2089,1999,22.991,4792.377,18.46,38.02,41.17,59.21,,3.73,130.50,0.25,0.79,33,93,26,,,84,,,,,,0,2025-07-25T08:56:25.000+0200,2008,1960,20.709,48.1214200,-1.9373633,18.54,34.31,37.50,54.39,35.9,93,2,,
2025-07-25T08:56:26.462+0200,2089,1999,22.991,4792.377,18.46,38.02,41.17,59.21,,3.73,130.50,0.25,0.79,33,93,26,,,84,,,,,,0,2025-07-25T08:56:25.000+0200,2008,1960,20.709,48.1214200,-1.9373633,18.54,34.31,37.50,54.39,35.9,93,2,,
2025-07-25T08:56:27.037+0200,2089,2000,22.994,4792.380,17.42,38.01,41.17,59.21,,-3.16,130.50,0.18,0.59,23,93,25,,,85,,,,,,0,2025-07-25T08:56:26.000+0200,2008,1960,20.714,48.1214133,-1.9372950,18.98,34.30,37.49,54.39,35.9,97,2,,
2025-07-25T08:56:27.059+0200,2089,2000,22.994,4792.380,17.42,38.01,41.17,59.21,,-3.16,130.50,0.18,0.59,23,93,25,,,85,,,,,,0,2025-07-25T08:56:26.000+0200,2008,1960,20.714,48.1214133,-1.9372950,18.98,34.30,37.49,54.39,35.9,97,2,,
2025-07-25T08:56:27.672+0200,2090,2000,22.997,4792.383,17.53,38.01,41.16,59.21,,-0.84,130.30,4.69,14.90,611,93,25,,,85,,,,,,0,2025-07-25T08:56:27.000+0200,2009,1961,20.720,48.1214000,-1.9372183,18.40,34.30,37.48,54.39,37.8,103,2,,
2025-07-25T08:56:27.696+0200,2090,2000,22.997,4792.383,17.53,38.01,41.16,59.21,,-0.84,130.30,4.69,14.90,611,93,25,,,85,,,,,,0,2025-07-25T08:56:27.000+0200,2009,1961,20.720,48.1214000,-1.9372183,18.40,34.30,37.48,54.39,37.8,103,2,,
2025-07-25T08:56:28.298+0200,2090,2001,23.000,4792.386,19.15,38.00,41.15,59.21,,2.39,130.09,8.91,26.90,1159,94,26,,,84,,,,,,0,2025-07-25T08:56:27.000+0200,2010,1962,20.720,48.1214000,-1.9372183,18.40,34.30,37.48,54.39,37.8,103,2,,
2025-07-25T08:56:28.317+0200,2090,2001,23.000,4792.386,19.15,38.00,41.15,59.21,,2.39,130.09,8.91,26.90,1159,94,26,,,84,,,,,,0,2025-07-25T08:56:27.000+0200,2010,1962,20.720,48.1214000,-1.9372183,18.40,34.30,37.48,54.39,37.8,103,2,,
2025-07-25T08:56:28.916+0200,2091,2002,23.004,4792.389,19.40,38.00,41.15,59.21,,3.00,129.89,8.08,24.20,1050,94,25,,,84,,,,,,0,2025-07-25T08:56:28.000+0200,2010,1962,20.726,48.1213833,-1.9371483,17.22,34.29,37.47,54.39,39.3,106,2,,
2025-07-25T08:56:28.939+0200,2091,2002,23.004,4792.389,19.40,38.00,41.15,59.21,,3.00,129.89,8.08,24.20,1050,94,25,,,84,,,,,,0,2025-07-25T08:56:28.000+0200,2010,1962,20.726,48.1213833,-1.9371483,17.22,34.29,37.47,54.39,39.3,106,2,,
2025-07-25T08:56:29.531+0200,2092,2002,23.007,4792.393,20.59,37.99,41.14,59.21,,0.36,129.80,9.68,28.00,1256,94,25,,,83,,,,,,0,2025-07-25T08:56:28.000+0200,2011,1963,20.726,48.1213833,-1.9371483,17.22,34.29,37.47,54.39,39.3,106,2,,
2025-07-25T08:56:29.557+0200,2092,2002,23.007,4792.393,20.59,37.99,41.14,59.21,,0.36,129.80,9.68,28.00,1256,94,25,,,83,,,,,,0,2025-07-25T08:56:28.000+0200,2011,1963,20.726,48.1213833,-1.9371483,17.22,34.29,37.47,54.39,39.3,106,2,,
2025-07-25T08:56:30.152+0200,2092,2003,23.010,4792.396,23.50,37.99,41.13,59.21,,5.50,129.59,14.51,38.70,1880,94,26,,,80,,,,,,0,2025-07-25T08:56:29.000+0200,2011,1963,20.729,48.1213617,-1.9371083,13.21,34.28,37.45,54.39,40.4,112,2,,
2025-07-25T08:56:30.176+0200,2092,2003,23.010,4792.396,23.50,37.99,41.13,59.21,,5.50,129.59,14.51,38.70,1880,94,26,,,80,,,,,,0,2025-07-25T08:56:29.000+0200,2011,1963,20.729,48.1213617,-1.9371083,13.21,34.28,37.45,54.39,40.4,112,2,,
2025-07-25T08:56:30.777+0200,2093,2003,23.014,4792.400,24.94,37.98,41.13,59.21,,4.37,129.30,14.87,38.20,1923,94,26,,,79,,,,,,0,2025-07-25T08:56:30.000+0200,2012,1964,20.734,48.1213250,-1.9370933,13.73,34.27,37.44,54.39,40.3,144,2,,
2025-07-25T08:56:30.799+0200,2093,2003,23.014,4792.400,24.94,37.98,41.13,59.21,,4.37,129.30,14.87,38.20,1923,94,26,,,79,,,,,,0,2025-07-25T08:56:30.000+0200,2012,1964,20.734,48.1213250,-1.9370933,13.73,34.27,37.44,54.39,40.3,144,2,,
2025-07-25T08:56:31.418+0200,2094,2004,23.018,4792.405,27.72,37.98,41.12,59.21,,4.45,129.20,11.01,26.40,1422,94,26,,,76,,,,,,0,2025-07-25T08:56:30.000+0200,2013,1965,20.734,48.1213250,-1.9370933,13.73,34.27,37.44,54.39,40.3,144,2,,
2025-07-25T08:56:31.442+0200,2094,2004,23.018,4792.405,27.72,37.98,41.12,59.21,,4.45,129.20,11.01,26.40,1422,94,26,,,76,,,,,,0,2025-07-25T08:56:30.000+0200,2013,1965,20.734,48.1213250,-1.9370933,13.73,34.27,37.44,54.39,40.3,144,2,,
2025-07-25T08:56:32.013+0200,2094,2005,23.023,4792.409,27.28,37.98,41.12,59.21,,-0.45,129.30,0.78,1.90,101,94,26,,,77,,,,,,0,2025-07-25T08:56:31.000+0200,2013,1965,20.739,48.1212733,-1.9371017,14.93,34.26,37.43,54.39,40.4,167,2,,
2025-07-25T08:56:32.038+0200,2094,2005,23.023,4792.409,27.28,37.98,41.12,59.21,,-0.45,129.30,0.78,1.90,101,94,26,,,77,,,,,,0,2025-07-25T08:56:31.000+0200,2013,1965,20.739,48.1212733,-1.9371017,14.93,34.26,37.43,54.39,40.4,167,2,,
2025-07-25T08:56:32.656+0200,2095,2005,23.028,4792.414,26.64,37.97,41.11,59.21,,-0.12,129.50,0.52,1.30,67,94,26,,,77,,,,,,0,2025-07-25T08:56:32.000+0200,2014,1966,20.748,48.1212017,-1.9371467,20.38,34.25,37.42,54.39,40.1,185,2,,
2025-07-25T08:56:32.679+0200,2095,2005,23.028,4792.414,26.64,37.97,41.11,59.21,,-0.12,129.50,0.52,1.30,67,94,26,,,77,,,,,,0,2025-07-25T08:56:32.000+0200,2014,1966,20.748,48.1212017,-1.9371467,20.38,34.25,37.42,54.39,40.1,185,2,,
2025-07-25T08:56:33.294+0200,2095,2006,23.032,4792.419,26.28,37.97,41.11,59.21,,0.84,129.50,6.76,16.79,875,94,26,,,78,,,,,,0,2025-07-25T08:56:32.000+0200,2015,1967,20.748,48.1212017,-1.9371467,20.38,34.25,37.42,54.39,40.1,185,2,,
2025-07-25T08:56:33.317+0200,2095,2006,23.032,4792.419,26.28,37.97,41.11,59.21,,0.84,129.50,6.76,16.79,875,94,26,,,78,,,,,,0,2025-07-25T08:56:32.000+0200,2015,1967,20.748,48.1212017,-1.9371467,20.38,34.25,37.42,54.39,40.1,185,2,,
2025-07-25T08:56:33.915+0200,2096,2007,23.037,4792.423,26.64,37.97,41.11,59.21,,0.13,129.50,7.72,19.00,1000,94,26,,,77,,,,,,0,2025-07-25T08:56:33.000+0200,2015,1967,20.757,48.1211233,-1.9371750,23.18,34.25,37.41,54.39,39.7,178,2,,
2025-07-25T08:56:33.939+0200,2096,2007,23.037,4792.423,26.64,37.97,41.11,59.21,,0.13,129.50,7.72,19.00,1000,94,26,,,77,,,,,,0,2025-07-25T08:56:33.000+0200,2015,1967,20.757,48.1211233,-1.9371750,23.18,34.25,37.41,54.39,39.7,178,2,,
2025-07-25T08:56:34.533+0200,2097,2007,23.041,4792.428,27.86,37.96,41.10,59.21,,3.96,129.50,7.99,19.10,1035,94,26,,,76,,,,,,0,2025-07-25T08:56:33.000+0200,2016,1968,20.757,48.1211233,-1.9371750,23.18,34.25,37.41,54.39,39.7,178,2,,
2025-07-25T08:56:34.558+0200,2097,2007,23.041,4792.428,27.86,37.96,41.10,59.21,,3.96,129.50,7.99,19.10,1035,94,26,,,76,,,,,,0,2025-07-25T08:56:33.000+0200,2016,1968,20.757,48.1211233,-1.9371750,23.18,34.25,37.41,54.39,39.7,178,2,,
2025-07-25T08:56:35.136+0200,2097,2008,23.046,4792.433,28.69,37.96,41.10,59.21,,3.27,129.39,13.44,31.50,1739,94,26,,,76,,,,,,0,2025-07-25T08:56:34.000+0200,2016,1968,20.764,48.1210567,-1.9371800,24.32,34.24,37.41,54.39,39.8,167,2,,
2025-07-25T08:56:35.160+0200,2097,2008,23.046,4792.433,28.69,37.96,41.10,59.21,,3.27,129.39,13.44,31.50,1739,94,26,,,76,,,,,,0,2025-07-25T08:56:34.000+0200,2016,1968,20.764,48.1210567,-1.9371800,24.32,34.24,37.41,54.39,39.8,167,2,,
2025-07-25T08:56:35.773+0200,2098,2008,23.051,4792.438,30.34,37.96,41.09,59.21,,2.76,129.20,12.32,27.80,1592,94,26,,,74,,,,,,0,2025-07-25T08:56:35.000+0200,2017,1969,20.772,48.1209883,-1.9371600,27.37,34.24,37.40,54.39,40.1,164,2,,
2025-07-25T08:56:35.793+0200,2098,2008,23.051,4792.438,30.34,37.96,41.09,59.21,,2.76,129.20,12.32,27.80,1592,94,26,,,74,,,,,,0,2025-07-25T08:56:35.000+0200,2017,1969,20.772,48.1209883,-1.9371600,27.37,34.24,37.40,54.39,40.1,164,2,,
2025-07-25T08:56:36.397+0200,2099,2009,23.056,4792.443,30.96,37.96,41.09,59.21,,0.56,129.20,1.75,3.90,226,94,26,,,74,,,,,,0,2025-07-25T08:56:35.000+0200,2018,1970,20.772,48.1209883,-1.9371600,27.37,34.24,37.40,54.39,40.1,164,2,,
2025-07-25T08:56:36.420+0200,2099,2009,23.056,4792.443,30.96,37.96,41.09,59.21,,0.56,129.20,1.75,3.90,226,94,26,,,74,,,,,,0,2025-07-25T08:56:35.000+0200,2018,1970,20.772,48.1209883,-1.9371600,27.37,34.24,37.40,54.39,40.1,164,2,,
2025-07-25T08:56:37.015+0200,2099,2010,23.062,4792.448,29.41,37.96,41.09,59.21,,-4.29,129.50,-4.10,-18.90,-531,94,26,,,75,,,,,,0,2025-07-25T08:56:36.000+0200,2018,1970,20.781,48.1209133,-1.9371383,27.38,34.24,37.40,54.39,40.0,162,2,,
2025-07-25T08:56:37.039+0200,2099,2010,23.062,4792.448,29.41,37.96,41.09,59.21,,-4.29,129.50,-4.10,-18.90,-531,94,26,,,75,,,,,,0,2025-07-25T08:56:36.000+0200,2018,1970,20.781,48.1209133,-1.9371383,27.38,34.24,37.40,54.39,40.0,162,2,,
2025-07-25T08:56:37.638+0200,2100,2010,23.067,4792.453,26.67,37.95,41.08,59.21,,-3.25,129.80,-1.72,-8.50,-223,94,26,,,77,,,,,,0,2025-07-25T08:56:36.000+0200,2019,1971,20.781,48.1209133,-1.9371383,27.38,34.24,37.40,54.39,40.0,162,2,,
2025-07-25T08:56:37.675+0200,2100,2010,23.067,4792.453,26.67,37.95,41.08,59.21,,-3.25,129.80,-1.72,-8.50,-223,94,26,,,77,,,,,,0,2025-07-25T08:56:36.000+0200,2019,1971,20.781,48.1209133,-1.9371383,27.38,34.24,37.40,54.39,40.0,162,2,,
2025-07-25T08:56:38.277+0200,2100,2011,23.072,4792.458,25.27,37.95,41.08,59.21,,-3.12,129.89,-2.47,-12.60,-321,94,26,,,79,,,,,,0,2025-07-25T08:56:37.000+0200,2020,1972,20.788,48.1208483,-1.9371000,25.50,34.23,37.39,54.39,40.0,152,2,,
2025-07-25T08:56:38.301+0200,2100,2011,23.072,4792.458,25.27,37.95,41.08,59.21,,-3.12,129.89,-2.47,-12.60,-321,94,26,,,79,,,,,,0,2025-07-25T08:56:37.000+0200,2020,1972,20.788,48.1208483,-1.9371000,25.50,34.23,37.39,54.39,40.0,152,2,,
2025-07-25T08:56:38.895+0200,2101,2011,23.076,4792.462,23.61,37.95,41.07,59.21,,-3.36,130.09,-4.11,-21.90,-535,94,26,,,80,,,,,,0,2025-07-25T08:56:38.000+0200,2020,1972,20.796,48.1207900,-1.9370533,25.05,34.23,37.38,54.39,40.0,150,2,,
2025-07-25T08:56:38.919+0200,2101,2012,23.076,4792.462,23.61,37.95,41.07,59.21,,-3.36,130.09,-4.11,-21.90,-535,94,26,,,80,,,,,,0,2025-07-25T08:56:38.000+0200,2020,1972,20.796,48.1207900,-1.9370533,25.05,34.23,37.38,54.39,40.0,150,2,,
2025-07-25T08:56:39.518+0200,2102,2012,23.080,4792.466,19.72,37.94,41.07,59.21,,-7.56,130.30,-6.54,-38.80,-852,94,26,,,83,,,,,,0,2025-07-25T08:56:38.000+0200,2021,1973,20.796,48.1207900,-1.9370533,25.05,34.23,37.38,54.39,40.0,150,2,,
2025-07-25T08:56:39.542+0200,2102,2012,23.080,4792.466,19.72,37.94,41.07,59.21,,-7.56,130.30,-6.54,-38.80,-852,94,26,,,83,,,,,,0,2025-07-25T08:56:38.000+0200,2021,1973,20.796,48.1207900,-1.9370533,25.05,34.23,37.38,54.39,40.0,150,2,,
2025-07-25T08:56:40.133+0200,2102,2013,23.084,4792.470,16.41,37.93,41.06,59.21,,-5.60,130.39,3.58,11.80,467,94,26,,,86,,,,,,0,2025-07-25T08:56:39.000+0200,2021,1973,20.802,48.1207367,-1.9370167,23.05,34.22,37.38,54.39,39.9,154,2,,
2025-07-25T08:56:40.156+0200,2102,2013,23.084,4792.470,16.41,37.93,41.06,59.21,,-5.60,130.39,3.58,11.80,467,94,26,,,86,,,,,,0,2025-07-25T08:56:39.000+0200,2021,1973,20.802,48.1207367,-1.9370167,23.05,34.22,37.38,54.39,39.9,154,2,,
2025-07-25T08:56:40.761+0200,2103,2013,23.087,4792.473,19.58,37.93,41.05,59.21,,4.80,130.20,5.47,16.29,712,94,26,,,83,,,,,,0,2025-07-25T08:56:40.000+0200,2022,1974,20.807,48.1207117,-1.9369733,18.16,34.22,37.37,54.39,39.9,143,2,,
2025-07-25T08:56:40.790+0200,2103,2013,23.087,4792.473,19.58,37.93,41.05,59.21,,4.80,130.20,5.47,16.29,712,94,26,,,83,,,,,,0,2025-07-25T08:56:40.000+0200,2022,1974,20.807,48.1207117,-1.9369733,18.16,34.22,37.37,54.39,39.9,143,2,,
2025-07-25T08:56:41.470+0200,2104,2014,23.092,4792.478,21.99,37.92,41.04,59.21,,2.14,130.00,7.70,21.40,1001,94,26,,,81,,,,,,0,2025-07-25T08:56:40.000+0200,2023,1975,20.807,48.1207117,-1.9369733,18.16,34.22,37.37,54.39,39.9,143,2,,
2025-07-25T08:56:41.523+0200,2104,2014,23.092,4792.478,21.99,37.92,41.04,59.21,,2.14,130.00,7.70,21.40,1001,94,26,,,81,,,,,,0,2025-07-25T08:56:40.000+0200,2023,1975,20.807,48.1207117,-1.9369733,18.16,34.22,37.37,54.39,39.9,143,2,,
2025-07-25T08:56:42.017+0200,2104,2015,23.094,4792.480,22.42,37.92,41.04,59.21,,1.43,129.89,12.27,33.70,1594,94,26,,,81,,,,,,0,2025-07-25T08:56:41.000+0200,2023,1975,20.810,48.1206933,-1.9369300,14.13,34.21,37.36,54.39,39.7,128,2,,
2025-07-25T08:56:42.039+0200,2104,2015,23.094,4792.480,22.42,37.92,41.04,59.21,,1.43,129.89,12.27,33.70,1594,94,26,,,81,,,,,,0,2025-07-25T08:56:41.000+0200,2023,1975,20.810,48.1206933,-1.9369300,14.13,34.21,37.36,54.39,39.7,128,2,,
2025-07-25T08:56:42.611+0200,2105,2015,23.098,4792.484,23.97,37.92,41.03,59.21,,3.99,129.70,6.41,16.90,831,94,26,,,80,,,,,,0,2025-07-25T08:56:41.000+0200,2024,1976,20.810,48.1206933,-1.9369300,14.13,34.21,37.36,54.39,39.7,128,2,,
2025-07-25T08:56:42.645+0200,2105,2015,23.098,4792.484,23.97,37.92,41.03,59.21,,3.99,129.70,6.41,16.90,831,94,26,,,80,,,,,,0,2025-07-25T08:56:41.000+0200,2024,1976,20.810,48.1206933,-1.9369300,14.13,34.21,37.36,54.39,39.7,128,2,,
2025-07-25T08:56:43.233+0200,2105,2016,23.102,4792.488,25.59,37.91,41.03,59.21,,1.58,129.59,4.94,12.50,640,94,26,,,78,,,,,,0,2025-07-25T08:56:42.000+0200,2024,1976,20.815,48.1206833,-1.9368750,14.27,34.20,37.34,54.39,39.7,93,2,,
2025-07-25T08:56:43.253+0200,2105,2016,23.102,4792.488,25.59,37.91,41.03,59.21,,1.58,129.59,4.94,12.50,640,94,26,,,78,,,,,,0,2025-07-25T08:56:42.000+0200,2024,1976,20.815,48.1206833,-1.9368750,14.27,34.20,37.34,54.39,39.7,93,2,,
2025-07-25T08:56:43.836+0200,2106,2016,23.106,4792.492,25.70,37.91,41.03,59.21,,1.69,129.70,2.81,7.10,364,94,26,,,78,,,,,,0,2025-07-25T08:56:43.000+0200,2025,1977,20.821,48.1207167,-1.9368067,22.88,34.19,37.34,54.39,39.5,58,3,,
2025-07-25T08:56:43.848+0200,2106,2016,23.106,4792.492,25.70,37.91,41.03,59.21,,1.69,129.70,2.81,7.10,364,94,26,,,78,,,,,,0,2025-07-25T08:56:43.000+0200,2025,1977,20.821,48.1207167,-1.9368067,22.88,34.19,37.34,54.39,39.5,58,3,,
2025-07-25T08:56:44.478+0200,2107,2017,23.111,4792.497,25.91,37.90,41.02,59.21,,-0.84,129.70,1.79,4.50,232,94,26,,,78,,,,,,0,2025-07-25T08:56:43.000+0200,2026,1978,20.821,48.1207167,-1.9368067,22.88,34.19,37.34,54.39,39.5,58,3,,
2025-07-25T08:56:44.490+0200,2107,2017,23.111,4792.497,25.91,37.90,41.02,59.21,,-0.84,129.70,1.79,4.50,232,94,26,,,78,,,,,,0,2025-07-25T08:56:43.000+0200,2026,1978,20.821,48.1207167,-1.9368067,22.88,34.19,37.34,54.39,39.5,58,3,,
2025-07-25T08:56:45.102+0200,2107,2018,23.115,4792.501,26.31,37.90,41.02,59.21,,-1.08,129.80,3.06,7.60,397,94,26,,,78,,,,,,0,2025-07-25T08:56:44.000+0200,2026,1978,20.834,48.1207950,-1.9366717,22.44,34.19,37.33,54.39,38.9,79,3,,
2025-07-25T08:56:45.115+0200,2107,2018,23.115,4792.501,26.31,37.90,41.02,59.21,,-1.08,129.80,3.06,7.60,397,94,26,,,78,,,,,,0,2025-07-25T08:56:44.000+0200,2026,1978,20.834,48.1207950,-1.9366717,22.44,34.19,37.33,54.39,38.9,79,3,,
2025-07-25T08:56:45.717+0200,2108,2018,23.120,4792.506,25.66,37.90,41.01,59.21,,-7.34,129.70,6.78,17.10,879,94,26,,,78,,,,,,0,2025-07-25T08:56:45.000+0200,2027,1979,20.842,48.1208100,-1.9365633,22.55,34.18,37.32,54.39,38.7,104,3,,
2025-07-25T08:56:45.730+0200,2108,2018,23.120,4792.506,25.66,37.90,41.01,59.21,,-7.34,129.70,6.78,17.10,879,94,26,,,78,,,,,,0,2025-07-25T08:56:45.000+0200,2027,1979,20.842,48.1208100,-1.9365633,22.55,34.18,37.32,54.39,38.7,104,3,,
2025-07-25T08:56:46.335+0200,2108,2019,23.124,4792.511,27.03,37.90,41.01,59.21,,4.04,129.59,12.92,31.50,1674,94,26,,,77,,,,,,0,2025-07-25T08:56:45.000+0200,2028,1980,20.842,48.1208100,-1.9365633,22.55,34.18,37.32,54.39,38.7,104,3,,
2025-07-25T08:56:46.346+0200,2108,2019,23.124,4792.511,27.03,37.90,41.01,59.21,,4.04,129.59,12.92,31.50,1674,94,26,,,77,,,,,,0,2025-07-25T08:56:45.000+0200,2028,1980,20.842,48.1208100,-1.9365633,22.55,34.18,37.32,54.39,38.7,104,3,,
2025-07-25T08:56:46.959+0200,2109,2020,23.129,4792.515,28.29,37.89,41.00,59.21,,-0.56,129.39,14.21,33.59,1839,94,26,,,76,,,,,,0,2025-07-25T08:56:46.000+0200,2028,1980,20.850,48.1207517,-1.9365067,22.61,34.18,37.31,54.39,37.4,134,4,,
2025-07-25T08:56:46.969+0200,2109,2020,23.129,4792.515,28.29,37.89,41.00,59.21,,-0.56,129.39,14.21,33.59,1839,94,26,,,76,,,,,,0,2025-07-25T08:56:46.000+0200,2028,1980,20.850,48.1207517,-1.9365067,22.61,34.18,37.31,54.39,37.4,134,4,,
2025-07-25T08:56:47.574+0200,2110,2020,23.134,4792.520,30.38,37.89,41.00,59.21,,5.16,129.09,15.88,35.80,2050,94,26,,,74,,,,,,0,2025-07-25T08:56:46.000+0200,2029,1981,20.850,48.1207517,-1.9365067,22.61,34.18,37.31,54.39,37.4,134,4,,
2025-07-25T08:56:47.586+0200,2110,2020,23.134,4792.520,30.38,37.89,41.00,59.21,,5.16,129.09,15.88,35.80,2050,94,26,,,74,,,,,,0,2025-07-25T08:56:46.000+0200,2029,1981,20.850,48.1207517,-1.9365067,22.61,34.18,37.31,54.39,37.4,134,4,,
2025-07-25T08:56:48.195+0200,2110,2021,23.139,4792.525,31.39,37.89,41.00,59.21,,0.00,129.00,11.57,25.50,1493,94,26,,,73,,,,,,0,2025-07-25T08:56:47.000+0200,2029,1981,20.883,48.1204650,-1.9364367,26.61,34.17,37.31,54.39,36.8,141,3,,
2025-07-25T08:56:48.205+0200,2110,2021,23.139,4792.525,31.39,37.89,41.00,59.21,,0.00,129.00,11.57,25.50,1493,94,26,,,73,,,,,,0,2025-07-25T08:56:47.000+0200,2029,1981,20.883,48.1204650,-1.9364367,26.61,34.17,37.31,54.39,36.8,141,3,,
2025-07-25T08:56:48.835+0200,2111,2021,23.144,4792.531,32.83,37.89,40.99,59.21,,0.45,128.89,12.31,26.30,1587,94,26,,,72,,,,,,0,2025-07-25T08:56:48.000+0200,2030,1982,20.886,48.1204317,-1.9364333,27.73,34.17,37.30,54.39,36.1,143,3,,
2025-07-25T08:56:48.845+0200,2111,2021,23.144,4792.531,32.83,37.89,40.99,59.21,,0.45,128.89,12.31,26.30,1587,94,26,,,72,,,,,,0,2025-07-25T08:56:48.000+0200,2030,1982,20.886,48.1204317,-1.9364333,27.73,34.17,37.30,54.39,36.1,143,3,,
2025-07-25T08:56:49.456+0200,2112,2022,23.150,4792.537,34.34,37.89,40.99,59.21,,2.15,128.89,10.82,22.40,1395,94,26,,,71,,,,,,0,2025-07-25T08:56:48.000+0200,2031,1983,20.886,48.1204317,-1.9364333,27.73,34.17,37.30,54.39,36.1,143,3,,
2025-07-25T08:56:49.467+0200,2112,2022,23.150,4792.537,34.34,37.89,40.99,59.21,,2.15,128.89,10.82,22.40,1395,94,26,,,71,,,,,,0,2025-07-25T08:56:48.000+0200,2031,1983,20.886,48.1204317,-1.9364333,27.73,34.17,37.30,54.39,36.1,143,3,,
2025-07-25T08:56:50.076+0200,2112,2023,23.156,4792.543,34.63,37.88,40.99,59.21,,1.47,128.80,15.65,32.20,2016,94,26,,,70,,,,,,0,2025-07-25T08:56:49.000+0200,2031,1983,20.893,48.1203883,-1.9363767,29.26,34.17,37.30,54.39,35.7,141,3,,
2025-07-25T08:56:50.088+0200,2112,2023,23.156,4792.543,34.63,37.88,40.99,59.21,,1.47,128.80,15.65,32.20,2016,94,26,,,70,,,,,,0,2025-07-25T08:56:49.000+0200,2031,1983,20.893,48.1203883,-1.9363767,29.26,34.17,37.30,54.39,35.7,141,3,,
2025-07-25T08:56:50.695+0200,2113,2023,23.162,4792.549,36.39,37.88,40.99,59.21,,2.34,128.59,17.28,34.30,2222,94,26,,,69,,,,,,0,2025-07-25T08:56:50.000+0200,2032,1984,20.901,48.1203333,-1.9363083,32.26,34.17,37.30,54.39,36.6,143,3,,
2025-07-25T08:56:50.707+0200,2113,2023,23.162,4792.549,36.39,37.88,40.99,59.21,,2.34,128.59,17.28,34.30,2222,94,26,,,69,,,,,,0,2025-07-25T08:56:50.000+0200,2032,1984,20.901,48.1203333,-1.9363083,32.26,34.17,37.30,54.39,36.6,143,3,,
2025-07-25T08:56:51.335+0200,2113,2024,23.168,4792.555,37.33,37.88,40.99,59.21,,1.44,128.50,14.52,28.30,1866,94,26,,,68,,,,,,0,2025-07-25T08:56:50.000+0200,2033,1985,20.901,48.1203333,-1.9363083,32.26,34.17,37.30,54.39,36.6,143,3,,
2025-07-25T08:56:51.346+0200,2113,2024,23.168,4792.555,37.33,37.88,40.99,59.21,,1.44,128.50,14.52,28.30,1866,94,26,,,68,,,,,,0,2025-07-25T08:56:50.000+0200,2033,1985,20.901,48.1203333,-1.9363083,32.26,34.17,37.30,54.39,36.6,143,3,,
2025-07-25T08:56:51.940+0200,2114,2025,23.174,4792.562,37.43,37.88,40.99,59.21,,1.35,128.59,14.50,28.20,1865,94,26,,,68,,,,,,0,2025-07-25T08:56:51.000+0200,2033,1985,20.908,48.1202850,-1.9362383,32.66,34.17,37.30,54.39,37.2,145,2,,
2025-07-25T08:56:51.954+0200,2114,2025,23.174,4792.562,37.43,37.88,40.99,59.21,,1.35,128.59,14.50,28.20,1865,94,26,,,68,,,,,,0,2025-07-25T08:56:51.000+0200,2033,1985,20.908,48.1202850,-1.9362383,32.66,34.17,37.30,54.39,37.2,145,2,,
2025-07-25T08:56:52.575+0200,2115,2025,23.181,4792.568,38.87,37.88,40.99,59.21,,3.47,128.59,17.18,32.50,2209,94,26,,,67,,,,,,0,2025-07-25T08:56:51.000+0200,2034,1986,20.908,48.1202850,-1.9362383,32.66,34.17,37.30,54.39,37.2,145,2,,
2025-07-25T08:56:52.587+0200,2115,2025,23.181,4792.568,38.87,37.88,40.99,59.21,,3.47,128.59,17.18,32.50,2209,94,26,,,67,,,,,,0,2025-07-25T08:56:51.000+0200,2034,1986,20.908,48.1202850,-1.9362383,32.66,34.17,37.30,54.39,37.2,145,2,,
2025-07-25T08:56:53.198+0200,2115,2026,23.187,4792.575,38.98,37.88,40.98,59.21,,0.12,128.59,10.96,20.70,1409,94,26,,,67,,,,,,0,2025-07-25T08:56:52.000+0200,2034,1986,20.917,48.1202283,-1.9361633,35.12,34.17,37.29,54.39,37.5,148,2,,
2025-07-25T08:56:53.211+0200,2115,2026,23.187,4792.575,38.98,37.88,40.98,59.21,,0.12,128.59,10.96,20.70,1409,94,26,,,67,,,,,,0,2025-07-25T08:56:52.000+0200,2034,1986,20.917,48.1202283,-1.9361633,35.12,34.17,37.29,54.39,37.5,148,2,,
2025-07-25T08:56:53.812+0200,2116,2026,23.194,4792.582,39.45,37.88,40.98,59.21,,-0.72,128.59,9.62,18.00,1237,93,26,,,66,,,,,,0,2025-07-25T08:56:53.000+0200,2035,1987,20.925,48.1201733,-1.9360833,36.07,34.17,37.29,54.39,37.9,144,2,,
2025-07-25T08:56:53.824+0200,2116,2026,23.194,4792.582,39.45,37.88,40.98,59.21,,-0.72,128.59,9.62,18.00,1237,93,26,,,66,,,,,,0,2025-07-25T08:56:53.000+0200,2035,1987,20.925,48.1201733,-1.9360833,36.07,34.17,37.29,54.39,37.9,144,2,,
